Month,Base,Lat_Grid,Lon_Grid,Total_Trips
Apr,B02512,40.58,-73.97,1
Apr,B02512,40.58,-73.96000000000001,3
Apr,B02512,40.59,-73.97,1
Apr,B02512,40.59,-73.94,1
Apr,B02512,40.6,-74,1
Apr,B02512,40.6,-73.97,5
Apr,B02512,40.6,-73.95,1
Apr,B02512,40.6,-73.94,1
Apr,B02512,40.61,-74.02,1
Apr,B02512,40.61,-74.01,2
Apr,B02512,40.61,-73.97,1
Apr,B02512,40.61,-73.95,1
Apr,B02512,40.61,-73.94,1
Apr,B02512,40.61,-73.93,2
Apr,B02512,40.61,-73.92,1
Apr,B02512,40.62,-74.03,12
Apr,B02512,40.62,-74.02,4
Apr,B02512,40.62,-74.01,1
Apr,B02512,40.62,-74,1
Apr,B02512,40.62,-73.99,1
Apr,B02512,40.62,-73.97,1
Apr,B02512,40.62,-73.96000000000001,1
Apr,B02512,40.62,-73.95,2
Apr,B02512,40.62,-73.94,1
Apr,B02512,40.62,-73.93,2
Apr,B02512,40.62,-73.92,1
Apr,B02512,40.63,-74.03,4
Apr,B02512,40.63,-74.02,1
Apr,B02512,40.63,-74.01,1
Apr,B02512,40.63,-74,3
Apr,B02512,40.63,-73.97,3
Apr,B02512,40.63,-73.96000000000001,4
Apr,B02512,40.63,-73.95,1
Apr,B02512,40.63,-73.94,2
Apr,B02512,40.63,-73.92,4
Apr,B02512,40.63,-73.91,3
Apr,B02512,40.63,-73.9,2
Apr,B02512,40.63,-73.89,3
Apr,B02512,40.64,-74.08,1
Apr,B02512,40.64,-74.04,1
Apr,B02512,40.64,-74.03,1
Apr,B02512,40.64,-74.01,2
Apr,B02512,40.64,-73.98,1
Apr,B02512,40.64,-73.97,5
Apr,B02512,40.64,-73.96000000000001,3
Apr,B02512,40.64,-73.95,1
Apr,B02512,40.64,-73.94,1
Apr,B02512,40.64,-73.92,4
Apr,B02512,40.64,-73.91,1
Apr,B02512,40.64,-73.9,1
Apr,B02512,40.64,-73.89,1
Apr,B02512,40.64,-73.8,1
Apr,B02512,40.64,-73.79,82
Apr,B02512,40.64,-73.78,129
Apr,B02512,40.64,-73.73,2
Apr,B02512,40.65,-74.12,2
Apr,B02512,40.65,-74.02,1
Apr,B02512,40.65,-74.01,7
Apr,B02512,40.65,-73.98,3
Apr,B02512,40.65,-73.97,4
Apr,B02512,40.65,-73.96000000000001,9
Apr,B02512,40.65,-73.95,4
Apr,B02512,40.65,-73.94,1
Apr,B02512,40.65,-73.92,2
Apr,B02512,40.65,-73.91,1
Apr,B02512,40.65,-73.9,1
Apr,B02512,40.65,-73.88,3
Apr,B02512,40.65,-73.85000000000001,1
Apr,B02512,40.65,-73.84,1
Apr,B02512,40.65,-73.79,145
Apr,B02512,40.65,-73.78,192
Apr,B02512,40.660000000000004,-74.09,1
Apr,B02512,40.660000000000004,-74.01,4
Apr,B02512,40.660000000000004,-74,5
Apr,B02512,40.660000000000004,-73.99,5
Apr,B02512,40.660000000000004,-73.98,10
Apr,B02512,40.660000000000004,-73.97,1
Apr,B02512,40.660000000000004,-73.96000000000001,16
Apr,B02512,40.660000000000004,-73.95,6
Apr,B02512,40.660000000000004,-73.94,4
Apr,B02512,40.660000000000004,-73.93,5
Apr,B02512,40.660000000000004,-73.92,5
Apr,B02512,40.660000000000004,-73.91,4
Apr,B02512,40.660000000000004,-73.9,1
Apr,B02512,40.660000000000004,-73.89,1
Apr,B02512,40.660000000000004,-73.88,2
Apr,B02512,40.660000000000004,-73.8,1
Apr,B02512,40.660000000000004,-73.79,1
Apr,B02512,40.660000000000004,-73.77,1
Apr,B02512,40.660000000000004,-73.74,2
Apr,B02512,40.660000000000004,-73.72,1
Apr,B02512,40.67,-74.10000000000001,1
Apr,B02512,40.67,-74.08,1
Apr,B02512,40.67,-74.02,4
Apr,B02512,40.67,-74.01,8
Apr,B02512,40.67,-74,4
Apr,B02512,40.67,-73.99,26
Apr,B02512,40.67,-73.98,33
Apr,B02512,40.67,-73.97,25
Apr,B02512,40.67,-73.96000000000001,23
Apr,B02512,40.67,-73.95,8
Apr,B02512,40.67,-73.94,11
Apr,B02512,40.67,-73.93,7
Apr,B02512,40.67,-73.92,3
Apr,B02512,40.67,-73.91,1
Apr,B02512,40.67,-73.9,3
Apr,B02512,40.67,-73.89,2
Apr,B02512,40.67,-73.88,2
Apr,B02512,40.67,-73.87,3
Apr,B02512,40.67,-73.86,1
Apr,B02512,40.67,-73.85000000000001,1
Apr,B02512,40.67,-73.84,1
Apr,B02512,40.67,-73.83,2
Apr,B02512,40.67,-73.82000000000001,2
Apr,B02512,40.67,-73.81,3
Apr,B02512,40.67,-73.8,9
Apr,B02512,40.67,-73.78,5
Apr,B02512,40.67,-73.73,1
Apr,B02512,40.68,-74.12,1
Apr,B02512,40.68,-74.11,1
Apr,B02512,40.68,-74.02,4
Apr,B02512,40.68,-74.01,19
Apr,B02512,40.68,-74,42
Apr,B02512,40.68,-73.99,37
Apr,B02512,40.68,-73.98,91
Apr,B02512,40.68,-73.97,57
Apr,B02512,40.68,-73.96000000000001,44
Apr,B02512,40.68,-73.95,30
Apr,B02512,40.68,-73.94,17
Apr,B02512,40.68,-73.93,15
Apr,B02512,40.68,-73.92,10
Apr,B02512,40.68,-73.91,9
Apr,B02512,40.68,-73.9,2
Apr,B02512,40.68,-73.87,5
Apr,B02512,40.68,-73.86,1
Apr,B02512,40.68,-73.85000000000001,1
Apr,B02512,40.68,-73.84,2
Apr,B02512,40.68,-73.81,2
Apr,B02512,40.68,-73.8,1
Apr,B02512,40.68,-73.79,2
Apr,B02512,40.68,-73.76,2
Apr,B02512,40.68,-73.74,1
Apr,B02512,40.68,-73.73,1
Apr,B02512,40.68,-73.72,1
Apr,B02512,40.68,-73.7,2
Apr,B02512,40.69,-74.10000000000001,2
Apr,B02512,40.69,-74,63
Apr,B02512,40.69,-73.99,114
Apr,B02512,40.69,-73.98,62
Apr,B02512,40.69,-73.97,67
Apr,B02512,40.69,-73.96000000000001,44
Apr,B02512,40.69,-73.95,19
Apr,B02512,40.69,-73.94,19
Apr,B02512,40.69,-73.93,8
Apr,B02512,40.69,-73.92,18
Apr,B02512,40.69,-73.91,5
Apr,B02512,40.69,-73.9,1
Apr,B02512,40.69,-73.88,1
Apr,B02512,40.69,-73.86,1
Apr,B02512,40.69,-73.84,1
Apr,B02512,40.69,-73.83,1
Apr,B02512,40.69,-73.81,1
Apr,B02512,40.69,-73.8,1
Apr,B02512,40.69,-73.78,1
Apr,B02512,40.69,-73.76,2
Apr,B02512,40.69,-73.74,1
Apr,B02512,40.69,-73.72,2
Apr,B02512,40.7,-74.07000000000001,4
Apr,B02512,40.7,-74.02,8
Apr,B02512,40.7,-74.01,158
Apr,B02512,40.7,-74,18
Apr,B02512,40.7,-73.99,107
Apr,B02512,40.7,-73.98,32
Apr,B02512,40.7,-73.97,10
Apr,B02512,40.7,-73.96000000000001,5
Apr,B02512,40.7,-73.95,12
Apr,B02512,40.7,-73.94,14
Apr,B02512,40.7,-73.93,29
Apr,B02512,40.7,-73.92,13
Apr,B02512,40.7,-73.91,5
Apr,B02512,40.7,-73.9,2
Apr,B02512,40.7,-73.87,1
Apr,B02512,40.7,-73.86,1
Apr,B02512,40.7,-73.84,1
Apr,B02512,40.7,-73.83,2
Apr,B02512,40.7,-73.82000000000001,2
Apr,B02512,40.7,-73.81,2
Apr,B02512,40.7,-73.8,2
Apr,B02512,40.7,-73.77,1
Apr,B02512,40.7,-73.76,1
Apr,B02512,40.7,-73.72,3
Apr,B02512,40.71,-74.10000000000001,3
Apr,B02512,40.71,-74.09,4
Apr,B02512,40.71,-74.08,5
Apr,B02512,40.71,-74.07000000000001,2
Apr,B02512,40.71,-74.06,8
Apr,B02512,40.71,-74.04,41
Apr,B02512,40.71,-74.03,14
Apr,B02512,40.71,-74.02,155
Apr,B02512,40.71,-74.01,649
Apr,B02512,40.71,-74,100
Apr,B02512,40.71,-73.99,50
Apr,B02512,40.71,-73.98,23
Apr,B02512,40.71,-73.97,27
Apr,B02512,40.71,-73.96000000000001,85
Apr,B02512,40.71,-73.95,48
Apr,B02512,40.71,-73.94,37
Apr,B02512,40.71,-73.93,20
Apr,B02512,40.71,-73.92,17
Apr,B02512,40.71,-73.91,2
Apr,B02512,40.71,-73.9,1
Apr,B02512,40.71,-73.89,1
Apr,B02512,40.71,-73.88,1
Apr,B02512,40.71,-73.85000000000001,1
Apr,B02512,40.71,-73.84,3
Apr,B02512,40.71,-73.83,2
Apr,B02512,40.71,-73.82000000000001,2
Apr,B02512,40.71,-73.81,1
Apr,B02512,40.71,-73.8,2
Apr,B02512,40.71,-73.79,4
Apr,B02512,40.71,-73.75,2
Apr,B02512,40.72,-74.08,3
Apr,B02512,40.72,-74.07000000000001,4
Apr,B02512,40.72,-74.06,1
Apr,B02512,40.72,-74.05,38
Apr,B02512,40.72,-74.04,108
Apr,B02512,40.72,-74.03,80
Apr,B02512,40.72,-74.02,81
Apr,B02512,40.72,-74.01,1009
Apr,B02512,40.72,-74,1397
Apr,B02512,40.72,-73.99,583
Apr,B02512,40.72,-73.98,152
Apr,B02512,40.72,-73.97,6
Apr,B02512,40.72,-73.96000000000001,174
Apr,B02512,40.72,-73.95,49
Apr,B02512,40.72,-73.94,26
Apr,B02512,40.72,-73.92,1
Apr,B02512,40.72,-73.91,5
Apr,B02512,40.72,-73.89,3
Apr,B02512,40.72,-73.88,1
Apr,B02512,40.72,-73.87,2
Apr,B02512,40.72,-73.85000000000001,4
Apr,B02512,40.72,-73.84,8
Apr,B02512,40.72,-73.82000000000001,1
Apr,B02512,40.72,-73.81,2
Apr,B02512,40.72,-73.8,3
Apr,B02512,40.72,-73.75,1
Apr,B02512,40.72,-73.74,1
Apr,B02512,40.72,-73.73,1
Apr,B02512,40.72,-73.7,1
Apr,B02512,40.730000000000004,-74.13,1
Apr,B02512,40.730000000000004,-74.07000000000001,2
Apr,B02512,40.730000000000004,-74.06,2
Apr,B02512,40.730000000000004,-74.05,16
Apr,B02512,40.730000000000004,-74.04,30
Apr,B02512,40.730000000000004,-74.03,51
Apr,B02512,40.730000000000004,-74.01,702
Apr,B02512,40.730000000000004,-74,1435
Apr,B02512,40.730000000000004,-73.99,1081
Apr,B02512,40.730000000000004,-73.98,304
Apr,B02512,40.730000000000004,-73.97,6
Apr,B02512,40.730000000000004,-73.96000000000001,21
Apr,B02512,40.730000000000004,-73.95,17
Apr,B02512,40.730000000000004,-73.94,9
Apr,B02512,40.730000000000004,-73.92,2
Apr,B02512,40.730000000000004,-73.91,1
Apr,B02512,40.730000000000004,-73.9,1
Apr,B02512,40.730000000000004,-73.89,2
Apr,B02512,40.730000000000004,-73.87,3
Apr,B02512,40.730000000000004,-73.86,6
Apr,B02512,40.730000000000004,-73.85000000000001,2
Apr,B02512,40.730000000000004,-73.83,3
Apr,B02512,40.730000000000004,-73.82000000000001,1
Apr,B02512,40.730000000000004,-73.79,2
Apr,B02512,40.730000000000004,-73.72,1
Apr,B02512,40.74,-74.15,1
Apr,B02512,40.74,-74.09,1
Apr,B02512,40.74,-74.07000000000001,3
Apr,B02512,40.74,-74.06,3
Apr,B02512,40.74,-74.05,2
Apr,B02512,40.74,-74.04,92
Apr,B02512,40.74,-74.03,165
Apr,B02512,40.74,-74.01,983
Apr,B02512,40.74,-74,1140
Apr,B02512,40.74,-73.99,1670
Apr,B02512,40.74,-73.98,545
Apr,B02512,40.74,-73.97,80
Apr,B02512,40.74,-73.96000000000001,27
Apr,B02512,40.74,-73.95,19
Apr,B02512,40.74,-73.94,8
Apr,B02512,40.74,-73.93,8
Apr,B02512,40.74,-73.92,9
Apr,B02512,40.74,-73.91,1
Apr,B02512,40.74,-73.9,2
Apr,B02512,40.74,-73.89,3
Apr,B02512,40.74,-73.88,3
Apr,B02512,40.74,-73.87,2
Apr,B02512,40.74,-73.86,1
Apr,B02512,40.74,-73.84,1
Apr,B02512,40.74,-73.81,1
Apr,B02512,40.74,-73.8,1
Apr,B02512,40.74,-73.78,1
Apr,B02512,40.75,-74.05,1
Apr,B02512,40.75,-74.04,24
Apr,B02512,40.75,-74.03,149
Apr,B02512,40.75,-74.02,27
Apr,B02512,40.75,-74.01,311
Apr,B02512,40.75,-74,575
Apr,B02512,40.75,-73.99,1329
Apr,B02512,40.75,-73.98,1403
Apr,B02512,40.75,-73.97,578
Apr,B02512,40.75,-73.96000000000001,45
Apr,B02512,40.75,-73.95,19
Apr,B02512,40.75,-73.94,39
Apr,B02512,40.75,-73.93,15
Apr,B02512,40.75,-73.92,8
Apr,B02512,40.75,-73.91,2
Apr,B02512,40.75,-73.9,2
Apr,B02512,40.75,-73.89,4
Apr,B02512,40.75,-73.88,2
Apr,B02512,40.75,-73.86,2
Apr,B02512,40.75,-73.85000000000001,7
Apr,B02512,40.75,-73.83,2
Apr,B02512,40.75,-73.78,1
Apr,B02512,40.75,-73.77,1
Apr,B02512,40.75,-73.76,1
Apr,B02512,40.76,-74.08,1
Apr,B02512,40.76,-74.04,5
Apr,B02512,40.76,-74.03,23
Apr,B02512,40.76,-74.02,15
Apr,B02512,40.76,-74.01,1
Apr,B02512,40.76,-74,325
Apr,B02512,40.76,-73.99,1015
Apr,B02512,40.76,-73.98,2380
Apr,B02512,40.76,-73.97,2458
Apr,B02512,40.76,-73.96000000000001,334
Apr,B02512,40.76,-73.95,28
Apr,B02512,40.76,-73.94,2
Apr,B02512,40.76,-73.93,15
Apr,B02512,40.76,-73.92,17
Apr,B02512,40.76,-73.91,6
Apr,B02512,40.76,-73.9,4
Apr,B02512,40.76,-73.88,3
Apr,B02512,40.76,-73.87,4
Apr,B02512,40.76,-73.85000000000001,8
Apr,B02512,40.76,-73.84,11
Apr,B02512,40.76,-73.83,2
Apr,B02512,40.76,-73.82000000000001,2
Apr,B02512,40.76,-73.8,1
Apr,B02512,40.76,-73.77,2
Apr,B02512,40.76,-73.76,1
Apr,B02512,40.76,-73.72,1
Apr,B02512,40.76,-73.7,2
Apr,B02512,40.77,-74.13,1
Apr,B02512,40.77,-74.08,3
Apr,B02512,40.77,-74.06,2
Apr,B02512,40.77,-74.04,1
Apr,B02512,40.77,-74.03,2
Apr,B02512,40.77,-74.02,10
Apr,B02512,40.77,-74.01,3
Apr,B02512,40.77,-74,44
Apr,B02512,40.77,-73.99,386
Apr,B02512,40.77,-73.98,820
Apr,B02512,40.77,-73.97,581
Apr,B02512,40.77,-73.96000000000001,1044
Apr,B02512,40.77,-73.95,307
Apr,B02512,40.77,-73.94,13
Apr,B02512,40.77,-73.93,14
Apr,B02512,40.77,-73.92,22
Apr,B02512,40.77,-73.91,8
Apr,B02512,40.77,-73.9,6
Apr,B02512,40.77,-73.89,116
Apr,B02512,40.77,-73.88,7
Apr,B02512,40.77,-73.87,474
Apr,B02512,40.77,-73.86,251
Apr,B02512,40.77,-73.84,1
Apr,B02512,40.77,-73.83,1
Apr,B02512,40.77,-73.82000000000001,2
Apr,B02512,40.77,-73.79,2
Apr,B02512,40.77,-73.75,1
Apr,B02512,40.77,-73.73,2
Apr,B02512,40.78,-74.07000000000001,4
Apr,B02512,40.78,-74.04,1
Apr,B02512,40.78,-74.03,2
Apr,B02512,40.78,-74.02,4
Apr,B02512,40.78,-74.01,13
Apr,B02512,40.78,-74,1
Apr,B02512,40.78,-73.99,143
Apr,B02512,40.78,-73.98,512
Apr,B02512,40.78,-73.97,143
Apr,B02512,40.78,-73.96000000000001,872
Apr,B02512,40.78,-73.95,409
Apr,B02512,40.78,-73.94,23
Apr,B02512,40.78,-73.93,1
Apr,B02512,40.78,-73.92,3
Apr,B02512,40.78,-73.91,9
Apr,B02512,40.78,-73.9,2
Apr,B02512,40.78,-73.85000000000001,1
Apr,B02512,40.78,-73.84,1
Apr,B02512,40.78,-73.82000000000001,2
Apr,B02512,40.78,-73.73,2
Apr,B02512,40.79,-74.08,2
Apr,B02512,40.79,-74.07000000000001,3
Apr,B02512,40.79,-74.05,3
Apr,B02512,40.79,-74.04,11
Apr,B02512,40.79,-74.02,4
Apr,B02512,40.79,-74.01,5
Apr,B02512,40.79,-74,5
Apr,B02512,40.79,-73.98,206
Apr,B02512,40.79,-73.97,292
Apr,B02512,40.79,-73.96000000000001,58
Apr,B02512,40.79,-73.95,98
Apr,B02512,40.79,-73.94,11
Apr,B02512,40.79,-73.93,4
Apr,B02512,40.79,-73.92,9
Apr,B02512,40.79,-73.81,1
Apr,B02512,40.79,-73.74,1
Apr,B02512,40.79,-73.71000000000001,1
Apr,B02512,40.800000000000004,-74.15,1
Apr,B02512,40.800000000000004,-74.10000000000001,1
Apr,B02512,40.800000000000004,-74.07000000000001,5
Apr,B02512,40.800000000000004,-74.06,1
Apr,B02512,40.800000000000004,-74.05,1
Apr,B02512,40.800000000000004,-74.03,1
Apr,B02512,40.800000000000004,-74.02,2
Apr,B02512,40.800000000000004,-74.01,1
Apr,B02512,40.800000000000004,-74,1
Apr,B02512,40.800000000000004,-73.99,3
Apr,B02512,40.800000000000004,-73.98,9
Apr,B02512,40.800000000000004,-73.97,114
Apr,B02512,40.800000000000004,-73.96000000000001,31
Apr,B02512,40.800000000000004,-73.95,33
Apr,B02512,40.800000000000004,-73.94,26
Apr,B02512,40.800000000000004,-73.93,11
Apr,B02512,40.800000000000004,-73.92,3
Apr,B02512,40.800000000000004,-73.82000000000001,1
Apr,B02512,40.81,-74.15,1
Apr,B02512,40.81,-74.14,1
Apr,B02512,40.81,-74.12,1
Apr,B02512,40.81,-74.11,2
Apr,B02512,40.81,-74.10000000000001,7
Apr,B02512,40.81,-74.08,6
Apr,B02512,40.81,-74.07000000000001,1
Apr,B02512,40.81,-74.02,1
Apr,B02512,40.81,-74.01,1
Apr,B02512,40.81,-74,4
Apr,B02512,40.81,-73.99,6
Apr,B02512,40.81,-73.98,1
Apr,B02512,40.81,-73.97,13
Apr,B02512,40.81,-73.96000000000001,57
Apr,B02512,40.81,-73.95,35
Apr,B02512,40.81,-73.94,23
Apr,B02512,40.81,-73.93,2
Apr,B02512,40.81,-73.92,4
Apr,B02512,40.81,-73.91,1
Apr,B02512,40.81,-73.87,2
Apr,B02512,40.82,-74.15,3
Apr,B02512,40.82,-74.13,1
Apr,B02512,40.82,-74.12,3
Apr,B02512,40.82,-74.11,1
Apr,B02512,40.82,-74.10000000000001,1
Apr,B02512,40.82,-74.07000000000001,2
Apr,B02512,40.82,-73.99,3
Apr,B02512,40.82,-73.97,1
Apr,B02512,40.82,-73.96000000000001,15
Apr,B02512,40.82,-73.95,12
Apr,B02512,40.82,-73.94,18
Apr,B02512,40.82,-73.93,5
Apr,B02512,40.82,-73.92,2
Apr,B02512,40.82,-73.91,2
Apr,B02512,40.82,-73.9,2
Apr,B02512,40.82,-73.89,4
Apr,B02512,40.82,-73.88,1
Apr,B02512,40.82,-73.86,1
Apr,B02512,40.83,-74.13,1
Apr,B02512,40.83,-74.12,1
Apr,B02512,40.83,-74.10000000000001,1
Apr,B02512,40.83,-74.09,1
Apr,B02512,40.83,-74.08,1
Apr,B02512,40.83,-74.06,1
Apr,B02512,40.83,-74.05,2
Apr,B02512,40.83,-73.98,1
Apr,B02512,40.83,-73.97,6
Apr,B02512,40.83,-73.95,14
Apr,B02512,40.83,-73.94,6
Apr,B02512,40.83,-73.93,15
Apr,B02512,40.83,-73.92,12
Apr,B02512,40.83,-73.9,1
Apr,B02512,40.83,-73.84,1
Apr,B02512,40.83,-73.83,1
Apr,B02512,40.83,-73.82000000000001,1
Apr,B02512,40.84,-74.15,3
Apr,B02512,40.84,-74.10000000000001,1
Apr,B02512,40.84,-74.07000000000001,2
Apr,B02512,40.84,-73.97,4
Apr,B02512,40.84,-73.95,2
Apr,B02512,40.84,-73.94,18
Apr,B02512,40.84,-73.93,1
Apr,B02512,40.84,-73.89,2
Apr,B02512,40.84,-73.87,1
Apr,B02512,40.84,-73.85000000000001,1
Apr,B02512,40.84,-73.84,1
Apr,B02512,40.84,-73.83,1
Apr,B02512,40.84,-73.82000000000001,1
Apr,B02512,40.85,-74.12,1
Apr,B02512,40.85,-74.08,1
Apr,B02512,40.85,-74.07000000000001,1
Apr,B02512,40.85,-74.02,1
Apr,B02512,40.85,-74.01,1
Apr,B02512,40.85,-73.97,5
Apr,B02512,40.85,-73.96000000000001,1
Apr,B02512,40.85,-73.94,9
Apr,B02512,40.85,-73.93,5
Apr,B02512,40.85,-73.91,2
Apr,B02512,40.85,-73.89,5
Apr,B02512,40.85,-73.88,1
Apr,B02512,40.85,-73.87,1
Apr,B02512,40.85,-73.86,1
Apr,B02512,40.85,-73.85000000000001,1
Apr,B02512,40.85,-73.84,1
Apr,B02512,40.85,-73.83,1
Apr,B02512,40.86,-74.08,1
Apr,B02512,40.86,-74.07000000000001,1
Apr,B02512,40.86,-74.04,1
Apr,B02512,40.86,-73.98,1
Apr,B02512,40.86,-73.97,4
Apr,B02512,40.86,-73.96000000000001,1
Apr,B02512,40.86,-73.94,1
Apr,B02512,40.86,-73.93,6
Apr,B02512,40.86,-73.92,1
Apr,B02512,40.86,-73.91,3
Apr,B02512,40.86,-73.9,1
Apr,B02512,40.86,-73.89,2
Apr,B02512,40.86,-73.88,4
Apr,B02512,40.86,-73.87,1
Apr,B02512,40.86,-73.86,1
Apr,B02512,40.86,-73.85000000000001,1
Apr,B02512,40.87,-74.12,1
Apr,B02512,40.87,-74.09,1
Apr,B02512,40.87,-74.06,2
Apr,B02512,40.87,-74.04,1
Apr,B02512,40.87,-74.01,1
Apr,B02512,40.87,-73.93,3
Apr,B02512,40.87,-73.92,4
Apr,B02512,40.87,-73.89,3
Apr,B02512,40.87,-73.88,2
Apr,B02512,40.87,-73.87,2
Apr,B02512,40.87,-73.83,1
Apr,B02512,40.87,-73.82000000000001,1
Apr,B02512,40.88,-74.07000000000001,1
Apr,B02512,40.88,-74.05,2
Apr,B02512,40.88,-73.99,1
Apr,B02512,40.88,-73.95,1
Apr,B02512,40.88,-73.92,1
Apr,B02512,40.88,-73.91,1
Apr,B02512,40.88,-73.88,4
Apr,B02512,40.88,-73.86,1
Apr,B02512,40.88,-73.85000000000001,4
Apr,B02512,40.88,-73.83,1
Apr,B02512,40.89,-74.12,1
Apr,B02512,40.89,-74.01,2
Apr,B02512,40.89,-73.97,1
Apr,B02512,40.89,-73.94,1
Apr,B02512,40.89,-73.91,10
Apr,B02512,40.89,-73.9,7
Apr,B02512,40.89,-73.86,1
Apr,B02512,40.89,-73.82000000000001,3
Apr,B02512,40.89,-73.78,1
Apr,B02512,40.9,-74.11,1
Apr,B02512,40.9,-74.04,1
Apr,B02512,40.9,-73.95,3
Apr,B02512,40.9,-73.94,3
Apr,B02512,40.9,-73.9,3
Apr,B02512,40.9,-73.87,1
Apr,B02512,40.910000000000004,-74.14,1
Apr,B02512,40.910000000000004,-74.03,2
Apr,B02512,40.910000000000004,-74.01,1
Apr,B02512,40.910000000000004,-73.91,1
Apr,B02512,40.910000000000004,-73.9,3
Apr,B02512,40.92,-74.08,1
Apr,B02512,40.92,-73.97,1
Apr,B02598,40.58,-74.13,1
Apr,B02598,40.58,-74.11,1
Apr,B02598,40.58,-74.01,1
Apr,B02598,40.58,-73.99,1
Apr,B02598,40.58,-73.98,3
Apr,B02598,40.58,-73.97,7
Apr,B02598,40.58,-73.96000000000001,17
Apr,B02598,40.58,-73.95,6
Apr,B02598,40.58,-73.94,3
Apr,B02598,40.58,-73.93,1
Apr,B02598,40.59,-74.09,1
Apr,B02598,40.59,-74.08,1
Apr,B02598,40.59,-74.07000000000001,1
Apr,B02598,40.59,-74,4
Apr,B02598,40.59,-73.99,6
Apr,B02598,40.59,-73.98,7
Apr,B02598,40.59,-73.97,5
Apr,B02598,40.59,-73.96000000000001,10
Apr,B02598,40.59,-73.95,7
Apr,B02598,40.59,-73.94,6
Apr,B02598,40.59,-73.93,10
Apr,B02598,40.59,-73.9,3
Apr,B02598,40.59,-73.82000000000001,1
Apr,B02598,40.59,-73.76,1
Apr,B02598,40.59,-73.72,1
Apr,B02598,40.6,-74.09,2
Apr,B02598,40.6,-74.08,1
Apr,B02598,40.6,-74.01,8
Apr,B02598,40.6,-74,6
Apr,B02598,40.6,-73.99,14
Apr,B02598,40.6,-73.98,9
Apr,B02598,40.6,-73.97,57
Apr,B02598,40.6,-73.96000000000001,18
Apr,B02598,40.6,-73.95,8
Apr,B02598,40.6,-73.94,14
Apr,B02598,40.6,-73.93,1
Apr,B02598,40.6,-73.8,1
Apr,B02598,40.6,-73.78,1
Apr,B02598,40.6,-73.76,3
Apr,B02598,40.6,-73.74,2
Apr,B02598,40.61,-74.13,3
Apr,B02598,40.61,-74.12,2
Apr,B02598,40.61,-74.10000000000001,1
Apr,B02598,40.61,-74.08,2
Apr,B02598,40.61,-74.07000000000001,1
Apr,B02598,40.61,-74.06,7
Apr,B02598,40.61,-74.04,6
Apr,B02598,40.61,-74.03,13
Apr,B02598,40.61,-74.02,9
Apr,B02598,40.61,-74.01,8
Apr,B02598,40.61,-74,11
Apr,B02598,40.61,-73.99,9
Apr,B02598,40.61,-73.98,5
Apr,B02598,40.61,-73.97,20
Apr,B02598,40.61,-73.96000000000001,23
Apr,B02598,40.61,-73.95,21
Apr,B02598,40.61,-73.94,4
Apr,B02598,40.61,-73.93,3
Apr,B02598,40.61,-73.92,5
Apr,B02598,40.61,-73.91,3
Apr,B02598,40.61,-73.9,2
Apr,B02598,40.61,-73.76,1
Apr,B02598,40.61,-73.73,1
Apr,B02598,40.61,-73.72,1
Apr,B02598,40.62,-74.10000000000001,2
Apr,B02598,40.62,-74.09,1
Apr,B02598,40.62,-74.06,1
Apr,B02598,40.62,-74.04,13
Apr,B02598,40.62,-74.03,54
Apr,B02598,40.62,-74.02,28
Apr,B02598,40.62,-74.01,12
Apr,B02598,40.62,-74,12
Apr,B02598,40.62,-73.99,7
Apr,B02598,40.62,-73.98,2
Apr,B02598,40.62,-73.97,26
Apr,B02598,40.62,-73.96000000000001,21
Apr,B02598,40.62,-73.95,12
Apr,B02598,40.62,-73.94,11
Apr,B02598,40.62,-73.93,15
Apr,B02598,40.62,-73.92,12
Apr,B02598,40.62,-73.91,6
Apr,B02598,40.62,-73.9,2
Apr,B02598,40.62,-73.74,2
Apr,B02598,40.62,-73.73,3
Apr,B02598,40.63,-74.11,1
Apr,B02598,40.63,-74.10000000000001,2
Apr,B02598,40.63,-74.07000000000001,1
Apr,B02598,40.63,-74.04,5
Apr,B02598,40.63,-74.03,28
Apr,B02598,40.63,-74.02,31
Apr,B02598,40.63,-74.01,25
Apr,B02598,40.63,-74,11
Apr,B02598,40.63,-73.99,7
Apr,B02598,40.63,-73.98,7
Apr,B02598,40.63,-73.97,33
Apr,B02598,40.63,-73.96000000000001,44
Apr,B02598,40.63,-73.95,46
Apr,B02598,40.63,-73.94,15
Apr,B02598,40.63,-73.93,8
Apr,B02598,40.63,-73.92,10
Apr,B02598,40.63,-73.91,4
Apr,B02598,40.63,-73.9,5
Apr,B02598,40.63,-73.89,10
Apr,B02598,40.63,-73.88,1
Apr,B02598,40.63,-73.73,2
Apr,B02598,40.63,-73.72,3
Apr,B02598,40.63,-73.71000000000001,2
Apr,B02598,40.64,-74.08,1
Apr,B02598,40.64,-74.04,8
Apr,B02598,40.64,-74.03,17
Apr,B02598,40.64,-74.02,21
Apr,B02598,40.64,-74.01,7
Apr,B02598,40.64,-74,30
Apr,B02598,40.64,-73.99,19
Apr,B02598,40.64,-73.98,28
Apr,B02598,40.64,-73.97,76
Apr,B02598,40.64,-73.96000000000001,50
Apr,B02598,40.64,-73.95,28
Apr,B02598,40.64,-73.94,4
Apr,B02598,40.64,-73.93,7
Apr,B02598,40.64,-73.92,14
Apr,B02598,40.64,-73.91,13
Apr,B02598,40.64,-73.9,1
Apr,B02598,40.64,-73.89,7
Apr,B02598,40.64,-73.8,3
Apr,B02598,40.64,-73.79,502
Apr,B02598,40.64,-73.78,973
Apr,B02598,40.64,-73.74,2
Apr,B02598,40.64,-73.73,1
Apr,B02598,40.65,-74.08,1
Apr,B02598,40.65,-74.02,29
Apr,B02598,40.65,-74.01,40
Apr,B02598,40.65,-74,30
Apr,B02598,40.65,-73.99,2
Apr,B02598,40.65,-73.98,59
Apr,B02598,40.65,-73.97,66
Apr,B02598,40.65,-73.96000000000001,90
Apr,B02598,40.65,-73.95,47
Apr,B02598,40.65,-73.94,33
Apr,B02598,40.65,-73.93,19
Apr,B02598,40.65,-73.92,10
Apr,B02598,40.65,-73.91,23
Apr,B02598,40.65,-73.9,5
Apr,B02598,40.65,-73.89,3
Apr,B02598,40.65,-73.88,16
Apr,B02598,40.65,-73.87,3
Apr,B02598,40.65,-73.84,4
Apr,B02598,40.65,-73.83,2
Apr,B02598,40.65,-73.81,3
Apr,B02598,40.65,-73.8,7
Apr,B02598,40.65,-73.79,625
Apr,B02598,40.65,-73.78,1448
Apr,B02598,40.65,-73.74,1
Apr,B02598,40.65,-73.73,3
Apr,B02598,40.65,-73.72,1
Apr,B02598,40.65,-73.71000000000001,1
Apr,B02598,40.65,-73.7,1
Apr,B02598,40.660000000000004,-74.12,1
Apr,B02598,40.660000000000004,-74.09,1
Apr,B02598,40.660000000000004,-74.01,31
Apr,B02598,40.660000000000004,-74,54
Apr,B02598,40.660000000000004,-73.99,161
Apr,B02598,40.660000000000004,-73.98,190
Apr,B02598,40.660000000000004,-73.97,11
Apr,B02598,40.660000000000004,-73.96000000000001,122
Apr,B02598,40.660000000000004,-73.95,97
Apr,B02598,40.660000000000004,-73.94,51
Apr,B02598,40.660000000000004,-73.93,30
Apr,B02598,40.660000000000004,-73.92,29
Apr,B02598,40.660000000000004,-73.91,20
Apr,B02598,40.660000000000004,-73.9,17
Apr,B02598,40.660000000000004,-73.89,16
Apr,B02598,40.660000000000004,-73.88,4
Apr,B02598,40.660000000000004,-73.87,4
Apr,B02598,40.660000000000004,-73.86,1
Apr,B02598,40.660000000000004,-73.85000000000001,1
Apr,B02598,40.660000000000004,-73.84,4
Apr,B02598,40.660000000000004,-73.83,4
Apr,B02598,40.660000000000004,-73.82000000000001,3
Apr,B02598,40.660000000000004,-73.81,4
Apr,B02598,40.660000000000004,-73.8,17
Apr,B02598,40.660000000000004,-73.79,2
Apr,B02598,40.660000000000004,-73.78,1
Apr,B02598,40.660000000000004,-73.77,5
Apr,B02598,40.660000000000004,-73.76,2
Apr,B02598,40.660000000000004,-73.75,1
Apr,B02598,40.660000000000004,-73.74,2
Apr,B02598,40.660000000000004,-73.73,2
Apr,B02598,40.660000000000004,-73.72,2
Apr,B02598,40.660000000000004,-73.71000000000001,2
Apr,B02598,40.660000000000004,-73.7,1
Apr,B02598,40.67,-74.12,2
Apr,B02598,40.67,-74.11,1
Apr,B02598,40.67,-74.10000000000001,2
Apr,B02598,40.67,-74.02,40
Apr,B02598,40.67,-74.01,65
Apr,B02598,40.67,-74,48
Apr,B02598,40.67,-73.99,340
Apr,B02598,40.67,-73.98,538
Apr,B02598,40.67,-73.97,259
Apr,B02598,40.67,-73.96000000000001,312
Apr,B02598,40.67,-73.95,181
Apr,B02598,40.67,-73.94,98
Apr,B02598,40.67,-73.93,74
Apr,B02598,40.67,-73.92,24
Apr,B02598,40.67,-73.91,12
Apr,B02598,40.67,-73.9,10
Apr,B02598,40.67,-73.89,15
Apr,B02598,40.67,-73.88,14
Apr,B02598,40.67,-73.87,21
Apr,B02598,40.67,-73.86,4
Apr,B02598,40.67,-73.85000000000001,5
Apr,B02598,40.67,-73.84,4
Apr,B02598,40.67,-73.83,12
Apr,B02598,40.67,-73.82000000000001,9
Apr,B02598,40.67,-73.81,8
Apr,B02598,40.67,-73.8,24
Apr,B02598,40.67,-73.79,18
Apr,B02598,40.67,-73.78,11
Apr,B02598,40.67,-73.77,1
Apr,B02598,40.67,-73.76,5
Apr,B02598,40.67,-73.75,2
Apr,B02598,40.67,-73.74,3
Apr,B02598,40.67,-73.73,3
Apr,B02598,40.67,-73.72,1
Apr,B02598,40.67,-73.71000000000001,1
Apr,B02598,40.68,-74.11,3
Apr,B02598,40.68,-74.10000000000001,1
Apr,B02598,40.68,-74.02,91
Apr,B02598,40.68,-74.01,178
Apr,B02598,40.68,-74,483
Apr,B02598,40.68,-73.99,424
Apr,B02598,40.68,-73.98,681
Apr,B02598,40.68,-73.97,491
Apr,B02598,40.68,-73.96000000000001,434
Apr,B02598,40.68,-73.95,264
Apr,B02598,40.68,-73.94,145
Apr,B02598,40.68,-73.93,126
Apr,B02598,40.68,-73.92,67
Apr,B02598,40.68,-73.91,37
Apr,B02598,40.68,-73.9,25
Apr,B02598,40.68,-73.89,12
Apr,B02598,40.68,-73.88,5
Apr,B02598,40.68,-73.87,23
Apr,B02598,40.68,-73.86,20
Apr,B02598,40.68,-73.85000000000001,7
Apr,B02598,40.68,-73.84,6
Apr,B02598,40.68,-73.83,1
Apr,B02598,40.68,-73.82000000000001,6
Apr,B02598,40.68,-73.81,6
Apr,B02598,40.68,-73.8,13
Apr,B02598,40.68,-73.79,3
Apr,B02598,40.68,-73.78,3
Apr,B02598,40.68,-73.77,2
Apr,B02598,40.68,-73.74,2
Apr,B02598,40.68,-73.73,1
Apr,B02598,40.68,-73.72,1
Apr,B02598,40.68,-73.7,2
Apr,B02598,40.69,-74.10000000000001,2
Apr,B02598,40.69,-74.09,1
Apr,B02598,40.69,-74.07000000000001,3
Apr,B02598,40.69,-74,539
Apr,B02598,40.69,-73.99,1022
Apr,B02598,40.69,-73.98,613
Apr,B02598,40.69,-73.97,697
Apr,B02598,40.69,-73.96000000000001,488
Apr,B02598,40.69,-73.95,254
Apr,B02598,40.69,-73.94,201
Apr,B02598,40.69,-73.93,118
Apr,B02598,40.69,-73.92,120
Apr,B02598,40.69,-73.91,74
Apr,B02598,40.69,-73.9,9
Apr,B02598,40.69,-73.89,1
Apr,B02598,40.69,-73.87,2
Apr,B02598,40.69,-73.86,9
Apr,B02598,40.69,-73.85000000000001,9
Apr,B02598,40.69,-73.84,5
Apr,B02598,40.69,-73.83,6
Apr,B02598,40.69,-73.82000000000001,6
Apr,B02598,40.69,-73.81,5
Apr,B02598,40.69,-73.8,6
Apr,B02598,40.69,-73.79,4
Apr,B02598,40.69,-73.76,4
Apr,B02598,40.69,-73.75,3
Apr,B02598,40.69,-73.74,2
Apr,B02598,40.69,-73.72,1
Apr,B02598,40.69,-73.71000000000001,3
Apr,B02598,40.7,-74.10000000000001,3
Apr,B02598,40.7,-74.09,5
Apr,B02598,40.7,-74.08,2
Apr,B02598,40.7,-74.07000000000001,1
Apr,B02598,40.7,-74.02,50
Apr,B02598,40.7,-74.01,998
Apr,B02598,40.7,-74,160
Apr,B02598,40.7,-73.99,1103
Apr,B02598,40.7,-73.98,322
Apr,B02598,40.7,-73.97,161
Apr,B02598,40.7,-73.96000000000001,105
Apr,B02598,40.7,-73.95,123
Apr,B02598,40.7,-73.94,168
Apr,B02598,40.7,-73.93,365
Apr,B02598,40.7,-73.92,177
Apr,B02598,40.7,-73.91,52
Apr,B02598,40.7,-73.9,20
Apr,B02598,40.7,-73.89,10
Apr,B02598,40.7,-73.88,3
Apr,B02598,40.7,-73.87,7
Apr,B02598,40.7,-73.86,8
Apr,B02598,40.7,-73.85000000000001,6
Apr,B02598,40.7,-73.84,12
Apr,B02598,40.7,-73.83,9
Apr,B02598,40.7,-73.82000000000001,11
Apr,B02598,40.7,-73.81,15
Apr,B02598,40.7,-73.8,12
Apr,B02598,40.7,-73.79,1
Apr,B02598,40.7,-73.78,3
Apr,B02598,40.7,-73.77,5
Apr,B02598,40.7,-73.76,6
Apr,B02598,40.7,-73.75,3
Apr,B02598,40.7,-73.74,2
Apr,B02598,40.7,-73.73,2
Apr,B02598,40.7,-73.72,5
Apr,B02598,40.71,-74.14,1
Apr,B02598,40.71,-74.10000000000001,1
Apr,B02598,40.71,-74.09,4
Apr,B02598,40.71,-74.08,3
Apr,B02598,40.71,-74.07000000000001,5
Apr,B02598,40.71,-74.06,16
Apr,B02598,40.71,-74.04,34
Apr,B02598,40.71,-74.03,4
Apr,B02598,40.71,-74.02,833
Apr,B02598,40.71,-74.01,4484
Apr,B02598,40.71,-74,830
Apr,B02598,40.71,-73.99,396
Apr,B02598,40.71,-73.98,198
Apr,B02598,40.71,-73.97,434
Apr,B02598,40.71,-73.96000000000001,925
Apr,B02598,40.71,-73.95,626
Apr,B02598,40.71,-73.94,400
Apr,B02598,40.71,-73.93,184
Apr,B02598,40.71,-73.92,134
Apr,B02598,40.71,-73.91,29
Apr,B02598,40.71,-73.9,11
Apr,B02598,40.71,-73.89,4
Apr,B02598,40.71,-73.88,4
Apr,B02598,40.71,-73.87,7
Apr,B02598,40.71,-73.86,10
Apr,B02598,40.71,-73.85000000000001,9
Apr,B02598,40.71,-73.84,6
Apr,B02598,40.71,-73.83,24
Apr,B02598,40.71,-73.82000000000001,11
Apr,B02598,40.71,-73.81,1
Apr,B02598,40.71,-73.8,11
Apr,B02598,40.71,-73.79,11
Apr,B02598,40.71,-73.78,5
Apr,B02598,40.71,-73.76,1
Apr,B02598,40.71,-73.75,7
Apr,B02598,40.71,-73.74,1
Apr,B02598,40.72,-74.09,5
Apr,B02598,40.72,-74.08,7
Apr,B02598,40.72,-74.07000000000001,14
Apr,B02598,40.72,-74.06,4
Apr,B02598,40.72,-74.05,64
Apr,B02598,40.72,-74.04,138
Apr,B02598,40.72,-74.03,44
Apr,B02598,40.72,-74.02,411
Apr,B02598,40.72,-74.01,5088
Apr,B02598,40.72,-74,7662
Apr,B02598,40.72,-73.99,4817
Apr,B02598,40.72,-73.98,1421
Apr,B02598,40.72,-73.97,59
Apr,B02598,40.72,-73.96000000000001,1698
Apr,B02598,40.72,-73.95,649
Apr,B02598,40.72,-73.94,261
Apr,B02598,40.72,-73.93,6
Apr,B02598,40.72,-73.92,1
Apr,B02598,40.72,-73.91,15
Apr,B02598,40.72,-73.9,14
Apr,B02598,40.72,-73.89,11
Apr,B02598,40.72,-73.88,13
Apr,B02598,40.72,-73.87,10
Apr,B02598,40.72,-73.86,12
Apr,B02598,40.72,-73.85000000000001,42
Apr,B02598,40.72,-73.84,35
Apr,B02598,40.72,-73.83,9
Apr,B02598,40.72,-73.82000000000001,11
Apr,B02598,40.72,-73.81,12
Apr,B02598,40.72,-73.8,19
Apr,B02598,40.72,-73.79,8
Apr,B02598,40.72,-73.78,8
Apr,B02598,40.72,-73.77,5
Apr,B02598,40.72,-73.76,1
Apr,B02598,40.72,-73.75,2
Apr,B02598,40.72,-73.74,3
Apr,B02598,40.72,-73.73,2
Apr,B02598,40.72,-73.71000000000001,2
Apr,B02598,40.72,-73.7,1
Apr,B02598,40.730000000000004,-74.14,4
Apr,B02598,40.730000000000004,-74.09,1
Apr,B02598,40.730000000000004,-74.08,4
Apr,B02598,40.730000000000004,-74.07000000000001,11
Apr,B02598,40.730000000000004,-74.06,26
Apr,B02598,40.730000000000004,-74.05,42
Apr,B02598,40.730000000000004,-74.04,87
Apr,B02598,40.730000000000004,-74.03,51
Apr,B02598,40.730000000000004,-74.01,3166
Apr,B02598,40.730000000000004,-74,7517
Apr,B02598,40.730000000000004,-73.99,6363
Apr,B02598,40.730000000000004,-73.98,2668
Apr,B02598,40.730000000000004,-73.97,108
Apr,B02598,40.730000000000004,-73.96000000000001,320
Apr,B02598,40.730000000000004,-73.95,342
Apr,B02598,40.730000000000004,-73.94,78
Apr,B02598,40.730000000000004,-73.93,1
Apr,B02598,40.730000000000004,-73.92,3
Apr,B02598,40.730000000000004,-73.91,3
Apr,B02598,40.730000000000004,-73.9,13
Apr,B02598,40.730000000000004,-73.89,11
Apr,B02598,40.730000000000004,-73.88,5
Apr,B02598,40.730000000000004,-73.87,16
Apr,B02598,40.730000000000004,-73.86,40
Apr,B02598,40.730000000000004,-73.85000000000001,24
Apr,B02598,40.730000000000004,-73.84,2
Apr,B02598,40.730000000000004,-73.83,5
Apr,B02598,40.730000000000004,-73.82000000000001,18
Apr,B02598,40.730000000000004,-73.81,12
Apr,B02598,40.730000000000004,-73.8,3
Apr,B02598,40.730000000000004,-73.79,12
Apr,B02598,40.730000000000004,-73.78,4
Apr,B02598,40.730000000000004,-73.77,1
Apr,B02598,40.730000000000004,-73.75,4
Apr,B02598,40.730000000000004,-73.74,2
Apr,B02598,40.730000000000004,-73.73,1
Apr,B02598,40.730000000000004,-73.71000000000001,3
Apr,B02598,40.730000000000004,-73.7,1
Apr,B02598,40.74,-74.07000000000001,3
Apr,B02598,40.74,-74.06,7
Apr,B02598,40.74,-74.05,23
Apr,B02598,40.74,-74.04,140
Apr,B02598,40.74,-74.03,310
Apr,B02598,40.74,-74.01,4149
Apr,B02598,40.74,-74,5969
Apr,B02598,40.74,-73.99,8492
Apr,B02598,40.74,-73.98,3035
Apr,B02598,40.74,-73.97,568
Apr,B02598,40.74,-73.96000000000001,172
Apr,B02598,40.74,-73.95,119
Apr,B02598,40.74,-73.94,46
Apr,B02598,40.74,-73.93,57
Apr,B02598,40.74,-73.92,79
Apr,B02598,40.74,-73.91,11
Apr,B02598,40.74,-73.9,27
Apr,B02598,40.74,-73.89,14
Apr,B02598,40.74,-73.88,27
Apr,B02598,40.74,-73.87,16
Apr,B02598,40.74,-73.86,9
Apr,B02598,40.74,-73.85000000000001,10
Apr,B02598,40.74,-73.83,2
Apr,B02598,40.74,-73.82000000000001,9
Apr,B02598,40.74,-73.81,9
Apr,B02598,40.74,-73.8,2
Apr,B02598,40.74,-73.79,5
Apr,B02598,40.74,-73.78,8
Apr,B02598,40.74,-73.76,4
Apr,B02598,40.74,-73.75,3
Apr,B02598,40.74,-73.74,1
Apr,B02598,40.74,-73.72,4
Apr,B02598,40.74,-73.71000000000001,3
Apr,B02598,40.74,-73.7,1
Apr,B02598,40.75,-74.06,3
Apr,B02598,40.75,-74.05,18
Apr,B02598,40.75,-74.04,60
Apr,B02598,40.75,-74.03,265
Apr,B02598,40.75,-74.02,30
Apr,B02598,40.75,-74.01,1581
Apr,B02598,40.75,-74,2752
Apr,B02598,40.75,-73.99,7016
Apr,B02598,40.75,-73.98,6802
Apr,B02598,40.75,-73.97,2778
Apr,B02598,40.75,-73.96000000000001,274
Apr,B02598,40.75,-73.95,133
Apr,B02598,40.75,-73.94,279
Apr,B02598,40.75,-73.93,59
Apr,B02598,40.75,-73.92,47
Apr,B02598,40.75,-73.91,44
Apr,B02598,40.75,-73.9,24
Apr,B02598,40.75,-73.89,31
Apr,B02598,40.75,-73.88,18
Apr,B02598,40.75,-73.87,12
Apr,B02598,40.75,-73.86,7
Apr,B02598,40.75,-73.85000000000001,23
Apr,B02598,40.75,-73.84,6
Apr,B02598,40.75,-73.83,14
Apr,B02598,40.75,-73.82000000000001,8
Apr,B02598,40.75,-73.81,1
Apr,B02598,40.75,-73.79,4
Apr,B02598,40.75,-73.78,1
Apr,B02598,40.75,-73.77,3
Apr,B02598,40.75,-73.75,2
Apr,B02598,40.75,-73.72,4
Apr,B02598,40.75,-73.71000000000001,8
Apr,B02598,40.76,-74.07000000000001,1
Apr,B02598,40.76,-74.05,3
Apr,B02598,40.76,-74.04,6
Apr,B02598,40.76,-74.03,33
Apr,B02598,40.76,-74.02,22
Apr,B02598,40.76,-74.01,4
Apr,B02598,40.76,-74,1879
Apr,B02598,40.76,-73.99,5044
Apr,B02598,40.76,-73.98,10732
Apr,B02598,40.76,-73.97,9805
Apr,B02598,40.76,-73.96000000000001,1712
Apr,B02598,40.76,-73.95,142
Apr,B02598,40.76,-73.94,21
Apr,B02598,40.76,-73.93,92
Apr,B02598,40.76,-73.92,142
Apr,B02598,40.76,-73.91,57
Apr,B02598,40.76,-73.9,14
Apr,B02598,40.76,-73.89,17
Apr,B02598,40.76,-73.88,10
Apr,B02598,40.76,-73.87,9
Apr,B02598,40.76,-73.86,4
Apr,B02598,40.76,-73.85000000000001,17
Apr,B02598,40.76,-73.84,34
Apr,B02598,40.76,-73.83,43
Apr,B02598,40.76,-73.82000000000001,12
Apr,B02598,40.76,-73.81,9
Apr,B02598,40.76,-73.8,6
Apr,B02598,40.76,-73.79,7
Apr,B02598,40.76,-73.78,2
Apr,B02598,40.76,-73.77,13
Apr,B02598,40.76,-73.76,3
Apr,B02598,40.76,-73.75,4
Apr,B02598,40.76,-73.74,1
Apr,B02598,40.76,-73.73,1
Apr,B02598,40.76,-73.72,2
Apr,B02598,40.76,-73.7,2
Apr,B02598,40.77,-74.08,1
Apr,B02598,40.77,-74.07000000000001,1
Apr,B02598,40.77,-74.06,4
Apr,B02598,40.77,-74.04,1
Apr,B02598,40.77,-74.03,11
Apr,B02598,40.77,-74.02,12
Apr,B02598,40.77,-74.01,1
Apr,B02598,40.77,-74,136
Apr,B02598,40.77,-73.99,1722
Apr,B02598,40.77,-73.98,3245
Apr,B02598,40.77,-73.97,1919
Apr,B02598,40.77,-73.96000000000001,3959
Apr,B02598,40.77,-73.95,1823
Apr,B02598,40.77,-73.94,58
Apr,B02598,40.77,-73.93,56
Apr,B02598,40.77,-73.92,155
Apr,B02598,40.77,-73.91,90
Apr,B02598,40.77,-73.9,34
Apr,B02598,40.77,-73.89,325
Apr,B02598,40.77,-73.88,52
Apr,B02598,40.77,-73.87,1833
Apr,B02598,40.77,-73.86,913
Apr,B02598,40.77,-73.85000000000001,1
Apr,B02598,40.77,-73.84,4
Apr,B02598,40.77,-73.83,7
Apr,B02598,40.77,-73.82000000000001,5
Apr,B02598,40.77,-73.81,5
Apr,B02598,40.77,-73.8,1
Apr,B02598,40.77,-73.79,3
Apr,B02598,40.77,-73.77,4
Apr,B02598,40.77,-73.75,2
Apr,B02598,40.77,-73.74,2
Apr,B02598,40.77,-73.73,1
Apr,B02598,40.77,-73.71000000000001,1
Apr,B02598,40.77,-73.7,1
Apr,B02598,40.78,-74.14,1
Apr,B02598,40.78,-74.13,1
Apr,B02598,40.78,-74.07000000000001,3
Apr,B02598,40.78,-74.05,1
Apr,B02598,40.78,-74.04,4
Apr,B02598,40.78,-74.03,4
Apr,B02598,40.78,-74.02,13
Apr,B02598,40.78,-74.01,6
Apr,B02598,40.78,-74,1
Apr,B02598,40.78,-73.99,560
Apr,B02598,40.78,-73.98,2398
Apr,B02598,40.78,-73.97,530
Apr,B02598,40.78,-73.96000000000001,2867
Apr,B02598,40.78,-73.95,2210
Apr,B02598,40.78,-73.94,114
Apr,B02598,40.78,-73.93,9
Apr,B02598,40.78,-73.92,34
Apr,B02598,40.78,-73.91,41
Apr,B02598,40.78,-73.9,12
Apr,B02598,40.78,-73.89,2
Apr,B02598,40.78,-73.85000000000001,5
Apr,B02598,40.78,-73.84,6
Apr,B02598,40.78,-73.83,5
Apr,B02598,40.78,-73.82000000000001,4
Apr,B02598,40.78,-73.81,3
Apr,B02598,40.78,-73.8,4
Apr,B02598,40.78,-73.78,4
Apr,B02598,40.78,-73.77,1
Apr,B02598,40.78,-73.73,11
Apr,B02598,40.78,-73.72,5
Apr,B02598,40.78,-73.71000000000001,2
Apr,B02598,40.78,-73.7,4
Apr,B02598,40.79,-74.14,2
Apr,B02598,40.79,-74.08,1
Apr,B02598,40.79,-74.07000000000001,2
Apr,B02598,40.79,-74.06,1
Apr,B02598,40.79,-74.05,9
Apr,B02598,40.79,-74.04,13
Apr,B02598,40.79,-74.02,2
Apr,B02598,40.79,-74.01,5
Apr,B02598,40.79,-74,7
Apr,B02598,40.79,-73.98,995
Apr,B02598,40.79,-73.97,1216
Apr,B02598,40.79,-73.96000000000001,243
Apr,B02598,40.79,-73.95,433
Apr,B02598,40.79,-73.94,110
Apr,B02598,40.79,-73.93,17
Apr,B02598,40.79,-73.92,20
Apr,B02598,40.79,-73.85000000000001,3
Apr,B02598,40.79,-73.84,17
Apr,B02598,40.79,-73.83,1
Apr,B02598,40.79,-73.82000000000001,3
Apr,B02598,40.79,-73.81,4
Apr,B02598,40.79,-73.8,3
Apr,B02598,40.79,-73.79,3
Apr,B02598,40.79,-73.78,3
Apr,B02598,40.79,-73.74,1
Apr,B02598,40.79,-73.73,6
Apr,B02598,40.79,-73.72,1
Apr,B02598,40.79,-73.71000000000001,4
Apr,B02598,40.79,-73.7,2
Apr,B02598,40.800000000000004,-74.11,1
Apr,B02598,40.800000000000004,-74.10000000000001,1
Apr,B02598,40.800000000000004,-74.07000000000001,3
Apr,B02598,40.800000000000004,-74.06,2
Apr,B02598,40.800000000000004,-74.05,1
Apr,B02598,40.800000000000004,-74.01,1
Apr,B02598,40.800000000000004,-74,4
Apr,B02598,40.800000000000004,-73.99,1
Apr,B02598,40.800000000000004,-73.98,34
Apr,B02598,40.800000000000004,-73.97,556
Apr,B02598,40.800000000000004,-73.96000000000001,225
Apr,B02598,40.800000000000004,-73.95,205
Apr,B02598,40.800000000000004,-73.94,107
Apr,B02598,40.800000000000004,-73.93,67
Apr,B02598,40.800000000000004,-73.92,6
Apr,B02598,40.800000000000004,-73.91,6
Apr,B02598,40.800000000000004,-73.82000000000001,2
Apr,B02598,40.81,-74.14,1
Apr,B02598,40.81,-74.11,1
Apr,B02598,40.81,-74.10000000000001,2
Apr,B02598,40.81,-74.09,2
Apr,B02598,40.81,-74.08,3
Apr,B02598,40.81,-74.07000000000001,4
Apr,B02598,40.81,-74,2
Apr,B02598,40.81,-73.99,6
Apr,B02598,40.81,-73.98,3
Apr,B02598,40.81,-73.97,69
Apr,B02598,40.81,-73.96000000000001,310
Apr,B02598,40.81,-73.95,198
Apr,B02598,40.81,-73.94,163
Apr,B02598,40.81,-73.93,21
Apr,B02598,40.81,-73.92,11
Apr,B02598,40.81,-73.91,9
Apr,B02598,40.81,-73.9,2
Apr,B02598,40.81,-73.89,1
Apr,B02598,40.81,-73.88,1
Apr,B02598,40.81,-73.87,1
Apr,B02598,40.81,-73.86,1
Apr,B02598,40.81,-73.81,3
Apr,B02598,40.81,-73.8,2
Apr,B02598,40.81,-73.7,1
Apr,B02598,40.82,-74.14,2
Apr,B02598,40.82,-74.11,1
Apr,B02598,40.82,-74.10000000000001,1
Apr,B02598,40.82,-74.09,2
Apr,B02598,40.82,-74.08,1
Apr,B02598,40.82,-74.07000000000001,2
Apr,B02598,40.82,-73.99,5
Apr,B02598,40.82,-73.98,2
Apr,B02598,40.82,-73.96000000000001,57
Apr,B02598,40.82,-73.95,126
Apr,B02598,40.82,-73.94,110
Apr,B02598,40.82,-73.93,12
Apr,B02598,40.82,-73.92,12
Apr,B02598,40.82,-73.91,9
Apr,B02598,40.82,-73.9,6
Apr,B02598,40.82,-73.89,15
Apr,B02598,40.82,-73.88,4
Apr,B02598,40.82,-73.87,2
Apr,B02598,40.82,-73.86,7
Apr,B02598,40.82,-73.85000000000001,4
Apr,B02598,40.82,-73.83,1
Apr,B02598,40.82,-73.82000000000001,4
Apr,B02598,40.82,-73.81,1
Apr,B02598,40.82,-73.74,1
Apr,B02598,40.83,-74.14,2
Apr,B02598,40.83,-74.11,1
Apr,B02598,40.83,-74.10000000000001,2
Apr,B02598,40.83,-74.09,1
Apr,B02598,40.83,-74.08,3
Apr,B02598,40.83,-74.07000000000001,1
Apr,B02598,40.83,-74,1
Apr,B02598,40.83,-73.98,1
Apr,B02598,40.83,-73.97,4
Apr,B02598,40.83,-73.96000000000001,3
Apr,B02598,40.83,-73.95,63
Apr,B02598,40.83,-73.94,90
Apr,B02598,40.83,-73.93,77
Apr,B02598,40.83,-73.92,65
Apr,B02598,40.83,-73.91,5
Apr,B02598,40.83,-73.9,10
Apr,B02598,40.83,-73.89,7
Apr,B02598,40.83,-73.88,7
Apr,B02598,40.83,-73.87,2
Apr,B02598,40.83,-73.86,2
Apr,B02598,40.83,-73.85000000000001,1
Apr,B02598,40.83,-73.83,3
Apr,B02598,40.83,-73.82000000000001,4
Apr,B02598,40.83,-73.7,1
Apr,B02598,40.84,-74.15,4
Apr,B02598,40.84,-74.12,2
Apr,B02598,40.84,-74.07000000000001,3
Apr,B02598,40.84,-74.05,1
Apr,B02598,40.84,-74,2
Apr,B02598,40.84,-73.99,2
Apr,B02598,40.84,-73.98,1
Apr,B02598,40.84,-73.97,1
Apr,B02598,40.84,-73.95,20
Apr,B02598,40.84,-73.94,152
Apr,B02598,40.84,-73.93,5
Apr,B02598,40.84,-73.92,12
Apr,B02598,40.84,-73.91,7
Apr,B02598,40.84,-73.9,1
Apr,B02598,40.84,-73.89,7
Apr,B02598,40.84,-73.88,2
Apr,B02598,40.84,-73.87,5
Apr,B02598,40.84,-73.86,8
Apr,B02598,40.84,-73.85000000000001,11
Apr,B02598,40.84,-73.84,12
Apr,B02598,40.84,-73.83,6
Apr,B02598,40.85,-74.13,1
Apr,B02598,40.85,-74.12,1
Apr,B02598,40.85,-74.11,1
Apr,B02598,40.85,-74.09,1
Apr,B02598,40.85,-74.07000000000001,1
Apr,B02598,40.85,-74.04,1
Apr,B02598,40.85,-74.03,1
Apr,B02598,40.85,-74.01,2
Apr,B02598,40.85,-73.98,2
Apr,B02598,40.85,-73.97,7
Apr,B02598,40.85,-73.96000000000001,2
Apr,B02598,40.85,-73.94,88
Apr,B02598,40.85,-73.93,60
Apr,B02598,40.85,-73.92,11
Apr,B02598,40.85,-73.91,11
Apr,B02598,40.85,-73.9,4
Apr,B02598,40.85,-73.89,25
Apr,B02598,40.85,-73.88,5
Apr,B02598,40.85,-73.87,4
Apr,B02598,40.85,-73.86,8
Apr,B02598,40.85,-73.85000000000001,17
Apr,B02598,40.85,-73.84,7
Apr,B02598,40.85,-73.83,6
Apr,B02598,40.85,-73.79,2
Apr,B02598,40.85,-73.71000000000001,1
Apr,B02598,40.86,-74.11,1
Apr,B02598,40.86,-74.07000000000001,1
Apr,B02598,40.86,-74.06,3
Apr,B02598,40.86,-74.01,1
Apr,B02598,40.86,-73.98,3
Apr,B02598,40.86,-73.97,12
Apr,B02598,40.86,-73.96000000000001,1
Apr,B02598,40.86,-73.94,13
Apr,B02598,40.86,-73.93,27
Apr,B02598,40.86,-73.92,10
Apr,B02598,40.86,-73.91,11
Apr,B02598,40.86,-73.9,18
Apr,B02598,40.86,-73.89,45
Apr,B02598,40.86,-73.88,34
Apr,B02598,40.86,-73.87,17
Apr,B02598,40.86,-73.86,11
Apr,B02598,40.86,-73.85000000000001,13
Apr,B02598,40.86,-73.84,1
Apr,B02598,40.86,-73.83,2
Apr,B02598,40.86,-73.82000000000001,1
Apr,B02598,40.87,-74.14,1
Apr,B02598,40.87,-74.11,2
Apr,B02598,40.87,-74.10000000000001,1
Apr,B02598,40.87,-74.06,3
Apr,B02598,40.87,-74.01,1
Apr,B02598,40.87,-74,3
Apr,B02598,40.87,-73.96000000000001,1
Apr,B02598,40.87,-73.95,1
Apr,B02598,40.87,-73.93,21
Apr,B02598,40.87,-73.92,31
Apr,B02598,40.87,-73.91,20
Apr,B02598,40.87,-73.9,11
Apr,B02598,40.87,-73.89,14
Apr,B02598,40.87,-73.88,15
Apr,B02598,40.87,-73.87,6
Apr,B02598,40.87,-73.86,1
Apr,B02598,40.87,-73.85000000000001,6
Apr,B02598,40.87,-73.84,6
Apr,B02598,40.87,-73.83,3
Apr,B02598,40.87,-73.82000000000001,2
Apr,B02598,40.87,-73.81,1
Apr,B02598,40.88,-74.15,2
Apr,B02598,40.88,-74.13,1
Apr,B02598,40.88,-74.10000000000001,1
Apr,B02598,40.88,-74.06,2
Apr,B02598,40.88,-74.05,2
Apr,B02598,40.88,-74.04,6
Apr,B02598,40.88,-74,1
Apr,B02598,40.88,-73.99,4
Apr,B02598,40.88,-73.98,2
Apr,B02598,40.88,-73.97,1
Apr,B02598,40.88,-73.96000000000001,2
Apr,B02598,40.88,-73.95,1
Apr,B02598,40.88,-73.92,15
Apr,B02598,40.88,-73.91,23
Apr,B02598,40.88,-73.9,16
Apr,B02598,40.88,-73.89,29
Apr,B02598,40.88,-73.88,24
Apr,B02598,40.88,-73.87,6
Apr,B02598,40.88,-73.86,1
Apr,B02598,40.88,-73.85000000000001,11
Apr,B02598,40.88,-73.84,3
Apr,B02598,40.88,-73.83,2
Apr,B02598,40.89,-74.05,1
Apr,B02598,40.89,-74.03,2
Apr,B02598,40.89,-74.02,1
Apr,B02598,40.89,-74.01,1
Apr,B02598,40.89,-73.99,2
Apr,B02598,40.89,-73.98,1
Apr,B02598,40.89,-73.97,2
Apr,B02598,40.89,-73.96000000000001,4
Apr,B02598,40.89,-73.95,1
Apr,B02598,40.89,-73.94,1
Apr,B02598,40.89,-73.92,3
Apr,B02598,40.89,-73.91,83
Apr,B02598,40.89,-73.9,83
Apr,B02598,40.89,-73.89,4
Apr,B02598,40.89,-73.88,4
Apr,B02598,40.89,-73.86,3
Apr,B02598,40.89,-73.85000000000001,4
Apr,B02598,40.89,-73.84,6
Apr,B02598,40.89,-73.83,4
Apr,B02598,40.89,-73.82000000000001,1
Apr,B02598,40.89,-73.79,1
Apr,B02598,40.89,-73.78,2
Apr,B02598,40.9,-74.12,1
Apr,B02598,40.9,-74.10000000000001,4
Apr,B02598,40.9,-74.06,1
Apr,B02598,40.9,-74,1
Apr,B02598,40.9,-73.98,2
Apr,B02598,40.9,-73.97,3
Apr,B02598,40.9,-73.95,1
Apr,B02598,40.9,-73.94,7
Apr,B02598,40.9,-73.91,6
Apr,B02598,40.9,-73.9,40
Apr,B02598,40.9,-73.87,6
Apr,B02598,40.9,-73.86,3
Apr,B02598,40.9,-73.85000000000001,4
Apr,B02598,40.9,-73.84,1
Apr,B02598,40.9,-73.83,1
Apr,B02598,40.9,-73.82000000000001,1
Apr,B02598,40.9,-73.81,1
Apr,B02598,40.9,-73.8,2
Apr,B02598,40.910000000000004,-74.10000000000001,1
Apr,B02598,40.910000000000004,-74.03,2
Apr,B02598,40.910000000000004,-73.97,1
Apr,B02598,40.910000000000004,-73.95,1
Apr,B02598,40.910000000000004,-73.91,2
Apr,B02598,40.910000000000004,-73.9,6
Apr,B02598,40.910000000000004,-73.89,1
Apr,B02598,40.910000000000004,-73.87,1
Apr,B02598,40.910000000000004,-73.85000000000001,4
Apr,B02598,40.910000000000004,-73.84,1
Apr,B02598,40.910000000000004,-73.81,1
Apr,B02598,40.910000000000004,-73.8,1
Apr,B02598,40.910000000000004,-73.78,5
Apr,B02598,40.92,-74.08,1
Apr,B02598,40.92,-74.03,1
Apr,B02598,40.92,-74.01,1
Apr,B02598,40.92,-73.96000000000001,1
Apr,B02598,40.92,-73.9,1
Apr,B02598,40.92,-73.88,1
Apr,B02617,40.58,-74,2
Apr,B02617,40.58,-73.99,1
Apr,B02617,40.58,-73.98,1
Apr,B02617,40.58,-73.97,5
Apr,B02617,40.58,-73.96000000000001,9
Apr,B02617,40.58,-73.95,3
Apr,B02617,40.58,-73.94,3
Apr,B02617,40.58,-73.93,2
Apr,B02617,40.59,-74,1
Apr,B02617,40.59,-73.99,4
Apr,B02617,40.59,-73.98,4
Apr,B02617,40.59,-73.97,5
Apr,B02617,40.59,-73.96000000000001,5
Apr,B02617,40.59,-73.95,11
Apr,B02617,40.59,-73.94,2
Apr,B02617,40.59,-73.93,2
Apr,B02617,40.59,-73.9,3
Apr,B02617,40.59,-73.76,1
Apr,B02617,40.6,-74.07000000000001,1
Apr,B02617,40.6,-74.03,1
Apr,B02617,40.6,-74.01,1
Apr,B02617,40.6,-74,7
Apr,B02617,40.6,-73.99,6
Apr,B02617,40.6,-73.98,4
Apr,B02617,40.6,-73.97,34
Apr,B02617,40.6,-73.96000000000001,9
Apr,B02617,40.6,-73.95,9
Apr,B02617,40.6,-73.94,4
Apr,B02617,40.6,-73.93,3
Apr,B02617,40.6,-73.77,1
Apr,B02617,40.6,-73.76,1
Apr,B02617,40.6,-73.75,1
Apr,B02617,40.6,-73.74,2
Apr,B02617,40.61,-74.12,2
Apr,B02617,40.61,-74.09,3
Apr,B02617,40.61,-74.08,2
Apr,B02617,40.61,-74.06,1
Apr,B02617,40.61,-74.04,1
Apr,B02617,40.61,-74.03,10
Apr,B02617,40.61,-74.02,6
Apr,B02617,40.61,-74.01,6
Apr,B02617,40.61,-74,3
Apr,B02617,40.61,-73.99,3
Apr,B02617,40.61,-73.98,5
Apr,B02617,40.61,-73.97,15
Apr,B02617,40.61,-73.96000000000001,17
Apr,B02617,40.61,-73.95,13
Apr,B02617,40.61,-73.94,4
Apr,B02617,40.61,-73.93,5
Apr,B02617,40.61,-73.92,6
Apr,B02617,40.61,-73.91,3
Apr,B02617,40.61,-73.75,2
Apr,B02617,40.61,-73.74,2
Apr,B02617,40.61,-73.73,1
Apr,B02617,40.62,-74.14,1
Apr,B02617,40.62,-74.09,2
Apr,B02617,40.62,-74.08,1
Apr,B02617,40.62,-74.07000000000001,1
Apr,B02617,40.62,-74.04,6
Apr,B02617,40.62,-74.03,36
Apr,B02617,40.62,-74.02,20
Apr,B02617,40.62,-74.01,7
Apr,B02617,40.62,-74,3
Apr,B02617,40.62,-73.99,5
Apr,B02617,40.62,-73.98,1
Apr,B02617,40.62,-73.97,19
Apr,B02617,40.62,-73.96000000000001,13
Apr,B02617,40.62,-73.95,8
Apr,B02617,40.62,-73.94,11
Apr,B02617,40.62,-73.93,11
Apr,B02617,40.62,-73.92,15
Apr,B02617,40.62,-73.91,5
Apr,B02617,40.62,-73.82000000000001,1
Apr,B02617,40.62,-73.8,1
Apr,B02617,40.62,-73.75,1
Apr,B02617,40.62,-73.73,2
Apr,B02617,40.62,-73.72,1
Apr,B02617,40.63,-74.04,1
Apr,B02617,40.63,-74.03,19
Apr,B02617,40.63,-74.02,25
Apr,B02617,40.63,-74.01,10
Apr,B02617,40.63,-74,2
Apr,B02617,40.63,-73.99,2
Apr,B02617,40.63,-73.98,6
Apr,B02617,40.63,-73.97,29
Apr,B02617,40.63,-73.96000000000001,28
Apr,B02617,40.63,-73.95,11
Apr,B02617,40.63,-73.94,8
Apr,B02617,40.63,-73.93,5
Apr,B02617,40.63,-73.92,13
Apr,B02617,40.63,-73.91,3
Apr,B02617,40.63,-73.89,10
Apr,B02617,40.63,-73.74,1
Apr,B02617,40.63,-73.72,2
Apr,B02617,40.63,-73.71000000000001,2
Apr,B02617,40.64,-74.12,1
Apr,B02617,40.64,-74.11,1
Apr,B02617,40.64,-74.09,1
Apr,B02617,40.64,-74.08,1
Apr,B02617,40.64,-74.04,4
Apr,B02617,40.64,-74.03,11
Apr,B02617,40.64,-74.02,22
Apr,B02617,40.64,-74.01,7
Apr,B02617,40.64,-74,15
Apr,B02617,40.64,-73.99,10
Apr,B02617,40.64,-73.98,17
Apr,B02617,40.64,-73.97,34
Apr,B02617,40.64,-73.96000000000001,20
Apr,B02617,40.64,-73.95,16
Apr,B02617,40.64,-73.94,1
Apr,B02617,40.64,-73.93,6
Apr,B02617,40.64,-73.92,12
Apr,B02617,40.64,-73.91,10
Apr,B02617,40.64,-73.9,3
Apr,B02617,40.64,-73.89,4
Apr,B02617,40.64,-73.8,1
Apr,B02617,40.64,-73.79,338
Apr,B02617,40.64,-73.78,739
Apr,B02617,40.64,-73.74,2
Apr,B02617,40.64,-73.72,1
Apr,B02617,40.65,-74.14,1
Apr,B02617,40.65,-74.08,1
Apr,B02617,40.65,-74.02,17
Apr,B02617,40.65,-74.01,33
Apr,B02617,40.65,-74,17
Apr,B02617,40.65,-73.99,1
Apr,B02617,40.65,-73.98,27
Apr,B02617,40.65,-73.97,42
Apr,B02617,40.65,-73.96000000000001,55
Apr,B02617,40.65,-73.95,22
Apr,B02617,40.65,-73.94,16
Apr,B02617,40.65,-73.93,13
Apr,B02617,40.65,-73.92,10
Apr,B02617,40.65,-73.91,14
Apr,B02617,40.65,-73.9,7
Apr,B02617,40.65,-73.89,4
Apr,B02617,40.65,-73.88,9
Apr,B02617,40.65,-73.85000000000001,2
Apr,B02617,40.65,-73.84,7
Apr,B02617,40.65,-73.81,1
Apr,B02617,40.65,-73.8,6
Apr,B02617,40.65,-73.79,364
Apr,B02617,40.65,-73.78,899
Apr,B02617,40.65,-73.76,1
Apr,B02617,40.660000000000004,-74.14,1
Apr,B02617,40.660000000000004,-74.11,1
Apr,B02617,40.660000000000004,-74.10000000000001,1
Apr,B02617,40.660000000000004,-74.01,22
Apr,B02617,40.660000000000004,-74,47
Apr,B02617,40.660000000000004,-73.99,106
Apr,B02617,40.660000000000004,-73.98,116
Apr,B02617,40.660000000000004,-73.97,9
Apr,B02617,40.660000000000004,-73.96000000000001,62
Apr,B02617,40.660000000000004,-73.95,64
Apr,B02617,40.660000000000004,-73.94,37
Apr,B02617,40.660000000000004,-73.93,21
Apr,B02617,40.660000000000004,-73.92,14
Apr,B02617,40.660000000000004,-73.91,11
Apr,B02617,40.660000000000004,-73.9,5
Apr,B02617,40.660000000000004,-73.89,8
Apr,B02617,40.660000000000004,-73.88,4
Apr,B02617,40.660000000000004,-73.87,1
Apr,B02617,40.660000000000004,-73.85000000000001,3
Apr,B02617,40.660000000000004,-73.84,2
Apr,B02617,40.660000000000004,-73.83,2
Apr,B02617,40.660000000000004,-73.81,4
Apr,B02617,40.660000000000004,-73.8,7
Apr,B02617,40.660000000000004,-73.79,3
Apr,B02617,40.660000000000004,-73.77,1
Apr,B02617,40.660000000000004,-73.75,1
Apr,B02617,40.660000000000004,-73.74,2
Apr,B02617,40.660000000000004,-73.73,1
Apr,B02617,40.660000000000004,-73.72,1
Apr,B02617,40.660000000000004,-73.71000000000001,2
Apr,B02617,40.660000000000004,-73.7,1
Apr,B02617,40.67,-74.12,1
Apr,B02617,40.67,-74.02,30
Apr,B02617,40.67,-74.01,33
Apr,B02617,40.67,-74,28
Apr,B02617,40.67,-73.99,205
Apr,B02617,40.67,-73.98,305
Apr,B02617,40.67,-73.97,177
Apr,B02617,40.67,-73.96000000000001,211
Apr,B02617,40.67,-73.95,113
Apr,B02617,40.67,-73.94,71
Apr,B02617,40.67,-73.93,42
Apr,B02617,40.67,-73.92,11
Apr,B02617,40.67,-73.91,10
Apr,B02617,40.67,-73.9,4
Apr,B02617,40.67,-73.89,5
Apr,B02617,40.67,-73.88,12
Apr,B02617,40.67,-73.87,17
Apr,B02617,40.67,-73.86,3
Apr,B02617,40.67,-73.84,2
Apr,B02617,40.67,-73.83,6
Apr,B02617,40.67,-73.82000000000001,2
Apr,B02617,40.67,-73.81,9
Apr,B02617,40.67,-73.8,19
Apr,B02617,40.67,-73.79,9
Apr,B02617,40.67,-73.78,8
Apr,B02617,40.67,-73.77,2
Apr,B02617,40.67,-73.76,1
Apr,B02617,40.67,-73.75,2
Apr,B02617,40.67,-73.73,2
Apr,B02617,40.68,-74.11,2
Apr,B02617,40.68,-74.02,50
Apr,B02617,40.68,-74.01,101
Apr,B02617,40.68,-74,235
Apr,B02617,40.68,-73.99,257
Apr,B02617,40.68,-73.98,431
Apr,B02617,40.68,-73.97,350
Apr,B02617,40.68,-73.96000000000001,297
Apr,B02617,40.68,-73.95,188
Apr,B02617,40.68,-73.94,98
Apr,B02617,40.68,-73.93,87
Apr,B02617,40.68,-73.92,66
Apr,B02617,40.68,-73.91,24
Apr,B02617,40.68,-73.9,2
Apr,B02617,40.68,-73.89,5
Apr,B02617,40.68,-73.88,1
Apr,B02617,40.68,-73.87,6
Apr,B02617,40.68,-73.86,13
Apr,B02617,40.68,-73.85000000000001,5
Apr,B02617,40.68,-73.84,5
Apr,B02617,40.68,-73.83,1
Apr,B02617,40.68,-73.82000000000001,7
Apr,B02617,40.68,-73.81,4
Apr,B02617,40.68,-73.8,4
Apr,B02617,40.68,-73.79,3
Apr,B02617,40.68,-73.78,1
Apr,B02617,40.68,-73.76,2
Apr,B02617,40.68,-73.74,3
Apr,B02617,40.68,-73.72,1
Apr,B02617,40.68,-73.71000000000001,1
Apr,B02617,40.69,-74.11,1
Apr,B02617,40.69,-74.10000000000001,1
Apr,B02617,40.69,-74.07000000000001,1
Apr,B02617,40.69,-74.01,2
Apr,B02617,40.69,-74,310
Apr,B02617,40.69,-73.99,677
Apr,B02617,40.69,-73.98,407
Apr,B02617,40.69,-73.97,405
Apr,B02617,40.69,-73.96000000000001,278
Apr,B02617,40.69,-73.95,158
Apr,B02617,40.69,-73.94,124
Apr,B02617,40.69,-73.93,82
Apr,B02617,40.69,-73.92,86
Apr,B02617,40.69,-73.91,75
Apr,B02617,40.69,-73.9,7
Apr,B02617,40.69,-73.88,2
Apr,B02617,40.69,-73.87,6
Apr,B02617,40.69,-73.86,3
Apr,B02617,40.69,-73.85000000000001,2
Apr,B02617,40.69,-73.84,4
Apr,B02617,40.69,-73.83,5
Apr,B02617,40.69,-73.82000000000001,3
Apr,B02617,40.69,-73.81,1
Apr,B02617,40.69,-73.8,2
Apr,B02617,40.69,-73.79,1
Apr,B02617,40.69,-73.78,1
Apr,B02617,40.69,-73.77,1
Apr,B02617,40.69,-73.76,1
Apr,B02617,40.69,-73.75,1
Apr,B02617,40.69,-73.74,3
Apr,B02617,40.7,-74.07000000000001,1
Apr,B02617,40.7,-74.06,1
Apr,B02617,40.7,-74.02,26
Apr,B02617,40.7,-74.01,510
Apr,B02617,40.7,-74,118
Apr,B02617,40.7,-73.99,665
Apr,B02617,40.7,-73.98,184
Apr,B02617,40.7,-73.97,103
Apr,B02617,40.7,-73.96000000000001,49
Apr,B02617,40.7,-73.95,64
Apr,B02617,40.7,-73.94,137
Apr,B02617,40.7,-73.93,258
Apr,B02617,40.7,-73.92,105
Apr,B02617,40.7,-73.91,46
Apr,B02617,40.7,-73.9,10
Apr,B02617,40.7,-73.89,9
Apr,B02617,40.7,-73.88,2
Apr,B02617,40.7,-73.87,1
Apr,B02617,40.7,-73.86,2
Apr,B02617,40.7,-73.85000000000001,4
Apr,B02617,40.7,-73.84,3
Apr,B02617,40.7,-73.83,4
Apr,B02617,40.7,-73.82000000000001,4
Apr,B02617,40.7,-73.81,10
Apr,B02617,40.7,-73.8,4
Apr,B02617,40.7,-73.78,5
Apr,B02617,40.7,-73.77,6
Apr,B02617,40.7,-73.76,5
Apr,B02617,40.7,-73.75,1
Apr,B02617,40.7,-73.72,2
Apr,B02617,40.71,-74.10000000000001,1
Apr,B02617,40.71,-74.09,1
Apr,B02617,40.71,-74.08,4
Apr,B02617,40.71,-74.07000000000001,3
Apr,B02617,40.71,-74.06,8
Apr,B02617,40.71,-74.04,40
Apr,B02617,40.71,-74.03,14
Apr,B02617,40.71,-74.02,476
Apr,B02617,40.71,-74.01,2659
Apr,B02617,40.71,-74,493
Apr,B02617,40.71,-73.99,209
Apr,B02617,40.71,-73.98,103
Apr,B02617,40.71,-73.97,200
Apr,B02617,40.71,-73.96000000000001,484
Apr,B02617,40.71,-73.95,348
Apr,B02617,40.71,-73.94,240
Apr,B02617,40.71,-73.93,117
Apr,B02617,40.71,-73.92,92
Apr,B02617,40.71,-73.91,14
Apr,B02617,40.71,-73.9,13
Apr,B02617,40.71,-73.89,4
Apr,B02617,40.71,-73.87,5
Apr,B02617,40.71,-73.86,2
Apr,B02617,40.71,-73.85000000000001,6
Apr,B02617,40.71,-73.84,6
Apr,B02617,40.71,-73.83,7
Apr,B02617,40.71,-73.82000000000001,3
Apr,B02617,40.71,-73.81,4
Apr,B02617,40.71,-73.8,9
Apr,B02617,40.71,-73.79,5
Apr,B02617,40.71,-73.78,4
Apr,B02617,40.71,-73.75,7
Apr,B02617,40.71,-73.74,1
Apr,B02617,40.72,-74.15,1
Apr,B02617,40.72,-74.10000000000001,2
Apr,B02617,40.72,-74.09,3
Apr,B02617,40.72,-74.08,3
Apr,B02617,40.72,-74.07000000000001,3
Apr,B02617,40.72,-74.06,9
Apr,B02617,40.72,-74.05,35
Apr,B02617,40.72,-74.04,90
Apr,B02617,40.72,-74.03,84
Apr,B02617,40.72,-74.02,270
Apr,B02617,40.72,-74.01,3118
Apr,B02617,40.72,-74,4708
Apr,B02617,40.72,-73.99,2585
Apr,B02617,40.72,-73.98,906
Apr,B02617,40.72,-73.97,25
Apr,B02617,40.72,-73.96000000000001,933
Apr,B02617,40.72,-73.95,429
Apr,B02617,40.72,-73.94,173
Apr,B02617,40.72,-73.93,2
Apr,B02617,40.72,-73.92,2
Apr,B02617,40.72,-73.91,5
Apr,B02617,40.72,-73.9,5
Apr,B02617,40.72,-73.89,1
Apr,B02617,40.72,-73.88,4
Apr,B02617,40.72,-73.87,7
Apr,B02617,40.72,-73.86,10
Apr,B02617,40.72,-73.85000000000001,28
Apr,B02617,40.72,-73.84,24
Apr,B02617,40.72,-73.83,4
Apr,B02617,40.72,-73.82000000000001,5
Apr,B02617,40.72,-73.81,9
Apr,B02617,40.72,-73.8,14
Apr,B02617,40.72,-73.79,2
Apr,B02617,40.72,-73.78,3
Apr,B02617,40.72,-73.77,3
Apr,B02617,40.72,-73.73,1
Apr,B02617,40.72,-73.71000000000001,2
Apr,B02617,40.72,-73.7,1
Apr,B02617,40.730000000000004,-74.14,1
Apr,B02617,40.730000000000004,-74.07000000000001,8
Apr,B02617,40.730000000000004,-74.06,7
Apr,B02617,40.730000000000004,-74.05,22
Apr,B02617,40.730000000000004,-74.04,30
Apr,B02617,40.730000000000004,-74.03,24
Apr,B02617,40.730000000000004,-74.01,2051
Apr,B02617,40.730000000000004,-74,4451
Apr,B02617,40.730000000000004,-73.99,3940
Apr,B02617,40.730000000000004,-73.98,1626
Apr,B02617,40.730000000000004,-73.97,49
Apr,B02617,40.730000000000004,-73.96000000000001,223
Apr,B02617,40.730000000000004,-73.95,205
Apr,B02617,40.730000000000004,-73.94,57
Apr,B02617,40.730000000000004,-73.93,2
Apr,B02617,40.730000000000004,-73.92,3
Apr,B02617,40.730000000000004,-73.91,6
Apr,B02617,40.730000000000004,-73.9,6
Apr,B02617,40.730000000000004,-73.89,7
Apr,B02617,40.730000000000004,-73.88,8
Apr,B02617,40.730000000000004,-73.87,16
Apr,B02617,40.730000000000004,-73.86,23
Apr,B02617,40.730000000000004,-73.85000000000001,27
Apr,B02617,40.730000000000004,-73.83,1
Apr,B02617,40.730000000000004,-73.82000000000001,8
Apr,B02617,40.730000000000004,-73.81,3
Apr,B02617,40.730000000000004,-73.8,4
Apr,B02617,40.730000000000004,-73.79,5
Apr,B02617,40.730000000000004,-73.78,2
Apr,B02617,40.730000000000004,-73.76,2
Apr,B02617,40.730000000000004,-73.75,4
Apr,B02617,40.730000000000004,-73.74,2
Apr,B02617,40.730000000000004,-73.73,1
Apr,B02617,40.730000000000004,-73.71000000000001,2
Apr,B02617,40.730000000000004,-73.7,2
Apr,B02617,40.74,-74.07000000000001,3
Apr,B02617,40.74,-74.06,2
Apr,B02617,40.74,-74.05,12
Apr,B02617,40.74,-74.04,69
Apr,B02617,40.74,-74.03,146
Apr,B02617,40.74,-74.01,2694
Apr,B02617,40.74,-74,3651
Apr,B02617,40.74,-73.99,5249
Apr,B02617,40.74,-73.98,1731
Apr,B02617,40.74,-73.97,277
Apr,B02617,40.74,-73.96000000000001,113
Apr,B02617,40.74,-73.95,69
Apr,B02617,40.74,-73.94,21
Apr,B02617,40.74,-73.93,34
Apr,B02617,40.74,-73.92,47
Apr,B02617,40.74,-73.91,2
Apr,B02617,40.74,-73.9,10
Apr,B02617,40.74,-73.89,10
Apr,B02617,40.74,-73.88,14
Apr,B02617,40.74,-73.87,11
Apr,B02617,40.74,-73.86,5
Apr,B02617,40.74,-73.85000000000001,9
Apr,B02617,40.74,-73.84,1
Apr,B02617,40.74,-73.82000000000001,9
Apr,B02617,40.74,-73.81,4
Apr,B02617,40.74,-73.8,1
Apr,B02617,40.74,-73.79,1
Apr,B02617,40.74,-73.78,6
Apr,B02617,40.74,-73.76,1
Apr,B02617,40.74,-73.73,1
Apr,B02617,40.74,-73.7,3
Apr,B02617,40.75,-74.14,3
Apr,B02617,40.75,-74.06,1
Apr,B02617,40.75,-74.05,8
Apr,B02617,40.75,-74.04,28
Apr,B02617,40.75,-74.03,128
Apr,B02617,40.75,-74.02,13
Apr,B02617,40.75,-74.01,981
Apr,B02617,40.75,-74,1589
Apr,B02617,40.75,-73.99,4148
Apr,B02617,40.75,-73.98,3928
Apr,B02617,40.75,-73.97,1636
Apr,B02617,40.75,-73.96000000000001,158
Apr,B02617,40.75,-73.95,96
Apr,B02617,40.75,-73.94,191
Apr,B02617,40.75,-73.93,38
Apr,B02617,40.75,-73.92,27
Apr,B02617,40.75,-73.91,21
Apr,B02617,40.75,-73.9,9
Apr,B02617,40.75,-73.89,41
Apr,B02617,40.75,-73.88,8
Apr,B02617,40.75,-73.87,7
Apr,B02617,40.75,-73.86,1
Apr,B02617,40.75,-73.85000000000001,17
Apr,B02617,40.75,-73.84,2
Apr,B02617,40.75,-73.83,9
Apr,B02617,40.75,-73.82000000000001,4
Apr,B02617,40.75,-73.81,1
Apr,B02617,40.75,-73.8,2
Apr,B02617,40.75,-73.79,5
Apr,B02617,40.75,-73.78,1
Apr,B02617,40.75,-73.76,2
Apr,B02617,40.75,-73.75,2
Apr,B02617,40.75,-73.73,1
Apr,B02617,40.75,-73.72,2
Apr,B02617,40.75,-73.71000000000001,1
Apr,B02617,40.75,-73.7,1
Apr,B02617,40.76,-74.14,1
Apr,B02617,40.76,-74.08,3
Apr,B02617,40.76,-74.05,1
Apr,B02617,40.76,-74.04,1
Apr,B02617,40.76,-74.03,18
Apr,B02617,40.76,-74.02,12
Apr,B02617,40.76,-74,969
Apr,B02617,40.76,-73.99,2615
Apr,B02617,40.76,-73.98,6055
Apr,B02617,40.76,-73.97,5732
Apr,B02617,40.76,-73.96000000000001,976
Apr,B02617,40.76,-73.95,53
Apr,B02617,40.76,-73.94,17
Apr,B02617,40.76,-73.93,74
Apr,B02617,40.76,-73.92,118
Apr,B02617,40.76,-73.91,37
Apr,B02617,40.76,-73.9,11
Apr,B02617,40.76,-73.89,6
Apr,B02617,40.76,-73.88,5
Apr,B02617,40.76,-73.87,2
Apr,B02617,40.76,-73.86,3
Apr,B02617,40.76,-73.85000000000001,13
Apr,B02617,40.76,-73.84,26
Apr,B02617,40.76,-73.83,22
Apr,B02617,40.76,-73.82000000000001,4
Apr,B02617,40.76,-73.81,3
Apr,B02617,40.76,-73.8,2
Apr,B02617,40.76,-73.79,3
Apr,B02617,40.76,-73.78,2
Apr,B02617,40.76,-73.77,7
Apr,B02617,40.76,-73.76,1
Apr,B02617,40.76,-73.75,1
Apr,B02617,40.76,-73.74,1
Apr,B02617,40.76,-73.72,1
Apr,B02617,40.77,-74.04,2
Apr,B02617,40.77,-74.03,4
Apr,B02617,40.77,-74.02,7
Apr,B02617,40.77,-74,74
Apr,B02617,40.77,-73.99,917
Apr,B02617,40.77,-73.98,1845
Apr,B02617,40.77,-73.97,1083
Apr,B02617,40.77,-73.96000000000001,2145
Apr,B02617,40.77,-73.95,949
Apr,B02617,40.77,-73.94,27
Apr,B02617,40.77,-73.93,40
Apr,B02617,40.77,-73.92,100
Apr,B02617,40.77,-73.91,48
Apr,B02617,40.77,-73.9,38
Apr,B02617,40.77,-73.89,248
Apr,B02617,40.77,-73.88,40
Apr,B02617,40.77,-73.87,1365
Apr,B02617,40.77,-73.86,571
Apr,B02617,40.77,-73.84,1
Apr,B02617,40.77,-73.83,5
Apr,B02617,40.77,-73.82000000000001,2
Apr,B02617,40.77,-73.81,2
Apr,B02617,40.77,-73.79,1
Apr,B02617,40.77,-73.78,1
Apr,B02617,40.77,-73.77,2
Apr,B02617,40.77,-73.75,4
Apr,B02617,40.77,-73.74,2
Apr,B02617,40.77,-73.72,1
Apr,B02617,40.78,-74.14,1
Apr,B02617,40.78,-74.08,1
Apr,B02617,40.78,-74.05,1
Apr,B02617,40.78,-74.02,5
Apr,B02617,40.78,-74.01,7
Apr,B02617,40.78,-74,1
Apr,B02617,40.78,-73.99,323
Apr,B02617,40.78,-73.98,1303
Apr,B02617,40.78,-73.97,268
Apr,B02617,40.78,-73.96000000000001,1529
Apr,B02617,40.78,-73.95,1180
Apr,B02617,40.78,-73.94,68
Apr,B02617,40.78,-73.93,8
Apr,B02617,40.78,-73.92,33
Apr,B02617,40.78,-73.91,38
Apr,B02617,40.78,-73.9,8
Apr,B02617,40.78,-73.87,2
Apr,B02617,40.78,-73.85000000000001,2
Apr,B02617,40.78,-73.84,1
Apr,B02617,40.78,-73.83,4
Apr,B02617,40.78,-73.82000000000001,1
Apr,B02617,40.78,-73.81,2
Apr,B02617,40.78,-73.8,2
Apr,B02617,40.78,-73.77,1
Apr,B02617,40.78,-73.75,1
Apr,B02617,40.78,-73.73,4
Apr,B02617,40.78,-73.72,1
Apr,B02617,40.78,-73.71000000000001,1
Apr,B02617,40.78,-73.7,2
Apr,B02617,40.79,-74.07000000000001,2
Apr,B02617,40.79,-74.06,1
Apr,B02617,40.79,-74.05,2
Apr,B02617,40.79,-74.04,8
Apr,B02617,40.79,-74.02,1
Apr,B02617,40.79,-74.01,5
Apr,B02617,40.79,-74,1
Apr,B02617,40.79,-73.98,552
Apr,B02617,40.79,-73.97,678
Apr,B02617,40.79,-73.96000000000001,115
Apr,B02617,40.79,-73.95,235
Apr,B02617,40.79,-73.94,47
Apr,B02617,40.79,-73.93,10
Apr,B02617,40.79,-73.92,10
Apr,B02617,40.79,-73.86,1
Apr,B02617,40.79,-73.84,4
Apr,B02617,40.79,-73.82000000000001,3
Apr,B02617,40.79,-73.8,2
Apr,B02617,40.79,-73.78,1
Apr,B02617,40.79,-73.73,10
Apr,B02617,40.800000000000004,-74.10000000000001,1
Apr,B02617,40.800000000000004,-74.07000000000001,2
Apr,B02617,40.800000000000004,-74.06,1
Apr,B02617,40.800000000000004,-74.02,1
Apr,B02617,40.800000000000004,-73.98,24
Apr,B02617,40.800000000000004,-73.97,274
Apr,B02617,40.800000000000004,-73.96000000000001,132
Apr,B02617,40.800000000000004,-73.95,124
Apr,B02617,40.800000000000004,-73.94,57
Apr,B02617,40.800000000000004,-73.93,26
Apr,B02617,40.800000000000004,-73.92,6
Apr,B02617,40.800000000000004,-73.91,2
Apr,B02617,40.800000000000004,-73.82000000000001,2
Apr,B02617,40.800000000000004,-73.74,2
Apr,B02617,40.81,-74.14,1
Apr,B02617,40.81,-74.12,1
Apr,B02617,40.81,-74.10000000000001,3
Apr,B02617,40.81,-74.08,1
Apr,B02617,40.81,-74.07000000000001,3
Apr,B02617,40.81,-74,1
Apr,B02617,40.81,-73.98,1
Apr,B02617,40.81,-73.97,32
Apr,B02617,40.81,-73.96000000000001,144
Apr,B02617,40.81,-73.95,133
Apr,B02617,40.81,-73.94,96
Apr,B02617,40.81,-73.93,12
Apr,B02617,40.81,-73.92,9
Apr,B02617,40.81,-73.91,4
Apr,B02617,40.81,-73.9,1
Apr,B02617,40.81,-73.87,2
Apr,B02617,40.81,-73.85000000000001,1
Apr,B02617,40.81,-73.81,4
Apr,B02617,40.81,-73.79,1
Apr,B02617,40.82,-74.07000000000001,2
Apr,B02617,40.82,-73.99,3
Apr,B02617,40.82,-73.98,1
Apr,B02617,40.82,-73.96000000000001,36
Apr,B02617,40.82,-73.95,65
Apr,B02617,40.82,-73.94,52
Apr,B02617,40.82,-73.93,11
Apr,B02617,40.82,-73.92,4
Apr,B02617,40.82,-73.91,8
Apr,B02617,40.82,-73.9,4
Apr,B02617,40.82,-73.89,3
Apr,B02617,40.82,-73.88,2
Apr,B02617,40.82,-73.87,3
Apr,B02617,40.82,-73.86,2
Apr,B02617,40.82,-73.85000000000001,1
Apr,B02617,40.82,-73.84,1
Apr,B02617,40.82,-73.7,1
Apr,B02617,40.83,-74.08,4
Apr,B02617,40.83,-73.98,2
Apr,B02617,40.83,-73.97,1
Apr,B02617,40.83,-73.95,27
Apr,B02617,40.83,-73.94,37
Apr,B02617,40.83,-73.93,66
Apr,B02617,40.83,-73.92,41
Apr,B02617,40.83,-73.91,4
Apr,B02617,40.83,-73.9,2
Apr,B02617,40.83,-73.89,6
Apr,B02617,40.83,-73.88,1
Apr,B02617,40.83,-73.86,5
Apr,B02617,40.83,-73.82000000000001,2
Apr,B02617,40.83,-73.81,1
Apr,B02617,40.83,-73.74,1
Apr,B02617,40.84,-74.15,1
Apr,B02617,40.84,-74.14,1
Apr,B02617,40.84,-74.05,1
Apr,B02617,40.84,-74,1
Apr,B02617,40.84,-73.98,1
Apr,B02617,40.84,-73.97,6
Apr,B02617,40.84,-73.95,10
Apr,B02617,40.84,-73.94,81
Apr,B02617,40.84,-73.93,1
Apr,B02617,40.84,-73.92,7
Apr,B02617,40.84,-73.91,12
Apr,B02617,40.84,-73.9,1
Apr,B02617,40.84,-73.89,2
Apr,B02617,40.84,-73.88,7
Apr,B02617,40.84,-73.87,1
Apr,B02617,40.84,-73.86,3
Apr,B02617,40.84,-73.85000000000001,2
Apr,B02617,40.84,-73.84,2
Apr,B02617,40.84,-73.83,2
Apr,B02617,40.84,-73.82000000000001,3
Apr,B02617,40.84,-73.75,1
Apr,B02617,40.85,-74.07000000000001,1
Apr,B02617,40.85,-74.05,1
Apr,B02617,40.85,-74.04,1
Apr,B02617,40.85,-74.01,1
Apr,B02617,40.85,-73.97,3
Apr,B02617,40.85,-73.94,61
Apr,B02617,40.85,-73.93,37
Apr,B02617,40.85,-73.92,4
Apr,B02617,40.85,-73.91,7
Apr,B02617,40.85,-73.9,9
Apr,B02617,40.85,-73.89,9
Apr,B02617,40.85,-73.88,1
Apr,B02617,40.85,-73.86,1
Apr,B02617,40.85,-73.85000000000001,6
Apr,B02617,40.85,-73.84,5
Apr,B02617,40.85,-73.83,1
Apr,B02617,40.86,-74.01,1
Apr,B02617,40.86,-73.99,1
Apr,B02617,40.86,-73.98,2
Apr,B02617,40.86,-73.94,6
Apr,B02617,40.86,-73.93,18
Apr,B02617,40.86,-73.92,7
Apr,B02617,40.86,-73.91,7
Apr,B02617,40.86,-73.9,6
Apr,B02617,40.86,-73.89,16
Apr,B02617,40.86,-73.88,12
Apr,B02617,40.86,-73.87,2
Apr,B02617,40.86,-73.86,5
Apr,B02617,40.86,-73.85000000000001,3
Apr,B02617,40.86,-73.84,1
Apr,B02617,40.87,-74.11,2
Apr,B02617,40.87,-74.06,4
Apr,B02617,40.87,-73.93,14
Apr,B02617,40.87,-73.92,16
Apr,B02617,40.87,-73.91,7
Apr,B02617,40.87,-73.9,9
Apr,B02617,40.87,-73.89,5
Apr,B02617,40.87,-73.88,4
Apr,B02617,40.87,-73.87,1
Apr,B02617,40.87,-73.86,1
Apr,B02617,40.87,-73.84,3
Apr,B02617,40.87,-73.83,3
Apr,B02617,40.87,-73.81,3
Apr,B02617,40.88,-74.12,1
Apr,B02617,40.88,-74.06,1
Apr,B02617,40.88,-74.04,1
Apr,B02617,40.88,-74,1
Apr,B02617,40.88,-73.99,3
Apr,B02617,40.88,-73.98,1
Apr,B02617,40.88,-73.95,1
Apr,B02617,40.88,-73.92,4
Apr,B02617,40.88,-73.91,13
Apr,B02617,40.88,-73.9,7
Apr,B02617,40.88,-73.89,5
Apr,B02617,40.88,-73.88,7
Apr,B02617,40.88,-73.87,1
Apr,B02617,40.88,-73.86,2
Apr,B02617,40.88,-73.85000000000001,5
Apr,B02617,40.88,-73.84,1
Apr,B02617,40.88,-73.83,4
Apr,B02617,40.89,-74.15,1
Apr,B02617,40.89,-74.08,1
Apr,B02617,40.89,-74.06,1
Apr,B02617,40.89,-74.04,1
Apr,B02617,40.89,-74.01,1
Apr,B02617,40.89,-73.99,2
Apr,B02617,40.89,-73.97,3
Apr,B02617,40.89,-73.96000000000001,1
Apr,B02617,40.89,-73.95,1
Apr,B02617,40.89,-73.92,2
Apr,B02617,40.89,-73.91,41
Apr,B02617,40.89,-73.9,44
Apr,B02617,40.89,-73.89,1
Apr,B02617,40.89,-73.88,2
Apr,B02617,40.89,-73.86,2
Apr,B02617,40.89,-73.85000000000001,2
Apr,B02617,40.89,-73.84,1
Apr,B02617,40.89,-73.78,3
Apr,B02617,40.9,-74.04,2
Apr,B02617,40.9,-73.98,1
Apr,B02617,40.9,-73.95,3
Apr,B02617,40.9,-73.94,1
Apr,B02617,40.9,-73.91,2
Apr,B02617,40.9,-73.9,17
Apr,B02617,40.9,-73.89,1
Apr,B02617,40.9,-73.87,1
Apr,B02617,40.9,-73.85000000000001,1
Apr,B02617,40.9,-73.81,1
Apr,B02617,40.9,-73.8,1
Apr,B02617,40.910000000000004,-74.08,1
Apr,B02617,40.910000000000004,-73.9,6
Apr,B02617,40.910000000000004,-73.87,1
Apr,B02617,40.910000000000004,-73.86,1
Apr,B02617,40.910000000000004,-73.85000000000001,1
Apr,B02617,40.910000000000004,-73.84,1
Apr,B02617,40.910000000000004,-73.78,5
Apr,B02617,40.92,-74.08,1
Apr,B02617,40.92,-73.86,1
Apr,B02617,40.92,-73.83,1
Apr,B02617,40.92,-73.81,1
Apr,B02682,40.58,-74.13,1
Apr,B02682,40.58,-74.11,1
Apr,B02682,40.58,-73.98,5
Apr,B02682,40.58,-73.97,9
Apr,B02682,40.58,-73.96000000000001,11
Apr,B02682,40.58,-73.95,9
Apr,B02682,40.58,-73.94,7
Apr,B02682,40.58,-73.93,3
Apr,B02682,40.58,-73.82000000000001,2
Apr,B02682,40.59,-74.09,3
Apr,B02682,40.59,-74,1
Apr,B02682,40.59,-73.99,7
Apr,B02682,40.59,-73.98,12
Apr,B02682,40.59,-73.97,13
Apr,B02682,40.59,-73.96000000000001,13
Apr,B02682,40.59,-73.95,14
Apr,B02682,40.59,-73.94,5
Apr,B02682,40.59,-73.93,5
Apr,B02682,40.59,-73.81,2
Apr,B02682,40.59,-73.8,1
Apr,B02682,40.59,-73.77,1
Apr,B02682,40.59,-73.76,2
Apr,B02682,40.59,-73.75,1
Apr,B02682,40.6,-74.13,1
Apr,B02682,40.6,-74.08,3
Apr,B02682,40.6,-74.07000000000001,1
Apr,B02682,40.6,-74.06,1
Apr,B02682,40.6,-74.01,4
Apr,B02682,40.6,-74,12
Apr,B02682,40.6,-73.99,13
Apr,B02682,40.6,-73.98,8
Apr,B02682,40.6,-73.97,72
Apr,B02682,40.6,-73.96000000000001,17
Apr,B02682,40.6,-73.95,13
Apr,B02682,40.6,-73.94,13
Apr,B02682,40.6,-73.93,2
Apr,B02682,40.6,-73.77,1
Apr,B02682,40.6,-73.76,1
Apr,B02682,40.6,-73.74,2
Apr,B02682,40.61,-74.06,2
Apr,B02682,40.61,-74.04,4
Apr,B02682,40.61,-74.03,18
Apr,B02682,40.61,-74.02,25
Apr,B02682,40.61,-74.01,14
Apr,B02682,40.61,-74,8
Apr,B02682,40.61,-73.99,6
Apr,B02682,40.61,-73.98,7
Apr,B02682,40.61,-73.97,22
Apr,B02682,40.61,-73.96000000000001,32
Apr,B02682,40.61,-73.95,19
Apr,B02682,40.61,-73.94,4
Apr,B02682,40.61,-73.93,5
Apr,B02682,40.61,-73.92,10
Apr,B02682,40.61,-73.91,10
Apr,B02682,40.61,-73.74,4
Apr,B02682,40.61,-73.73,4
Apr,B02682,40.61,-73.72,1
Apr,B02682,40.62,-74.12,2
Apr,B02682,40.62,-74.11,1
Apr,B02682,40.62,-74.10000000000001,1
Apr,B02682,40.62,-74.08,1
Apr,B02682,40.62,-74.04,22
Apr,B02682,40.62,-74.03,66
Apr,B02682,40.62,-74.02,37
Apr,B02682,40.62,-74.01,11
Apr,B02682,40.62,-74,12
Apr,B02682,40.62,-73.99,8
Apr,B02682,40.62,-73.98,9
Apr,B02682,40.62,-73.97,30
Apr,B02682,40.62,-73.96000000000001,29
Apr,B02682,40.62,-73.95,14
Apr,B02682,40.62,-73.94,22
Apr,B02682,40.62,-73.93,12
Apr,B02682,40.62,-73.92,16
Apr,B02682,40.62,-73.91,5
Apr,B02682,40.62,-73.74,2
Apr,B02682,40.62,-73.73,5
Apr,B02682,40.62,-73.72,3
Apr,B02682,40.63,-74.11,3
Apr,B02682,40.63,-74.10000000000001,1
Apr,B02682,40.63,-74.08,1
Apr,B02682,40.63,-74.04,4
Apr,B02682,40.63,-74.03,44
Apr,B02682,40.63,-74.02,33
Apr,B02682,40.63,-74.01,14
Apr,B02682,40.63,-74,12
Apr,B02682,40.63,-73.99,7
Apr,B02682,40.63,-73.98,13
Apr,B02682,40.63,-73.97,43
Apr,B02682,40.63,-73.96000000000001,38
Apr,B02682,40.63,-73.95,46
Apr,B02682,40.63,-73.94,13
Apr,B02682,40.63,-73.93,7
Apr,B02682,40.63,-73.92,15
Apr,B02682,40.63,-73.91,8
Apr,B02682,40.63,-73.9,5
Apr,B02682,40.63,-73.89,14
Apr,B02682,40.63,-73.88,1
Apr,B02682,40.63,-73.73,2
Apr,B02682,40.63,-73.72,4
Apr,B02682,40.64,-74.12,3
Apr,B02682,40.64,-74.08,1
Apr,B02682,40.64,-74.04,11
Apr,B02682,40.64,-74.03,17
Apr,B02682,40.64,-74.02,38
Apr,B02682,40.64,-74.01,10
Apr,B02682,40.64,-74,49
Apr,B02682,40.64,-73.99,13
Apr,B02682,40.64,-73.98,37
Apr,B02682,40.64,-73.97,66
Apr,B02682,40.64,-73.96000000000001,57
Apr,B02682,40.64,-73.95,29
Apr,B02682,40.64,-73.94,7
Apr,B02682,40.64,-73.93,12
Apr,B02682,40.64,-73.92,17
Apr,B02682,40.64,-73.91,8
Apr,B02682,40.64,-73.9,12
Apr,B02682,40.64,-73.89,3
Apr,B02682,40.64,-73.8,4
Apr,B02682,40.64,-73.79,675
Apr,B02682,40.64,-73.78,1246
Apr,B02682,40.64,-73.75,1
Apr,B02682,40.64,-73.74,1
Apr,B02682,40.64,-73.73,2
Apr,B02682,40.64,-73.72,1
Apr,B02682,40.65,-74.02,39
Apr,B02682,40.65,-74.01,36
Apr,B02682,40.65,-74,24
Apr,B02682,40.65,-73.99,1
Apr,B02682,40.65,-73.98,56
Apr,B02682,40.65,-73.97,83
Apr,B02682,40.65,-73.96000000000001,113
Apr,B02682,40.65,-73.95,43
Apr,B02682,40.65,-73.94,30
Apr,B02682,40.65,-73.93,22
Apr,B02682,40.65,-73.92,11
Apr,B02682,40.65,-73.91,21
Apr,B02682,40.65,-73.9,11
Apr,B02682,40.65,-73.89,10
Apr,B02682,40.65,-73.88,12
Apr,B02682,40.65,-73.87,1
Apr,B02682,40.65,-73.85000000000001,3
Apr,B02682,40.65,-73.84,6
Apr,B02682,40.65,-73.83,2
Apr,B02682,40.65,-73.81,1
Apr,B02682,40.65,-73.8,8
Apr,B02682,40.65,-73.79,759
Apr,B02682,40.65,-73.78,1946
Apr,B02682,40.65,-73.76,2
Apr,B02682,40.65,-73.74,1
Apr,B02682,40.65,-73.73,2
Apr,B02682,40.660000000000004,-74.12,2
Apr,B02682,40.660000000000004,-74.11,1
Apr,B02682,40.660000000000004,-74.09,3
Apr,B02682,40.660000000000004,-74.01,35
Apr,B02682,40.660000000000004,-74,65
Apr,B02682,40.660000000000004,-73.99,196
Apr,B02682,40.660000000000004,-73.98,236
Apr,B02682,40.660000000000004,-73.97,8
Apr,B02682,40.660000000000004,-73.96000000000001,145
Apr,B02682,40.660000000000004,-73.95,98
Apr,B02682,40.660000000000004,-73.94,81
Apr,B02682,40.660000000000004,-73.93,35
Apr,B02682,40.660000000000004,-73.92,30
Apr,B02682,40.660000000000004,-73.91,21
Apr,B02682,40.660000000000004,-73.9,9
Apr,B02682,40.660000000000004,-73.89,16
Apr,B02682,40.660000000000004,-73.88,7
Apr,B02682,40.660000000000004,-73.87,1
Apr,B02682,40.660000000000004,-73.85000000000001,1
Apr,B02682,40.660000000000004,-73.84,4
Apr,B02682,40.660000000000004,-73.83,3
Apr,B02682,40.660000000000004,-73.82000000000001,4
Apr,B02682,40.660000000000004,-73.81,2
Apr,B02682,40.660000000000004,-73.8,15
Apr,B02682,40.660000000000004,-73.79,2
Apr,B02682,40.660000000000004,-73.77,4
Apr,B02682,40.660000000000004,-73.76,3
Apr,B02682,40.660000000000004,-73.75,2
Apr,B02682,40.660000000000004,-73.74,4
Apr,B02682,40.660000000000004,-73.73,1
Apr,B02682,40.660000000000004,-73.72,3
Apr,B02682,40.660000000000004,-73.71000000000001,2
Apr,B02682,40.660000000000004,-73.7,2
Apr,B02682,40.67,-74.12,2
Apr,B02682,40.67,-74.11,1
Apr,B02682,40.67,-74.02,57
Apr,B02682,40.67,-74.01,74
Apr,B02682,40.67,-74,70
Apr,B02682,40.67,-73.99,402
Apr,B02682,40.67,-73.98,583
Apr,B02682,40.67,-73.97,280
Apr,B02682,40.67,-73.96000000000001,386
Apr,B02682,40.67,-73.95,224
Apr,B02682,40.67,-73.94,117
Apr,B02682,40.67,-73.93,68
Apr,B02682,40.67,-73.92,24
Apr,B02682,40.67,-73.91,19
Apr,B02682,40.67,-73.9,13
Apr,B02682,40.67,-73.89,21
Apr,B02682,40.67,-73.88,10
Apr,B02682,40.67,-73.87,10
Apr,B02682,40.67,-73.86,8
Apr,B02682,40.67,-73.85000000000001,2
Apr,B02682,40.67,-73.84,7
Apr,B02682,40.67,-73.83,10
Apr,B02682,40.67,-73.82000000000001,11
Apr,B02682,40.67,-73.81,12
Apr,B02682,40.67,-73.8,29
Apr,B02682,40.67,-73.79,9
Apr,B02682,40.67,-73.78,13
Apr,B02682,40.67,-73.77,2
Apr,B02682,40.67,-73.76,11
Apr,B02682,40.67,-73.75,5
Apr,B02682,40.67,-73.74,1
Apr,B02682,40.67,-73.73,5
Apr,B02682,40.68,-74.12,1
Apr,B02682,40.68,-74.11,2
Apr,B02682,40.68,-74.10000000000001,1
Apr,B02682,40.68,-74.02,83
Apr,B02682,40.68,-74.01,191
Apr,B02682,40.68,-74,513
Apr,B02682,40.68,-73.99,477
Apr,B02682,40.68,-73.98,766
Apr,B02682,40.68,-73.97,637
Apr,B02682,40.68,-73.96000000000001,500
Apr,B02682,40.68,-73.95,329
Apr,B02682,40.68,-73.94,211
Apr,B02682,40.68,-73.93,135
Apr,B02682,40.68,-73.92,71
Apr,B02682,40.68,-73.91,41
Apr,B02682,40.68,-73.9,14
Apr,B02682,40.68,-73.89,4
Apr,B02682,40.68,-73.88,5
Apr,B02682,40.68,-73.87,13
Apr,B02682,40.68,-73.86,15
Apr,B02682,40.68,-73.85000000000001,6
Apr,B02682,40.68,-73.84,6
Apr,B02682,40.68,-73.83,2
Apr,B02682,40.68,-73.82000000000001,7
Apr,B02682,40.68,-73.81,12
Apr,B02682,40.68,-73.8,13
Apr,B02682,40.68,-73.79,6
Apr,B02682,40.68,-73.78,4
Apr,B02682,40.68,-73.77,5
Apr,B02682,40.68,-73.76,3
Apr,B02682,40.68,-73.74,7
Apr,B02682,40.68,-73.73,3
Apr,B02682,40.68,-73.72,2
Apr,B02682,40.68,-73.7,1
Apr,B02682,40.69,-74.14,1
Apr,B02682,40.69,-74.07000000000001,1
Apr,B02682,40.69,-74.01,1
Apr,B02682,40.69,-74,540
Apr,B02682,40.69,-73.99,1195
Apr,B02682,40.69,-73.98,761
Apr,B02682,40.69,-73.97,869
Apr,B02682,40.69,-73.96000000000001,523
Apr,B02682,40.69,-73.95,279
Apr,B02682,40.69,-73.94,214
Apr,B02682,40.69,-73.93,148
Apr,B02682,40.69,-73.92,148
Apr,B02682,40.69,-73.91,85
Apr,B02682,40.69,-73.9,10
Apr,B02682,40.69,-73.88,1
Apr,B02682,40.69,-73.87,5
Apr,B02682,40.69,-73.86,13
Apr,B02682,40.69,-73.85000000000001,6
Apr,B02682,40.69,-73.84,6
Apr,B02682,40.69,-73.83,20
Apr,B02682,40.69,-73.82000000000001,7
Apr,B02682,40.69,-73.81,6
Apr,B02682,40.69,-73.8,4
Apr,B02682,40.69,-73.79,3
Apr,B02682,40.69,-73.78,1
Apr,B02682,40.69,-73.77,1
Apr,B02682,40.69,-73.76,4
Apr,B02682,40.69,-73.75,2
Apr,B02682,40.69,-73.74,2
Apr,B02682,40.69,-73.73,1
Apr,B02682,40.69,-73.72,2
Apr,B02682,40.69,-73.71000000000001,1
Apr,B02682,40.69,-73.7,2
Apr,B02682,40.7,-74.10000000000001,3
Apr,B02682,40.7,-74.08,1
Apr,B02682,40.7,-74.07000000000001,7
Apr,B02682,40.7,-74.06,1
Apr,B02682,40.7,-74.05,1
Apr,B02682,40.7,-74.02,64
Apr,B02682,40.7,-74.01,1187
Apr,B02682,40.7,-74,166
Apr,B02682,40.7,-73.99,1233
Apr,B02682,40.7,-73.98,349
Apr,B02682,40.7,-73.97,198
Apr,B02682,40.7,-73.96000000000001,132
Apr,B02682,40.7,-73.95,151
Apr,B02682,40.7,-73.94,224
Apr,B02682,40.7,-73.93,450
Apr,B02682,40.7,-73.92,201
Apr,B02682,40.7,-73.91,82
Apr,B02682,40.7,-73.9,29
Apr,B02682,40.7,-73.89,15
Apr,B02682,40.7,-73.88,5
Apr,B02682,40.7,-73.87,2
Apr,B02682,40.7,-73.86,3
Apr,B02682,40.7,-73.85000000000001,2
Apr,B02682,40.7,-73.84,10
Apr,B02682,40.7,-73.83,14
Apr,B02682,40.7,-73.82000000000001,10
Apr,B02682,40.7,-73.81,28
Apr,B02682,40.7,-73.8,8
Apr,B02682,40.7,-73.79,1
Apr,B02682,40.7,-73.78,4
Apr,B02682,40.7,-73.77,3
Apr,B02682,40.7,-73.76,5
Apr,B02682,40.7,-73.75,4
Apr,B02682,40.7,-73.74,7
Apr,B02682,40.7,-73.73,3
Apr,B02682,40.7,-73.72,11
Apr,B02682,40.71,-74.14,2
Apr,B02682,40.71,-74.10000000000001,1
Apr,B02682,40.71,-74.09,4
Apr,B02682,40.71,-74.08,4
Apr,B02682,40.71,-74.07000000000001,1
Apr,B02682,40.71,-74.06,12
Apr,B02682,40.71,-74.04,41
Apr,B02682,40.71,-74.03,8
Apr,B02682,40.71,-74.02,1002
Apr,B02682,40.71,-74.01,5705
Apr,B02682,40.71,-74,971
Apr,B02682,40.71,-73.99,536
Apr,B02682,40.71,-73.98,287
Apr,B02682,40.71,-73.97,466
Apr,B02682,40.71,-73.96000000000001,1126
Apr,B02682,40.71,-73.95,734
Apr,B02682,40.71,-73.94,472
Apr,B02682,40.71,-73.93,187
Apr,B02682,40.71,-73.92,161
Apr,B02682,40.71,-73.91,25
Apr,B02682,40.71,-73.9,13
Apr,B02682,40.71,-73.89,6
Apr,B02682,40.71,-73.88,7
Apr,B02682,40.71,-73.87,7
Apr,B02682,40.71,-73.86,4
Apr,B02682,40.71,-73.85000000000001,7
Apr,B02682,40.71,-73.84,17
Apr,B02682,40.71,-73.83,31
Apr,B02682,40.71,-73.82000000000001,16
Apr,B02682,40.71,-73.8,9
Apr,B02682,40.71,-73.79,23
Apr,B02682,40.71,-73.78,11
Apr,B02682,40.71,-73.77,5
Apr,B02682,40.71,-73.76,5
Apr,B02682,40.71,-73.75,8
Apr,B02682,40.71,-73.74,4
Apr,B02682,40.71,-73.73,2
Apr,B02682,40.71,-73.72,3
Apr,B02682,40.71,-73.71000000000001,1
Apr,B02682,40.72,-74.15,1
Apr,B02682,40.72,-74.09,4
Apr,B02682,40.72,-74.08,9
Apr,B02682,40.72,-74.07000000000001,18
Apr,B02682,40.72,-74.06,9
Apr,B02682,40.72,-74.05,84
Apr,B02682,40.72,-74.04,163
Apr,B02682,40.72,-74.03,72
Apr,B02682,40.72,-74.02,599
Apr,B02682,40.72,-74.01,6451
Apr,B02682,40.72,-74,9352
Apr,B02682,40.72,-73.99,5747
Apr,B02682,40.72,-73.98,2009
Apr,B02682,40.72,-73.97,56
Apr,B02682,40.72,-73.96000000000001,1873
Apr,B02682,40.72,-73.95,824
Apr,B02682,40.72,-73.94,324
Apr,B02682,40.72,-73.93,3
Apr,B02682,40.72,-73.92,1
Apr,B02682,40.72,-73.91,15
Apr,B02682,40.72,-73.9,15
Apr,B02682,40.72,-73.89,11
Apr,B02682,40.72,-73.88,10
Apr,B02682,40.72,-73.87,12
Apr,B02682,40.72,-73.86,17
Apr,B02682,40.72,-73.85000000000001,59
Apr,B02682,40.72,-73.84,62
Apr,B02682,40.72,-73.83,7
Apr,B02682,40.72,-73.82000000000001,11
Apr,B02682,40.72,-73.81,5
Apr,B02682,40.72,-73.8,31
Apr,B02682,40.72,-73.79,15
Apr,B02682,40.72,-73.78,18
Apr,B02682,40.72,-73.77,3
Apr,B02682,40.72,-73.76,1
Apr,B02682,40.72,-73.75,2
Apr,B02682,40.72,-73.74,7
Apr,B02682,40.72,-73.73,2
Apr,B02682,40.72,-73.72,2
Apr,B02682,40.72,-73.71000000000001,2
Apr,B02682,40.72,-73.7,1
Apr,B02682,40.730000000000004,-74.14,2
Apr,B02682,40.730000000000004,-74.08,7
Apr,B02682,40.730000000000004,-74.07000000000001,15
Apr,B02682,40.730000000000004,-74.06,33
Apr,B02682,40.730000000000004,-74.05,68
Apr,B02682,40.730000000000004,-74.04,97
Apr,B02682,40.730000000000004,-74.03,69
Apr,B02682,40.730000000000004,-74.01,4061
Apr,B02682,40.730000000000004,-74,8951
Apr,B02682,40.730000000000004,-73.99,7868
Apr,B02682,40.730000000000004,-73.98,3478
Apr,B02682,40.730000000000004,-73.97,101
Apr,B02682,40.730000000000004,-73.96000000000001,472
Apr,B02682,40.730000000000004,-73.95,456
Apr,B02682,40.730000000000004,-73.94,113
Apr,B02682,40.730000000000004,-73.93,1
Apr,B02682,40.730000000000004,-73.92,4
Apr,B02682,40.730000000000004,-73.91,7
Apr,B02682,40.730000000000004,-73.9,15
Apr,B02682,40.730000000000004,-73.89,17
Apr,B02682,40.730000000000004,-73.88,9
Apr,B02682,40.730000000000004,-73.87,19
Apr,B02682,40.730000000000004,-73.86,46
Apr,B02682,40.730000000000004,-73.85000000000001,53
Apr,B02682,40.730000000000004,-73.84,3
Apr,B02682,40.730000000000004,-73.83,7
Apr,B02682,40.730000000000004,-73.82000000000001,15
Apr,B02682,40.730000000000004,-73.81,13
Apr,B02682,40.730000000000004,-73.8,5
Apr,B02682,40.730000000000004,-73.79,13
Apr,B02682,40.730000000000004,-73.78,8
Apr,B02682,40.730000000000004,-73.77,1
Apr,B02682,40.730000000000004,-73.76,3
Apr,B02682,40.730000000000004,-73.75,4
Apr,B02682,40.730000000000004,-73.74,8
Apr,B02682,40.730000000000004,-73.73,2
Apr,B02682,40.730000000000004,-73.72,2
Apr,B02682,40.730000000000004,-73.71000000000001,5
Apr,B02682,40.730000000000004,-73.7,2
Apr,B02682,40.74,-74.07000000000001,5
Apr,B02682,40.74,-74.06,10
Apr,B02682,40.74,-74.05,23
Apr,B02682,40.74,-74.04,141
Apr,B02682,40.74,-74.03,403
Apr,B02682,40.74,-74.01,5480
Apr,B02682,40.74,-74,7634
Apr,B02682,40.74,-73.99,10958
Apr,B02682,40.74,-73.98,3711
Apr,B02682,40.74,-73.97,688
Apr,B02682,40.74,-73.96000000000001,249
Apr,B02682,40.74,-73.95,158
Apr,B02682,40.74,-73.94,46
Apr,B02682,40.74,-73.93,71
Apr,B02682,40.74,-73.92,114
Apr,B02682,40.74,-73.91,17
Apr,B02682,40.74,-73.9,22
Apr,B02682,40.74,-73.89,13
Apr,B02682,40.74,-73.88,13
Apr,B02682,40.74,-73.87,14
Apr,B02682,40.74,-73.86,16
Apr,B02682,40.74,-73.85000000000001,15
Apr,B02682,40.74,-73.84,2
Apr,B02682,40.74,-73.83,6
Apr,B02682,40.74,-73.82000000000001,16
Apr,B02682,40.74,-73.81,4
Apr,B02682,40.74,-73.8,3
Apr,B02682,40.74,-73.79,2
Apr,B02682,40.74,-73.78,3
Apr,B02682,40.74,-73.76,3
Apr,B02682,40.74,-73.75,4
Apr,B02682,40.74,-73.73,1
Apr,B02682,40.74,-73.72,3
Apr,B02682,40.74,-73.71000000000001,1
Apr,B02682,40.74,-73.7,2
Apr,B02682,40.75,-74.12,1
Apr,B02682,40.75,-74.06,1
Apr,B02682,40.75,-74.05,6
Apr,B02682,40.75,-74.04,60
Apr,B02682,40.75,-74.03,333
Apr,B02682,40.75,-74.02,26
Apr,B02682,40.75,-74.01,2007
Apr,B02682,40.75,-74,3400
Apr,B02682,40.75,-73.99,8812
Apr,B02682,40.75,-73.98,8281
Apr,B02682,40.75,-73.97,3440
Apr,B02682,40.75,-73.96000000000001,344
Apr,B02682,40.75,-73.95,179
Apr,B02682,40.75,-73.94,362
Apr,B02682,40.75,-73.93,77
Apr,B02682,40.75,-73.92,64
Apr,B02682,40.75,-73.91,44
Apr,B02682,40.75,-73.9,21
Apr,B02682,40.75,-73.89,30
Apr,B02682,40.75,-73.88,28
Apr,B02682,40.75,-73.87,15
Apr,B02682,40.75,-73.86,4
Apr,B02682,40.75,-73.85000000000001,45
Apr,B02682,40.75,-73.84,9
Apr,B02682,40.75,-73.83,14
Apr,B02682,40.75,-73.82000000000001,5
Apr,B02682,40.75,-73.8,2
Apr,B02682,40.75,-73.79,1
Apr,B02682,40.75,-73.78,1
Apr,B02682,40.75,-73.76,5
Apr,B02682,40.75,-73.75,1
Apr,B02682,40.75,-73.74,1
Apr,B02682,40.75,-73.73,1
Apr,B02682,40.75,-73.72,4
Apr,B02682,40.75,-73.71000000000001,3
Apr,B02682,40.76,-74.11,1
Apr,B02682,40.76,-74.08,3
Apr,B02682,40.76,-74.05,2
Apr,B02682,40.76,-74.04,10
Apr,B02682,40.76,-74.03,44
Apr,B02682,40.76,-74.02,22
Apr,B02682,40.76,-74,2228
Apr,B02682,40.76,-73.99,6282
Apr,B02682,40.76,-73.98,13353
Apr,B02682,40.76,-73.97,11971
Apr,B02682,40.76,-73.96000000000001,2148
Apr,B02682,40.76,-73.95,166
Apr,B02682,40.76,-73.94,28
Apr,B02682,40.76,-73.93,117
Apr,B02682,40.76,-73.92,207
Apr,B02682,40.76,-73.91,83
Apr,B02682,40.76,-73.9,13
Apr,B02682,40.76,-73.89,17
Apr,B02682,40.76,-73.88,16
Apr,B02682,40.76,-73.87,16
Apr,B02682,40.76,-73.86,8
Apr,B02682,40.76,-73.85000000000001,28
Apr,B02682,40.76,-73.84,57
Apr,B02682,40.76,-73.83,50
Apr,B02682,40.76,-73.82000000000001,13
Apr,B02682,40.76,-73.81,6
Apr,B02682,40.76,-73.8,5
Apr,B02682,40.76,-73.79,5
Apr,B02682,40.76,-73.78,3
Apr,B02682,40.76,-73.77,11
Apr,B02682,40.76,-73.76,11
Apr,B02682,40.76,-73.75,1
Apr,B02682,40.76,-73.74,1
Apr,B02682,40.76,-73.73,4
Apr,B02682,40.76,-73.72,3
Apr,B02682,40.76,-73.71000000000001,3
Apr,B02682,40.76,-73.7,1
Apr,B02682,40.77,-74.14,1
Apr,B02682,40.77,-74.07000000000001,4
Apr,B02682,40.77,-74.06,1
Apr,B02682,40.77,-74.04,3
Apr,B02682,40.77,-74.03,13
Apr,B02682,40.77,-74.02,15
Apr,B02682,40.77,-74.01,1
Apr,B02682,40.77,-74,191
Apr,B02682,40.77,-73.99,2045
Apr,B02682,40.77,-73.98,3965
Apr,B02682,40.77,-73.97,2221
Apr,B02682,40.77,-73.96000000000001,4846
Apr,B02682,40.77,-73.95,2475
Apr,B02682,40.77,-73.94,71
Apr,B02682,40.77,-73.93,79
Apr,B02682,40.77,-73.92,164
Apr,B02682,40.77,-73.91,92
Apr,B02682,40.77,-73.9,48
Apr,B02682,40.77,-73.89,447
Apr,B02682,40.77,-73.88,85
Apr,B02682,40.77,-73.87,2603
Apr,B02682,40.77,-73.86,1166
Apr,B02682,40.77,-73.85000000000001,1
Apr,B02682,40.77,-73.84,7
Apr,B02682,40.77,-73.83,5
Apr,B02682,40.77,-73.82000000000001,4
Apr,B02682,40.77,-73.8,2
Apr,B02682,40.77,-73.79,4
Apr,B02682,40.77,-73.78,2
Apr,B02682,40.77,-73.77,2
Apr,B02682,40.77,-73.75,3
Apr,B02682,40.77,-73.74,2
Apr,B02682,40.77,-73.73,3
Apr,B02682,40.77,-73.72,2
Apr,B02682,40.77,-73.71000000000001,2
Apr,B02682,40.78,-74.07000000000001,1
Apr,B02682,40.78,-74.05,3
Apr,B02682,40.78,-74.04,7
Apr,B02682,40.78,-74.03,1
Apr,B02682,40.78,-74.02,6
Apr,B02682,40.78,-74.01,19
Apr,B02682,40.78,-74,2
Apr,B02682,40.78,-73.99,703
Apr,B02682,40.78,-73.98,3024
Apr,B02682,40.78,-73.97,626
Apr,B02682,40.78,-73.96000000000001,3447
Apr,B02682,40.78,-73.95,2870
Apr,B02682,40.78,-73.94,195
Apr,B02682,40.78,-73.93,9
Apr,B02682,40.78,-73.92,35
Apr,B02682,40.78,-73.91,64
Apr,B02682,40.78,-73.9,17
Apr,B02682,40.78,-73.86,1
Apr,B02682,40.78,-73.85000000000001,5
Apr,B02682,40.78,-73.84,5
Apr,B02682,40.78,-73.83,4
Apr,B02682,40.78,-73.82000000000001,2
Apr,B02682,40.78,-73.81,3
Apr,B02682,40.78,-73.8,3
Apr,B02682,40.78,-73.79,2
Apr,B02682,40.78,-73.78,7
Apr,B02682,40.78,-73.77,4
Apr,B02682,40.78,-73.75,1
Apr,B02682,40.78,-73.73,3
Apr,B02682,40.78,-73.71000000000001,1
Apr,B02682,40.78,-73.7,4
Apr,B02682,40.79,-74.14,1
Apr,B02682,40.79,-74.08,1
Apr,B02682,40.79,-74.07000000000001,4
Apr,B02682,40.79,-74.06,1
Apr,B02682,40.79,-74.05,2
Apr,B02682,40.79,-74.04,16
Apr,B02682,40.79,-74.03,1
Apr,B02682,40.79,-74.02,1
Apr,B02682,40.79,-74.01,3
Apr,B02682,40.79,-74,5
Apr,B02682,40.79,-73.98,1301
Apr,B02682,40.79,-73.97,1707
Apr,B02682,40.79,-73.96000000000001,300
Apr,B02682,40.79,-73.95,579
Apr,B02682,40.79,-73.94,129
Apr,B02682,40.79,-73.93,27
Apr,B02682,40.79,-73.92,29
Apr,B02682,40.79,-73.85000000000001,2
Apr,B02682,40.79,-73.84,8
Apr,B02682,40.79,-73.83,3
Apr,B02682,40.79,-73.82000000000001,4
Apr,B02682,40.79,-73.81,3
Apr,B02682,40.79,-73.8,5
Apr,B02682,40.79,-73.79,3
Apr,B02682,40.79,-73.78,3
Apr,B02682,40.79,-73.73,7
Apr,B02682,40.79,-73.72,1
Apr,B02682,40.800000000000004,-74.11,1
Apr,B02682,40.800000000000004,-74.10000000000001,3
Apr,B02682,40.800000000000004,-74.07000000000001,3
Apr,B02682,40.800000000000004,-74.06,2
Apr,B02682,40.800000000000004,-74.05,3
Apr,B02682,40.800000000000004,-74.02,1
Apr,B02682,40.800000000000004,-74,3
Apr,B02682,40.800000000000004,-73.99,3
Apr,B02682,40.800000000000004,-73.98,53
Apr,B02682,40.800000000000004,-73.97,738
Apr,B02682,40.800000000000004,-73.96000000000001,359
Apr,B02682,40.800000000000004,-73.95,321
Apr,B02682,40.800000000000004,-73.94,149
Apr,B02682,40.800000000000004,-73.93,85
Apr,B02682,40.800000000000004,-73.92,10
Apr,B02682,40.800000000000004,-73.91,10
Apr,B02682,40.800000000000004,-73.87,1
Apr,B02682,40.800000000000004,-73.85000000000001,1
Apr,B02682,40.800000000000004,-73.82000000000001,4
Apr,B02682,40.800000000000004,-73.74,2
Apr,B02682,40.800000000000004,-73.72,1
Apr,B02682,40.800000000000004,-73.7,1
Apr,B02682,40.81,-74.14,1
Apr,B02682,40.81,-74.11,1
Apr,B02682,40.81,-74.10000000000001,5
Apr,B02682,40.81,-74.08,7
Apr,B02682,40.81,-74.07000000000001,4
Apr,B02682,40.81,-74.02,4
Apr,B02682,40.81,-74.01,1
Apr,B02682,40.81,-74,5
Apr,B02682,40.81,-73.99,6
Apr,B02682,40.81,-73.97,92
Apr,B02682,40.81,-73.96000000000001,389
Apr,B02682,40.81,-73.95,338
Apr,B02682,40.81,-73.94,267
Apr,B02682,40.81,-73.93,28
Apr,B02682,40.81,-73.92,23
Apr,B02682,40.81,-73.91,5
Apr,B02682,40.81,-73.9,4
Apr,B02682,40.81,-73.89,5
Apr,B02682,40.81,-73.87,2
Apr,B02682,40.81,-73.86,2
Apr,B02682,40.81,-73.85000000000001,1
Apr,B02682,40.81,-73.81,3
Apr,B02682,40.81,-73.7,1
Apr,B02682,40.82,-74.15,1
Apr,B02682,40.82,-74.14,1
Apr,B02682,40.82,-74.13,1
Apr,B02682,40.82,-74.12,1
Apr,B02682,40.82,-74.10000000000001,1
Apr,B02682,40.82,-74.09,4
Apr,B02682,40.82,-74.01,2
Apr,B02682,40.82,-73.99,3
Apr,B02682,40.82,-73.98,3
Apr,B02682,40.82,-73.96000000000001,77
Apr,B02682,40.82,-73.95,159
Apr,B02682,40.82,-73.94,182
Apr,B02682,40.82,-73.93,40
Apr,B02682,40.82,-73.92,18
Apr,B02682,40.82,-73.91,11
Apr,B02682,40.82,-73.9,5
Apr,B02682,40.82,-73.89,21
Apr,B02682,40.82,-73.88,3
Apr,B02682,40.82,-73.87,5
Apr,B02682,40.82,-73.86,6
Apr,B02682,40.82,-73.85000000000001,4
Apr,B02682,40.82,-73.84,1
Apr,B02682,40.82,-73.83,1
Apr,B02682,40.82,-73.82000000000001,2
Apr,B02682,40.82,-73.81,1
Apr,B02682,40.83,-74.10000000000001,4
Apr,B02682,40.83,-74.09,1
Apr,B02682,40.83,-74.08,1
Apr,B02682,40.83,-74.06,3
Apr,B02682,40.83,-74.02,1
Apr,B02682,40.83,-74,1
Apr,B02682,40.83,-73.98,4
Apr,B02682,40.83,-73.97,9
Apr,B02682,40.83,-73.96000000000001,1
Apr,B02682,40.83,-73.95,67
Apr,B02682,40.83,-73.94,114
Apr,B02682,40.83,-73.93,132
Apr,B02682,40.83,-73.92,98
Apr,B02682,40.83,-73.91,3
Apr,B02682,40.83,-73.9,8
Apr,B02682,40.83,-73.89,23
Apr,B02682,40.83,-73.88,4
Apr,B02682,40.83,-73.87,1
Apr,B02682,40.83,-73.86,5
Apr,B02682,40.83,-73.85000000000001,1
Apr,B02682,40.83,-73.84,1
Apr,B02682,40.83,-73.82000000000001,3
Apr,B02682,40.84,-74.15,1
Apr,B02682,40.84,-74.12,1
Apr,B02682,40.84,-74.10000000000001,1
Apr,B02682,40.84,-74.08,1
Apr,B02682,40.84,-74.07000000000001,3
Apr,B02682,40.84,-74,1
Apr,B02682,40.84,-73.99,1
Apr,B02682,40.84,-73.98,1
Apr,B02682,40.84,-73.97,5
Apr,B02682,40.84,-73.95,17
Apr,B02682,40.84,-73.94,162
Apr,B02682,40.84,-73.93,5
Apr,B02682,40.84,-73.92,17
Apr,B02682,40.84,-73.91,13
Apr,B02682,40.84,-73.9,8
Apr,B02682,40.84,-73.89,5
Apr,B02682,40.84,-73.88,10
Apr,B02682,40.84,-73.87,3
Apr,B02682,40.84,-73.86,12
Apr,B02682,40.84,-73.85000000000001,7
Apr,B02682,40.84,-73.84,12
Apr,B02682,40.84,-73.83,1
Apr,B02682,40.84,-73.82000000000001,3
Apr,B02682,40.84,-73.78,1
Apr,B02682,40.85,-74.12,1
Apr,B02682,40.85,-74.11,1
Apr,B02682,40.85,-74.08,2
Apr,B02682,40.85,-74.07000000000001,7
Apr,B02682,40.85,-74.02,1
Apr,B02682,40.85,-74.01,3
Apr,B02682,40.85,-74,1
Apr,B02682,40.85,-73.97,6
Apr,B02682,40.85,-73.95,1
Apr,B02682,40.85,-73.94,124
Apr,B02682,40.85,-73.93,89
Apr,B02682,40.85,-73.92,5
Apr,B02682,40.85,-73.91,9
Apr,B02682,40.85,-73.9,7
Apr,B02682,40.85,-73.89,29
Apr,B02682,40.85,-73.88,9
Apr,B02682,40.85,-73.87,6
Apr,B02682,40.85,-73.86,10
Apr,B02682,40.85,-73.85000000000001,13
Apr,B02682,40.85,-73.84,13
Apr,B02682,40.85,-73.83,6
Apr,B02682,40.86,-74.13,2
Apr,B02682,40.86,-74.09,2
Apr,B02682,40.86,-74.07000000000001,1
Apr,B02682,40.86,-74.06,3
Apr,B02682,40.86,-74.05,1
Apr,B02682,40.86,-74.02,1
Apr,B02682,40.86,-73.99,1
Apr,B02682,40.86,-73.98,2
Apr,B02682,40.86,-73.97,7
Apr,B02682,40.86,-73.96000000000001,2
Apr,B02682,40.86,-73.94,17
Apr,B02682,40.86,-73.93,40
Apr,B02682,40.86,-73.92,14
Apr,B02682,40.86,-73.91,9
Apr,B02682,40.86,-73.9,21
Apr,B02682,40.86,-73.89,45
Apr,B02682,40.86,-73.88,38
Apr,B02682,40.86,-73.87,17
Apr,B02682,40.86,-73.86,8
Apr,B02682,40.86,-73.85000000000001,8
Apr,B02682,40.86,-73.84,5
Apr,B02682,40.86,-73.83,3
Apr,B02682,40.86,-73.71000000000001,1
Apr,B02682,40.87,-74.11,2
Apr,B02682,40.87,-74.10000000000001,2
Apr,B02682,40.87,-74.08,1
Apr,B02682,40.87,-74.06,4
Apr,B02682,40.87,-73.97,2
Apr,B02682,40.87,-73.96000000000001,4
Apr,B02682,40.87,-73.95,1
Apr,B02682,40.87,-73.93,21
Apr,B02682,40.87,-73.92,36
Apr,B02682,40.87,-73.91,8
Apr,B02682,40.87,-73.9,12
Apr,B02682,40.87,-73.89,16
Apr,B02682,40.87,-73.88,16
Apr,B02682,40.87,-73.87,5
Apr,B02682,40.87,-73.86,7
Apr,B02682,40.87,-73.85000000000001,6
Apr,B02682,40.87,-73.83,6
Apr,B02682,40.87,-73.82000000000001,2
Apr,B02682,40.87,-73.81,3
Apr,B02682,40.88,-74.15,1
Apr,B02682,40.88,-74.11,1
Apr,B02682,40.88,-74.07000000000001,1
Apr,B02682,40.88,-74.06,3
Apr,B02682,40.88,-74.05,2
Apr,B02682,40.88,-74.04,2
Apr,B02682,40.88,-74.03,1
Apr,B02682,40.88,-73.99,2
Apr,B02682,40.88,-73.98,2
Apr,B02682,40.88,-73.97,1
Apr,B02682,40.88,-73.95,2
Apr,B02682,40.88,-73.92,6
Apr,B02682,40.88,-73.91,20
Apr,B02682,40.88,-73.9,8
Apr,B02682,40.88,-73.89,25
Apr,B02682,40.88,-73.88,34
Apr,B02682,40.88,-73.87,5
Apr,B02682,40.88,-73.86,2
Apr,B02682,40.88,-73.85000000000001,5
Apr,B02682,40.88,-73.84,6
Apr,B02682,40.88,-73.83,3
Apr,B02682,40.89,-74.12,1
Apr,B02682,40.89,-74.08,1
Apr,B02682,40.89,-74.07000000000001,1
Apr,B02682,40.89,-74.06,1
Apr,B02682,40.89,-74.04,1
Apr,B02682,40.89,-73.97,1
Apr,B02682,40.89,-73.96000000000001,2
Apr,B02682,40.89,-73.95,1
Apr,B02682,40.89,-73.92,3
Apr,B02682,40.89,-73.91,56
Apr,B02682,40.89,-73.9,43
Apr,B02682,40.89,-73.89,6
Apr,B02682,40.89,-73.88,5
Apr,B02682,40.89,-73.86,4
Apr,B02682,40.89,-73.85000000000001,2
Apr,B02682,40.89,-73.84,3
Apr,B02682,40.89,-73.83,5
Apr,B02682,40.89,-73.82000000000001,1
Apr,B02682,40.89,-73.81,1
Apr,B02682,40.89,-73.78,1
Apr,B02682,40.9,-74.13,1
Apr,B02682,40.9,-74.10000000000001,3
Apr,B02682,40.9,-74.07000000000001,1
Apr,B02682,40.9,-74.01,1
Apr,B02682,40.9,-74,2
Apr,B02682,40.9,-73.97,1
Apr,B02682,40.9,-73.96000000000001,1
Apr,B02682,40.9,-73.91,5
Apr,B02682,40.9,-73.9,27
Apr,B02682,40.9,-73.88,1
Apr,B02682,40.9,-73.87,9
Apr,B02682,40.9,-73.86,7
Apr,B02682,40.9,-73.85000000000001,1
Apr,B02682,40.9,-73.84,1
Apr,B02682,40.9,-73.83,2
Apr,B02682,40.9,-73.81,1
Apr,B02682,40.9,-73.8,2
Apr,B02682,40.9,-73.79,1
Apr,B02682,40.9,-73.77,1
Apr,B02682,40.910000000000004,-74.07000000000001,2
Apr,B02682,40.910000000000004,-74.04,1
Apr,B02682,40.910000000000004,-74.03,1
Apr,B02682,40.910000000000004,-73.99,1
Apr,B02682,40.910000000000004,-73.91,1
Apr,B02682,40.910000000000004,-73.9,2
Apr,B02682,40.910000000000004,-73.87,3
Apr,B02682,40.910000000000004,-73.86,1
Apr,B02682,40.910000000000004,-73.84,2
Apr,B02682,40.910000000000004,-73.82000000000001,1
Apr,B02682,40.910000000000004,-73.81,4
Apr,B02682,40.910000000000004,-73.78,4
Apr,B02682,40.910000000000004,-73.77,1
Apr,B02682,40.92,-74.08,2
Apr,B02682,40.92,-74.07000000000001,1
Apr,B02682,40.92,-73.95,1
Apr,B02682,40.92,-73.76,1
Apr,B02764,40.6,-73.99,1
Apr,B02764,40.6,-73.97,1
Apr,B02764,40.6,-73.91,1
Apr,B02764,40.61,-74.01,1
Apr,B02764,40.61,-74,1
Apr,B02764,40.61,-73.91,1
Apr,B02764,40.62,-74.04,1
Apr,B02764,40.62,-74.03,2
Apr,B02764,40.62,-74.02,1
Apr,B02764,40.62,-74.01,1
Apr,B02764,40.62,-73.99,1
Apr,B02764,40.62,-73.97,1
Apr,B02764,40.62,-73.95,1
Apr,B02764,40.62,-73.93,2
Apr,B02764,40.63,-74.02,1
Apr,B02764,40.63,-74.01,3
Apr,B02764,40.63,-73.98,1
Apr,B02764,40.63,-73.92,1
Apr,B02764,40.63,-73.91,2
Apr,B02764,40.64,-74.03,3
Apr,B02764,40.64,-74.02,2
Apr,B02764,40.64,-74,1
Apr,B02764,40.64,-73.97,2
Apr,B02764,40.64,-73.96000000000001,1
Apr,B02764,40.64,-73.95,1
Apr,B02764,40.64,-73.79,39
Apr,B02764,40.64,-73.78,38
Apr,B02764,40.65,-74.02,2
Apr,B02764,40.65,-74.01,1
Apr,B02764,40.65,-74,3
Apr,B02764,40.65,-73.98,2
Apr,B02764,40.65,-73.97,3
Apr,B02764,40.65,-73.96000000000001,5
Apr,B02764,40.65,-73.9,2
Apr,B02764,40.65,-73.87,1
Apr,B02764,40.65,-73.85000000000001,1
Apr,B02764,40.65,-73.79,24
Apr,B02764,40.65,-73.78,79
Apr,B02764,40.660000000000004,-74.01,4
Apr,B02764,40.660000000000004,-74,3
Apr,B02764,40.660000000000004,-73.99,2
Apr,B02764,40.660000000000004,-73.98,4
Apr,B02764,40.660000000000004,-73.96000000000001,8
Apr,B02764,40.660000000000004,-73.95,5
Apr,B02764,40.660000000000004,-73.94,1
Apr,B02764,40.660000000000004,-73.93,1
Apr,B02764,40.660000000000004,-73.92,1
Apr,B02764,40.660000000000004,-73.91,2
Apr,B02764,40.67,-74.10000000000001,2
Apr,B02764,40.67,-74.01,3
Apr,B02764,40.67,-74,1
Apr,B02764,40.67,-73.99,13
Apr,B02764,40.67,-73.98,26
Apr,B02764,40.67,-73.97,7
Apr,B02764,40.67,-73.96000000000001,14
Apr,B02764,40.67,-73.95,8
Apr,B02764,40.67,-73.94,4
Apr,B02764,40.67,-73.92,1
Apr,B02764,40.67,-73.91,1
Apr,B02764,40.67,-73.9,1
Apr,B02764,40.67,-73.89,1
Apr,B02764,40.67,-73.78,1
Apr,B02764,40.68,-74.02,5
Apr,B02764,40.68,-74.01,10
Apr,B02764,40.68,-74,25
Apr,B02764,40.68,-73.99,23
Apr,B02764,40.68,-73.98,28
Apr,B02764,40.68,-73.97,21
Apr,B02764,40.68,-73.96000000000001,19
Apr,B02764,40.68,-73.95,9
Apr,B02764,40.68,-73.94,10
Apr,B02764,40.68,-73.93,4
Apr,B02764,40.68,-73.91,1
Apr,B02764,40.68,-73.9,1
Apr,B02764,40.68,-73.84,2
Apr,B02764,40.68,-73.81,1
Apr,B02764,40.68,-73.8,1
Apr,B02764,40.69,-74,24
Apr,B02764,40.69,-73.99,55
Apr,B02764,40.69,-73.98,25
Apr,B02764,40.69,-73.97,39
Apr,B02764,40.69,-73.96000000000001,26
Apr,B02764,40.69,-73.95,19
Apr,B02764,40.69,-73.94,12
Apr,B02764,40.69,-73.93,5
Apr,B02764,40.69,-73.92,7
Apr,B02764,40.69,-73.91,5
Apr,B02764,40.69,-73.9,1
Apr,B02764,40.69,-73.86,1
Apr,B02764,40.69,-73.85000000000001,1
Apr,B02764,40.7,-74.02,1
Apr,B02764,40.7,-74.01,46
Apr,B02764,40.7,-74,9
Apr,B02764,40.7,-73.99,43
Apr,B02764,40.7,-73.98,11
Apr,B02764,40.7,-73.97,10
Apr,B02764,40.7,-73.96000000000001,10
Apr,B02764,40.7,-73.95,17
Apr,B02764,40.7,-73.94,18
Apr,B02764,40.7,-73.93,20
Apr,B02764,40.7,-73.92,6
Apr,B02764,40.7,-73.91,3
Apr,B02764,40.7,-73.9,1
Apr,B02764,40.7,-73.81,2
Apr,B02764,40.7,-73.71000000000001,1
Apr,B02764,40.71,-74.09,1
Apr,B02764,40.71,-74.08,1
Apr,B02764,40.71,-74.02,43
Apr,B02764,40.71,-74.01,198
Apr,B02764,40.71,-74,30
Apr,B02764,40.71,-73.99,11
Apr,B02764,40.71,-73.98,7
Apr,B02764,40.71,-73.97,23
Apr,B02764,40.71,-73.96000000000001,50
Apr,B02764,40.71,-73.95,26
Apr,B02764,40.71,-73.94,31
Apr,B02764,40.71,-73.93,11
Apr,B02764,40.71,-73.92,5
Apr,B02764,40.71,-73.9,1
Apr,B02764,40.71,-73.84,2
Apr,B02764,40.71,-73.83,2
Apr,B02764,40.71,-73.8,1
Apr,B02764,40.72,-74.06,1
Apr,B02764,40.72,-74.05,2
Apr,B02764,40.72,-74.04,10
Apr,B02764,40.72,-74.03,3
Apr,B02764,40.72,-74.02,22
Apr,B02764,40.72,-74.01,248
Apr,B02764,40.72,-74,528
Apr,B02764,40.72,-73.99,271
Apr,B02764,40.72,-73.98,80
Apr,B02764,40.72,-73.97,5
Apr,B02764,40.72,-73.96000000000001,78
Apr,B02764,40.72,-73.95,38
Apr,B02764,40.72,-73.94,10
Apr,B02764,40.72,-73.89,1
Apr,B02764,40.72,-73.87,1
Apr,B02764,40.72,-73.86,1
Apr,B02764,40.72,-73.85000000000001,4
Apr,B02764,40.72,-73.84,2
Apr,B02764,40.72,-73.83,1
Apr,B02764,40.72,-73.81,1
Apr,B02764,40.72,-73.8,2
Apr,B02764,40.72,-73.79,2
Apr,B02764,40.730000000000004,-74.07000000000001,1
Apr,B02764,40.730000000000004,-74.04,1
Apr,B02764,40.730000000000004,-74.03,1
Apr,B02764,40.730000000000004,-74.01,204
Apr,B02764,40.730000000000004,-74,522
Apr,B02764,40.730000000000004,-73.99,414
Apr,B02764,40.730000000000004,-73.98,141
Apr,B02764,40.730000000000004,-73.97,4
Apr,B02764,40.730000000000004,-73.96000000000001,14
Apr,B02764,40.730000000000004,-73.95,20
Apr,B02764,40.730000000000004,-73.94,7
Apr,B02764,40.730000000000004,-73.92,1
Apr,B02764,40.730000000000004,-73.91,1
Apr,B02764,40.730000000000004,-73.9,1
Apr,B02764,40.730000000000004,-73.89,2
Apr,B02764,40.730000000000004,-73.88,1
Apr,B02764,40.730000000000004,-73.86,1
Apr,B02764,40.730000000000004,-73.85000000000001,2
Apr,B02764,40.74,-74.07000000000001,2
Apr,B02764,40.74,-74.04,5
Apr,B02764,40.74,-74.03,20
Apr,B02764,40.74,-74.01,210
Apr,B02764,40.74,-74,339
Apr,B02764,40.74,-73.99,538
Apr,B02764,40.74,-73.98,155
Apr,B02764,40.74,-73.97,19
Apr,B02764,40.74,-73.96000000000001,13
Apr,B02764,40.74,-73.95,4
Apr,B02764,40.74,-73.94,1
Apr,B02764,40.74,-73.93,2
Apr,B02764,40.74,-73.92,2
Apr,B02764,40.74,-73.88,3
Apr,B02764,40.74,-73.87,1
Apr,B02764,40.75,-74.04,1
Apr,B02764,40.75,-74.03,13
Apr,B02764,40.75,-74.02,1
Apr,B02764,40.75,-74.01,86
Apr,B02764,40.75,-74,149
Apr,B02764,40.75,-73.99,448
Apr,B02764,40.75,-73.98,341
Apr,B02764,40.75,-73.97,180
Apr,B02764,40.75,-73.96000000000001,11
Apr,B02764,40.75,-73.95,7
Apr,B02764,40.75,-73.94,14
Apr,B02764,40.75,-73.93,1
Apr,B02764,40.75,-73.92,2
Apr,B02764,40.75,-73.91,4
Apr,B02764,40.75,-73.9,1
Apr,B02764,40.75,-73.89,2
Apr,B02764,40.75,-73.85000000000001,6
Apr,B02764,40.75,-73.83,1
Apr,B02764,40.75,-73.82000000000001,1
Apr,B02764,40.76,-74.10000000000001,1
Apr,B02764,40.76,-74.04,1
Apr,B02764,40.76,-74.03,1
Apr,B02764,40.76,-74,81
Apr,B02764,40.76,-73.99,221
Apr,B02764,40.76,-73.98,603
Apr,B02764,40.76,-73.97,539
Apr,B02764,40.76,-73.96000000000001,95
Apr,B02764,40.76,-73.95,4
Apr,B02764,40.76,-73.94,1
Apr,B02764,40.76,-73.93,4
Apr,B02764,40.76,-73.92,3
Apr,B02764,40.76,-73.9,2
Apr,B02764,40.76,-73.87,1
Apr,B02764,40.76,-73.85000000000001,1
Apr,B02764,40.76,-73.84,11
Apr,B02764,40.76,-73.83,3
Apr,B02764,40.76,-73.82000000000001,1
Apr,B02764,40.76,-73.81,1
Apr,B02764,40.76,-73.77,1
Apr,B02764,40.77,-74,9
Apr,B02764,40.77,-73.99,63
Apr,B02764,40.77,-73.98,153
Apr,B02764,40.77,-73.97,112
Apr,B02764,40.77,-73.96000000000001,196
Apr,B02764,40.77,-73.95,84
Apr,B02764,40.77,-73.94,3
Apr,B02764,40.77,-73.93,2
Apr,B02764,40.77,-73.92,3
Apr,B02764,40.77,-73.89,31
Apr,B02764,40.77,-73.88,6
Apr,B02764,40.77,-73.87,113
Apr,B02764,40.77,-73.86,40
Apr,B02764,40.77,-73.7,1
Apr,B02764,40.78,-73.99,28
Apr,B02764,40.78,-73.98,115
Apr,B02764,40.78,-73.97,29
Apr,B02764,40.78,-73.96000000000001,158
Apr,B02764,40.78,-73.95,119
Apr,B02764,40.78,-73.94,5
Apr,B02764,40.78,-73.92,1
Apr,B02764,40.78,-73.91,1
Apr,B02764,40.78,-73.9,1
Apr,B02764,40.78,-73.84,1
Apr,B02764,40.78,-73.78,1
Apr,B02764,40.78,-73.73,1
Apr,B02764,40.78,-73.71000000000001,1
Apr,B02764,40.79,-74.04,1
Apr,B02764,40.79,-73.98,53
Apr,B02764,40.79,-73.97,52
Apr,B02764,40.79,-73.96000000000001,6
Apr,B02764,40.79,-73.95,23
Apr,B02764,40.79,-73.93,1
Apr,B02764,40.79,-73.92,1
Apr,B02764,40.79,-73.73,2
Apr,B02764,40.800000000000004,-73.98,2
Apr,B02764,40.800000000000004,-73.97,14
Apr,B02764,40.800000000000004,-73.96000000000001,9
Apr,B02764,40.800000000000004,-73.95,11
Apr,B02764,40.800000000000004,-73.94,3
Apr,B02764,40.800000000000004,-73.93,2
Apr,B02764,40.81,-73.96000000000001,14
Apr,B02764,40.81,-73.95,10
Apr,B02764,40.81,-73.94,3
Apr,B02764,40.81,-73.93,2
Apr,B02764,40.81,-73.85000000000001,1
Apr,B02764,40.82,-73.99,1
Apr,B02764,40.82,-73.96000000000001,2
Apr,B02764,40.82,-73.95,4
Apr,B02764,40.82,-73.94,2
Apr,B02764,40.82,-73.93,1
Apr,B02764,40.82,-73.9,2
Apr,B02764,40.82,-73.86,1
Apr,B02764,40.83,-73.98,1
Apr,B02764,40.83,-73.95,2
Apr,B02764,40.83,-73.94,3
Apr,B02764,40.83,-73.93,5
Apr,B02764,40.83,-73.92,7
Apr,B02764,40.84,-73.9,1
Apr,B02764,40.84,-73.87,1
Apr,B02764,40.84,-73.75,1
Apr,B02764,40.85,-74.07000000000001,1
Apr,B02764,40.85,-73.96000000000001,1
Apr,B02764,40.85,-73.94,1
Apr,B02764,40.85,-73.93,3
Apr,B02764,40.85,-73.89,1
Apr,B02764,40.86,-73.93,1
Apr,B02764,40.86,-73.9,1
Apr,B02764,40.86,-73.89,1
Apr,B02764,40.86,-73.88,2
Apr,B02764,40.87,-73.91,1
Apr,B02764,40.87,-73.86,1
Apr,B02764,40.87,-73.81,1
Apr,B02764,40.88,-73.95,1
Apr,B02764,40.89,-73.9,1
Apr,B02764,40.89,-73.81,1
Apr,B02764,40.89,-73.79,1
Apr,B02764,40.9,-73.8,1
Apr,B02764,40.910000000000004,-73.78,1
May,B02512,40.58,-73.99,1
May,B02512,40.58,-73.98,1
May,B02512,40.58,-73.97,2
May,B02512,40.58,-73.96000000000001,2
May,B02512,40.58,-73.94,1
May,B02512,40.58,-73.82000000000001,1
May,B02512,40.59,-73.99,2
May,B02512,40.59,-73.96000000000001,1
May,B02512,40.59,-73.94,1
May,B02512,40.59,-73.93,1
May,B02512,40.59,-73.82000000000001,1
May,B02512,40.59,-73.8,1
May,B02512,40.59,-73.79,3
May,B02512,40.6,-73.99,1
May,B02512,40.6,-73.97,2
May,B02512,40.6,-73.96000000000001,2
May,B02512,40.6,-73.94,2
May,B02512,40.6,-73.76,2
May,B02512,40.6,-73.74,2
May,B02512,40.61,-74.15,1
May,B02512,40.61,-74.03,1
May,B02512,40.61,-74.02,3
May,B02512,40.61,-74.01,1
May,B02512,40.61,-73.94,3
May,B02512,40.61,-73.92,1
May,B02512,40.61,-73.76,1
May,B02512,40.61,-73.75,1
May,B02512,40.61,-73.74,1
May,B02512,40.61,-73.73,2
May,B02512,40.62,-74.04,1
May,B02512,40.62,-74.03,5
May,B02512,40.62,-74.02,1
May,B02512,40.62,-73.97,1
May,B02512,40.62,-73.95,2
May,B02512,40.62,-73.94,2
May,B02512,40.62,-73.93,1
May,B02512,40.62,-73.92,1
May,B02512,40.62,-73.91,1
May,B02512,40.62,-73.73,1
May,B02512,40.63,-74.04,1
May,B02512,40.63,-74.02,3
May,B02512,40.63,-74.01,2
May,B02512,40.63,-73.97,4
May,B02512,40.63,-73.96000000000001,3
May,B02512,40.63,-73.95,5
May,B02512,40.63,-73.94,7
May,B02512,40.63,-73.93,1
May,B02512,40.63,-73.92,2
May,B02512,40.63,-73.9,4
May,B02512,40.63,-73.89,3
May,B02512,40.63,-73.72,1
May,B02512,40.64,-74.04,1
May,B02512,40.64,-74.02,1
May,B02512,40.64,-74,1
May,B02512,40.64,-73.99,1
May,B02512,40.64,-73.98,5
May,B02512,40.64,-73.97,2
May,B02512,40.64,-73.96000000000001,5
May,B02512,40.64,-73.95,9
May,B02512,40.64,-73.94,4
May,B02512,40.64,-73.93,8
May,B02512,40.64,-73.92,4
May,B02512,40.64,-73.91,1
May,B02512,40.64,-73.9,1
May,B02512,40.64,-73.89,3
May,B02512,40.64,-73.79,96
May,B02512,40.64,-73.78,170
May,B02512,40.64,-73.73,2
May,B02512,40.65,-74.14,1
May,B02512,40.65,-74.02,4
May,B02512,40.65,-74.01,5
May,B02512,40.65,-74,5
May,B02512,40.65,-73.98,5
May,B02512,40.65,-73.97,4
May,B02512,40.65,-73.96000000000001,5
May,B02512,40.65,-73.95,4
May,B02512,40.65,-73.94,5
May,B02512,40.65,-73.93,9
May,B02512,40.65,-73.92,4
May,B02512,40.65,-73.91,2
May,B02512,40.65,-73.9,2
May,B02512,40.65,-73.89,1
May,B02512,40.65,-73.88,1
May,B02512,40.65,-73.84,1
May,B02512,40.65,-73.8,4
May,B02512,40.65,-73.79,157
May,B02512,40.65,-73.78,249
May,B02512,40.65,-73.73,1
May,B02512,40.660000000000004,-74.12,3
May,B02512,40.660000000000004,-74.01,5
May,B02512,40.660000000000004,-74,7
May,B02512,40.660000000000004,-73.99,11
May,B02512,40.660000000000004,-73.98,11
May,B02512,40.660000000000004,-73.96000000000001,10
May,B02512,40.660000000000004,-73.95,15
May,B02512,40.660000000000004,-73.94,12
May,B02512,40.660000000000004,-73.93,11
May,B02512,40.660000000000004,-73.92,4
May,B02512,40.660000000000004,-73.91,10
May,B02512,40.660000000000004,-73.9,9
May,B02512,40.660000000000004,-73.89,1
May,B02512,40.660000000000004,-73.88,1
May,B02512,40.660000000000004,-73.86,1
May,B02512,40.660000000000004,-73.85000000000001,1
May,B02512,40.660000000000004,-73.81,1
May,B02512,40.660000000000004,-73.77,4
May,B02512,40.660000000000004,-73.75,2
May,B02512,40.660000000000004,-73.74,1
May,B02512,40.660000000000004,-73.73,1
May,B02512,40.67,-74.10000000000001,1
May,B02512,40.67,-74.08,3
May,B02512,40.67,-74.02,3
May,B02512,40.67,-74.01,8
May,B02512,40.67,-74,7
May,B02512,40.67,-73.99,16
May,B02512,40.67,-73.98,29
May,B02512,40.67,-73.97,24
May,B02512,40.67,-73.96000000000001,25
May,B02512,40.67,-73.95,13
May,B02512,40.67,-73.94,18
May,B02512,40.67,-73.93,8
May,B02512,40.67,-73.92,5
May,B02512,40.67,-73.91,3
May,B02512,40.67,-73.9,1
May,B02512,40.67,-73.89,3
May,B02512,40.67,-73.88,3
May,B02512,40.67,-73.87,4
May,B02512,40.67,-73.86,2
May,B02512,40.67,-73.84,1
May,B02512,40.67,-73.83,2
May,B02512,40.67,-73.82000000000001,1
May,B02512,40.67,-73.8,10
May,B02512,40.67,-73.79,8
May,B02512,40.67,-73.78,5
May,B02512,40.67,-73.77,1
May,B02512,40.67,-73.76,2
May,B02512,40.67,-73.75,1
May,B02512,40.67,-73.72,1
May,B02512,40.68,-74.11,1
May,B02512,40.68,-74.08,1
May,B02512,40.68,-74.02,9
May,B02512,40.68,-74.01,19
May,B02512,40.68,-74,41
May,B02512,40.68,-73.99,36
May,B02512,40.68,-73.98,67
May,B02512,40.68,-73.97,61
May,B02512,40.68,-73.96000000000001,41
May,B02512,40.68,-73.95,18
May,B02512,40.68,-73.94,25
May,B02512,40.68,-73.93,13
May,B02512,40.68,-73.92,5
May,B02512,40.68,-73.91,3
May,B02512,40.68,-73.9,3
May,B02512,40.68,-73.88,1
May,B02512,40.68,-73.87,3
May,B02512,40.68,-73.85000000000001,2
May,B02512,40.68,-73.8,1
May,B02512,40.68,-73.78,3
May,B02512,40.68,-73.77,2
May,B02512,40.68,-73.75,1
May,B02512,40.68,-73.74,6
May,B02512,40.68,-73.73,1
May,B02512,40.69,-74.09,1
May,B02512,40.69,-74.07000000000001,2
May,B02512,40.69,-74.01,1
May,B02512,40.69,-74,74
May,B02512,40.69,-73.99,119
May,B02512,40.69,-73.98,66
May,B02512,40.69,-73.97,66
May,B02512,40.69,-73.96000000000001,46
May,B02512,40.69,-73.95,23
May,B02512,40.69,-73.94,10
May,B02512,40.69,-73.93,14
May,B02512,40.69,-73.92,15
May,B02512,40.69,-73.91,2
May,B02512,40.69,-73.9,1
May,B02512,40.69,-73.86,1
May,B02512,40.69,-73.83,3
May,B02512,40.69,-73.82000000000001,2
May,B02512,40.69,-73.8,2
May,B02512,40.69,-73.79,2
May,B02512,40.69,-73.77,1
May,B02512,40.69,-73.75,2
May,B02512,40.69,-73.74,1
May,B02512,40.69,-73.73,1
May,B02512,40.7,-74.09,2
May,B02512,40.7,-74.08,1
May,B02512,40.7,-74.07000000000001,1
May,B02512,40.7,-74.05,3
May,B02512,40.7,-74.02,9
May,B02512,40.7,-74.01,126
May,B02512,40.7,-74,23
May,B02512,40.7,-73.99,116
May,B02512,40.7,-73.98,29
May,B02512,40.7,-73.97,17
May,B02512,40.7,-73.96000000000001,18
May,B02512,40.7,-73.95,9
May,B02512,40.7,-73.94,19
May,B02512,40.7,-73.93,32
May,B02512,40.7,-73.92,6
May,B02512,40.7,-73.91,11
May,B02512,40.7,-73.9,1
May,B02512,40.7,-73.89,1
May,B02512,40.7,-73.87,3
May,B02512,40.7,-73.86,2
May,B02512,40.7,-73.81,8
May,B02512,40.7,-73.8,1
May,B02512,40.7,-73.78,3
May,B02512,40.7,-73.77,1
May,B02512,40.7,-73.75,2
May,B02512,40.7,-73.74,1
May,B02512,40.7,-73.73,1
May,B02512,40.7,-73.72,2
May,B02512,40.71,-74.11,2
May,B02512,40.71,-74.08,4
May,B02512,40.71,-74.07000000000001,2
May,B02512,40.71,-74.06,9
May,B02512,40.71,-74.04,39
May,B02512,40.71,-74.03,9
May,B02512,40.71,-74.02,166
May,B02512,40.71,-74.01,637
May,B02512,40.71,-74,99
May,B02512,40.71,-73.99,56
May,B02512,40.71,-73.98,25
May,B02512,40.71,-73.97,51
May,B02512,40.71,-73.96000000000001,95
May,B02512,40.71,-73.95,60
May,B02512,40.71,-73.94,26
May,B02512,40.71,-73.93,10
May,B02512,40.71,-73.92,15
May,B02512,40.71,-73.91,1
May,B02512,40.71,-73.87,2
May,B02512,40.71,-73.85000000000001,1
May,B02512,40.71,-73.84,3
May,B02512,40.71,-73.83,4
May,B02512,40.71,-73.82000000000001,3
May,B02512,40.71,-73.8,1
May,B02512,40.71,-73.79,2
May,B02512,40.71,-73.78,2
May,B02512,40.71,-73.75,2
May,B02512,40.71,-73.74,1
May,B02512,40.71,-73.72,1
May,B02512,40.72,-74.10000000000001,1
May,B02512,40.72,-74.08,2
May,B02512,40.72,-74.07000000000001,4
May,B02512,40.72,-74.06,1
May,B02512,40.72,-74.05,24
May,B02512,40.72,-74.04,68
May,B02512,40.72,-74.03,49
May,B02512,40.72,-74.02,92
May,B02512,40.72,-74.01,1033
May,B02512,40.72,-74,1354
May,B02512,40.72,-73.99,623
May,B02512,40.72,-73.98,185
May,B02512,40.72,-73.97,7
May,B02512,40.72,-73.96000000000001,179
May,B02512,40.72,-73.95,60
May,B02512,40.72,-73.94,38
May,B02512,40.72,-73.91,1
May,B02512,40.72,-73.9,3
May,B02512,40.72,-73.89,1
May,B02512,40.72,-73.87,1
May,B02512,40.72,-73.85000000000001,2
May,B02512,40.72,-73.84,10
May,B02512,40.72,-73.83,2
May,B02512,40.72,-73.81,1
May,B02512,40.72,-73.8,2
May,B02512,40.72,-73.79,2
May,B02512,40.72,-73.78,1
May,B02512,40.72,-73.77,2
May,B02512,40.72,-73.75,3
May,B02512,40.72,-73.73,1
May,B02512,40.730000000000004,-74.07000000000001,1
May,B02512,40.730000000000004,-74.06,2
May,B02512,40.730000000000004,-74.05,12
May,B02512,40.730000000000004,-74.04,28
May,B02512,40.730000000000004,-74.03,36
May,B02512,40.730000000000004,-74.01,711
May,B02512,40.730000000000004,-74,1390
May,B02512,40.730000000000004,-73.99,1126
May,B02512,40.730000000000004,-73.98,375
May,B02512,40.730000000000004,-73.97,10
May,B02512,40.730000000000004,-73.96000000000001,35
May,B02512,40.730000000000004,-73.95,25
May,B02512,40.730000000000004,-73.94,9
May,B02512,40.730000000000004,-73.93,1
May,B02512,40.730000000000004,-73.91,3
May,B02512,40.730000000000004,-73.9,3
May,B02512,40.730000000000004,-73.89,1
May,B02512,40.730000000000004,-73.87,2
May,B02512,40.730000000000004,-73.86,5
May,B02512,40.730000000000004,-73.85000000000001,3
May,B02512,40.730000000000004,-73.84,1
May,B02512,40.730000000000004,-73.82000000000001,1
May,B02512,40.730000000000004,-73.8,1
May,B02512,40.730000000000004,-73.79,4
May,B02512,40.730000000000004,-73.78,1
May,B02512,40.730000000000004,-73.75,1
May,B02512,40.730000000000004,-73.73,2
May,B02512,40.730000000000004,-73.72,1
May,B02512,40.730000000000004,-73.71000000000001,1
May,B02512,40.74,-74.07000000000001,2
May,B02512,40.74,-74.06,3
May,B02512,40.74,-74.05,4
May,B02512,40.74,-74.04,51
May,B02512,40.74,-74.03,102
May,B02512,40.74,-74.01,968
May,B02512,40.74,-74,1192
May,B02512,40.74,-73.99,1791
May,B02512,40.74,-73.98,663
May,B02512,40.74,-73.97,83
May,B02512,40.74,-73.96000000000001,26
May,B02512,40.74,-73.95,21
May,B02512,40.74,-73.94,9
May,B02512,40.74,-73.93,6
May,B02512,40.74,-73.92,10
May,B02512,40.74,-73.91,2
May,B02512,40.74,-73.9,5
May,B02512,40.74,-73.89,1
May,B02512,40.74,-73.88,3
May,B02512,40.74,-73.87,1
May,B02512,40.74,-73.84,1
May,B02512,40.74,-73.83,2
May,B02512,40.74,-73.78,1
May,B02512,40.74,-73.71000000000001,1
May,B02512,40.75,-74.06,1
May,B02512,40.75,-74.05,4
May,B02512,40.75,-74.04,22
May,B02512,40.75,-74.03,100
May,B02512,40.75,-74.02,11
May,B02512,40.75,-74.01,324
May,B02512,40.75,-74,505
May,B02512,40.75,-73.99,1317
May,B02512,40.75,-73.98,1318
May,B02512,40.75,-73.97,531
May,B02512,40.75,-73.96000000000001,49
May,B02512,40.75,-73.95,29
May,B02512,40.75,-73.94,47
May,B02512,40.75,-73.93,12
May,B02512,40.75,-73.92,8
May,B02512,40.75,-73.91,5
May,B02512,40.75,-73.9,4
May,B02512,40.75,-73.89,6
May,B02512,40.75,-73.88,5
May,B02512,40.75,-73.87,1
May,B02512,40.75,-73.86,3
May,B02512,40.75,-73.85000000000001,4
May,B02512,40.75,-73.84,1
May,B02512,40.75,-73.82000000000001,1
May,B02512,40.75,-73.76,1
May,B02512,40.75,-73.75,1
May,B02512,40.75,-73.74,1
May,B02512,40.75,-73.71000000000001,2
May,B02512,40.75,-73.7,1
May,B02512,40.76,-74.04,4
May,B02512,40.76,-74.03,15
May,B02512,40.76,-74.02,14
May,B02512,40.76,-74.01,1
May,B02512,40.76,-74,419
May,B02512,40.76,-73.99,1028
May,B02512,40.76,-73.98,2395
May,B02512,40.76,-73.97,2524
May,B02512,40.76,-73.96000000000001,393
May,B02512,40.76,-73.95,31
May,B02512,40.76,-73.94,14
May,B02512,40.76,-73.93,14
May,B02512,40.76,-73.92,24
May,B02512,40.76,-73.91,7
May,B02512,40.76,-73.9,2
May,B02512,40.76,-73.89,1
May,B02512,40.76,-73.88,2
May,B02512,40.76,-73.87,3
May,B02512,40.76,-73.86,3
May,B02512,40.76,-73.85000000000001,4
May,B02512,40.76,-73.84,15
May,B02512,40.76,-73.83,8
May,B02512,40.76,-73.82000000000001,2
May,B02512,40.76,-73.8,1
May,B02512,40.76,-73.79,1
May,B02512,40.76,-73.77,1
May,B02512,40.76,-73.75,1
May,B02512,40.76,-73.7,1
May,B02512,40.77,-74.04,5
May,B02512,40.77,-74.03,5
May,B02512,40.77,-74.02,4
May,B02512,40.77,-74,40
May,B02512,40.77,-73.99,423
May,B02512,40.77,-73.98,1044
May,B02512,40.77,-73.97,631
May,B02512,40.77,-73.96000000000001,991
May,B02512,40.77,-73.95,356
May,B02512,40.77,-73.94,9
May,B02512,40.77,-73.93,14
May,B02512,40.77,-73.92,13
May,B02512,40.77,-73.91,9
May,B02512,40.77,-73.9,4
May,B02512,40.77,-73.89,88
May,B02512,40.77,-73.88,12
May,B02512,40.77,-73.87,491
May,B02512,40.77,-73.86,220
May,B02512,40.77,-73.82000000000001,2
May,B02512,40.77,-73.79,1
May,B02512,40.78,-74.13,1
May,B02512,40.78,-74.05,2
May,B02512,40.78,-74.03,1
May,B02512,40.78,-74.02,4
May,B02512,40.78,-74.01,5
May,B02512,40.78,-73.99,131
May,B02512,40.78,-73.98,600
May,B02512,40.78,-73.97,138
May,B02512,40.78,-73.96000000000001,867
May,B02512,40.78,-73.95,479
May,B02512,40.78,-73.94,28
May,B02512,40.78,-73.93,4
May,B02512,40.78,-73.92,3
May,B02512,40.78,-73.91,8
May,B02512,40.78,-73.9,4
May,B02512,40.78,-73.85000000000001,2
May,B02512,40.78,-73.83,1
May,B02512,40.78,-73.82000000000001,2
May,B02512,40.78,-73.78,3
May,B02512,40.78,-73.73,4
May,B02512,40.78,-73.72,1
May,B02512,40.78,-73.71000000000001,1
May,B02512,40.79,-74.14,1
May,B02512,40.79,-74.08,1
May,B02512,40.79,-74.07000000000001,1
May,B02512,40.79,-74.06,2
May,B02512,40.79,-74.05,7
May,B02512,40.79,-74.04,10
May,B02512,40.79,-74.01,3
May,B02512,40.79,-74,3
May,B02512,40.79,-73.98,183
May,B02512,40.79,-73.97,318
May,B02512,40.79,-73.96000000000001,50
May,B02512,40.79,-73.95,121
May,B02512,40.79,-73.94,16
May,B02512,40.79,-73.93,32
May,B02512,40.79,-73.92,11
May,B02512,40.79,-73.84,1
May,B02512,40.79,-73.82000000000001,1
May,B02512,40.79,-73.78,1
May,B02512,40.79,-73.73,3
May,B02512,40.79,-73.7,1
May,B02512,40.800000000000004,-74.15,1
May,B02512,40.800000000000004,-74.13,1
May,B02512,40.800000000000004,-74.10000000000001,2
May,B02512,40.800000000000004,-74.07000000000001,5
May,B02512,40.800000000000004,-74.06,4
May,B02512,40.800000000000004,-74.05,1
May,B02512,40.800000000000004,-74.02,2
May,B02512,40.800000000000004,-74,1
May,B02512,40.800000000000004,-73.99,2
May,B02512,40.800000000000004,-73.98,3
May,B02512,40.800000000000004,-73.97,89
May,B02512,40.800000000000004,-73.96000000000001,45
May,B02512,40.800000000000004,-73.95,41
May,B02512,40.800000000000004,-73.94,26
May,B02512,40.800000000000004,-73.93,17
May,B02512,40.800000000000004,-73.92,9
May,B02512,40.800000000000004,-73.91,2
May,B02512,40.81,-74.14,2
May,B02512,40.81,-74.10000000000001,6
May,B02512,40.81,-74.08,4
May,B02512,40.81,-74.07000000000001,1
May,B02512,40.81,-74,2
May,B02512,40.81,-73.99,1
May,B02512,40.81,-73.97,12
May,B02512,40.81,-73.96000000000001,81
May,B02512,40.81,-73.95,45
May,B02512,40.81,-73.94,20
May,B02512,40.81,-73.93,9
May,B02512,40.81,-73.92,5
May,B02512,40.81,-73.91,2
May,B02512,40.81,-73.89,2
May,B02512,40.81,-73.86,1
May,B02512,40.82,-74.15,3
May,B02512,40.82,-74.14,1
May,B02512,40.82,-74.10000000000001,2
May,B02512,40.82,-73.99,5
May,B02512,40.82,-73.98,1
May,B02512,40.82,-73.96000000000001,14
May,B02512,40.82,-73.95,17
May,B02512,40.82,-73.94,21
May,B02512,40.82,-73.93,3
May,B02512,40.82,-73.92,4
May,B02512,40.82,-73.89,2
May,B02512,40.82,-73.86,2
May,B02512,40.83,-74.14,3
May,B02512,40.83,-74.12,2
May,B02512,40.83,-74.11,1
May,B02512,40.83,-74.10000000000001,1
May,B02512,40.83,-74.08,1
May,B02512,40.83,-74.07000000000001,1
May,B02512,40.83,-74,1
May,B02512,40.83,-73.99,1
May,B02512,40.83,-73.97,1
May,B02512,40.83,-73.95,11
May,B02512,40.83,-73.94,13
May,B02512,40.83,-73.93,11
May,B02512,40.83,-73.92,5
May,B02512,40.83,-73.91,1
May,B02512,40.83,-73.9,1
May,B02512,40.83,-73.89,3
May,B02512,40.83,-73.88,1
May,B02512,40.83,-73.87,1
May,B02512,40.84,-74.15,1
May,B02512,40.84,-74.08,1
May,B02512,40.84,-74.07000000000001,2
May,B02512,40.84,-73.98,1
May,B02512,40.84,-73.97,3
May,B02512,40.84,-73.95,5
May,B02512,40.84,-73.94,15
May,B02512,40.84,-73.92,2
May,B02512,40.84,-73.91,3
May,B02512,40.84,-73.9,1
May,B02512,40.84,-73.88,4
May,B02512,40.84,-73.86,1
May,B02512,40.84,-73.84,3
May,B02512,40.84,-73.83,1
May,B02512,40.85,-74.07000000000001,7
May,B02512,40.85,-74.01,1
May,B02512,40.85,-73.99,1
May,B02512,40.85,-73.97,3
May,B02512,40.85,-73.94,10
May,B02512,40.85,-73.93,6
May,B02512,40.85,-73.92,2
May,B02512,40.85,-73.91,1
May,B02512,40.85,-73.89,4
May,B02512,40.85,-73.88,1
May,B02512,40.85,-73.87,1
May,B02512,40.85,-73.86,2
May,B02512,40.85,-73.84,1
May,B02512,40.85,-73.83,1
May,B02512,40.85,-73.82000000000001,1
May,B02512,40.85,-73.79,1
May,B02512,40.86,-74.06,1
May,B02512,40.86,-74.05,1
May,B02512,40.86,-73.96000000000001,2
May,B02512,40.86,-73.94,1
May,B02512,40.86,-73.93,7
May,B02512,40.86,-73.92,1
May,B02512,40.86,-73.91,1
May,B02512,40.86,-73.89,6
May,B02512,40.86,-73.88,1
May,B02512,40.86,-73.87,1
May,B02512,40.86,-73.86,1
May,B02512,40.86,-73.84,1
May,B02512,40.86,-73.81,1
May,B02512,40.87,-74.06,1
May,B02512,40.87,-74.02,1
May,B02512,40.87,-74,1
May,B02512,40.87,-73.97,3
May,B02512,40.87,-73.96000000000001,3
May,B02512,40.87,-73.93,3
May,B02512,40.87,-73.92,3
May,B02512,40.87,-73.91,1
May,B02512,40.87,-73.9,1
May,B02512,40.87,-73.89,1
May,B02512,40.87,-73.88,2
May,B02512,40.87,-73.85000000000001,1
May,B02512,40.87,-73.81,2
May,B02512,40.88,-74.07000000000001,1
May,B02512,40.88,-74.05,1
May,B02512,40.88,-74,1
May,B02512,40.88,-73.99,1
May,B02512,40.88,-73.96000000000001,1
May,B02512,40.88,-73.95,2
May,B02512,40.88,-73.92,2
May,B02512,40.88,-73.91,1
May,B02512,40.88,-73.89,2
May,B02512,40.88,-73.88,1
May,B02512,40.88,-73.83,2
May,B02512,40.89,-74.05,1
May,B02512,40.89,-73.96000000000001,1
May,B02512,40.89,-73.94,1
May,B02512,40.89,-73.91,10
May,B02512,40.89,-73.9,6
May,B02512,40.89,-73.89,1
May,B02512,40.89,-73.84,1
May,B02512,40.89,-73.79,2
May,B02512,40.9,-74.10000000000001,2
May,B02512,40.9,-74.04,1
May,B02512,40.9,-73.99,1
May,B02512,40.9,-73.98,2
May,B02512,40.9,-73.97,1
May,B02512,40.9,-73.96000000000001,3
May,B02512,40.9,-73.95,2
May,B02512,40.9,-73.91,1
May,B02512,40.9,-73.9,2
May,B02512,40.9,-73.87,1
May,B02512,40.9,-73.84,1
May,B02512,40.9,-73.79,1
May,B02512,40.910000000000004,-74.03,1
May,B02512,40.910000000000004,-73.97,1
May,B02512,40.910000000000004,-73.9,1
May,B02512,40.910000000000004,-73.85000000000001,1
May,B02512,40.910000000000004,-73.81,1
May,B02512,40.910000000000004,-73.78,1
May,B02512,40.92,-74.08,1
May,B02512,40.92,-74.07000000000001,1
May,B02512,40.92,-73.96000000000001,2
May,B02512,40.92,-73.87,1
May,B02598,40.58,-74.11,1
May,B02598,40.58,-74,4
May,B02598,40.58,-73.99,3
May,B02598,40.58,-73.98,14
May,B02598,40.58,-73.97,9
May,B02598,40.58,-73.96000000000001,17
May,B02598,40.58,-73.95,19
May,B02598,40.58,-73.94,12
May,B02598,40.58,-73.93,3
May,B02598,40.58,-73.92,1
May,B02598,40.58,-73.84,1
May,B02598,40.58,-73.82000000000001,1
May,B02598,40.59,-74.10000000000001,2
May,B02598,40.59,-74.07000000000001,2
May,B02598,40.59,-74,3
May,B02598,40.59,-73.99,15
May,B02598,40.59,-73.98,11
May,B02598,40.59,-73.97,8
May,B02598,40.59,-73.96000000000001,21
May,B02598,40.59,-73.95,12
May,B02598,40.59,-73.94,11
May,B02598,40.59,-73.93,8
May,B02598,40.59,-73.92,1
May,B02598,40.59,-73.9,11
May,B02598,40.59,-73.82000000000001,2
May,B02598,40.59,-73.81,1
May,B02598,40.59,-73.8,1
May,B02598,40.59,-73.73,4
May,B02598,40.6,-74.11,2
May,B02598,40.6,-74.09,2
May,B02598,40.6,-74.08,1
May,B02598,40.6,-74.06,2
May,B02598,40.6,-74.01,13
May,B02598,40.6,-74,10
May,B02598,40.6,-73.99,13
May,B02598,40.6,-73.98,9
May,B02598,40.6,-73.97,83
May,B02598,40.6,-73.96000000000001,10
May,B02598,40.6,-73.95,17
May,B02598,40.6,-73.94,17
May,B02598,40.6,-73.93,3
May,B02598,40.6,-73.92,1
May,B02598,40.6,-73.91,4
May,B02598,40.6,-73.82000000000001,2
May,B02598,40.6,-73.8,1
May,B02598,40.6,-73.76,4
May,B02598,40.6,-73.75,5
May,B02598,40.6,-73.74,3
May,B02598,40.61,-74.10000000000001,1
May,B02598,40.61,-74.07000000000001,2
May,B02598,40.61,-74.06,4
May,B02598,40.61,-74.04,7
May,B02598,40.61,-74.03,14
May,B02598,40.61,-74.02,20
May,B02598,40.61,-74.01,12
May,B02598,40.61,-74,18
May,B02598,40.61,-73.99,13
May,B02598,40.61,-73.98,20
May,B02598,40.61,-73.97,36
May,B02598,40.61,-73.96000000000001,41
May,B02598,40.61,-73.95,16
May,B02598,40.61,-73.94,16
May,B02598,40.61,-73.93,6
May,B02598,40.61,-73.92,12
May,B02598,40.61,-73.91,5
May,B02598,40.61,-73.82000000000001,2
May,B02598,40.61,-73.76,3
May,B02598,40.61,-73.75,2
May,B02598,40.61,-73.74,1
May,B02598,40.61,-73.73,4
May,B02598,40.62,-74.11,3
May,B02598,40.62,-74.10000000000001,1
May,B02598,40.62,-74.09,1
May,B02598,40.62,-74.07000000000001,2
May,B02598,40.62,-74.04,19
May,B02598,40.62,-74.03,89
May,B02598,40.62,-74.02,65
May,B02598,40.62,-74.01,6
May,B02598,40.62,-74,18
May,B02598,40.62,-73.99,6
May,B02598,40.62,-73.98,7
May,B02598,40.62,-73.97,31
May,B02598,40.62,-73.96000000000001,31
May,B02598,40.62,-73.95,32
May,B02598,40.62,-73.94,12
May,B02598,40.62,-73.93,9
May,B02598,40.62,-73.92,22
May,B02598,40.62,-73.91,2
May,B02598,40.62,-73.9,1
May,B02598,40.62,-73.75,1
May,B02598,40.62,-73.73,9
May,B02598,40.62,-73.72,1
May,B02598,40.62,-73.71000000000001,1
May,B02598,40.63,-74.10000000000001,1
May,B02598,40.63,-74.09,1
May,B02598,40.63,-74.08,3
May,B02598,40.63,-74.04,8
May,B02598,40.63,-74.03,76
May,B02598,40.63,-74.02,34
May,B02598,40.63,-74.01,22
May,B02598,40.63,-74,6
May,B02598,40.63,-73.99,10
May,B02598,40.63,-73.98,12
May,B02598,40.63,-73.97,53
May,B02598,40.63,-73.96000000000001,53
May,B02598,40.63,-73.95,53
May,B02598,40.63,-73.94,27
May,B02598,40.63,-73.93,20
May,B02598,40.63,-73.92,26
May,B02598,40.63,-73.91,12
May,B02598,40.63,-73.9,11
May,B02598,40.63,-73.89,12
May,B02598,40.63,-73.78,2
May,B02598,40.63,-73.74,1
May,B02598,40.63,-73.72,2
May,B02598,40.63,-73.71000000000001,1
May,B02598,40.64,-74.11,1
May,B02598,40.64,-74.10000000000001,1
May,B02598,40.64,-74.09,1
May,B02598,40.64,-74.08,2
May,B02598,40.64,-74.07000000000001,1
May,B02598,40.64,-74.04,12
May,B02598,40.64,-74.03,22
May,B02598,40.64,-74.02,46
May,B02598,40.64,-74.01,24
May,B02598,40.64,-74,23
May,B02598,40.64,-73.99,16
May,B02598,40.64,-73.98,34
May,B02598,40.64,-73.97,96
May,B02598,40.64,-73.96000000000001,68
May,B02598,40.64,-73.95,54
May,B02598,40.64,-73.94,19
May,B02598,40.64,-73.93,31
May,B02598,40.64,-73.92,18
May,B02598,40.64,-73.91,26
May,B02598,40.64,-73.9,17
May,B02598,40.64,-73.89,14
May,B02598,40.64,-73.88,4
May,B02598,40.64,-73.8,2
May,B02598,40.64,-73.79,773
May,B02598,40.64,-73.78,1652
May,B02598,40.64,-73.75,1
May,B02598,40.64,-73.74,1
May,B02598,40.64,-73.73,1
May,B02598,40.65,-74.02,52
May,B02598,40.65,-74.01,51
May,B02598,40.65,-74,30
May,B02598,40.65,-73.99,4
May,B02598,40.65,-73.98,92
May,B02598,40.65,-73.97,95
May,B02598,40.65,-73.96000000000001,140
May,B02598,40.65,-73.95,56
May,B02598,40.65,-73.94,37
May,B02598,40.65,-73.93,23
May,B02598,40.65,-73.92,14
May,B02598,40.65,-73.91,45
May,B02598,40.65,-73.9,14
May,B02598,40.65,-73.89,16
May,B02598,40.65,-73.88,23
May,B02598,40.65,-73.87,4
May,B02598,40.65,-73.85000000000001,2
May,B02598,40.65,-73.84,11
May,B02598,40.65,-73.83,1
May,B02598,40.65,-73.81,3
May,B02598,40.65,-73.8,11
May,B02598,40.65,-73.79,931
May,B02598,40.65,-73.78,2257
May,B02598,40.65,-73.76,2
May,B02598,40.65,-73.74,1
May,B02598,40.65,-73.72,2
May,B02598,40.65,-73.71000000000001,1
May,B02598,40.660000000000004,-74.12,1
May,B02598,40.660000000000004,-74.10000000000001,1
May,B02598,40.660000000000004,-74.09,1
May,B02598,40.660000000000004,-74.01,81
May,B02598,40.660000000000004,-74,87
May,B02598,40.660000000000004,-73.99,284
May,B02598,40.660000000000004,-73.98,279
May,B02598,40.660000000000004,-73.97,6
May,B02598,40.660000000000004,-73.96000000000001,164
May,B02598,40.660000000000004,-73.95,174
May,B02598,40.660000000000004,-73.94,91
May,B02598,40.660000000000004,-73.93,54
May,B02598,40.660000000000004,-73.92,49
May,B02598,40.660000000000004,-73.91,45
May,B02598,40.660000000000004,-73.9,20
May,B02598,40.660000000000004,-73.89,25
May,B02598,40.660000000000004,-73.88,31
May,B02598,40.660000000000004,-73.87,6
May,B02598,40.660000000000004,-73.86,1
May,B02598,40.660000000000004,-73.85000000000001,2
May,B02598,40.660000000000004,-73.84,10
May,B02598,40.660000000000004,-73.83,3
May,B02598,40.660000000000004,-73.82000000000001,3
May,B02598,40.660000000000004,-73.81,10
May,B02598,40.660000000000004,-73.8,24
May,B02598,40.660000000000004,-73.79,6
May,B02598,40.660000000000004,-73.78,4
May,B02598,40.660000000000004,-73.77,15
May,B02598,40.660000000000004,-73.76,8
May,B02598,40.660000000000004,-73.75,2
May,B02598,40.660000000000004,-73.74,3
May,B02598,40.660000000000004,-73.73,6
May,B02598,40.660000000000004,-73.72,2
May,B02598,40.660000000000004,-73.7,2
May,B02598,40.67,-74.12,2
May,B02598,40.67,-74.10000000000001,3
May,B02598,40.67,-74.02,84
May,B02598,40.67,-74.01,112
May,B02598,40.67,-74,93
May,B02598,40.67,-73.99,435
May,B02598,40.67,-73.98,718
May,B02598,40.67,-73.97,363
May,B02598,40.67,-73.96000000000001,452
May,B02598,40.67,-73.95,285
May,B02598,40.67,-73.94,146
May,B02598,40.67,-73.93,98
May,B02598,40.67,-73.92,47
May,B02598,40.67,-73.91,23
May,B02598,40.67,-73.9,22
May,B02598,40.67,-73.89,16
May,B02598,40.67,-73.88,23
May,B02598,40.67,-73.87,23
May,B02598,40.67,-73.86,4
May,B02598,40.67,-73.85000000000001,14
May,B02598,40.67,-73.84,5
May,B02598,40.67,-73.83,10
May,B02598,40.67,-73.82000000000001,11
May,B02598,40.67,-73.81,20
May,B02598,40.67,-73.8,51
May,B02598,40.67,-73.79,36
May,B02598,40.67,-73.78,21
May,B02598,40.67,-73.77,13
May,B02598,40.67,-73.76,13
May,B02598,40.67,-73.75,3
May,B02598,40.67,-73.74,2
May,B02598,40.67,-73.73,6
May,B02598,40.68,-74.12,1
May,B02598,40.68,-74.11,2
May,B02598,40.68,-74.02,148
May,B02598,40.68,-74.01,328
May,B02598,40.68,-74,688
May,B02598,40.68,-73.99,621
May,B02598,40.68,-73.98,942
May,B02598,40.68,-73.97,716
May,B02598,40.68,-73.96000000000001,623
May,B02598,40.68,-73.95,344
May,B02598,40.68,-73.94,269
May,B02598,40.68,-73.93,129
May,B02598,40.68,-73.92,78
May,B02598,40.68,-73.91,54
May,B02598,40.68,-73.9,22
May,B02598,40.68,-73.89,8
May,B02598,40.68,-73.88,10
May,B02598,40.68,-73.87,16
May,B02598,40.68,-73.86,14
May,B02598,40.68,-73.85000000000001,7
May,B02598,40.68,-73.84,8
May,B02598,40.68,-73.83,5
May,B02598,40.68,-73.82000000000001,7
May,B02598,40.68,-73.81,5
May,B02598,40.68,-73.8,20
May,B02598,40.68,-73.79,6
May,B02598,40.68,-73.78,11
May,B02598,40.68,-73.77,9
May,B02598,40.68,-73.76,3
May,B02598,40.68,-73.75,5
May,B02598,40.68,-73.74,2
May,B02598,40.68,-73.73,1
May,B02598,40.68,-73.72,1
May,B02598,40.68,-73.71000000000001,2
May,B02598,40.69,-74.14,1
May,B02598,40.69,-74.11,4
May,B02598,40.69,-74.10000000000001,4
May,B02598,40.69,-74.09,2
May,B02598,40.69,-74.07000000000001,1
May,B02598,40.69,-74,789
May,B02598,40.69,-73.99,1325
May,B02598,40.69,-73.98,849
May,B02598,40.69,-73.97,968
May,B02598,40.69,-73.96000000000001,647
May,B02598,40.69,-73.95,385
May,B02598,40.69,-73.94,229
May,B02598,40.69,-73.93,189
May,B02598,40.69,-73.92,206
May,B02598,40.69,-73.91,138
May,B02598,40.69,-73.9,8
May,B02598,40.69,-73.89,2
May,B02598,40.69,-73.88,2
May,B02598,40.69,-73.87,4
May,B02598,40.69,-73.86,12
May,B02598,40.69,-73.85000000000001,9
May,B02598,40.69,-73.84,2
May,B02598,40.69,-73.83,9
May,B02598,40.69,-73.82000000000001,10
May,B02598,40.69,-73.81,15
May,B02598,40.69,-73.8,8
May,B02598,40.69,-73.79,3
May,B02598,40.69,-73.78,4
May,B02598,40.69,-73.77,10
May,B02598,40.69,-73.76,3
May,B02598,40.69,-73.75,5
May,B02598,40.69,-73.74,3
May,B02598,40.69,-73.73,1
May,B02598,40.69,-73.72,3
May,B02598,40.69,-73.71000000000001,1
May,B02598,40.7,-74.10000000000001,2
May,B02598,40.7,-74.09,4
May,B02598,40.7,-74.08,2
May,B02598,40.7,-74.07000000000001,4
May,B02598,40.7,-74.06,1
May,B02598,40.7,-74.05,1
May,B02598,40.7,-74.02,71
May,B02598,40.7,-74.01,1484
May,B02598,40.7,-74,226
May,B02598,40.7,-73.99,1558
May,B02598,40.7,-73.98,406
May,B02598,40.7,-73.97,215
May,B02598,40.7,-73.96000000000001,139
May,B02598,40.7,-73.95,163
May,B02598,40.7,-73.94,282
May,B02598,40.7,-73.93,505
May,B02598,40.7,-73.92,240
May,B02598,40.7,-73.91,105
May,B02598,40.7,-73.9,46
May,B02598,40.7,-73.89,12
May,B02598,40.7,-73.88,11
May,B02598,40.7,-73.87,7
May,B02598,40.7,-73.86,5
May,B02598,40.7,-73.85000000000001,8
May,B02598,40.7,-73.84,11
May,B02598,40.7,-73.83,14
May,B02598,40.7,-73.82000000000001,17
May,B02598,40.7,-73.81,35
May,B02598,40.7,-73.8,13
May,B02598,40.7,-73.79,10
May,B02598,40.7,-73.78,10
May,B02598,40.7,-73.77,3
May,B02598,40.7,-73.76,8
May,B02598,40.7,-73.75,2
May,B02598,40.7,-73.74,4
May,B02598,40.7,-73.72,5
May,B02598,40.71,-74.11,2
May,B02598,40.71,-74.10000000000001,4
May,B02598,40.71,-74.09,7
May,B02598,40.71,-74.08,4
May,B02598,40.71,-74.07000000000001,5
May,B02598,40.71,-74.06,14
May,B02598,40.71,-74.05,1
May,B02598,40.71,-74.04,68
May,B02598,40.71,-74.03,7
May,B02598,40.71,-74.02,1210
May,B02598,40.71,-74.01,6005
May,B02598,40.71,-74,1093
May,B02598,40.71,-73.99,540
May,B02598,40.71,-73.98,231
May,B02598,40.71,-73.97,571
May,B02598,40.71,-73.96000000000001,1337
May,B02598,40.71,-73.95,890
May,B02598,40.71,-73.94,687
May,B02598,40.71,-73.93,227
May,B02598,40.71,-73.92,257
May,B02598,40.71,-73.91,46
May,B02598,40.71,-73.9,30
May,B02598,40.71,-73.89,12
May,B02598,40.71,-73.88,25
May,B02598,40.71,-73.87,20
May,B02598,40.71,-73.86,11
May,B02598,40.71,-73.85000000000001,12
May,B02598,40.71,-73.84,18
May,B02598,40.71,-73.83,30
May,B02598,40.71,-73.82000000000001,27
May,B02598,40.71,-73.81,9
May,B02598,40.71,-73.8,13
May,B02598,40.71,-73.79,24
May,B02598,40.71,-73.78,15
May,B02598,40.71,-73.77,2
May,B02598,40.71,-73.76,5
May,B02598,40.71,-73.75,4
May,B02598,40.71,-73.74,4
May,B02598,40.71,-73.73,2
May,B02598,40.71,-73.72,8
May,B02598,40.72,-74.09,7
May,B02598,40.72,-74.08,7
May,B02598,40.72,-74.07000000000001,13
May,B02598,40.72,-74.06,17
May,B02598,40.72,-74.05,86
May,B02598,40.72,-74.04,156
May,B02598,40.72,-74.03,57
May,B02598,40.72,-74.02,582
May,B02598,40.72,-74.01,6581
May,B02598,40.72,-74,9877
May,B02598,40.72,-73.99,6293
May,B02598,40.72,-73.98,2044
May,B02598,40.72,-73.97,113
May,B02598,40.72,-73.96000000000001,2284
May,B02598,40.72,-73.95,945
May,B02598,40.72,-73.94,417
May,B02598,40.72,-73.93,12
May,B02598,40.72,-73.92,2
May,B02598,40.72,-73.91,26
May,B02598,40.72,-73.9,15
May,B02598,40.72,-73.89,19
May,B02598,40.72,-73.88,16
May,B02598,40.72,-73.87,18
May,B02598,40.72,-73.86,19
May,B02598,40.72,-73.85000000000001,58
May,B02598,40.72,-73.84,64
May,B02598,40.72,-73.83,10
May,B02598,40.72,-73.82000000000001,13
May,B02598,40.72,-73.81,26
May,B02598,40.72,-73.8,23
May,B02598,40.72,-73.79,17
May,B02598,40.72,-73.78,10
May,B02598,40.72,-73.77,2
May,B02598,40.72,-73.76,1
May,B02598,40.72,-73.75,3
May,B02598,40.72,-73.74,6
May,B02598,40.72,-73.72,1
May,B02598,40.72,-73.71000000000001,1
May,B02598,40.72,-73.7,2
May,B02598,40.730000000000004,-74.15,1
May,B02598,40.730000000000004,-74.14,1
May,B02598,40.730000000000004,-74.13,1
May,B02598,40.730000000000004,-74.08,7
May,B02598,40.730000000000004,-74.07000000000001,8
May,B02598,40.730000000000004,-74.06,13
May,B02598,40.730000000000004,-74.05,44
May,B02598,40.730000000000004,-74.04,97
May,B02598,40.730000000000004,-74.03,65
May,B02598,40.730000000000004,-74.02,1
May,B02598,40.730000000000004,-74.01,4194
May,B02598,40.730000000000004,-74,9881
May,B02598,40.730000000000004,-73.99,8281
May,B02598,40.730000000000004,-73.98,3476
May,B02598,40.730000000000004,-73.97,125
May,B02598,40.730000000000004,-73.96000000000001,471
May,B02598,40.730000000000004,-73.95,416
May,B02598,40.730000000000004,-73.94,137
May,B02598,40.730000000000004,-73.93,4
May,B02598,40.730000000000004,-73.92,10
May,B02598,40.730000000000004,-73.91,15
May,B02598,40.730000000000004,-73.9,30
May,B02598,40.730000000000004,-73.89,15
May,B02598,40.730000000000004,-73.88,11
May,B02598,40.730000000000004,-73.87,27
May,B02598,40.730000000000004,-73.86,57
May,B02598,40.730000000000004,-73.85000000000001,53
May,B02598,40.730000000000004,-73.84,5
May,B02598,40.730000000000004,-73.83,4
May,B02598,40.730000000000004,-73.82000000000001,18
May,B02598,40.730000000000004,-73.81,15
May,B02598,40.730000000000004,-73.8,8
May,B02598,40.730000000000004,-73.79,15
May,B02598,40.730000000000004,-73.78,3
May,B02598,40.730000000000004,-73.77,3
May,B02598,40.730000000000004,-73.76,1
May,B02598,40.730000000000004,-73.75,2
May,B02598,40.730000000000004,-73.74,3
May,B02598,40.730000000000004,-73.73,1
May,B02598,40.730000000000004,-73.72,1
May,B02598,40.730000000000004,-73.71000000000001,2
May,B02598,40.74,-74.12,1
May,B02598,40.74,-74.07000000000001,7
May,B02598,40.74,-74.06,18
May,B02598,40.74,-74.05,30
May,B02598,40.74,-74.04,137
May,B02598,40.74,-74.03,301
May,B02598,40.74,-74.01,6049
May,B02598,40.74,-74,8140
May,B02598,40.74,-73.99,11735
May,B02598,40.74,-73.98,4730
May,B02598,40.74,-73.97,833
May,B02598,40.74,-73.96000000000001,264
May,B02598,40.74,-73.95,199
May,B02598,40.74,-73.94,51
May,B02598,40.74,-73.93,107
May,B02598,40.74,-73.92,120
May,B02598,40.74,-73.91,21
May,B02598,40.74,-73.9,35
May,B02598,40.74,-73.89,26
May,B02598,40.74,-73.88,30
May,B02598,40.74,-73.87,35
May,B02598,40.74,-73.86,14
May,B02598,40.74,-73.85000000000001,22
May,B02598,40.74,-73.83,12
May,B02598,40.74,-73.82000000000001,10
May,B02598,40.74,-73.81,7
May,B02598,40.74,-73.8,4
May,B02598,40.74,-73.79,8
May,B02598,40.74,-73.78,15
May,B02598,40.74,-73.77,1
May,B02598,40.74,-73.76,5
May,B02598,40.74,-73.75,6
May,B02598,40.74,-73.74,2
May,B02598,40.74,-73.72,7
May,B02598,40.74,-73.71000000000001,1
May,B02598,40.75,-74.14,1
May,B02598,40.75,-74.05,9
May,B02598,40.75,-74.04,65
May,B02598,40.75,-74.03,285
May,B02598,40.75,-74.02,31
May,B02598,40.75,-74.01,2237
May,B02598,40.75,-74,3933
May,B02598,40.75,-73.99,10029
May,B02598,40.75,-73.98,9469
May,B02598,40.75,-73.97,4182
May,B02598,40.75,-73.96000000000001,385
May,B02598,40.75,-73.95,276
May,B02598,40.75,-73.94,465
May,B02598,40.75,-73.93,111
May,B02598,40.75,-73.92,73
May,B02598,40.75,-73.91,57
May,B02598,40.75,-73.9,45
May,B02598,40.75,-73.89,49
May,B02598,40.75,-73.88,30
May,B02598,40.75,-73.87,18
May,B02598,40.75,-73.86,8
May,B02598,40.75,-73.85000000000001,46
May,B02598,40.75,-73.84,13
May,B02598,40.75,-73.83,27
May,B02598,40.75,-73.82000000000001,10
May,B02598,40.75,-73.81,5
May,B02598,40.75,-73.8,3
May,B02598,40.75,-73.79,2
May,B02598,40.75,-73.78,2
May,B02598,40.75,-73.77,3
May,B02598,40.75,-73.76,4
May,B02598,40.75,-73.75,6
May,B02598,40.75,-73.74,1
May,B02598,40.75,-73.73,2
May,B02598,40.75,-73.72,3
May,B02598,40.75,-73.71000000000001,9
May,B02598,40.76,-74.08,2
May,B02598,40.76,-74.07000000000001,2
May,B02598,40.76,-74.05,3
May,B02598,40.76,-74.04,6
May,B02598,40.76,-74.03,33
May,B02598,40.76,-74.02,27
May,B02598,40.76,-74.01,3
May,B02598,40.76,-74,2952
May,B02598,40.76,-73.99,7101
May,B02598,40.76,-73.98,14402
May,B02598,40.76,-73.97,14032
May,B02598,40.76,-73.96000000000001,2573
May,B02598,40.76,-73.95,199
May,B02598,40.76,-73.94,61
May,B02598,40.76,-73.93,151
May,B02598,40.76,-73.92,242
May,B02598,40.76,-73.91,122
May,B02598,40.76,-73.9,23
May,B02598,40.76,-73.89,12
May,B02598,40.76,-73.88,22
May,B02598,40.76,-73.87,9
May,B02598,40.76,-73.86,18
May,B02598,40.76,-73.85000000000001,28
May,B02598,40.76,-73.84,99
May,B02598,40.76,-73.83,74
May,B02598,40.76,-73.82000000000001,14
May,B02598,40.76,-73.81,12
May,B02598,40.76,-73.8,14
May,B02598,40.76,-73.79,4
May,B02598,40.76,-73.78,2
May,B02598,40.76,-73.77,15
May,B02598,40.76,-73.76,8
May,B02598,40.76,-73.75,1
May,B02598,40.76,-73.74,3
May,B02598,40.76,-73.73,4
May,B02598,40.76,-73.72,1
May,B02598,40.76,-73.71000000000001,2
May,B02598,40.76,-73.7,2
May,B02598,40.77,-74.14,1
May,B02598,40.77,-74.07000000000001,1
May,B02598,40.77,-74.06,1
May,B02598,40.77,-74.04,17
May,B02598,40.77,-74.03,17
May,B02598,40.77,-74.02,15
May,B02598,40.77,-74.01,5
May,B02598,40.77,-74,212
May,B02598,40.77,-73.99,2551
May,B02598,40.77,-73.98,5172
May,B02598,40.77,-73.97,2838
May,B02598,40.77,-73.96000000000001,5949
May,B02598,40.77,-73.95,2833
May,B02598,40.77,-73.94,79
May,B02598,40.77,-73.93,102
May,B02598,40.77,-73.92,236
May,B02598,40.77,-73.91,144
May,B02598,40.77,-73.9,62
May,B02598,40.77,-73.89,502
May,B02598,40.77,-73.88,87
May,B02598,40.77,-73.87,3189
May,B02598,40.77,-73.86,1385
May,B02598,40.77,-73.85000000000001,1
May,B02598,40.77,-73.84,14
May,B02598,40.77,-73.83,6
May,B02598,40.77,-73.82000000000001,9
May,B02598,40.77,-73.81,4
May,B02598,40.77,-73.8,2
May,B02598,40.77,-73.79,4
May,B02598,40.77,-73.78,3
May,B02598,40.77,-73.77,5
May,B02598,40.77,-73.75,3
May,B02598,40.77,-73.74,4
May,B02598,40.77,-73.73,8
May,B02598,40.77,-73.72,2
May,B02598,40.77,-73.71000000000001,4
May,B02598,40.78,-74.08,1
May,B02598,40.78,-74.07000000000001,6
May,B02598,40.78,-74.06,1
May,B02598,40.78,-74.05,1
May,B02598,40.78,-74.04,10
May,B02598,40.78,-74.03,3
May,B02598,40.78,-74.02,12
May,B02598,40.78,-74.01,34
May,B02598,40.78,-74,8
May,B02598,40.78,-73.99,809
May,B02598,40.78,-73.98,3561
May,B02598,40.78,-73.97,773
May,B02598,40.78,-73.96000000000001,4185
May,B02598,40.78,-73.95,3435
May,B02598,40.78,-73.94,213
May,B02598,40.78,-73.93,21
May,B02598,40.78,-73.92,54
May,B02598,40.78,-73.91,70
May,B02598,40.78,-73.9,23
May,B02598,40.78,-73.87,1
May,B02598,40.78,-73.85000000000001,8
May,B02598,40.78,-73.84,7
May,B02598,40.78,-73.83,6
May,B02598,40.78,-73.82000000000001,7
May,B02598,40.78,-73.81,2
May,B02598,40.78,-73.8,5
May,B02598,40.78,-73.79,1
May,B02598,40.78,-73.78,10
May,B02598,40.78,-73.77,4
May,B02598,40.78,-73.75,4
May,B02598,40.78,-73.73,12
May,B02598,40.78,-73.72,4
May,B02598,40.78,-73.71000000000001,1
May,B02598,40.79,-74.14,1
May,B02598,40.79,-74.07000000000001,4
May,B02598,40.79,-74.06,1
May,B02598,40.79,-74.05,7
May,B02598,40.79,-74.04,32
May,B02598,40.79,-74.03,1
May,B02598,40.79,-74.02,4
May,B02598,40.79,-74.01,8
May,B02598,40.79,-74,16
May,B02598,40.79,-73.98,1433
May,B02598,40.79,-73.97,1783
May,B02598,40.79,-73.96000000000001,361
May,B02598,40.79,-73.95,729
May,B02598,40.79,-73.94,150
May,B02598,40.79,-73.93,272
May,B02598,40.79,-73.92,85
May,B02598,40.79,-73.86,1
May,B02598,40.79,-73.85000000000001,2
May,B02598,40.79,-73.84,11
May,B02598,40.79,-73.83,1
May,B02598,40.79,-73.82000000000001,2
May,B02598,40.79,-73.81,3
May,B02598,40.79,-73.8,10
May,B02598,40.79,-73.79,3
May,B02598,40.79,-73.78,2
May,B02598,40.79,-73.75,1
May,B02598,40.79,-73.73,9
May,B02598,40.79,-73.72,3
May,B02598,40.79,-73.71000000000001,1
May,B02598,40.79,-73.7,1
May,B02598,40.800000000000004,-74.10000000000001,1
May,B02598,40.800000000000004,-74.07000000000001,2
May,B02598,40.800000000000004,-74.06,6
May,B02598,40.800000000000004,-74.05,2
May,B02598,40.800000000000004,-74.02,7
May,B02598,40.800000000000004,-74,4
May,B02598,40.800000000000004,-73.99,7
May,B02598,40.800000000000004,-73.98,65
May,B02598,40.800000000000004,-73.97,795
May,B02598,40.800000000000004,-73.96000000000001,319
May,B02598,40.800000000000004,-73.95,295
May,B02598,40.800000000000004,-73.94,198
May,B02598,40.800000000000004,-73.93,163
May,B02598,40.800000000000004,-73.92,35
May,B02598,40.800000000000004,-73.91,12
May,B02598,40.800000000000004,-73.85000000000001,1
May,B02598,40.800000000000004,-73.82000000000001,2
May,B02598,40.800000000000004,-73.74,2
May,B02598,40.800000000000004,-73.73,1
May,B02598,40.81,-74.15,1
May,B02598,40.81,-74.12,1
May,B02598,40.81,-74.11,2
May,B02598,40.81,-74.10000000000001,5
May,B02598,40.81,-74.09,1
May,B02598,40.81,-74.08,10
May,B02598,40.81,-74.07000000000001,4
May,B02598,40.81,-74.01,1
May,B02598,40.81,-74,3
May,B02598,40.81,-73.99,5
May,B02598,40.81,-73.97,128
May,B02598,40.81,-73.96000000000001,493
May,B02598,40.81,-73.95,347
May,B02598,40.81,-73.94,277
May,B02598,40.81,-73.93,42
May,B02598,40.81,-73.92,14
May,B02598,40.81,-73.91,12
May,B02598,40.81,-73.9,1
May,B02598,40.81,-73.89,9
May,B02598,40.81,-73.88,1
May,B02598,40.81,-73.87,2
May,B02598,40.81,-73.86,6
May,B02598,40.81,-73.85000000000001,2
May,B02598,40.81,-73.82000000000001,2
May,B02598,40.81,-73.81,3
May,B02598,40.81,-73.8,3
May,B02598,40.81,-73.75,1
May,B02598,40.82,-74.14,2
May,B02598,40.82,-74.13,4
May,B02598,40.82,-74.12,1
May,B02598,40.82,-74.11,1
May,B02598,40.82,-74.09,1
May,B02598,40.82,-74.06,1
May,B02598,40.82,-74.03,1
May,B02598,40.82,-74,2
May,B02598,40.82,-73.99,4
May,B02598,40.82,-73.98,6
May,B02598,40.82,-73.96000000000001,104
May,B02598,40.82,-73.95,154
May,B02598,40.82,-73.94,199
May,B02598,40.82,-73.93,20
May,B02598,40.82,-73.92,11
May,B02598,40.82,-73.91,27
May,B02598,40.82,-73.9,11
May,B02598,40.82,-73.89,13
May,B02598,40.82,-73.88,1
May,B02598,40.82,-73.87,4
May,B02598,40.82,-73.86,3
May,B02598,40.82,-73.85000000000001,2
May,B02598,40.82,-73.84,2
May,B02598,40.82,-73.82000000000001,8
May,B02598,40.82,-73.81,2
May,B02598,40.82,-73.7,1
May,B02598,40.83,-74.14,1
May,B02598,40.83,-74.10000000000001,2
May,B02598,40.83,-74.09,3
May,B02598,40.83,-74.08,2
May,B02598,40.83,-74.07000000000001,2
May,B02598,40.83,-74.01,1
May,B02598,40.83,-74,1
May,B02598,40.83,-73.98,2
May,B02598,40.83,-73.97,3
May,B02598,40.83,-73.95,91
May,B02598,40.83,-73.94,118
May,B02598,40.83,-73.93,123
May,B02598,40.83,-73.92,51
May,B02598,40.83,-73.91,15
May,B02598,40.83,-73.9,10
May,B02598,40.83,-73.89,9
May,B02598,40.83,-73.88,7
May,B02598,40.83,-73.87,6
May,B02598,40.83,-73.86,8
May,B02598,40.83,-73.85000000000001,2
May,B02598,40.83,-73.84,1
May,B02598,40.83,-73.83,1
May,B02598,40.83,-73.82000000000001,5
May,B02598,40.83,-73.75,2
May,B02598,40.84,-74.15,4
May,B02598,40.84,-74.10000000000001,1
May,B02598,40.84,-74.08,1
May,B02598,40.84,-74.07000000000001,3
May,B02598,40.84,-74.04,1
May,B02598,40.84,-74,1
May,B02598,40.84,-73.99,2
May,B02598,40.84,-73.98,2
May,B02598,40.84,-73.97,4
May,B02598,40.84,-73.95,24
May,B02598,40.84,-73.94,167
May,B02598,40.84,-73.93,4
May,B02598,40.84,-73.92,13
May,B02598,40.84,-73.91,16
May,B02598,40.84,-73.9,4
May,B02598,40.84,-73.89,6
May,B02598,40.84,-73.88,10
May,B02598,40.84,-73.87,3
May,B02598,40.84,-73.86,8
May,B02598,40.84,-73.85000000000001,4
May,B02598,40.84,-73.84,7
May,B02598,40.84,-73.83,8
May,B02598,40.84,-73.82000000000001,2
May,B02598,40.84,-73.79,1
May,B02598,40.84,-73.7,1
May,B02598,40.85,-74.10000000000001,1
May,B02598,40.85,-74.09,1
May,B02598,40.85,-74.07000000000001,5
May,B02598,40.85,-74.05,3
May,B02598,40.85,-74.04,2
May,B02598,40.85,-74.02,1
May,B02598,40.85,-74.01,5
May,B02598,40.85,-74,1
May,B02598,40.85,-73.99,1
May,B02598,40.85,-73.98,3
May,B02598,40.85,-73.97,10
May,B02598,40.85,-73.96000000000001,1
May,B02598,40.85,-73.95,3
May,B02598,40.85,-73.94,96
May,B02598,40.85,-73.93,85
May,B02598,40.85,-73.92,11
May,B02598,40.85,-73.91,17
May,B02598,40.85,-73.9,4
May,B02598,40.85,-73.89,20
May,B02598,40.85,-73.88,12
May,B02598,40.85,-73.87,9
May,B02598,40.85,-73.86,18
May,B02598,40.85,-73.85000000000001,18
May,B02598,40.85,-73.84,14
May,B02598,40.85,-73.83,12
May,B02598,40.85,-73.82000000000001,2
May,B02598,40.85,-73.79,4
May,B02598,40.85,-73.78,1
May,B02598,40.85,-73.71000000000001,1
May,B02598,40.86,-74.09,1
May,B02598,40.86,-74.07000000000001,1
May,B02598,40.86,-74.06,3
May,B02598,40.86,-74.03,2
May,B02598,40.86,-74.02,1
May,B02598,40.86,-73.98,2
May,B02598,40.86,-73.97,10
May,B02598,40.86,-73.96000000000001,2
May,B02598,40.86,-73.94,14
May,B02598,40.86,-73.93,49
May,B02598,40.86,-73.92,16
May,B02598,40.86,-73.91,11
May,B02598,40.86,-73.9,12
May,B02598,40.86,-73.89,70
May,B02598,40.86,-73.88,29
May,B02598,40.86,-73.87,12
May,B02598,40.86,-73.86,9
May,B02598,40.86,-73.85000000000001,14
May,B02598,40.86,-73.84,4
May,B02598,40.86,-73.83,1
May,B02598,40.86,-73.82000000000001,1
May,B02598,40.86,-73.79,1
May,B02598,40.87,-74.13,2
May,B02598,40.87,-74.10000000000001,1
May,B02598,40.87,-74.06,1
May,B02598,40.87,-74.03,1
May,B02598,40.87,-74.01,1
May,B02598,40.87,-74,2
May,B02598,40.87,-73.98,1
May,B02598,40.87,-73.97,1
May,B02598,40.87,-73.96000000000001,3
May,B02598,40.87,-73.95,2
May,B02598,40.87,-73.93,47
May,B02598,40.87,-73.92,42
May,B02598,40.87,-73.91,17
May,B02598,40.87,-73.9,16
May,B02598,40.87,-73.89,22
May,B02598,40.87,-73.88,19
May,B02598,40.87,-73.87,7
May,B02598,40.87,-73.86,4
May,B02598,40.87,-73.85000000000001,5
May,B02598,40.87,-73.84,2
May,B02598,40.87,-73.83,7
May,B02598,40.87,-73.82000000000001,3
May,B02598,40.87,-73.81,5
May,B02598,40.88,-74.14,1
May,B02598,40.88,-74.11,1
May,B02598,40.88,-74.10000000000001,1
May,B02598,40.88,-74.07000000000001,1
May,B02598,40.88,-74.06,4
May,B02598,40.88,-74.04,2
May,B02598,40.88,-74.03,1
May,B02598,40.88,-74.02,1
May,B02598,40.88,-73.99,4
May,B02598,40.88,-73.98,1
May,B02598,40.88,-73.97,1
May,B02598,40.88,-73.92,14
May,B02598,40.88,-73.91,39
May,B02598,40.88,-73.9,22
May,B02598,40.88,-73.89,13
May,B02598,40.88,-73.88,31
May,B02598,40.88,-73.87,5
May,B02598,40.88,-73.86,8
May,B02598,40.88,-73.85000000000001,7
May,B02598,40.88,-73.84,8
May,B02598,40.88,-73.83,5
May,B02598,40.88,-73.82000000000001,1
May,B02598,40.89,-74.06,1
May,B02598,40.89,-74.05,2
May,B02598,40.89,-74.04,2
May,B02598,40.89,-74.02,2
May,B02598,40.89,-74.01,2
May,B02598,40.89,-74,1
May,B02598,40.89,-73.98,3
May,B02598,40.89,-73.97,7
May,B02598,40.89,-73.96000000000001,7
May,B02598,40.89,-73.95,10
May,B02598,40.89,-73.94,3
May,B02598,40.89,-73.92,1
May,B02598,40.89,-73.91,95
May,B02598,40.89,-73.9,124
May,B02598,40.89,-73.89,2
May,B02598,40.89,-73.88,7
May,B02598,40.89,-73.86,4
May,B02598,40.89,-73.85000000000001,3
May,B02598,40.89,-73.84,5
May,B02598,40.89,-73.8,1
May,B02598,40.89,-73.79,2
May,B02598,40.89,-73.78,5
May,B02598,40.9,-74.12,1
May,B02598,40.9,-74.09,1
May,B02598,40.9,-74.06,1
May,B02598,40.9,-74.03,1
May,B02598,40.9,-74,3
May,B02598,40.9,-73.97,2
May,B02598,40.9,-73.96000000000001,1
May,B02598,40.9,-73.94,3
May,B02598,40.9,-73.91,9
May,B02598,40.9,-73.9,57
May,B02598,40.9,-73.87,7
May,B02598,40.9,-73.86,6
May,B02598,40.9,-73.85000000000001,7
May,B02598,40.9,-73.84,1
May,B02598,40.9,-73.82000000000001,1
May,B02598,40.9,-73.81,2
May,B02598,40.9,-73.8,1
May,B02598,40.9,-73.79,1
May,B02598,40.9,-73.77,3
May,B02598,40.910000000000004,-74.10000000000001,1
May,B02598,40.910000000000004,-74.07000000000001,1
May,B02598,40.910000000000004,-74.06,1
May,B02598,40.910000000000004,-74.04,4
May,B02598,40.910000000000004,-74.03,3
May,B02598,40.910000000000004,-74.01,1
May,B02598,40.910000000000004,-74,1
May,B02598,40.910000000000004,-73.97,1
May,B02598,40.910000000000004,-73.96000000000001,4
May,B02598,40.910000000000004,-73.95,1
May,B02598,40.910000000000004,-73.91,8
May,B02598,40.910000000000004,-73.9,14
May,B02598,40.910000000000004,-73.88,2
May,B02598,40.910000000000004,-73.87,1
May,B02598,40.910000000000004,-73.86,3
May,B02598,40.910000000000004,-73.85000000000001,6
May,B02598,40.910000000000004,-73.81,1
May,B02598,40.910000000000004,-73.78,7
May,B02598,40.92,-73.95,1
May,B02598,40.92,-73.89,1
May,B02598,40.92,-73.82000000000001,1
May,B02617,40.58,-74,1
May,B02617,40.58,-73.99,1
May,B02617,40.58,-73.98,2
May,B02617,40.58,-73.97,6
May,B02617,40.58,-73.96000000000001,10
May,B02617,40.58,-73.95,4
May,B02617,40.58,-73.94,7
May,B02617,40.58,-73.93,1
May,B02617,40.58,-73.83,1
May,B02617,40.58,-73.82000000000001,2
May,B02617,40.59,-74.10000000000001,1
May,B02617,40.59,-74,2
May,B02617,40.59,-73.99,5
May,B02617,40.59,-73.98,4
May,B02617,40.59,-73.97,5
May,B02617,40.59,-73.96000000000001,9
May,B02617,40.59,-73.95,11
May,B02617,40.59,-73.94,2
May,B02617,40.59,-73.93,4
May,B02617,40.59,-73.9,8
May,B02617,40.59,-73.82000000000001,1
May,B02617,40.59,-73.81,1
May,B02617,40.59,-73.75,1
May,B02617,40.6,-74.14,1
May,B02617,40.6,-74.01,8
May,B02617,40.6,-74,5
May,B02617,40.6,-73.99,8
May,B02617,40.6,-73.98,7
May,B02617,40.6,-73.97,63
May,B02617,40.6,-73.96000000000001,12
May,B02617,40.6,-73.95,7
May,B02617,40.6,-73.94,5
May,B02617,40.6,-73.93,1
May,B02617,40.6,-73.92,1
May,B02617,40.6,-73.91,3
May,B02617,40.6,-73.82000000000001,2
May,B02617,40.6,-73.76,1
May,B02617,40.6,-73.75,1
May,B02617,40.6,-73.74,1
May,B02617,40.61,-74.07000000000001,2
May,B02617,40.61,-74.06,2
May,B02617,40.61,-74.04,2
May,B02617,40.61,-74.03,2
May,B02617,40.61,-74.02,9
May,B02617,40.61,-74.01,3
May,B02617,40.61,-74,10
May,B02617,40.61,-73.99,4
May,B02617,40.61,-73.98,6
May,B02617,40.61,-73.97,13
May,B02617,40.61,-73.96000000000001,21
May,B02617,40.61,-73.95,12
May,B02617,40.61,-73.94,4
May,B02617,40.61,-73.93,3
May,B02617,40.61,-73.92,14
May,B02617,40.61,-73.91,5
May,B02617,40.61,-73.9,1
May,B02617,40.61,-73.82000000000001,1
May,B02617,40.61,-73.76,2
May,B02617,40.61,-73.75,1
May,B02617,40.61,-73.74,1
May,B02617,40.61,-73.73,2
May,B02617,40.61,-73.72,1
May,B02617,40.61,-73.71000000000001,1
May,B02617,40.62,-74.10000000000001,1
May,B02617,40.62,-74.09,4
May,B02617,40.62,-74.08,4
May,B02617,40.62,-74.07000000000001,1
May,B02617,40.62,-74.04,6
May,B02617,40.62,-74.03,40
May,B02617,40.62,-74.02,18
May,B02617,40.62,-74.01,14
May,B02617,40.62,-74,6
May,B02617,40.62,-73.99,4
May,B02617,40.62,-73.98,2
May,B02617,40.62,-73.97,29
May,B02617,40.62,-73.96000000000001,21
May,B02617,40.62,-73.95,12
May,B02617,40.62,-73.94,10
May,B02617,40.62,-73.93,8
May,B02617,40.62,-73.92,6
May,B02617,40.62,-73.91,3
May,B02617,40.62,-73.9,2
May,B02617,40.62,-73.75,2
May,B02617,40.62,-73.73,4
May,B02617,40.63,-74.09,1
May,B02617,40.63,-74.07000000000001,1
May,B02617,40.63,-74.04,1
May,B02617,40.63,-74.03,22
May,B02617,40.63,-74.02,18
May,B02617,40.63,-74.01,14
May,B02617,40.63,-74,6
May,B02617,40.63,-73.99,4
May,B02617,40.63,-73.98,5
May,B02617,40.63,-73.97,25
May,B02617,40.63,-73.96000000000001,29
May,B02617,40.63,-73.95,38
May,B02617,40.63,-73.94,16
May,B02617,40.63,-73.93,9
May,B02617,40.63,-73.92,19
May,B02617,40.63,-73.91,9
May,B02617,40.63,-73.9,6
May,B02617,40.63,-73.89,11
May,B02617,40.63,-73.88,2
May,B02617,40.63,-73.73,2
May,B02617,40.63,-73.71000000000001,2
May,B02617,40.64,-74.12,1
May,B02617,40.64,-74.08,6
May,B02617,40.64,-74.04,7
May,B02617,40.64,-74.03,15
May,B02617,40.64,-74.02,12
May,B02617,40.64,-74.01,7
May,B02617,40.64,-74,21
May,B02617,40.64,-73.99,14
May,B02617,40.64,-73.98,16
May,B02617,40.64,-73.97,46
May,B02617,40.64,-73.96000000000001,32
May,B02617,40.64,-73.95,25
May,B02617,40.64,-73.94,12
May,B02617,40.64,-73.93,15
May,B02617,40.64,-73.92,14
May,B02617,40.64,-73.91,10
May,B02617,40.64,-73.9,2
May,B02617,40.64,-73.89,4
May,B02617,40.64,-73.88,3
May,B02617,40.64,-73.8,1
May,B02617,40.64,-73.79,354
May,B02617,40.64,-73.78,960
May,B02617,40.64,-73.74,1
May,B02617,40.64,-73.73,1
May,B02617,40.64,-73.72,1
May,B02617,40.64,-73.71000000000001,2
May,B02617,40.65,-74.13,1
May,B02617,40.65,-74.02,22
May,B02617,40.65,-74.01,32
May,B02617,40.65,-74,15
May,B02617,40.65,-73.99,1
May,B02617,40.65,-73.98,51
May,B02617,40.65,-73.97,38
May,B02617,40.65,-73.96000000000001,58
May,B02617,40.65,-73.95,31
May,B02617,40.65,-73.94,21
May,B02617,40.65,-73.93,11
May,B02617,40.65,-73.92,8
May,B02617,40.65,-73.91,15
May,B02617,40.65,-73.9,6
May,B02617,40.65,-73.89,4
May,B02617,40.65,-73.88,14
May,B02617,40.65,-73.85000000000001,1
May,B02617,40.65,-73.84,2
May,B02617,40.65,-73.83,1
May,B02617,40.65,-73.81,3
May,B02617,40.65,-73.8,6
May,B02617,40.65,-73.79,434
May,B02617,40.65,-73.78,1092
May,B02617,40.65,-73.77,1
May,B02617,40.65,-73.76,1
May,B02617,40.65,-73.73,2
May,B02617,40.660000000000004,-74.12,1
May,B02617,40.660000000000004,-74.11,1
May,B02617,40.660000000000004,-74.10000000000001,1
May,B02617,40.660000000000004,-74.01,47
May,B02617,40.660000000000004,-74,47
May,B02617,40.660000000000004,-73.99,130
May,B02617,40.660000000000004,-73.98,154
May,B02617,40.660000000000004,-73.97,7
May,B02617,40.660000000000004,-73.96000000000001,82
May,B02617,40.660000000000004,-73.95,93
May,B02617,40.660000000000004,-73.94,37
May,B02617,40.660000000000004,-73.93,13
May,B02617,40.660000000000004,-73.92,22
May,B02617,40.660000000000004,-73.91,21
May,B02617,40.660000000000004,-73.9,12
May,B02617,40.660000000000004,-73.89,13
May,B02617,40.660000000000004,-73.88,8
May,B02617,40.660000000000004,-73.87,7
May,B02617,40.660000000000004,-73.86,3
May,B02617,40.660000000000004,-73.84,4
May,B02617,40.660000000000004,-73.83,4
May,B02617,40.660000000000004,-73.82000000000001,2
May,B02617,40.660000000000004,-73.81,2
May,B02617,40.660000000000004,-73.8,8
May,B02617,40.660000000000004,-73.79,4
May,B02617,40.660000000000004,-73.78,1
May,B02617,40.660000000000004,-73.77,5
May,B02617,40.660000000000004,-73.76,3
May,B02617,40.660000000000004,-73.74,2
May,B02617,40.660000000000004,-73.73,1
May,B02617,40.660000000000004,-73.7,4
May,B02617,40.67,-74.12,2
May,B02617,40.67,-74.10000000000001,2
May,B02617,40.67,-74.02,46
May,B02617,40.67,-74.01,43
May,B02617,40.67,-74,32
May,B02617,40.67,-73.99,217
May,B02617,40.67,-73.98,355
May,B02617,40.67,-73.97,197
May,B02617,40.67,-73.96000000000001,285
May,B02617,40.67,-73.95,139
May,B02617,40.67,-73.94,67
May,B02617,40.67,-73.93,49
May,B02617,40.67,-73.92,22
May,B02617,40.67,-73.91,20
May,B02617,40.67,-73.9,10
May,B02617,40.67,-73.89,15
May,B02617,40.67,-73.88,5
May,B02617,40.67,-73.87,3
May,B02617,40.67,-73.86,6
May,B02617,40.67,-73.85000000000001,2
May,B02617,40.67,-73.84,2
May,B02617,40.67,-73.83,6
May,B02617,40.67,-73.82000000000001,3
May,B02617,40.67,-73.81,11
May,B02617,40.67,-73.8,18
May,B02617,40.67,-73.79,20
May,B02617,40.67,-73.78,7
May,B02617,40.67,-73.77,4
May,B02617,40.67,-73.76,5
May,B02617,40.67,-73.75,2
May,B02617,40.67,-73.74,1
May,B02617,40.67,-73.73,2
May,B02617,40.68,-74.10000000000001,2
May,B02617,40.68,-74.02,68
May,B02617,40.68,-74.01,152
May,B02617,40.68,-74,265
May,B02617,40.68,-73.99,284
May,B02617,40.68,-73.98,473
May,B02617,40.68,-73.97,386
May,B02617,40.68,-73.96000000000001,356
May,B02617,40.68,-73.95,174
May,B02617,40.68,-73.94,138
May,B02617,40.68,-73.93,95
May,B02617,40.68,-73.92,48
May,B02617,40.68,-73.91,27
May,B02617,40.68,-73.9,13
May,B02617,40.68,-73.89,3
May,B02617,40.68,-73.88,6
May,B02617,40.68,-73.87,8
May,B02617,40.68,-73.86,4
May,B02617,40.68,-73.85000000000001,8
May,B02617,40.68,-73.84,9
May,B02617,40.68,-73.83,3
May,B02617,40.68,-73.81,1
May,B02617,40.68,-73.8,5
May,B02617,40.68,-73.79,2
May,B02617,40.68,-73.78,7
May,B02617,40.68,-73.77,5
May,B02617,40.68,-73.76,2
May,B02617,40.68,-73.75,1
May,B02617,40.68,-73.74,3
May,B02617,40.68,-73.73,1
May,B02617,40.68,-73.72,1
May,B02617,40.69,-74.11,1
May,B02617,40.69,-74.10000000000001,3
May,B02617,40.69,-74,346
May,B02617,40.69,-73.99,760
May,B02617,40.69,-73.98,469
May,B02617,40.69,-73.97,554
May,B02617,40.69,-73.96000000000001,338
May,B02617,40.69,-73.95,215
May,B02617,40.69,-73.94,151
May,B02617,40.69,-73.93,109
May,B02617,40.69,-73.92,164
May,B02617,40.69,-73.91,65
May,B02617,40.69,-73.9,12
May,B02617,40.69,-73.88,2
May,B02617,40.69,-73.87,3
May,B02617,40.69,-73.86,7
May,B02617,40.69,-73.85000000000001,3
May,B02617,40.69,-73.84,2
May,B02617,40.69,-73.83,8
May,B02617,40.69,-73.82000000000001,5
May,B02617,40.69,-73.81,2
May,B02617,40.69,-73.8,3
May,B02617,40.69,-73.79,3
May,B02617,40.69,-73.78,1
May,B02617,40.69,-73.77,2
May,B02617,40.69,-73.76,4
May,B02617,40.69,-73.74,6
May,B02617,40.69,-73.72,1
May,B02617,40.69,-73.71000000000001,1
May,B02617,40.7,-74.10000000000001,1
May,B02617,40.7,-74.09,6
May,B02617,40.7,-74.07000000000001,3
May,B02617,40.7,-74.05,3
May,B02617,40.7,-74.02,31
May,B02617,40.7,-74.01,691
May,B02617,40.7,-74,122
May,B02617,40.7,-73.99,730
May,B02617,40.7,-73.98,181
May,B02617,40.7,-73.97,131
May,B02617,40.7,-73.96000000000001,61
May,B02617,40.7,-73.95,74
May,B02617,40.7,-73.94,189
May,B02617,40.7,-73.93,342
May,B02617,40.7,-73.92,144
May,B02617,40.7,-73.91,62
May,B02617,40.7,-73.9,21
May,B02617,40.7,-73.89,10
May,B02617,40.7,-73.88,7
May,B02617,40.7,-73.87,2
May,B02617,40.7,-73.86,5
May,B02617,40.7,-73.85000000000001,5
May,B02617,40.7,-73.84,13
May,B02617,40.7,-73.83,8
May,B02617,40.7,-73.82000000000001,7
May,B02617,40.7,-73.81,19
May,B02617,40.7,-73.8,4
May,B02617,40.7,-73.79,1
May,B02617,40.7,-73.78,1
May,B02617,40.7,-73.75,1
May,B02617,40.7,-73.74,3
May,B02617,40.7,-73.72,5
May,B02617,40.7,-73.71000000000001,1
May,B02617,40.71,-74.10000000000001,1
May,B02617,40.71,-74.09,10
May,B02617,40.71,-74.08,4
May,B02617,40.71,-74.07000000000001,3
May,B02617,40.71,-74.06,8
May,B02617,40.71,-74.04,43
May,B02617,40.71,-74.03,12
May,B02617,40.71,-74.02,507
May,B02617,40.71,-74.01,2699
May,B02617,40.71,-74,497
May,B02617,40.71,-73.99,257
May,B02617,40.71,-73.98,130
May,B02617,40.71,-73.97,279
May,B02617,40.71,-73.96000000000001,694
May,B02617,40.71,-73.95,439
May,B02617,40.71,-73.94,306
May,B02617,40.71,-73.93,113
May,B02617,40.71,-73.92,118
May,B02617,40.71,-73.91,33
May,B02617,40.71,-73.9,18
May,B02617,40.71,-73.89,6
May,B02617,40.71,-73.88,5
May,B02617,40.71,-73.87,7
May,B02617,40.71,-73.86,7
May,B02617,40.71,-73.85000000000001,10
May,B02617,40.71,-73.84,7
May,B02617,40.71,-73.83,24
May,B02617,40.71,-73.82000000000001,14
May,B02617,40.71,-73.81,6
May,B02617,40.71,-73.8,6
May,B02617,40.71,-73.79,15
May,B02617,40.71,-73.78,4
May,B02617,40.71,-73.77,4
May,B02617,40.71,-73.76,2
May,B02617,40.71,-73.75,4
May,B02617,40.71,-73.74,4
May,B02617,40.71,-73.73,3
May,B02617,40.71,-73.72,4
May,B02617,40.72,-74.13,1
May,B02617,40.72,-74.10000000000001,1
May,B02617,40.72,-74.09,4
May,B02617,40.72,-74.08,3
May,B02617,40.72,-74.07000000000001,11
May,B02617,40.72,-74.06,9
May,B02617,40.72,-74.05,55
May,B02617,40.72,-74.04,104
May,B02617,40.72,-74.03,70
May,B02617,40.72,-74.02,261
May,B02617,40.72,-74.01,3043
May,B02617,40.72,-74,5284
May,B02617,40.72,-73.99,2969
May,B02617,40.72,-73.98,1070
May,B02617,40.72,-73.97,38
May,B02617,40.72,-73.96000000000001,1063
May,B02617,40.72,-73.95,488
May,B02617,40.72,-73.94,194
May,B02617,40.72,-73.93,1
May,B02617,40.72,-73.91,19
May,B02617,40.72,-73.9,9
May,B02617,40.72,-73.89,12
May,B02617,40.72,-73.88,4
May,B02617,40.72,-73.87,13
May,B02617,40.72,-73.86,9
May,B02617,40.72,-73.85000000000001,24
May,B02617,40.72,-73.84,23
May,B02617,40.72,-73.83,8
May,B02617,40.72,-73.82000000000001,6
May,B02617,40.72,-73.81,12
May,B02617,40.72,-73.8,12
May,B02617,40.72,-73.79,11
May,B02617,40.72,-73.78,3
May,B02617,40.72,-73.77,1
May,B02617,40.72,-73.76,2
May,B02617,40.72,-73.75,1
May,B02617,40.72,-73.74,3
May,B02617,40.72,-73.73,1
May,B02617,40.72,-73.7,2
May,B02617,40.730000000000004,-74.14,1
May,B02617,40.730000000000004,-74.13,2
May,B02617,40.730000000000004,-74.08,1
May,B02617,40.730000000000004,-74.07000000000001,8
May,B02617,40.730000000000004,-74.06,12
May,B02617,40.730000000000004,-74.05,28
May,B02617,40.730000000000004,-74.04,52
May,B02617,40.730000000000004,-74.03,43
May,B02617,40.730000000000004,-74.01,1968
May,B02617,40.730000000000004,-74,4608
May,B02617,40.730000000000004,-73.99,4036
May,B02617,40.730000000000004,-73.98,1876
May,B02617,40.730000000000004,-73.97,68
May,B02617,40.730000000000004,-73.96000000000001,254
May,B02617,40.730000000000004,-73.95,222
May,B02617,40.730000000000004,-73.94,78
May,B02617,40.730000000000004,-73.93,2
May,B02617,40.730000000000004,-73.92,2
May,B02617,40.730000000000004,-73.91,3
May,B02617,40.730000000000004,-73.9,11
May,B02617,40.730000000000004,-73.89,5
May,B02617,40.730000000000004,-73.88,7
May,B02617,40.730000000000004,-73.87,25
May,B02617,40.730000000000004,-73.86,32
May,B02617,40.730000000000004,-73.85000000000001,28
May,B02617,40.730000000000004,-73.84,6
May,B02617,40.730000000000004,-73.83,3
May,B02617,40.730000000000004,-73.82000000000001,10
May,B02617,40.730000000000004,-73.81,7
May,B02617,40.730000000000004,-73.8,5
May,B02617,40.730000000000004,-73.79,5
May,B02617,40.730000000000004,-73.78,6
May,B02617,40.730000000000004,-73.77,3
May,B02617,40.730000000000004,-73.76,1
May,B02617,40.730000000000004,-73.75,3
May,B02617,40.730000000000004,-73.74,2
May,B02617,40.730000000000004,-73.72,1
May,B02617,40.730000000000004,-73.71000000000001,2
May,B02617,40.730000000000004,-73.7,2
May,B02617,40.74,-74.07000000000001,4
May,B02617,40.74,-74.06,6
May,B02617,40.74,-74.05,10
May,B02617,40.74,-74.04,78
May,B02617,40.74,-74.03,166
May,B02617,40.74,-74.01,2889
May,B02617,40.74,-74,3893
May,B02617,40.74,-73.99,5745
May,B02617,40.74,-73.98,2145
May,B02617,40.74,-73.97,384
May,B02617,40.74,-73.96000000000001,131
May,B02617,40.74,-73.95,101
May,B02617,40.74,-73.94,24
May,B02617,40.74,-73.93,50
May,B02617,40.74,-73.92,61
May,B02617,40.74,-73.91,6
May,B02617,40.74,-73.9,10
May,B02617,40.74,-73.89,7
May,B02617,40.74,-73.88,12
May,B02617,40.74,-73.87,5
May,B02617,40.74,-73.86,6
May,B02617,40.74,-73.85000000000001,8
May,B02617,40.74,-73.84,2
May,B02617,40.74,-73.83,4
May,B02617,40.74,-73.82000000000001,14
May,B02617,40.74,-73.81,7
May,B02617,40.74,-73.8,3
May,B02617,40.74,-73.79,5
May,B02617,40.74,-73.78,5
May,B02617,40.74,-73.75,1
May,B02617,40.74,-73.73,1
May,B02617,40.74,-73.71000000000001,1
May,B02617,40.74,-73.7,1
May,B02617,40.75,-74.14,1
May,B02617,40.75,-74.12,1
May,B02617,40.75,-74.06,4
May,B02617,40.75,-74.05,7
May,B02617,40.75,-74.04,45
May,B02617,40.75,-74.03,172
May,B02617,40.75,-74.02,23
May,B02617,40.75,-74.01,1053
May,B02617,40.75,-74,1854
May,B02617,40.75,-73.99,4759
May,B02617,40.75,-73.98,4338
May,B02617,40.75,-73.97,1902
May,B02617,40.75,-73.96000000000001,186
May,B02617,40.75,-73.95,116
May,B02617,40.75,-73.94,216
May,B02617,40.75,-73.93,54
May,B02617,40.75,-73.92,26
May,B02617,40.75,-73.91,30
May,B02617,40.75,-73.9,19
May,B02617,40.75,-73.89,33
May,B02617,40.75,-73.88,23
May,B02617,40.75,-73.87,5
May,B02617,40.75,-73.86,6
May,B02617,40.75,-73.85000000000001,26
May,B02617,40.75,-73.84,4
May,B02617,40.75,-73.83,20
May,B02617,40.75,-73.82000000000001,7
May,B02617,40.75,-73.8,1
May,B02617,40.75,-73.79,4
May,B02617,40.75,-73.78,1
May,B02617,40.75,-73.76,3
May,B02617,40.75,-73.75,2
May,B02617,40.75,-73.72,3
May,B02617,40.75,-73.71000000000001,4
May,B02617,40.76,-74.08,2
May,B02617,40.76,-74.05,1
May,B02617,40.76,-74.04,3
May,B02617,40.76,-74.03,23
May,B02617,40.76,-74.02,13
May,B02617,40.76,-74,1299
May,B02617,40.76,-73.99,3198
May,B02617,40.76,-73.98,6541
May,B02617,40.76,-73.97,6393
May,B02617,40.76,-73.96000000000001,1089
May,B02617,40.76,-73.95,91
May,B02617,40.76,-73.94,20
May,B02617,40.76,-73.93,61
May,B02617,40.76,-73.92,133
May,B02617,40.76,-73.91,64
May,B02617,40.76,-73.9,18
May,B02617,40.76,-73.89,13
May,B02617,40.76,-73.88,6
May,B02617,40.76,-73.87,3
May,B02617,40.76,-73.86,8
May,B02617,40.76,-73.85000000000001,12
May,B02617,40.76,-73.84,51
May,B02617,40.76,-73.83,46
May,B02617,40.76,-73.82000000000001,5
May,B02617,40.76,-73.81,3
May,B02617,40.76,-73.8,8
May,B02617,40.76,-73.79,7
May,B02617,40.76,-73.78,2
May,B02617,40.76,-73.77,6
May,B02617,40.76,-73.76,4
May,B02617,40.76,-73.75,2
May,B02617,40.76,-73.74,1
May,B02617,40.76,-73.73,4
May,B02617,40.76,-73.71000000000001,2
May,B02617,40.76,-73.7,1
May,B02617,40.77,-74.10000000000001,1
May,B02617,40.77,-74.04,5
May,B02617,40.77,-74.03,7
May,B02617,40.77,-74.02,11
May,B02617,40.77,-74.01,1
May,B02617,40.77,-74,96
May,B02617,40.77,-73.99,1052
May,B02617,40.77,-73.98,2169
May,B02617,40.77,-73.97,1218
May,B02617,40.77,-73.96000000000001,2505
May,B02617,40.77,-73.95,1104
May,B02617,40.77,-73.94,42
May,B02617,40.77,-73.93,45
May,B02617,40.77,-73.92,117
May,B02617,40.77,-73.91,58
May,B02617,40.77,-73.9,15
May,B02617,40.77,-73.89,299
May,B02617,40.77,-73.88,46
May,B02617,40.77,-73.87,1780
May,B02617,40.77,-73.86,705
May,B02617,40.77,-73.85000000000001,1
May,B02617,40.77,-73.84,7
May,B02617,40.77,-73.83,1
May,B02617,40.77,-73.82000000000001,7
May,B02617,40.77,-73.81,6
May,B02617,40.77,-73.8,1
May,B02617,40.77,-73.79,4
May,B02617,40.77,-73.78,1
May,B02617,40.77,-73.77,1
May,B02617,40.77,-73.75,1
May,B02617,40.77,-73.74,5
May,B02617,40.77,-73.71000000000001,2
May,B02617,40.78,-74.07000000000001,1
May,B02617,40.78,-74.05,4
May,B02617,40.78,-74.04,2
May,B02617,40.78,-74.03,2
May,B02617,40.78,-74.02,5
May,B02617,40.78,-74.01,4
May,B02617,40.78,-74,2
May,B02617,40.78,-73.99,295
May,B02617,40.78,-73.98,1477
May,B02617,40.78,-73.97,319
May,B02617,40.78,-73.96000000000001,1819
May,B02617,40.78,-73.95,1268
May,B02617,40.78,-73.94,92
May,B02617,40.78,-73.93,11
May,B02617,40.78,-73.92,34
May,B02617,40.78,-73.91,43
May,B02617,40.78,-73.9,6
May,B02617,40.78,-73.89,2
May,B02617,40.78,-73.85000000000001,4
May,B02617,40.78,-73.84,3
May,B02617,40.78,-73.83,3
May,B02617,40.78,-73.82000000000001,1
May,B02617,40.78,-73.81,3
May,B02617,40.78,-73.8,3
May,B02617,40.78,-73.79,2
May,B02617,40.78,-73.78,6
May,B02617,40.78,-73.75,2
May,B02617,40.78,-73.74,1
May,B02617,40.78,-73.73,8
May,B02617,40.78,-73.71000000000001,3
May,B02617,40.79,-74.13,1
May,B02617,40.79,-74.07000000000001,1
May,B02617,40.79,-74.06,1
May,B02617,40.79,-74.05,3
May,B02617,40.79,-74.04,9
May,B02617,40.79,-74.01,6
May,B02617,40.79,-74,4
May,B02617,40.79,-73.98,610
May,B02617,40.79,-73.97,818
May,B02617,40.79,-73.96000000000001,125
May,B02617,40.79,-73.95,275
May,B02617,40.79,-73.94,72
May,B02617,40.79,-73.93,108
May,B02617,40.79,-73.92,27
May,B02617,40.79,-73.85000000000001,3
May,B02617,40.79,-73.84,14
May,B02617,40.79,-73.83,1
May,B02617,40.79,-73.82000000000001,3
May,B02617,40.79,-73.81,3
May,B02617,40.79,-73.8,5
May,B02617,40.79,-73.79,7
May,B02617,40.79,-73.78,1
May,B02617,40.79,-73.73,4
May,B02617,40.79,-73.71000000000001,2
May,B02617,40.800000000000004,-74.07000000000001,3
May,B02617,40.800000000000004,-74.06,3
May,B02617,40.800000000000004,-74.03,1
May,B02617,40.800000000000004,-74,2
May,B02617,40.800000000000004,-73.98,17
May,B02617,40.800000000000004,-73.97,330
May,B02617,40.800000000000004,-73.96000000000001,142
May,B02617,40.800000000000004,-73.95,139
May,B02617,40.800000000000004,-73.94,86
May,B02617,40.800000000000004,-73.93,60
May,B02617,40.800000000000004,-73.92,11
May,B02617,40.800000000000004,-73.91,4
May,B02617,40.800000000000004,-73.83,1
May,B02617,40.800000000000004,-73.82000000000001,2
May,B02617,40.800000000000004,-73.74,1
May,B02617,40.800000000000004,-73.72,1
May,B02617,40.81,-74.14,3
May,B02617,40.81,-74.10000000000001,3
May,B02617,40.81,-74.07000000000001,2
May,B02617,40.81,-74.01,2
May,B02617,40.81,-73.99,2
May,B02617,40.81,-73.97,49
May,B02617,40.81,-73.96000000000001,194
May,B02617,40.81,-73.95,149
May,B02617,40.81,-73.94,92
May,B02617,40.81,-73.93,18
May,B02617,40.81,-73.92,9
May,B02617,40.81,-73.91,4
May,B02617,40.81,-73.89,1
May,B02617,40.81,-73.87,1
May,B02617,40.81,-73.86,2
May,B02617,40.81,-73.83,1
May,B02617,40.82,-74.15,1
May,B02617,40.82,-74.12,1
May,B02617,40.82,-74.08,1
May,B02617,40.82,-74,2
May,B02617,40.82,-73.99,1
May,B02617,40.82,-73.96000000000001,43
May,B02617,40.82,-73.95,51
May,B02617,40.82,-73.94,58
May,B02617,40.82,-73.93,14
May,B02617,40.82,-73.92,8
May,B02617,40.82,-73.91,7
May,B02617,40.82,-73.89,3
May,B02617,40.82,-73.88,1
May,B02617,40.82,-73.87,3
May,B02617,40.82,-73.86,4
May,B02617,40.82,-73.85000000000001,3
May,B02617,40.82,-73.82000000000001,4
May,B02617,40.82,-73.81,3
May,B02617,40.83,-74.14,2
May,B02617,40.83,-74.12,1
May,B02617,40.83,-74.10000000000001,1
May,B02617,40.83,-74.09,2
May,B02617,40.83,-74.08,2
May,B02617,40.83,-73.98,1
May,B02617,40.83,-73.95,34
May,B02617,40.83,-73.94,46
May,B02617,40.83,-73.93,55
May,B02617,40.83,-73.92,26
May,B02617,40.83,-73.91,3
May,B02617,40.83,-73.9,3
May,B02617,40.83,-73.89,3
May,B02617,40.83,-73.88,2
May,B02617,40.83,-73.87,1
May,B02617,40.83,-73.85000000000001,2
May,B02617,40.83,-73.84,1
May,B02617,40.83,-73.83,4
May,B02617,40.83,-73.82000000000001,4
May,B02617,40.84,-74.15,1
May,B02617,40.84,-74.08,1
May,B02617,40.84,-74.07000000000001,1
May,B02617,40.84,-73.99,1
May,B02617,40.84,-73.97,4
May,B02617,40.84,-73.95,10
May,B02617,40.84,-73.94,80
May,B02617,40.84,-73.93,3
May,B02617,40.84,-73.92,3
May,B02617,40.84,-73.91,6
May,B02617,40.84,-73.9,2
May,B02617,40.84,-73.89,1
May,B02617,40.84,-73.88,3
May,B02617,40.84,-73.87,4
May,B02617,40.84,-73.86,4
May,B02617,40.84,-73.83,7
May,B02617,40.84,-73.82000000000001,1
May,B02617,40.84,-73.79,1
May,B02617,40.84,-73.78,1
May,B02617,40.85,-74.08,1
May,B02617,40.85,-74.07000000000001,4
May,B02617,40.85,-74.04,1
May,B02617,40.85,-74.01,2
May,B02617,40.85,-74,1
May,B02617,40.85,-73.99,1
May,B02617,40.85,-73.97,4
May,B02617,40.85,-73.95,2
May,B02617,40.85,-73.94,67
May,B02617,40.85,-73.93,33
May,B02617,40.85,-73.92,1
May,B02617,40.85,-73.91,5
May,B02617,40.85,-73.9,3
May,B02617,40.85,-73.89,11
May,B02617,40.85,-73.88,3
May,B02617,40.85,-73.87,1
May,B02617,40.85,-73.86,3
May,B02617,40.85,-73.85000000000001,7
May,B02617,40.85,-73.84,3
May,B02617,40.85,-73.83,4
May,B02617,40.85,-73.79,3
May,B02617,40.85,-73.71000000000001,1
May,B02617,40.86,-74.06,2
May,B02617,40.86,-74.05,1
May,B02617,40.86,-74.02,1
May,B02617,40.86,-74,1
May,B02617,40.86,-73.98,1
May,B02617,40.86,-73.97,4
May,B02617,40.86,-73.94,5
May,B02617,40.86,-73.93,24
May,B02617,40.86,-73.92,7
May,B02617,40.86,-73.9,3
May,B02617,40.86,-73.89,26
May,B02617,40.86,-73.88,11
May,B02617,40.86,-73.87,1
May,B02617,40.86,-73.86,2
May,B02617,40.86,-73.85000000000001,6
May,B02617,40.86,-73.84,2
May,B02617,40.86,-73.83,1
May,B02617,40.87,-74.07000000000001,1
May,B02617,40.87,-74.06,2
May,B02617,40.87,-74.02,1
May,B02617,40.87,-74,2
May,B02617,40.87,-73.98,1
May,B02617,40.87,-73.97,1
May,B02617,40.87,-73.96000000000001,3
May,B02617,40.87,-73.93,14
May,B02617,40.87,-73.92,19
May,B02617,40.87,-73.91,7
May,B02617,40.87,-73.9,4
May,B02617,40.87,-73.89,6
May,B02617,40.87,-73.88,6
May,B02617,40.87,-73.87,2
May,B02617,40.87,-73.86,2
May,B02617,40.87,-73.85000000000001,1
May,B02617,40.87,-73.83,2
May,B02617,40.87,-73.81,2
May,B02617,40.88,-74.07000000000001,1
May,B02617,40.88,-74.05,1
May,B02617,40.88,-73.98,1
May,B02617,40.88,-73.97,2
May,B02617,40.88,-73.95,1
May,B02617,40.88,-73.92,10
May,B02617,40.88,-73.91,13
May,B02617,40.88,-73.9,9
May,B02617,40.88,-73.89,5
May,B02617,40.88,-73.88,5
May,B02617,40.88,-73.86,3
May,B02617,40.88,-73.85000000000001,2
May,B02617,40.88,-73.84,1
May,B02617,40.89,-74.06,1
May,B02617,40.89,-74.02,1
May,B02617,40.89,-73.97,1
May,B02617,40.89,-73.96000000000001,3
May,B02617,40.89,-73.95,2
May,B02617,40.89,-73.94,2
May,B02617,40.89,-73.92,2
May,B02617,40.89,-73.91,51
May,B02617,40.89,-73.9,58
May,B02617,40.89,-73.89,2
May,B02617,40.89,-73.88,1
May,B02617,40.89,-73.86,2
May,B02617,40.89,-73.84,3
May,B02617,40.89,-73.83,1
May,B02617,40.89,-73.79,5
May,B02617,40.89,-73.78,1
May,B02617,40.9,-74.10000000000001,1
May,B02617,40.9,-74,1
May,B02617,40.9,-73.99,1
May,B02617,40.9,-73.95,1
May,B02617,40.9,-73.94,2
May,B02617,40.9,-73.92,1
May,B02617,40.9,-73.91,3
May,B02617,40.9,-73.9,28
May,B02617,40.9,-73.87,1
May,B02617,40.9,-73.86,2
May,B02617,40.9,-73.85000000000001,2
May,B02617,40.9,-73.84,1
May,B02617,40.9,-73.83,3
May,B02617,40.9,-73.82000000000001,2
May,B02617,40.9,-73.81,1
May,B02617,40.9,-73.77,1
May,B02617,40.910000000000004,-74.06,1
May,B02617,40.910000000000004,-74.04,2
May,B02617,40.910000000000004,-74.01,1
May,B02617,40.910000000000004,-74,2
May,B02617,40.910000000000004,-73.97,1
May,B02617,40.910000000000004,-73.95,1
May,B02617,40.910000000000004,-73.94,1
May,B02617,40.910000000000004,-73.91,1
May,B02617,40.910000000000004,-73.9,5
May,B02617,40.910000000000004,-73.89,1
May,B02617,40.910000000000004,-73.88,1
May,B02617,40.910000000000004,-73.85000000000001,5
May,B02617,40.910000000000004,-73.84,1
May,B02617,40.910000000000004,-73.82000000000001,2
May,B02617,40.910000000000004,-73.81,3
May,B02617,40.910000000000004,-73.78,10
May,B02617,40.910000000000004,-73.76,1
May,B02617,40.92,-74.08,2
May,B02617,40.92,-73.77,1
May,B02682,40.58,-74.01,1
May,B02682,40.58,-74,2
May,B02682,40.58,-73.99,1
May,B02682,40.58,-73.98,9
May,B02682,40.58,-73.97,7
May,B02682,40.58,-73.96000000000001,12
May,B02682,40.58,-73.95,6
May,B02682,40.58,-73.94,5
May,B02682,40.58,-73.93,4
May,B02682,40.58,-73.89,1
May,B02682,40.58,-73.84,1
May,B02682,40.58,-73.82000000000001,1
May,B02682,40.58,-73.7,2
May,B02682,40.59,-74.09,1
May,B02682,40.59,-74.08,1
May,B02682,40.59,-74,2
May,B02682,40.59,-73.99,6
May,B02682,40.59,-73.98,10
May,B02682,40.59,-73.97,13
May,B02682,40.59,-73.96000000000001,17
May,B02682,40.59,-73.95,14
May,B02682,40.59,-73.94,12
May,B02682,40.59,-73.93,3
May,B02682,40.59,-73.9,5
May,B02682,40.59,-73.8,7
May,B02682,40.59,-73.79,2
May,B02682,40.59,-73.75,1
May,B02682,40.59,-73.74,1
May,B02682,40.59,-73.73,1
May,B02682,40.59,-73.71000000000001,2
May,B02682,40.59,-73.7,1
May,B02682,40.6,-74.12,1
May,B02682,40.6,-74.09,1
May,B02682,40.6,-74.07000000000001,1
May,B02682,40.6,-74.02,1
May,B02682,40.6,-74.01,5
May,B02682,40.6,-74,8
May,B02682,40.6,-73.99,19
May,B02682,40.6,-73.98,9
May,B02682,40.6,-73.97,104
May,B02682,40.6,-73.96000000000001,24
May,B02682,40.6,-73.95,18
May,B02682,40.6,-73.94,12
May,B02682,40.6,-73.93,1
May,B02682,40.6,-73.91,3
May,B02682,40.6,-73.79,1
May,B02682,40.6,-73.78,1
May,B02682,40.6,-73.76,4
May,B02682,40.6,-73.75,1
May,B02682,40.6,-73.74,2
May,B02682,40.61,-74.06,2
May,B02682,40.61,-74.04,5
May,B02682,40.61,-74.03,14
May,B02682,40.61,-74.02,11
May,B02682,40.61,-74.01,10
May,B02682,40.61,-74,9
May,B02682,40.61,-73.99,9
May,B02682,40.61,-73.98,11
May,B02682,40.61,-73.97,24
May,B02682,40.61,-73.96000000000001,30
May,B02682,40.61,-73.95,20
May,B02682,40.61,-73.94,8
May,B02682,40.61,-73.93,2
May,B02682,40.61,-73.92,16
May,B02682,40.61,-73.91,4
May,B02682,40.61,-73.76,4
May,B02682,40.61,-73.74,4
May,B02682,40.61,-73.73,4
May,B02682,40.61,-73.72,1
May,B02682,40.61,-73.71000000000001,2
May,B02682,40.62,-74.12,1
May,B02682,40.62,-74.10000000000001,1
May,B02682,40.62,-74.09,4
May,B02682,40.62,-74.08,2
May,B02682,40.62,-74.04,15
May,B02682,40.62,-74.03,68
May,B02682,40.62,-74.02,45
May,B02682,40.62,-74.01,6
May,B02682,40.62,-74,13
May,B02682,40.62,-73.99,11
May,B02682,40.62,-73.98,3
May,B02682,40.62,-73.97,28
May,B02682,40.62,-73.96000000000001,24
May,B02682,40.62,-73.95,16
May,B02682,40.62,-73.94,16
May,B02682,40.62,-73.93,9
May,B02682,40.62,-73.92,19
May,B02682,40.62,-73.91,3
May,B02682,40.62,-73.9,1
May,B02682,40.62,-73.76,2
May,B02682,40.62,-73.75,1
May,B02682,40.62,-73.74,1
May,B02682,40.62,-73.73,3
May,B02682,40.62,-73.72,1
May,B02682,40.62,-73.71000000000001,3
May,B02682,40.63,-74.11,1
May,B02682,40.63,-74.08,1
May,B02682,40.63,-74.04,5
May,B02682,40.63,-74.03,49
May,B02682,40.63,-74.02,26
May,B02682,40.63,-74.01,15
May,B02682,40.63,-74,9
May,B02682,40.63,-73.98,15
May,B02682,40.63,-73.97,54
May,B02682,40.63,-73.96000000000001,53
May,B02682,40.63,-73.95,39
May,B02682,40.63,-73.94,20
May,B02682,40.63,-73.93,13
May,B02682,40.63,-73.92,12
May,B02682,40.63,-73.91,6
May,B02682,40.63,-73.9,8
May,B02682,40.63,-73.89,11
May,B02682,40.63,-73.88,1
May,B02682,40.63,-73.74,4
May,B02682,40.63,-73.73,3
May,B02682,40.63,-73.72,2
May,B02682,40.63,-73.71000000000001,4
May,B02682,40.64,-74.04,5
May,B02682,40.64,-74.03,15
May,B02682,40.64,-74.02,27
May,B02682,40.64,-74.01,8
May,B02682,40.64,-74,25
May,B02682,40.64,-73.99,12
May,B02682,40.64,-73.98,41
May,B02682,40.64,-73.97,88
May,B02682,40.64,-73.96000000000001,53
May,B02682,40.64,-73.95,38
May,B02682,40.64,-73.94,16
May,B02682,40.64,-73.93,31
May,B02682,40.64,-73.92,12
May,B02682,40.64,-73.91,13
May,B02682,40.64,-73.9,6
May,B02682,40.64,-73.89,7
May,B02682,40.64,-73.8,4
May,B02682,40.64,-73.79,701
May,B02682,40.64,-73.78,1522
May,B02682,40.64,-73.74,5
May,B02682,40.64,-73.73,2
May,B02682,40.64,-73.71000000000001,2
May,B02682,40.65,-74.13,1
May,B02682,40.65,-74.08,2
May,B02682,40.65,-74.02,34
May,B02682,40.65,-74.01,40
May,B02682,40.65,-74,15
May,B02682,40.65,-73.98,77
May,B02682,40.65,-73.97,82
May,B02682,40.65,-73.96000000000001,110
May,B02682,40.65,-73.95,47
May,B02682,40.65,-73.94,21
May,B02682,40.65,-73.93,24
May,B02682,40.65,-73.92,17
May,B02682,40.65,-73.91,19
May,B02682,40.65,-73.9,16
May,B02682,40.65,-73.89,13
May,B02682,40.65,-73.88,13
May,B02682,40.65,-73.84,4
May,B02682,40.65,-73.83,4
May,B02682,40.65,-73.81,10
May,B02682,40.65,-73.8,11
May,B02682,40.65,-73.79,908
May,B02682,40.65,-73.78,2226
May,B02682,40.65,-73.76,3
May,B02682,40.65,-73.75,2
May,B02682,40.65,-73.74,1
May,B02682,40.65,-73.73,3
May,B02682,40.660000000000004,-74.12,4
May,B02682,40.660000000000004,-74.09,3
May,B02682,40.660000000000004,-74.01,69
May,B02682,40.660000000000004,-74,62
May,B02682,40.660000000000004,-73.99,208
May,B02682,40.660000000000004,-73.98,279
May,B02682,40.660000000000004,-73.97,9
May,B02682,40.660000000000004,-73.96000000000001,139
May,B02682,40.660000000000004,-73.95,130
May,B02682,40.660000000000004,-73.94,60
May,B02682,40.660000000000004,-73.93,39
May,B02682,40.660000000000004,-73.92,38
May,B02682,40.660000000000004,-73.91,29
May,B02682,40.660000000000004,-73.9,15
May,B02682,40.660000000000004,-73.89,13
May,B02682,40.660000000000004,-73.88,9
May,B02682,40.660000000000004,-73.87,9
May,B02682,40.660000000000004,-73.86,3
May,B02682,40.660000000000004,-73.85000000000001,2
May,B02682,40.660000000000004,-73.84,5
May,B02682,40.660000000000004,-73.83,4
May,B02682,40.660000000000004,-73.82000000000001,2
May,B02682,40.660000000000004,-73.81,4
May,B02682,40.660000000000004,-73.8,19
May,B02682,40.660000000000004,-73.79,5
May,B02682,40.660000000000004,-73.78,2
May,B02682,40.660000000000004,-73.77,5
May,B02682,40.660000000000004,-73.76,3
May,B02682,40.660000000000004,-73.75,4
May,B02682,40.660000000000004,-73.74,5
May,B02682,40.660000000000004,-73.73,5
May,B02682,40.660000000000004,-73.72,1
May,B02682,40.660000000000004,-73.71000000000001,1
May,B02682,40.67,-74.13,1
May,B02682,40.67,-74.12,3
May,B02682,40.67,-74.11,1
May,B02682,40.67,-74.10000000000001,2
May,B02682,40.67,-74.08,1
May,B02682,40.67,-74.02,71
May,B02682,40.67,-74.01,75
May,B02682,40.67,-74,58
May,B02682,40.67,-73.99,395
May,B02682,40.67,-73.98,629
May,B02682,40.67,-73.97,294
May,B02682,40.67,-73.96000000000001,400
May,B02682,40.67,-73.95,222
May,B02682,40.67,-73.94,108
May,B02682,40.67,-73.93,68
May,B02682,40.67,-73.92,35
May,B02682,40.67,-73.91,21
May,B02682,40.67,-73.9,13
May,B02682,40.67,-73.89,19
May,B02682,40.67,-73.88,15
May,B02682,40.67,-73.87,19
May,B02682,40.67,-73.86,6
May,B02682,40.67,-73.85000000000001,2
May,B02682,40.67,-73.84,7
May,B02682,40.67,-73.83,10
May,B02682,40.67,-73.82000000000001,9
May,B02682,40.67,-73.81,14
May,B02682,40.67,-73.8,42
May,B02682,40.67,-73.79,40
May,B02682,40.67,-73.78,22
May,B02682,40.67,-73.77,7
May,B02682,40.67,-73.76,6
May,B02682,40.67,-73.75,4
May,B02682,40.67,-73.74,2
May,B02682,40.67,-73.73,4
May,B02682,40.68,-74.11,2
May,B02682,40.68,-74.10000000000001,2
May,B02682,40.68,-74.02,105
May,B02682,40.68,-74.01,225
May,B02682,40.68,-74,455
May,B02682,40.68,-73.99,501
May,B02682,40.68,-73.98,722
May,B02682,40.68,-73.97,570
May,B02682,40.68,-73.96000000000001,456
May,B02682,40.68,-73.95,277
May,B02682,40.68,-73.94,167
May,B02682,40.68,-73.93,120
May,B02682,40.68,-73.92,75
May,B02682,40.68,-73.91,40
May,B02682,40.68,-73.9,15
May,B02682,40.68,-73.89,14
May,B02682,40.68,-73.88,6
May,B02682,40.68,-73.87,19
May,B02682,40.68,-73.86,10
May,B02682,40.68,-73.85000000000001,11
May,B02682,40.68,-73.84,9
May,B02682,40.68,-73.83,5
May,B02682,40.68,-73.82000000000001,11
May,B02682,40.68,-73.81,6
May,B02682,40.68,-73.8,17
May,B02682,40.68,-73.79,7
May,B02682,40.68,-73.78,10
May,B02682,40.68,-73.77,3
May,B02682,40.68,-73.76,5
May,B02682,40.68,-73.75,3
May,B02682,40.68,-73.74,7
May,B02682,40.68,-73.73,2
May,B02682,40.69,-74.11,5
May,B02682,40.69,-74.10000000000001,2
May,B02682,40.69,-74.09,1
May,B02682,40.69,-74.07000000000001,1
May,B02682,40.69,-74.02,1
May,B02682,40.69,-74.01,1
May,B02682,40.69,-74,553
May,B02682,40.69,-73.99,1096
May,B02682,40.69,-73.98,645
May,B02682,40.69,-73.97,791
May,B02682,40.69,-73.96000000000001,543
May,B02682,40.69,-73.95,342
May,B02682,40.69,-73.94,198
May,B02682,40.69,-73.93,134
May,B02682,40.69,-73.92,171
May,B02682,40.69,-73.91,90
May,B02682,40.69,-73.9,14
May,B02682,40.69,-73.88,4
May,B02682,40.69,-73.87,5
May,B02682,40.69,-73.86,10
May,B02682,40.69,-73.85000000000001,4
May,B02682,40.69,-73.84,3
May,B02682,40.69,-73.83,10
May,B02682,40.69,-73.82000000000001,11
May,B02682,40.69,-73.81,7
May,B02682,40.69,-73.8,5
May,B02682,40.69,-73.79,4
May,B02682,40.69,-73.78,6
May,B02682,40.69,-73.77,2
May,B02682,40.69,-73.76,3
May,B02682,40.69,-73.75,4
May,B02682,40.69,-73.74,3
May,B02682,40.69,-73.73,4
May,B02682,40.69,-73.72,1
May,B02682,40.69,-73.71000000000001,2
May,B02682,40.7,-74.13,1
May,B02682,40.7,-74.10000000000001,3
May,B02682,40.7,-74.09,4
May,B02682,40.7,-74.08,1
May,B02682,40.7,-74.07000000000001,2
May,B02682,40.7,-74.05,1
May,B02682,40.7,-74.02,69
May,B02682,40.7,-74.01,1257
May,B02682,40.7,-74,182
May,B02682,40.7,-73.99,1135
May,B02682,40.7,-73.98,274
May,B02682,40.7,-73.97,175
May,B02682,40.7,-73.96000000000001,118
May,B02682,40.7,-73.95,133
May,B02682,40.7,-73.94,260
May,B02682,40.7,-73.93,429
May,B02682,40.7,-73.92,165
May,B02682,40.7,-73.91,67
May,B02682,40.7,-73.9,36
May,B02682,40.7,-73.89,10
May,B02682,40.7,-73.88,4
May,B02682,40.7,-73.87,11
May,B02682,40.7,-73.86,9
May,B02682,40.7,-73.85000000000001,11
May,B02682,40.7,-73.84,12
May,B02682,40.7,-73.83,24
May,B02682,40.7,-73.82000000000001,15
May,B02682,40.7,-73.81,40
May,B02682,40.7,-73.8,17
May,B02682,40.7,-73.79,4
May,B02682,40.7,-73.78,8
May,B02682,40.7,-73.77,2
May,B02682,40.7,-73.76,6
May,B02682,40.7,-73.75,1
May,B02682,40.7,-73.74,6
May,B02682,40.7,-73.73,2
May,B02682,40.7,-73.72,3
May,B02682,40.7,-73.71000000000001,2
May,B02682,40.7,-73.7,1
May,B02682,40.71,-74.15,1
May,B02682,40.71,-74.10000000000001,2
May,B02682,40.71,-74.09,10
May,B02682,40.71,-74.08,2
May,B02682,40.71,-74.07000000000001,3
May,B02682,40.71,-74.06,8
May,B02682,40.71,-74.05,1
May,B02682,40.71,-74.04,61
May,B02682,40.71,-74.03,8
May,B02682,40.71,-74.02,993
May,B02682,40.71,-74.01,4877
May,B02682,40.71,-74,940
May,B02682,40.71,-73.99,465
May,B02682,40.71,-73.98,193
May,B02682,40.71,-73.97,462
May,B02682,40.71,-73.96000000000001,1055
May,B02682,40.71,-73.95,761
May,B02682,40.71,-73.94,510
May,B02682,40.71,-73.93,167
May,B02682,40.71,-73.92,208
May,B02682,40.71,-73.91,31
May,B02682,40.71,-73.9,25
May,B02682,40.71,-73.89,10
May,B02682,40.71,-73.88,7
May,B02682,40.71,-73.87,13
May,B02682,40.71,-73.86,9
May,B02682,40.71,-73.85000000000001,15
May,B02682,40.71,-73.84,7
May,B02682,40.71,-73.83,37
May,B02682,40.71,-73.82000000000001,13
May,B02682,40.71,-73.81,6
May,B02682,40.71,-73.8,10
May,B02682,40.71,-73.79,23
May,B02682,40.71,-73.78,11
May,B02682,40.71,-73.77,5
May,B02682,40.71,-73.76,2
May,B02682,40.71,-73.75,6
May,B02682,40.71,-73.74,2
May,B02682,40.71,-73.73,4
May,B02682,40.71,-73.72,8
May,B02682,40.72,-74.10000000000001,2
May,B02682,40.72,-74.09,4
May,B02682,40.72,-74.08,7
May,B02682,40.72,-74.07000000000001,8
May,B02682,40.72,-74.06,15
May,B02682,40.72,-74.05,63
May,B02682,40.72,-74.04,144
May,B02682,40.72,-74.03,52
May,B02682,40.72,-74.02,559
May,B02682,40.72,-74.01,5755
May,B02682,40.72,-74,8770
May,B02682,40.72,-73.99,5467
May,B02682,40.72,-73.98,1936
May,B02682,40.72,-73.97,79
May,B02682,40.72,-73.96000000000001,1824
May,B02682,40.72,-73.95,860
May,B02682,40.72,-73.94,400
May,B02682,40.72,-73.93,9
May,B02682,40.72,-73.92,2
May,B02682,40.72,-73.91,17
May,B02682,40.72,-73.9,9
May,B02682,40.72,-73.89,13
May,B02682,40.72,-73.88,16
May,B02682,40.72,-73.87,13
May,B02682,40.72,-73.86,14
May,B02682,40.72,-73.85000000000001,38
May,B02682,40.72,-73.84,70
May,B02682,40.72,-73.83,8
May,B02682,40.72,-73.82000000000001,7
May,B02682,40.72,-73.81,18
May,B02682,40.72,-73.8,35
May,B02682,40.72,-73.79,15
May,B02682,40.72,-73.78,4
May,B02682,40.72,-73.77,2
May,B02682,40.72,-73.76,1
May,B02682,40.72,-73.75,1
May,B02682,40.72,-73.74,9
May,B02682,40.72,-73.73,2
May,B02682,40.72,-73.71000000000001,4
May,B02682,40.730000000000004,-74.14,1
May,B02682,40.730000000000004,-74.12,1
May,B02682,40.730000000000004,-74.08,2
May,B02682,40.730000000000004,-74.07000000000001,7
May,B02682,40.730000000000004,-74.06,29
May,B02682,40.730000000000004,-74.05,35
May,B02682,40.730000000000004,-74.04,79
May,B02682,40.730000000000004,-74.03,38
May,B02682,40.730000000000004,-74.01,3601
May,B02682,40.730000000000004,-74,8375
May,B02682,40.730000000000004,-73.99,7306
May,B02682,40.730000000000004,-73.98,3440
May,B02682,40.730000000000004,-73.97,126
May,B02682,40.730000000000004,-73.96000000000001,447
May,B02682,40.730000000000004,-73.95,400
May,B02682,40.730000000000004,-73.94,127
May,B02682,40.730000000000004,-73.93,3
May,B02682,40.730000000000004,-73.92,4
May,B02682,40.730000000000004,-73.91,15
May,B02682,40.730000000000004,-73.9,20
May,B02682,40.730000000000004,-73.89,9
May,B02682,40.730000000000004,-73.88,5
May,B02682,40.730000000000004,-73.87,37
May,B02682,40.730000000000004,-73.86,51
May,B02682,40.730000000000004,-73.85000000000001,40
May,B02682,40.730000000000004,-73.84,5
May,B02682,40.730000000000004,-73.83,5
May,B02682,40.730000000000004,-73.82000000000001,10
May,B02682,40.730000000000004,-73.81,19
May,B02682,40.730000000000004,-73.8,8
May,B02682,40.730000000000004,-73.79,11
May,B02682,40.730000000000004,-73.78,2
May,B02682,40.730000000000004,-73.77,3
May,B02682,40.730000000000004,-73.76,5
May,B02682,40.730000000000004,-73.75,2
May,B02682,40.730000000000004,-73.74,6
May,B02682,40.730000000000004,-73.73,2
May,B02682,40.730000000000004,-73.72,5
May,B02682,40.730000000000004,-73.71000000000001,5
May,B02682,40.730000000000004,-73.7,4
May,B02682,40.74,-74.12,1
May,B02682,40.74,-74.11,1
May,B02682,40.74,-74.08,2
May,B02682,40.74,-74.07000000000001,6
May,B02682,40.74,-74.06,8
May,B02682,40.74,-74.05,18
May,B02682,40.74,-74.04,130
May,B02682,40.74,-74.03,230
May,B02682,40.74,-74.01,5558
May,B02682,40.74,-74,7192
May,B02682,40.74,-73.99,10242
May,B02682,40.74,-73.98,3994
May,B02682,40.74,-73.97,730
May,B02682,40.74,-73.96000000000001,238
May,B02682,40.74,-73.95,157
May,B02682,40.74,-73.94,44
May,B02682,40.74,-73.93,89
May,B02682,40.74,-73.92,106
May,B02682,40.74,-73.91,17
May,B02682,40.74,-73.9,30
May,B02682,40.74,-73.89,14
May,B02682,40.74,-73.88,19
May,B02682,40.74,-73.87,14
May,B02682,40.74,-73.86,13
May,B02682,40.74,-73.85000000000001,28
May,B02682,40.74,-73.84,3
May,B02682,40.74,-73.83,7
May,B02682,40.74,-73.82000000000001,8
May,B02682,40.74,-73.81,12
May,B02682,40.74,-73.8,2
May,B02682,40.74,-73.79,7
May,B02682,40.74,-73.78,11
May,B02682,40.74,-73.76,5
May,B02682,40.74,-73.75,6
May,B02682,40.74,-73.73,6
May,B02682,40.74,-73.72,3
May,B02682,40.74,-73.71000000000001,5
May,B02682,40.74,-73.7,1
May,B02682,40.75,-74.06,2
May,B02682,40.75,-74.05,9
May,B02682,40.75,-74.04,52
May,B02682,40.75,-74.03,241
May,B02682,40.75,-74.02,30
May,B02682,40.75,-74.01,1880
May,B02682,40.75,-74,3335
May,B02682,40.75,-73.99,8464
May,B02682,40.75,-73.98,7971
May,B02682,40.75,-73.97,3448
May,B02682,40.75,-73.96000000000001,314
May,B02682,40.75,-73.95,186
May,B02682,40.75,-73.94,343
May,B02682,40.75,-73.93,89
May,B02682,40.75,-73.92,65
May,B02682,40.75,-73.91,42
May,B02682,40.75,-73.9,28
May,B02682,40.75,-73.89,34
May,B02682,40.75,-73.88,30
May,B02682,40.75,-73.87,9
May,B02682,40.75,-73.86,8
May,B02682,40.75,-73.85000000000001,41
May,B02682,40.75,-73.84,11
May,B02682,40.75,-73.83,19
May,B02682,40.75,-73.82000000000001,3
May,B02682,40.75,-73.81,2
May,B02682,40.75,-73.79,3
May,B02682,40.75,-73.77,1
May,B02682,40.75,-73.76,7
May,B02682,40.75,-73.75,5
May,B02682,40.75,-73.73,1
May,B02682,40.75,-73.72,9
May,B02682,40.75,-73.71000000000001,6
May,B02682,40.76,-74.15,3
May,B02682,40.76,-74.10000000000001,1
May,B02682,40.76,-74.09,1
May,B02682,40.76,-74.08,2
May,B02682,40.76,-74.07000000000001,1
May,B02682,40.76,-74.05,2
May,B02682,40.76,-74.04,7
May,B02682,40.76,-74.03,36
May,B02682,40.76,-74.02,21
May,B02682,40.76,-74.01,5
May,B02682,40.76,-74,2707
May,B02682,40.76,-73.99,6042
May,B02682,40.76,-73.98,12056
May,B02682,40.76,-73.97,11543
May,B02682,40.76,-73.96000000000001,2067
May,B02682,40.76,-73.95,169
May,B02682,40.76,-73.94,38
May,B02682,40.76,-73.93,128
May,B02682,40.76,-73.92,219
May,B02682,40.76,-73.91,96
May,B02682,40.76,-73.9,22
May,B02682,40.76,-73.89,12
May,B02682,40.76,-73.88,19
May,B02682,40.76,-73.87,12
May,B02682,40.76,-73.86,11
May,B02682,40.76,-73.85000000000001,32
May,B02682,40.76,-73.84,68
May,B02682,40.76,-73.83,65
May,B02682,40.76,-73.82000000000001,12
May,B02682,40.76,-73.81,8
May,B02682,40.76,-73.8,5
May,B02682,40.76,-73.79,5
May,B02682,40.76,-73.78,3
May,B02682,40.76,-73.77,15
May,B02682,40.76,-73.76,5
May,B02682,40.76,-73.75,2
May,B02682,40.76,-73.74,1
May,B02682,40.76,-73.73,4
May,B02682,40.76,-73.72,2
May,B02682,40.76,-73.71000000000001,2
May,B02682,40.76,-73.7,2
May,B02682,40.77,-74.07000000000001,2
May,B02682,40.77,-74.06,3
May,B02682,40.77,-74.04,7
May,B02682,40.77,-74.03,12
May,B02682,40.77,-74.02,15
May,B02682,40.77,-74.01,1
May,B02682,40.77,-74,227
May,B02682,40.77,-73.99,2152
May,B02682,40.77,-73.98,4322
May,B02682,40.77,-73.97,2296
May,B02682,40.77,-73.96000000000001,4755
May,B02682,40.77,-73.95,2367
May,B02682,40.77,-73.94,57
May,B02682,40.77,-73.93,72
May,B02682,40.77,-73.92,189
May,B02682,40.77,-73.91,98
May,B02682,40.77,-73.9,56
May,B02682,40.77,-73.89,486
May,B02682,40.77,-73.88,91
May,B02682,40.77,-73.87,3016
May,B02682,40.77,-73.86,1219
May,B02682,40.77,-73.85000000000001,1
May,B02682,40.77,-73.84,4
May,B02682,40.77,-73.83,3
May,B02682,40.77,-73.82000000000001,5
May,B02682,40.77,-73.81,7
May,B02682,40.77,-73.8,1
May,B02682,40.77,-73.79,4
May,B02682,40.77,-73.78,2
May,B02682,40.77,-73.77,4
May,B02682,40.77,-73.75,3
May,B02682,40.77,-73.74,7
May,B02682,40.77,-73.73,2
May,B02682,40.77,-73.72,1
May,B02682,40.77,-73.71000000000001,3
May,B02682,40.77,-73.7,2
May,B02682,40.78,-74.14,2
May,B02682,40.78,-74.08,1
May,B02682,40.78,-74.07000000000001,1
May,B02682,40.78,-74.05,1
May,B02682,40.78,-74.04,3
May,B02682,40.78,-74.03,3
May,B02682,40.78,-74.02,7
May,B02682,40.78,-74.01,14
May,B02682,40.78,-74,6
May,B02682,40.78,-73.99,686
May,B02682,40.78,-73.98,3098
May,B02682,40.78,-73.97,727
May,B02682,40.78,-73.96000000000001,3493
May,B02682,40.78,-73.95,2746
May,B02682,40.78,-73.94,181
May,B02682,40.78,-73.93,12
May,B02682,40.78,-73.92,41
May,B02682,40.78,-73.91,51
May,B02682,40.78,-73.9,20
May,B02682,40.78,-73.85000000000001,8
May,B02682,40.78,-73.84,8
May,B02682,40.78,-73.83,3
May,B02682,40.78,-73.82000000000001,4
May,B02682,40.78,-73.81,2
May,B02682,40.78,-73.8,5
May,B02682,40.78,-73.79,1
May,B02682,40.78,-73.78,3
May,B02682,40.78,-73.77,2
May,B02682,40.78,-73.73,10
May,B02682,40.78,-73.72,4
May,B02682,40.78,-73.71000000000001,1
May,B02682,40.78,-73.7,4
May,B02682,40.79,-74.08,2
May,B02682,40.79,-74.07000000000001,7
May,B02682,40.79,-74.06,3
May,B02682,40.79,-74.05,7
May,B02682,40.79,-74.04,12
May,B02682,40.79,-74.02,5
May,B02682,40.79,-74.01,5
May,B02682,40.79,-74,9
May,B02682,40.79,-73.99,2
May,B02682,40.79,-73.98,1287
May,B02682,40.79,-73.97,1724
May,B02682,40.79,-73.96000000000001,277
May,B02682,40.79,-73.95,583
May,B02682,40.79,-73.94,131
May,B02682,40.79,-73.93,269
May,B02682,40.79,-73.92,70
May,B02682,40.79,-73.85000000000001,3
May,B02682,40.79,-73.84,10
May,B02682,40.79,-73.83,1
May,B02682,40.79,-73.82000000000001,5
May,B02682,40.79,-73.81,3
May,B02682,40.79,-73.8,7
May,B02682,40.79,-73.79,4
May,B02682,40.79,-73.78,2
May,B02682,40.79,-73.74,1
May,B02682,40.79,-73.73,12
May,B02682,40.79,-73.72,1
May,B02682,40.800000000000004,-74.12,1
May,B02682,40.800000000000004,-74.11,1
May,B02682,40.800000000000004,-74.10000000000001,2
May,B02682,40.800000000000004,-74.07000000000001,5
May,B02682,40.800000000000004,-74.06,10
May,B02682,40.800000000000004,-74.02,2
May,B02682,40.800000000000004,-74.01,1
May,B02682,40.800000000000004,-74,6
May,B02682,40.800000000000004,-73.99,6
May,B02682,40.800000000000004,-73.98,52
May,B02682,40.800000000000004,-73.97,819
May,B02682,40.800000000000004,-73.96000000000001,358
May,B02682,40.800000000000004,-73.95,305
May,B02682,40.800000000000004,-73.94,195
May,B02682,40.800000000000004,-73.93,142
May,B02682,40.800000000000004,-73.92,30
May,B02682,40.800000000000004,-73.91,8
May,B02682,40.800000000000004,-73.72,1
May,B02682,40.800000000000004,-73.7,1
May,B02682,40.81,-74.13,2
May,B02682,40.81,-74.12,2
May,B02682,40.81,-74.11,5
May,B02682,40.81,-74.10000000000001,11
May,B02682,40.81,-74.09,1
May,B02682,40.81,-74.08,9
May,B02682,40.81,-74.07000000000001,5
May,B02682,40.81,-74.06,1
May,B02682,40.81,-74.02,1
May,B02682,40.81,-74.01,3
May,B02682,40.81,-74,4
May,B02682,40.81,-73.99,10
May,B02682,40.81,-73.98,1
May,B02682,40.81,-73.97,100
May,B02682,40.81,-73.96000000000001,428
May,B02682,40.81,-73.95,353
May,B02682,40.81,-73.94,269
May,B02682,40.81,-73.93,28
May,B02682,40.81,-73.92,19
May,B02682,40.81,-73.91,9
May,B02682,40.81,-73.9,2
May,B02682,40.81,-73.89,4
May,B02682,40.81,-73.88,1
May,B02682,40.81,-73.87,4
May,B02682,40.81,-73.86,7
May,B02682,40.81,-73.85000000000001,1
May,B02682,40.81,-73.81,3
May,B02682,40.81,-73.73,2
May,B02682,40.81,-73.71000000000001,1
May,B02682,40.82,-74.15,3
May,B02682,40.82,-74.14,2
May,B02682,40.82,-74.12,2
May,B02682,40.82,-74.11,1
May,B02682,40.82,-74.10000000000001,1
May,B02682,40.82,-74.07000000000001,2
May,B02682,40.82,-74.06,1
May,B02682,40.82,-74.03,2
May,B02682,40.82,-73.99,4
May,B02682,40.82,-73.98,4
May,B02682,40.82,-73.96000000000001,76
May,B02682,40.82,-73.95,164
May,B02682,40.82,-73.94,184
May,B02682,40.82,-73.93,26
May,B02682,40.82,-73.92,17
May,B02682,40.82,-73.91,17
May,B02682,40.82,-73.9,10
May,B02682,40.82,-73.89,19
May,B02682,40.82,-73.88,4
May,B02682,40.82,-73.87,3
May,B02682,40.82,-73.86,6
May,B02682,40.82,-73.85000000000001,5
May,B02682,40.82,-73.84,1
May,B02682,40.82,-73.82000000000001,2
May,B02682,40.82,-73.75,1
May,B02682,40.82,-73.72,1
May,B02682,40.82,-73.7,2
May,B02682,40.83,-74.14,2
May,B02682,40.83,-74.13,2
May,B02682,40.83,-74.10000000000001,2
May,B02682,40.83,-74.09,2
May,B02682,40.83,-74.08,5
May,B02682,40.83,-74.05,1
May,B02682,40.83,-73.98,1
May,B02682,40.83,-73.96000000000001,3
May,B02682,40.83,-73.95,111
May,B02682,40.83,-73.94,102
May,B02682,40.83,-73.93,145
May,B02682,40.83,-73.92,80
May,B02682,40.83,-73.91,9
May,B02682,40.83,-73.9,13
May,B02682,40.83,-73.89,9
May,B02682,40.83,-73.88,4
May,B02682,40.83,-73.87,7
May,B02682,40.83,-73.86,7
May,B02682,40.83,-73.85000000000001,3
May,B02682,40.83,-73.83,3
May,B02682,40.83,-73.82000000000001,8
May,B02682,40.83,-73.75,1
May,B02682,40.84,-74.15,5
May,B02682,40.84,-74.14,1
May,B02682,40.84,-74.12,1
May,B02682,40.84,-74.11,1
May,B02682,40.84,-74.07000000000001,7
May,B02682,40.84,-74.05,1
May,B02682,40.84,-73.98,2
May,B02682,40.84,-73.97,4
May,B02682,40.84,-73.95,26
May,B02682,40.84,-73.94,163
May,B02682,40.84,-73.93,8
May,B02682,40.84,-73.92,14
May,B02682,40.84,-73.91,12
May,B02682,40.84,-73.9,5
May,B02682,40.84,-73.89,10
May,B02682,40.84,-73.88,6
May,B02682,40.84,-73.87,6
May,B02682,40.84,-73.86,11
May,B02682,40.84,-73.85000000000001,8
May,B02682,40.84,-73.84,12
May,B02682,40.84,-73.83,7
May,B02682,40.84,-73.82000000000001,1
May,B02682,40.84,-73.78,1
May,B02682,40.85,-74.15,1
May,B02682,40.85,-74.12,2
May,B02682,40.85,-74.09,1
May,B02682,40.85,-74.07000000000001,6
May,B02682,40.85,-74.05,1
May,B02682,40.85,-74.04,1
May,B02682,40.85,-74.01,1
May,B02682,40.85,-73.98,2
May,B02682,40.85,-73.97,7
May,B02682,40.85,-73.96000000000001,2
May,B02682,40.85,-73.94,104
May,B02682,40.85,-73.93,81
May,B02682,40.85,-73.92,10
May,B02682,40.85,-73.91,6
May,B02682,40.85,-73.9,3
May,B02682,40.85,-73.89,15
May,B02682,40.85,-73.88,12
May,B02682,40.85,-73.87,5
May,B02682,40.85,-73.86,5
May,B02682,40.85,-73.85000000000001,12
May,B02682,40.85,-73.84,12
May,B02682,40.85,-73.83,6
May,B02682,40.85,-73.79,2
May,B02682,40.86,-74.15,1
May,B02682,40.86,-74.09,2
May,B02682,40.86,-74.08,2
May,B02682,40.86,-74.07000000000001,1
May,B02682,40.86,-74.06,2
May,B02682,40.86,-74.05,2
May,B02682,40.86,-73.98,3
May,B02682,40.86,-73.97,4
May,B02682,40.86,-73.96000000000001,1
May,B02682,40.86,-73.94,13
May,B02682,40.86,-73.93,58
May,B02682,40.86,-73.92,12
May,B02682,40.86,-73.91,4
May,B02682,40.86,-73.9,17
May,B02682,40.86,-73.89,53
May,B02682,40.86,-73.88,35
May,B02682,40.86,-73.87,16
May,B02682,40.86,-73.86,5
May,B02682,40.86,-73.85000000000001,6
May,B02682,40.86,-73.84,3
May,B02682,40.86,-73.83,1
May,B02682,40.86,-73.71000000000001,1
May,B02682,40.87,-74.09,1
May,B02682,40.87,-74.08,1
May,B02682,40.87,-74.06,4
May,B02682,40.87,-74.02,2
May,B02682,40.87,-74.01,2
May,B02682,40.87,-74,1
May,B02682,40.87,-73.98,2
May,B02682,40.87,-73.97,2
May,B02682,40.87,-73.96000000000001,1
May,B02682,40.87,-73.93,37
May,B02682,40.87,-73.92,30
May,B02682,40.87,-73.91,14
May,B02682,40.87,-73.9,11
May,B02682,40.87,-73.89,11
May,B02682,40.87,-73.88,15
May,B02682,40.87,-73.87,4
May,B02682,40.87,-73.86,7
May,B02682,40.87,-73.85000000000001,2
May,B02682,40.87,-73.84,1
May,B02682,40.87,-73.83,3
May,B02682,40.87,-73.82000000000001,2
May,B02682,40.87,-73.81,2
May,B02682,40.88,-74.10000000000001,1
May,B02682,40.88,-74.07000000000001,1
May,B02682,40.88,-74.06,5
May,B02682,40.88,-74.05,1
May,B02682,40.88,-74.03,1
May,B02682,40.88,-73.98,5
May,B02682,40.88,-73.96000000000001,1
May,B02682,40.88,-73.95,2
May,B02682,40.88,-73.92,17
May,B02682,40.88,-73.91,16
May,B02682,40.88,-73.9,11
May,B02682,40.88,-73.89,11
May,B02682,40.88,-73.88,27
May,B02682,40.88,-73.87,3
May,B02682,40.88,-73.86,11
May,B02682,40.88,-73.85000000000001,3
May,B02682,40.88,-73.84,3
May,B02682,40.88,-73.83,5
May,B02682,40.89,-74.07000000000001,1
May,B02682,40.89,-74.06,2
May,B02682,40.89,-74.05,1
May,B02682,40.89,-74.04,2
May,B02682,40.89,-74.02,1
May,B02682,40.89,-74.01,1
May,B02682,40.89,-73.97,4
May,B02682,40.89,-73.96000000000001,2
May,B02682,40.89,-73.95,5
May,B02682,40.89,-73.94,1
May,B02682,40.89,-73.92,2
May,B02682,40.89,-73.91,81
May,B02682,40.89,-73.9,78
May,B02682,40.89,-73.89,9
May,B02682,40.89,-73.88,2
May,B02682,40.89,-73.86,5
May,B02682,40.89,-73.85000000000001,3
May,B02682,40.89,-73.84,1
May,B02682,40.89,-73.82000000000001,1
May,B02682,40.89,-73.79,1
May,B02682,40.89,-73.78,3
May,B02682,40.9,-74.10000000000001,2
May,B02682,40.9,-74.09,1
May,B02682,40.9,-74.08,1
May,B02682,40.9,-74.03,2
May,B02682,40.9,-74,1
May,B02682,40.9,-73.96000000000001,1
May,B02682,40.9,-73.95,1
May,B02682,40.9,-73.91,7
May,B02682,40.9,-73.9,41
May,B02682,40.9,-73.89,2
May,B02682,40.9,-73.87,8
May,B02682,40.9,-73.86,2
May,B02682,40.9,-73.85000000000001,3
May,B02682,40.9,-73.83,1
May,B02682,40.9,-73.8,5
May,B02682,40.9,-73.77,1
May,B02682,40.910000000000004,-74.10000000000001,2
May,B02682,40.910000000000004,-74.08,1
May,B02682,40.910000000000004,-74.06,1
May,B02682,40.910000000000004,-74.05,1
May,B02682,40.910000000000004,-74.03,5
May,B02682,40.910000000000004,-73.95,1
May,B02682,40.910000000000004,-73.91,1
May,B02682,40.910000000000004,-73.9,7
May,B02682,40.910000000000004,-73.86,1
May,B02682,40.910000000000004,-73.85000000000001,2
May,B02682,40.910000000000004,-73.84,1
May,B02682,40.910000000000004,-73.83,1
May,B02682,40.910000000000004,-73.81,1
May,B02682,40.910000000000004,-73.8,1
May,B02682,40.910000000000004,-73.78,4
May,B02682,40.92,-74.15,1
May,B02682,40.92,-74.09,1
May,B02682,40.92,-74.06,1
May,B02682,40.92,-73.95,1
May,B02682,40.92,-73.9,1
May,B02764,40.58,-73.97,1
May,B02764,40.58,-73.95,1
May,B02764,40.6,-73.97,1
May,B02764,40.6,-73.96000000000001,1
May,B02764,40.61,-74,1
May,B02764,40.61,-73.94,2
May,B02764,40.61,-73.92,1
May,B02764,40.61,-73.91,1
May,B02764,40.61,-73.76,1
May,B02764,40.62,-74.04,1
May,B02764,40.62,-74.03,1
May,B02764,40.62,-74.01,1
May,B02764,40.62,-74,1
May,B02764,40.62,-73.95,1
May,B02764,40.63,-74.03,1
May,B02764,40.63,-73.99,1
May,B02764,40.63,-73.97,1
May,B02764,40.63,-73.96000000000001,2
May,B02764,40.63,-73.95,1
May,B02764,40.63,-73.93,3
May,B02764,40.63,-73.9,1
May,B02764,40.63,-73.88,1
May,B02764,40.64,-74.03,1
May,B02764,40.64,-74,2
May,B02764,40.64,-73.99,1
May,B02764,40.64,-73.98,1
May,B02764,40.64,-73.97,2
May,B02764,40.64,-73.96000000000001,2
May,B02764,40.64,-73.95,1
May,B02764,40.64,-73.89,1
May,B02764,40.64,-73.79,24
May,B02764,40.64,-73.78,57
May,B02764,40.65,-74.02,1
May,B02764,40.65,-74.01,2
May,B02764,40.65,-73.98,2
May,B02764,40.65,-73.97,3
May,B02764,40.65,-73.96000000000001,3
May,B02764,40.65,-73.95,2
May,B02764,40.65,-73.93,1
May,B02764,40.65,-73.81,1
May,B02764,40.65,-73.8,2
May,B02764,40.65,-73.79,31
May,B02764,40.65,-73.78,92
May,B02764,40.660000000000004,-74.01,1
May,B02764,40.660000000000004,-74,4
May,B02764,40.660000000000004,-73.99,2
May,B02764,40.660000000000004,-73.98,13
May,B02764,40.660000000000004,-73.96000000000001,5
May,B02764,40.660000000000004,-73.93,2
May,B02764,40.660000000000004,-73.92,2
May,B02764,40.660000000000004,-73.91,2
May,B02764,40.660000000000004,-73.89,1
May,B02764,40.660000000000004,-73.8,2
May,B02764,40.660000000000004,-73.77,2
May,B02764,40.660000000000004,-73.74,1
May,B02764,40.67,-74.02,6
May,B02764,40.67,-74.01,3
May,B02764,40.67,-74,4
May,B02764,40.67,-73.99,14
May,B02764,40.67,-73.98,17
May,B02764,40.67,-73.97,11
May,B02764,40.67,-73.96000000000001,15
May,B02764,40.67,-73.95,7
May,B02764,40.67,-73.94,6
May,B02764,40.67,-73.93,1
May,B02764,40.67,-73.9,1
May,B02764,40.67,-73.89,1
May,B02764,40.67,-73.88,2
May,B02764,40.67,-73.87,2
May,B02764,40.67,-73.83,1
May,B02764,40.67,-73.8,2
May,B02764,40.67,-73.79,1
May,B02764,40.67,-73.75,1
May,B02764,40.68,-74.02,2
May,B02764,40.68,-74.01,8
May,B02764,40.68,-74,23
May,B02764,40.68,-73.99,24
May,B02764,40.68,-73.98,33
May,B02764,40.68,-73.97,19
May,B02764,40.68,-73.96000000000001,24
May,B02764,40.68,-73.95,10
May,B02764,40.68,-73.94,4
May,B02764,40.68,-73.93,4
May,B02764,40.68,-73.92,1
May,B02764,40.68,-73.91,2
May,B02764,40.68,-73.78,1
May,B02764,40.69,-74.06,1
May,B02764,40.69,-74,23
May,B02764,40.69,-73.99,53
May,B02764,40.69,-73.98,27
May,B02764,40.69,-73.97,34
May,B02764,40.69,-73.96000000000001,33
May,B02764,40.69,-73.95,30
May,B02764,40.69,-73.94,21
May,B02764,40.69,-73.93,10
May,B02764,40.69,-73.92,6
May,B02764,40.69,-73.91,5
May,B02764,40.69,-73.86,2
May,B02764,40.69,-73.78,1
May,B02764,40.69,-73.76,1
May,B02764,40.7,-74.07000000000001,1
May,B02764,40.7,-74.06,1
May,B02764,40.7,-74.02,1
May,B02764,40.7,-74.01,37
May,B02764,40.7,-74,6
May,B02764,40.7,-73.99,36
May,B02764,40.7,-73.98,8
May,B02764,40.7,-73.97,10
May,B02764,40.7,-73.96000000000001,9
May,B02764,40.7,-73.95,9
May,B02764,40.7,-73.94,16
May,B02764,40.7,-73.93,19
May,B02764,40.7,-73.92,11
May,B02764,40.7,-73.91,8
May,B02764,40.7,-73.9,1
May,B02764,40.7,-73.84,1
May,B02764,40.7,-73.72,1
May,B02764,40.71,-74.02,40
May,B02764,40.71,-74.01,185
May,B02764,40.71,-74,33
May,B02764,40.71,-73.99,10
May,B02764,40.71,-73.98,8
May,B02764,40.71,-73.97,20
May,B02764,40.71,-73.96000000000001,43
May,B02764,40.71,-73.95,31
May,B02764,40.71,-73.94,29
May,B02764,40.71,-73.93,8
May,B02764,40.71,-73.92,12
May,B02764,40.71,-73.9,1
May,B02764,40.71,-73.85000000000001,1
May,B02764,40.71,-73.83,1
May,B02764,40.71,-73.82000000000001,1
May,B02764,40.71,-73.79,1
May,B02764,40.72,-74.07000000000001,1
May,B02764,40.72,-74.05,3
May,B02764,40.72,-74.04,7
May,B02764,40.72,-74.02,29
May,B02764,40.72,-74.01,235
May,B02764,40.72,-74,453
May,B02764,40.72,-73.99,231
May,B02764,40.72,-73.98,73
May,B02764,40.72,-73.97,8
May,B02764,40.72,-73.96000000000001,67
May,B02764,40.72,-73.95,42
May,B02764,40.72,-73.94,11
May,B02764,40.72,-73.93,1
May,B02764,40.72,-73.91,1
May,B02764,40.72,-73.9,1
May,B02764,40.72,-73.89,1
May,B02764,40.72,-73.88,1
May,B02764,40.72,-73.85000000000001,2
May,B02764,40.72,-73.84,1
May,B02764,40.730000000000004,-74.05,3
May,B02764,40.730000000000004,-74.04,3
May,B02764,40.730000000000004,-74.03,2
May,B02764,40.730000000000004,-74.01,125
May,B02764,40.730000000000004,-74,464
May,B02764,40.730000000000004,-73.99,361
May,B02764,40.730000000000004,-73.98,120
May,B02764,40.730000000000004,-73.97,6
May,B02764,40.730000000000004,-73.96000000000001,16
May,B02764,40.730000000000004,-73.95,10
May,B02764,40.730000000000004,-73.94,5
May,B02764,40.730000000000004,-73.9,2
May,B02764,40.730000000000004,-73.85000000000001,1
May,B02764,40.730000000000004,-73.83,1
May,B02764,40.730000000000004,-73.78,1
May,B02764,40.730000000000004,-73.7,1
May,B02764,40.74,-74.06,1
May,B02764,40.74,-74.05,1
May,B02764,40.74,-74.04,5
May,B02764,40.74,-74.03,2
May,B02764,40.74,-74.01,208
May,B02764,40.74,-74,313
May,B02764,40.74,-73.99,494
May,B02764,40.74,-73.98,189
May,B02764,40.74,-73.97,31
May,B02764,40.74,-73.96000000000001,11
May,B02764,40.74,-73.95,4
May,B02764,40.74,-73.94,1
May,B02764,40.74,-73.93,1
May,B02764,40.74,-73.92,1
May,B02764,40.74,-73.91,1
May,B02764,40.74,-73.87,1
May,B02764,40.74,-73.86,1
May,B02764,40.74,-73.84,1
May,B02764,40.74,-73.83,1
May,B02764,40.74,-73.71000000000001,1
May,B02764,40.75,-74.05,1
May,B02764,40.75,-74.04,2
May,B02764,40.75,-74.03,5
May,B02764,40.75,-74.02,1
May,B02764,40.75,-74.01,67
May,B02764,40.75,-74,108
May,B02764,40.75,-73.99,367
May,B02764,40.75,-73.98,419
May,B02764,40.75,-73.97,151
May,B02764,40.75,-73.96000000000001,15
May,B02764,40.75,-73.95,7
May,B02764,40.75,-73.94,10
May,B02764,40.75,-73.93,7
May,B02764,40.75,-73.92,3
May,B02764,40.75,-73.91,1
May,B02764,40.75,-73.9,2
May,B02764,40.75,-73.89,2
May,B02764,40.75,-73.88,1
May,B02764,40.75,-73.86,1
May,B02764,40.75,-73.85000000000001,1
May,B02764,40.75,-73.83,3
May,B02764,40.75,-73.82000000000001,1
May,B02764,40.75,-73.71000000000001,1
May,B02764,40.76,-74.04,1
May,B02764,40.76,-74.03,1
May,B02764,40.76,-74,78
May,B02764,40.76,-73.99,239
May,B02764,40.76,-73.98,512
May,B02764,40.76,-73.97,618
May,B02764,40.76,-73.96000000000001,82
May,B02764,40.76,-73.95,3
May,B02764,40.76,-73.94,1
May,B02764,40.76,-73.93,2
May,B02764,40.76,-73.92,13
May,B02764,40.76,-73.91,1
May,B02764,40.76,-73.9,1
May,B02764,40.76,-73.89,1
May,B02764,40.76,-73.88,2
May,B02764,40.76,-73.87,1
May,B02764,40.76,-73.84,11
May,B02764,40.76,-73.83,4
May,B02764,40.76,-73.82000000000001,1
May,B02764,40.76,-73.79,1
May,B02764,40.76,-73.71000000000001,1
May,B02764,40.77,-74.03,1
May,B02764,40.77,-74,12
May,B02764,40.77,-73.99,77
May,B02764,40.77,-73.98,165
May,B02764,40.77,-73.97,128
May,B02764,40.77,-73.96000000000001,198
May,B02764,40.77,-73.95,91
May,B02764,40.77,-73.94,2
May,B02764,40.77,-73.93,2
May,B02764,40.77,-73.92,5
May,B02764,40.77,-73.91,2
May,B02764,40.77,-73.89,23
May,B02764,40.77,-73.88,5
May,B02764,40.77,-73.87,135
May,B02764,40.77,-73.86,47
May,B02764,40.77,-73.82000000000001,1
May,B02764,40.77,-73.74,1
May,B02764,40.78,-74.02,1
May,B02764,40.78,-74.01,1
May,B02764,40.78,-73.99,23
May,B02764,40.78,-73.98,119
May,B02764,40.78,-73.97,35
May,B02764,40.78,-73.96000000000001,153
May,B02764,40.78,-73.95,84
May,B02764,40.78,-73.94,8
May,B02764,40.78,-73.93,1
May,B02764,40.78,-73.92,3
May,B02764,40.78,-73.78,2
May,B02764,40.78,-73.75,1
May,B02764,40.78,-73.73,1
May,B02764,40.78,-73.72,1
May,B02764,40.78,-73.71000000000001,1
May,B02764,40.78,-73.7,1
May,B02764,40.79,-74.04,3
May,B02764,40.79,-74,1
May,B02764,40.79,-73.98,40
May,B02764,40.79,-73.97,47
May,B02764,40.79,-73.96000000000001,13
May,B02764,40.79,-73.95,21
May,B02764,40.79,-73.94,4
May,B02764,40.79,-73.93,18
May,B02764,40.79,-73.92,4
May,B02764,40.800000000000004,-74.14,1
May,B02764,40.800000000000004,-73.98,2
May,B02764,40.800000000000004,-73.97,14
May,B02764,40.800000000000004,-73.96000000000001,12
May,B02764,40.800000000000004,-73.95,14
May,B02764,40.800000000000004,-73.94,7
May,B02764,40.800000000000004,-73.93,2
May,B02764,40.800000000000004,-73.92,1
May,B02764,40.800000000000004,-73.7,1
May,B02764,40.81,-74.01,1
May,B02764,40.81,-73.97,2
May,B02764,40.81,-73.96000000000001,9
May,B02764,40.81,-73.95,12
May,B02764,40.81,-73.94,11
May,B02764,40.81,-73.93,4
May,B02764,40.82,-73.95,5
May,B02764,40.82,-73.94,4
May,B02764,40.82,-73.9,1
May,B02764,40.83,-73.98,1
May,B02764,40.83,-73.94,7
May,B02764,40.83,-73.93,3
May,B02764,40.83,-73.92,3
May,B02764,40.83,-73.91,1
May,B02764,40.83,-73.88,1
May,B02764,40.84,-73.94,4
May,B02764,40.84,-73.92,1
May,B02764,40.84,-73.88,2
May,B02764,40.84,-73.83,1
May,B02764,40.84,-73.75,1
May,B02764,40.85,-74.01,1
May,B02764,40.85,-73.93,2
May,B02764,40.85,-73.9,1
May,B02764,40.85,-73.87,1
May,B02764,40.85,-73.86,2
May,B02764,40.85,-73.85000000000001,1
May,B02764,40.85,-73.84,1
May,B02764,40.85,-73.83,1
May,B02764,40.86,-73.89,2
May,B02764,40.86,-73.84,1
May,B02764,40.87,-73.9,1
May,B02764,40.88,-73.99,1
May,B02764,40.88,-73.91,1
May,B02764,40.88,-73.88,1
May,B02764,40.89,-73.91,1
May,B02764,40.89,-73.9,2
May,B02764,40.89,-73.89,1
May,B02764,40.9,-73.91,2
May,B02764,40.910000000000004,-73.78,2
Jun,B02512,40.58,-73.97,2
Jun,B02512,40.58,-73.95,1
Jun,B02512,40.58,-73.94,3
Jun,B02512,40.58,-73.93,1
Jun,B02512,40.59,-73.99,1
Jun,B02512,40.59,-73.97,1
Jun,B02512,40.59,-73.94,3
Jun,B02512,40.59,-73.8,1
Jun,B02512,40.6,-73.97,6
Jun,B02512,40.6,-73.72,1
Jun,B02512,40.61,-74.08,1
Jun,B02512,40.61,-74.07000000000001,1
Jun,B02512,40.61,-74.03,2
Jun,B02512,40.61,-74.01,1
Jun,B02512,40.61,-73.99,2
Jun,B02512,40.61,-73.98,1
Jun,B02512,40.61,-73.97,1
Jun,B02512,40.61,-73.96000000000001,2
Jun,B02512,40.61,-73.95,2
Jun,B02512,40.61,-73.93,1
Jun,B02512,40.61,-73.92,2
Jun,B02512,40.61,-73.91,1
Jun,B02512,40.61,-73.71000000000001,1
Jun,B02512,40.62,-74.13,1
Jun,B02512,40.62,-74.03,3
Jun,B02512,40.62,-74.02,1
Jun,B02512,40.62,-74,1
Jun,B02512,40.62,-73.98,2
Jun,B02512,40.62,-73.97,4
Jun,B02512,40.62,-73.96000000000001,4
Jun,B02512,40.62,-73.95,4
Jun,B02512,40.62,-73.94,2
Jun,B02512,40.62,-73.93,1
Jun,B02512,40.62,-73.92,1
Jun,B02512,40.62,-73.74,1
Jun,B02512,40.63,-74.10000000000001,1
Jun,B02512,40.63,-74.02,1
Jun,B02512,40.63,-74.01,1
Jun,B02512,40.63,-73.98,2
Jun,B02512,40.63,-73.97,2
Jun,B02512,40.63,-73.96000000000001,3
Jun,B02512,40.63,-73.95,3
Jun,B02512,40.63,-73.94,1
Jun,B02512,40.63,-73.92,1
Jun,B02512,40.63,-73.91,1
Jun,B02512,40.63,-73.74,1
Jun,B02512,40.63,-73.73,1
Jun,B02512,40.64,-74.04,1
Jun,B02512,40.64,-74.02,3
Jun,B02512,40.64,-74.01,1
Jun,B02512,40.64,-73.98,3
Jun,B02512,40.64,-73.97,8
Jun,B02512,40.64,-73.96000000000001,3
Jun,B02512,40.64,-73.95,1
Jun,B02512,40.64,-73.94,1
Jun,B02512,40.64,-73.93,2
Jun,B02512,40.64,-73.92,1
Jun,B02512,40.64,-73.91,1
Jun,B02512,40.64,-73.9,1
Jun,B02512,40.64,-73.8,2
Jun,B02512,40.64,-73.79,99
Jun,B02512,40.64,-73.78,188
Jun,B02512,40.64,-73.73,3
Jun,B02512,40.65,-74.02,2
Jun,B02512,40.65,-74.01,4
Jun,B02512,40.65,-74,2
Jun,B02512,40.65,-73.97,2
Jun,B02512,40.65,-73.96000000000001,9
Jun,B02512,40.65,-73.95,2
Jun,B02512,40.65,-73.94,3
Jun,B02512,40.65,-73.93,1
Jun,B02512,40.65,-73.92,1
Jun,B02512,40.65,-73.91,3
Jun,B02512,40.65,-73.89,2
Jun,B02512,40.65,-73.88,2
Jun,B02512,40.65,-73.87,1
Jun,B02512,40.65,-73.81,1
Jun,B02512,40.65,-73.8,2
Jun,B02512,40.65,-73.79,146
Jun,B02512,40.65,-73.78,223
Jun,B02512,40.65,-73.77,1
Jun,B02512,40.65,-73.73,1
Jun,B02512,40.660000000000004,-74.12,2
Jun,B02512,40.660000000000004,-74.09,2
Jun,B02512,40.660000000000004,-74.01,4
Jun,B02512,40.660000000000004,-74,2
Jun,B02512,40.660000000000004,-73.99,19
Jun,B02512,40.660000000000004,-73.98,23
Jun,B02512,40.660000000000004,-73.97,1
Jun,B02512,40.660000000000004,-73.96000000000001,12
Jun,B02512,40.660000000000004,-73.95,9
Jun,B02512,40.660000000000004,-73.94,3
Jun,B02512,40.660000000000004,-73.93,6
Jun,B02512,40.660000000000004,-73.92,4
Jun,B02512,40.660000000000004,-73.91,1
Jun,B02512,40.660000000000004,-73.9,3
Jun,B02512,40.660000000000004,-73.89,1
Jun,B02512,40.660000000000004,-73.83,1
Jun,B02512,40.660000000000004,-73.82000000000001,1
Jun,B02512,40.660000000000004,-73.81,2
Jun,B02512,40.660000000000004,-73.8,4
Jun,B02512,40.660000000000004,-73.77,2
Jun,B02512,40.660000000000004,-73.75,3
Jun,B02512,40.67,-74.12,1
Jun,B02512,40.67,-74.10000000000001,3
Jun,B02512,40.67,-74.02,2
Jun,B02512,40.67,-74.01,6
Jun,B02512,40.67,-74,3
Jun,B02512,40.67,-73.99,20
Jun,B02512,40.67,-73.98,37
Jun,B02512,40.67,-73.97,17
Jun,B02512,40.67,-73.96000000000001,19
Jun,B02512,40.67,-73.95,12
Jun,B02512,40.67,-73.94,11
Jun,B02512,40.67,-73.93,5
Jun,B02512,40.67,-73.92,1
Jun,B02512,40.67,-73.91,1
Jun,B02512,40.67,-73.89,1
Jun,B02512,40.67,-73.86,1
Jun,B02512,40.67,-73.85000000000001,1
Jun,B02512,40.67,-73.84,2
Jun,B02512,40.67,-73.81,3
Jun,B02512,40.67,-73.8,11
Jun,B02512,40.67,-73.79,5
Jun,B02512,40.67,-73.78,3
Jun,B02512,40.67,-73.76,1
Jun,B02512,40.67,-73.73,1
Jun,B02512,40.67,-73.72,3
Jun,B02512,40.68,-74.11,1
Jun,B02512,40.68,-74.10000000000001,1
Jun,B02512,40.68,-74.02,12
Jun,B02512,40.68,-74.01,15
Jun,B02512,40.68,-74,26
Jun,B02512,40.68,-73.99,30
Jun,B02512,40.68,-73.98,49
Jun,B02512,40.68,-73.97,31
Jun,B02512,40.68,-73.96000000000001,34
Jun,B02512,40.68,-73.95,16
Jun,B02512,40.68,-73.94,11
Jun,B02512,40.68,-73.93,7
Jun,B02512,40.68,-73.92,5
Jun,B02512,40.68,-73.91,5
Jun,B02512,40.68,-73.9,4
Jun,B02512,40.68,-73.87,2
Jun,B02512,40.68,-73.86,1
Jun,B02512,40.68,-73.85000000000001,1
Jun,B02512,40.68,-73.83,1
Jun,B02512,40.68,-73.8,1
Jun,B02512,40.68,-73.79,1
Jun,B02512,40.68,-73.77,2
Jun,B02512,40.68,-73.76,1
Jun,B02512,40.68,-73.74,1
Jun,B02512,40.68,-73.71000000000001,1
Jun,B02512,40.69,-74.11,1
Jun,B02512,40.69,-74.07000000000001,1
Jun,B02512,40.69,-74,50
Jun,B02512,40.69,-73.99,91
Jun,B02512,40.69,-73.98,71
Jun,B02512,40.69,-73.97,55
Jun,B02512,40.69,-73.96000000000001,29
Jun,B02512,40.69,-73.95,17
Jun,B02512,40.69,-73.94,11
Jun,B02512,40.69,-73.93,10
Jun,B02512,40.69,-73.92,8
Jun,B02512,40.69,-73.91,6
Jun,B02512,40.69,-73.84,2
Jun,B02512,40.69,-73.82000000000001,2
Jun,B02512,40.69,-73.81,1
Jun,B02512,40.69,-73.79,2
Jun,B02512,40.69,-73.74,2
Jun,B02512,40.69,-73.73,1
Jun,B02512,40.69,-73.71000000000001,5
Jun,B02512,40.7,-74.02,5
Jun,B02512,40.7,-74.01,112
Jun,B02512,40.7,-74,14
Jun,B02512,40.7,-73.99,83
Jun,B02512,40.7,-73.98,16
Jun,B02512,40.7,-73.97,11
Jun,B02512,40.7,-73.96000000000001,10
Jun,B02512,40.7,-73.95,7
Jun,B02512,40.7,-73.94,9
Jun,B02512,40.7,-73.93,29
Jun,B02512,40.7,-73.92,10
Jun,B02512,40.7,-73.91,8
Jun,B02512,40.7,-73.9,1
Jun,B02512,40.7,-73.86,1
Jun,B02512,40.7,-73.83,1
Jun,B02512,40.7,-73.81,3
Jun,B02512,40.7,-73.78,1
Jun,B02512,40.7,-73.75,2
Jun,B02512,40.7,-73.73,1
Jun,B02512,40.7,-73.72,5
Jun,B02512,40.71,-74.09,1
Jun,B02512,40.71,-74.08,1
Jun,B02512,40.71,-74.06,1
Jun,B02512,40.71,-74.04,35
Jun,B02512,40.71,-74.03,6
Jun,B02512,40.71,-74.02,123
Jun,B02512,40.71,-74.01,565
Jun,B02512,40.71,-74,82
Jun,B02512,40.71,-73.99,38
Jun,B02512,40.71,-73.98,14
Jun,B02512,40.71,-73.97,44
Jun,B02512,40.71,-73.96000000000001,80
Jun,B02512,40.71,-73.95,48
Jun,B02512,40.71,-73.94,37
Jun,B02512,40.71,-73.93,10
Jun,B02512,40.71,-73.92,9
Jun,B02512,40.71,-73.91,2
Jun,B02512,40.71,-73.9,3
Jun,B02512,40.71,-73.86,1
Jun,B02512,40.71,-73.85000000000001,1
Jun,B02512,40.71,-73.83,4
Jun,B02512,40.71,-73.82000000000001,1
Jun,B02512,40.71,-73.81,1
Jun,B02512,40.71,-73.8,1
Jun,B02512,40.71,-73.79,1
Jun,B02512,40.71,-73.78,3
Jun,B02512,40.71,-73.74,2
Jun,B02512,40.71,-73.73,2
Jun,B02512,40.71,-73.72,9
Jun,B02512,40.71,-73.71000000000001,5
Jun,B02512,40.72,-74.08,3
Jun,B02512,40.72,-74.07000000000001,3
Jun,B02512,40.72,-74.06,1
Jun,B02512,40.72,-74.05,17
Jun,B02512,40.72,-74.04,49
Jun,B02512,40.72,-74.03,57
Jun,B02512,40.72,-74.02,73
Jun,B02512,40.72,-74.01,811
Jun,B02512,40.72,-74,1156
Jun,B02512,40.72,-73.99,527
Jun,B02512,40.72,-73.98,160
Jun,B02512,40.72,-73.97,6
Jun,B02512,40.72,-73.96000000000001,198
Jun,B02512,40.72,-73.95,68
Jun,B02512,40.72,-73.94,20
Jun,B02512,40.72,-73.9,1
Jun,B02512,40.72,-73.88,1
Jun,B02512,40.72,-73.85000000000001,5
Jun,B02512,40.72,-73.84,8
Jun,B02512,40.72,-73.83,1
Jun,B02512,40.72,-73.81,4
Jun,B02512,40.72,-73.8,1
Jun,B02512,40.72,-73.79,2
Jun,B02512,40.72,-73.78,2
Jun,B02512,40.72,-73.74,1
Jun,B02512,40.72,-73.73,1
Jun,B02512,40.72,-73.72,2
Jun,B02512,40.72,-73.71000000000001,3
Jun,B02512,40.730000000000004,-74.14,2
Jun,B02512,40.730000000000004,-74.07000000000001,3
Jun,B02512,40.730000000000004,-74.06,4
Jun,B02512,40.730000000000004,-74.05,10
Jun,B02512,40.730000000000004,-74.04,25
Jun,B02512,40.730000000000004,-74.03,17
Jun,B02512,40.730000000000004,-74.01,610
Jun,B02512,40.730000000000004,-74,1146
Jun,B02512,40.730000000000004,-73.99,986
Jun,B02512,40.730000000000004,-73.98,318
Jun,B02512,40.730000000000004,-73.97,9
Jun,B02512,40.730000000000004,-73.96000000000001,32
Jun,B02512,40.730000000000004,-73.95,27
Jun,B02512,40.730000000000004,-73.94,5
Jun,B02512,40.730000000000004,-73.9,2
Jun,B02512,40.730000000000004,-73.89,1
Jun,B02512,40.730000000000004,-73.88,1
Jun,B02512,40.730000000000004,-73.87,1
Jun,B02512,40.730000000000004,-73.86,6
Jun,B02512,40.730000000000004,-73.83,1
Jun,B02512,40.730000000000004,-73.82000000000001,3
Jun,B02512,40.730000000000004,-73.79,1
Jun,B02512,40.730000000000004,-73.74,1
Jun,B02512,40.730000000000004,-73.72,2
Jun,B02512,40.730000000000004,-73.71000000000001,1
Jun,B02512,40.730000000000004,-73.7,2
Jun,B02512,40.74,-74.05,6
Jun,B02512,40.74,-74.04,23
Jun,B02512,40.74,-74.03,62
Jun,B02512,40.74,-74.01,939
Jun,B02512,40.74,-74,947
Jun,B02512,40.74,-73.99,1460
Jun,B02512,40.74,-73.98,565
Jun,B02512,40.74,-73.97,132
Jun,B02512,40.74,-73.96000000000001,29
Jun,B02512,40.74,-73.95,15
Jun,B02512,40.74,-73.94,7
Jun,B02512,40.74,-73.93,9
Jun,B02512,40.74,-73.92,12
Jun,B02512,40.74,-73.91,2
Jun,B02512,40.74,-73.9,3
Jun,B02512,40.74,-73.88,4
Jun,B02512,40.74,-73.87,4
Jun,B02512,40.74,-73.85000000000001,2
Jun,B02512,40.74,-73.81,1
Jun,B02512,40.74,-73.76,1
Jun,B02512,40.75,-74.06,1
Jun,B02512,40.75,-74.04,13
Jun,B02512,40.75,-74.03,63
Jun,B02512,40.75,-74.02,6
Jun,B02512,40.75,-74.01,302
Jun,B02512,40.75,-74,455
Jun,B02512,40.75,-73.99,1186
Jun,B02512,40.75,-73.98,1242
Jun,B02512,40.75,-73.97,478
Jun,B02512,40.75,-73.96000000000001,44
Jun,B02512,40.75,-73.95,25
Jun,B02512,40.75,-73.94,49
Jun,B02512,40.75,-73.93,20
Jun,B02512,40.75,-73.92,13
Jun,B02512,40.75,-73.91,6
Jun,B02512,40.75,-73.9,12
Jun,B02512,40.75,-73.89,7
Jun,B02512,40.75,-73.88,2
Jun,B02512,40.75,-73.87,1
Jun,B02512,40.75,-73.85000000000001,3
Jun,B02512,40.75,-73.83,3
Jun,B02512,40.75,-73.82000000000001,1
Jun,B02512,40.75,-73.76,3
Jun,B02512,40.76,-74.08,1
Jun,B02512,40.76,-74.05,1
Jun,B02512,40.76,-74.04,5
Jun,B02512,40.76,-74.03,11
Jun,B02512,40.76,-74.02,16
Jun,B02512,40.76,-74.01,1
Jun,B02512,40.76,-74,384
Jun,B02512,40.76,-73.99,997
Jun,B02512,40.76,-73.98,2143
Jun,B02512,40.76,-73.97,2206
Jun,B02512,40.76,-73.96000000000001,375
Jun,B02512,40.76,-73.95,21
Jun,B02512,40.76,-73.94,3
Jun,B02512,40.76,-73.93,13
Jun,B02512,40.76,-73.92,21
Jun,B02512,40.76,-73.91,15
Jun,B02512,40.76,-73.9,8
Jun,B02512,40.76,-73.88,4
Jun,B02512,40.76,-73.87,1
Jun,B02512,40.76,-73.86,2
Jun,B02512,40.76,-73.85000000000001,1
Jun,B02512,40.76,-73.84,9
Jun,B02512,40.76,-73.83,12
Jun,B02512,40.76,-73.82000000000001,3
Jun,B02512,40.76,-73.77,2
Jun,B02512,40.77,-74.06,1
Jun,B02512,40.77,-74.04,3
Jun,B02512,40.77,-74.02,9
Jun,B02512,40.77,-74.01,2
Jun,B02512,40.77,-74,19
Jun,B02512,40.77,-73.99,390
Jun,B02512,40.77,-73.98,903
Jun,B02512,40.77,-73.97,481
Jun,B02512,40.77,-73.96000000000001,848
Jun,B02512,40.77,-73.95,306
Jun,B02512,40.77,-73.94,10
Jun,B02512,40.77,-73.93,7
Jun,B02512,40.77,-73.92,21
Jun,B02512,40.77,-73.91,13
Jun,B02512,40.77,-73.9,4
Jun,B02512,40.77,-73.89,98
Jun,B02512,40.77,-73.88,17
Jun,B02512,40.77,-73.87,489
Jun,B02512,40.77,-73.86,216
Jun,B02512,40.77,-73.84,1
Jun,B02512,40.77,-73.83,2
Jun,B02512,40.77,-73.82000000000001,1
Jun,B02512,40.77,-73.81,2
Jun,B02512,40.77,-73.79,1
Jun,B02512,40.77,-73.78,1
Jun,B02512,40.77,-73.77,1
Jun,B02512,40.77,-73.75,1
Jun,B02512,40.77,-73.73,1
Jun,B02512,40.77,-73.72,1
Jun,B02512,40.77,-73.71000000000001,1
Jun,B02512,40.78,-74.08,1
Jun,B02512,40.78,-74.07000000000001,1
Jun,B02512,40.78,-74.05,1
Jun,B02512,40.78,-74.04,2
Jun,B02512,40.78,-74.03,1
Jun,B02512,40.78,-74.02,3
Jun,B02512,40.78,-74.01,6
Jun,B02512,40.78,-74,3
Jun,B02512,40.78,-73.99,145
Jun,B02512,40.78,-73.98,615
Jun,B02512,40.78,-73.97,134
Jun,B02512,40.78,-73.96000000000001,686
Jun,B02512,40.78,-73.95,438
Jun,B02512,40.78,-73.94,29
Jun,B02512,40.78,-73.93,1
Jun,B02512,40.78,-73.92,10
Jun,B02512,40.78,-73.91,5
Jun,B02512,40.78,-73.84,1
Jun,B02512,40.78,-73.83,2
Jun,B02512,40.78,-73.8,1
Jun,B02512,40.78,-73.77,1
Jun,B02512,40.78,-73.73,3
Jun,B02512,40.78,-73.72,1
Jun,B02512,40.78,-73.71000000000001,2
Jun,B02512,40.79,-74.14,2
Jun,B02512,40.79,-74.08,1
Jun,B02512,40.79,-74.07000000000001,1
Jun,B02512,40.79,-74.05,1
Jun,B02512,40.79,-74.04,4
Jun,B02512,40.79,-74.01,1
Jun,B02512,40.79,-74,2
Jun,B02512,40.79,-73.98,211
Jun,B02512,40.79,-73.97,268
Jun,B02512,40.79,-73.96000000000001,58
Jun,B02512,40.79,-73.95,106
Jun,B02512,40.79,-73.94,21
Jun,B02512,40.79,-73.93,8
Jun,B02512,40.79,-73.92,17
Jun,B02512,40.79,-73.84,5
Jun,B02512,40.79,-73.8,1
Jun,B02512,40.79,-73.79,1
Jun,B02512,40.79,-73.73,3
Jun,B02512,40.800000000000004,-74.15,1
Jun,B02512,40.800000000000004,-74.14,1
Jun,B02512,40.800000000000004,-74.11,1
Jun,B02512,40.800000000000004,-74.06,3
Jun,B02512,40.800000000000004,-74.05,1
Jun,B02512,40.800000000000004,-74.01,1
Jun,B02512,40.800000000000004,-73.99,2
Jun,B02512,40.800000000000004,-73.98,10
Jun,B02512,40.800000000000004,-73.97,80
Jun,B02512,40.800000000000004,-73.96000000000001,44
Jun,B02512,40.800000000000004,-73.95,29
Jun,B02512,40.800000000000004,-73.94,22
Jun,B02512,40.800000000000004,-73.93,22
Jun,B02512,40.800000000000004,-73.92,13
Jun,B02512,40.800000000000004,-73.91,1
Jun,B02512,40.800000000000004,-73.7,1
Jun,B02512,40.81,-74.14,2
Jun,B02512,40.81,-74.13,2
Jun,B02512,40.81,-74.10000000000001,5
Jun,B02512,40.81,-74.09,2
Jun,B02512,40.81,-74.08,7
Jun,B02512,40.81,-74.07000000000001,6
Jun,B02512,40.81,-74,1
Jun,B02512,40.81,-73.99,5
Jun,B02512,40.81,-73.98,2
Jun,B02512,40.81,-73.97,8
Jun,B02512,40.81,-73.96000000000001,29
Jun,B02512,40.81,-73.95,39
Jun,B02512,40.81,-73.94,34
Jun,B02512,40.81,-73.93,5
Jun,B02512,40.81,-73.91,1
Jun,B02512,40.82,-74.15,1
Jun,B02512,40.82,-74.10000000000001,1
Jun,B02512,40.82,-74.09,1
Jun,B02512,40.82,-74.08,1
Jun,B02512,40.82,-74.07000000000001,1
Jun,B02512,40.82,-74.03,2
Jun,B02512,40.82,-73.99,2
Jun,B02512,40.82,-73.97,1
Jun,B02512,40.82,-73.96000000000001,8
Jun,B02512,40.82,-73.95,9
Jun,B02512,40.82,-73.94,13
Jun,B02512,40.82,-73.93,1
Jun,B02512,40.82,-73.92,3
Jun,B02512,40.82,-73.91,3
Jun,B02512,40.82,-73.9,3
Jun,B02512,40.82,-73.85000000000001,1
Jun,B02512,40.82,-73.74,1
Jun,B02512,40.83,-74.14,1
Jun,B02512,40.83,-74.11,2
Jun,B02512,40.83,-74.10000000000001,1
Jun,B02512,40.83,-74.09,1
Jun,B02512,40.83,-74.08,3
Jun,B02512,40.83,-73.98,1
Jun,B02512,40.83,-73.95,6
Jun,B02512,40.83,-73.94,15
Jun,B02512,40.83,-73.93,28
Jun,B02512,40.83,-73.92,9
Jun,B02512,40.83,-73.91,1
Jun,B02512,40.83,-73.89,1
Jun,B02512,40.83,-73.87,1
Jun,B02512,40.83,-73.82000000000001,1
Jun,B02512,40.84,-74.15,3
Jun,B02512,40.84,-74.12,1
Jun,B02512,40.84,-74.11,1
Jun,B02512,40.84,-74.08,2
Jun,B02512,40.84,-74.07000000000001,4
Jun,B02512,40.84,-74,1
Jun,B02512,40.84,-73.97,4
Jun,B02512,40.84,-73.95,4
Jun,B02512,40.84,-73.94,32
Jun,B02512,40.84,-73.93,2
Jun,B02512,40.84,-73.92,1
Jun,B02512,40.84,-73.91,1
Jun,B02512,40.84,-73.88,3
Jun,B02512,40.84,-73.86,1
Jun,B02512,40.84,-73.83,2
Jun,B02512,40.84,-73.79,1
Jun,B02512,40.84,-73.71000000000001,1
Jun,B02512,40.85,-74.07000000000001,8
Jun,B02512,40.85,-74.03,1
Jun,B02512,40.85,-74.01,1
Jun,B02512,40.85,-73.97,7
Jun,B02512,40.85,-73.94,7
Jun,B02512,40.85,-73.93,6
Jun,B02512,40.85,-73.89,2
Jun,B02512,40.85,-73.88,2
Jun,B02512,40.85,-73.87,1
Jun,B02512,40.85,-73.86,1
Jun,B02512,40.85,-73.85000000000001,2
Jun,B02512,40.85,-73.84,1
Jun,B02512,40.85,-73.83,3
Jun,B02512,40.85,-73.79,2
Jun,B02512,40.85,-73.71000000000001,1
Jun,B02512,40.86,-74.15,1
Jun,B02512,40.86,-74.05,1
Jun,B02512,40.86,-74.02,1
Jun,B02512,40.86,-73.97,2
Jun,B02512,40.86,-73.93,3
Jun,B02512,40.86,-73.92,4
Jun,B02512,40.86,-73.91,3
Jun,B02512,40.86,-73.89,1
Jun,B02512,40.86,-73.88,6
Jun,B02512,40.86,-73.87,1
Jun,B02512,40.86,-73.85000000000001,2
Jun,B02512,40.86,-73.84,1
Jun,B02512,40.87,-74.06,2
Jun,B02512,40.87,-74.04,2
Jun,B02512,40.87,-74.02,1
Jun,B02512,40.87,-74,4
Jun,B02512,40.87,-73.98,1
Jun,B02512,40.87,-73.93,3
Jun,B02512,40.87,-73.92,7
Jun,B02512,40.87,-73.9,1
Jun,B02512,40.87,-73.89,2
Jun,B02512,40.87,-73.87,2
Jun,B02512,40.87,-73.83,1
Jun,B02512,40.87,-73.81,1
Jun,B02512,40.88,-74.10000000000001,1
Jun,B02512,40.88,-74.04,1
Jun,B02512,40.88,-74.01,1
Jun,B02512,40.88,-73.98,1
Jun,B02512,40.88,-73.97,1
Jun,B02512,40.88,-73.95,1
Jun,B02512,40.88,-73.92,1
Jun,B02512,40.88,-73.9,2
Jun,B02512,40.88,-73.88,1
Jun,B02512,40.88,-73.85000000000001,1
Jun,B02512,40.88,-73.84,1
Jun,B02512,40.88,-73.79,1
Jun,B02512,40.89,-74.08,1
Jun,B02512,40.89,-74.06,2
Jun,B02512,40.89,-74.05,1
Jun,B02512,40.89,-74.01,1
Jun,B02512,40.89,-73.99,1
Jun,B02512,40.89,-73.96000000000001,2
Jun,B02512,40.89,-73.95,3
Jun,B02512,40.89,-73.94,1
Jun,B02512,40.89,-73.91,10
Jun,B02512,40.89,-73.9,9
Jun,B02512,40.89,-73.89,2
Jun,B02512,40.89,-73.8,1
Jun,B02512,40.89,-73.78,1
Jun,B02512,40.9,-74.14,1
Jun,B02512,40.9,-74.11,1
Jun,B02512,40.9,-73.96000000000001,5
Jun,B02512,40.9,-73.95,1
Jun,B02512,40.9,-73.94,1
Jun,B02512,40.9,-73.91,2
Jun,B02512,40.9,-73.9,4
Jun,B02512,40.9,-73.87,1
Jun,B02512,40.910000000000004,-74.12,1
Jun,B02512,40.910000000000004,-74.08,2
Jun,B02512,40.910000000000004,-74.05,1
Jun,B02512,40.910000000000004,-74.03,1
Jun,B02512,40.910000000000004,-73.95,1
Jun,B02512,40.910000000000004,-73.91,1
Jun,B02512,40.910000000000004,-73.9,2
Jun,B02512,40.910000000000004,-73.85000000000001,1
Jun,B02512,40.910000000000004,-73.84,2
Jun,B02512,40.910000000000004,-73.81,1
Jun,B02512,40.910000000000004,-73.78,1
Jun,B02512,40.92,-73.78,1
Jun,B02598,40.58,-74.13,1
Jun,B02598,40.58,-73.99,6
Jun,B02598,40.58,-73.98,15
Jun,B02598,40.58,-73.97,15
Jun,B02598,40.58,-73.96000000000001,11
Jun,B02598,40.58,-73.95,9
Jun,B02598,40.58,-73.94,11
Jun,B02598,40.58,-73.93,5
Jun,B02598,40.58,-73.89,1
Jun,B02598,40.58,-73.82000000000001,2
Jun,B02598,40.59,-74.11,1
Jun,B02598,40.59,-74.10000000000001,2
Jun,B02598,40.59,-74.07000000000001,3
Jun,B02598,40.59,-74,2
Jun,B02598,40.59,-73.99,6
Jun,B02598,40.59,-73.98,16
Jun,B02598,40.59,-73.97,20
Jun,B02598,40.59,-73.96000000000001,18
Jun,B02598,40.59,-73.95,20
Jun,B02598,40.59,-73.94,11
Jun,B02598,40.59,-73.93,13
Jun,B02598,40.59,-73.9,7
Jun,B02598,40.59,-73.82000000000001,1
Jun,B02598,40.59,-73.81,4
Jun,B02598,40.59,-73.8,3
Jun,B02598,40.59,-73.79,2
Jun,B02598,40.59,-73.78,3
Jun,B02598,40.59,-73.75,1
Jun,B02598,40.59,-73.74,1
Jun,B02598,40.59,-73.73,1
Jun,B02598,40.59,-73.72,1
Jun,B02598,40.59,-73.71000000000001,3
Jun,B02598,40.6,-74.11,2
Jun,B02598,40.6,-74.09,1
Jun,B02598,40.6,-74.07000000000001,1
Jun,B02598,40.6,-74.01,5
Jun,B02598,40.6,-74,16
Jun,B02598,40.6,-73.99,21
Jun,B02598,40.6,-73.98,8
Jun,B02598,40.6,-73.97,71
Jun,B02598,40.6,-73.96000000000001,26
Jun,B02598,40.6,-73.95,12
Jun,B02598,40.6,-73.94,10
Jun,B02598,40.6,-73.93,5
Jun,B02598,40.6,-73.91,2
Jun,B02598,40.6,-73.76,2
Jun,B02598,40.6,-73.74,3
Jun,B02598,40.61,-74.15,1
Jun,B02598,40.61,-74.10000000000001,3
Jun,B02598,40.61,-74.08,4
Jun,B02598,40.61,-74.06,12
Jun,B02598,40.61,-74.04,7
Jun,B02598,40.61,-74.03,18
Jun,B02598,40.61,-74.02,13
Jun,B02598,40.61,-74.01,17
Jun,B02598,40.61,-74,16
Jun,B02598,40.61,-73.99,6
Jun,B02598,40.61,-73.98,10
Jun,B02598,40.61,-73.97,30
Jun,B02598,40.61,-73.96000000000001,38
Jun,B02598,40.61,-73.95,12
Jun,B02598,40.61,-73.94,19
Jun,B02598,40.61,-73.93,10
Jun,B02598,40.61,-73.92,9
Jun,B02598,40.61,-73.91,5
Jun,B02598,40.61,-73.9,3
Jun,B02598,40.61,-73.75,3
Jun,B02598,40.61,-73.74,4
Jun,B02598,40.61,-73.73,3
Jun,B02598,40.61,-73.72,1
Jun,B02598,40.61,-73.71000000000001,4
Jun,B02598,40.62,-74.14,1
Jun,B02598,40.62,-74.12,2
Jun,B02598,40.62,-74.11,1
Jun,B02598,40.62,-74.10000000000001,1
Jun,B02598,40.62,-74.09,1
Jun,B02598,40.62,-74.08,3
Jun,B02598,40.62,-74.07000000000001,1
Jun,B02598,40.62,-74.04,18
Jun,B02598,40.62,-74.03,98
Jun,B02598,40.62,-74.02,64
Jun,B02598,40.62,-74.01,19
Jun,B02598,40.62,-74,19
Jun,B02598,40.62,-73.99,9
Jun,B02598,40.62,-73.98,2
Jun,B02598,40.62,-73.97,25
Jun,B02598,40.62,-73.96000000000001,17
Jun,B02598,40.62,-73.95,17
Jun,B02598,40.62,-73.94,19
Jun,B02598,40.62,-73.93,13
Jun,B02598,40.62,-73.92,10
Jun,B02598,40.62,-73.91,6
Jun,B02598,40.62,-73.9,3
Jun,B02598,40.62,-73.76,1
Jun,B02598,40.62,-73.74,1
Jun,B02598,40.62,-73.73,8
Jun,B02598,40.62,-73.72,2
Jun,B02598,40.63,-74.09,2
Jun,B02598,40.63,-74.08,3
Jun,B02598,40.63,-74.04,9
Jun,B02598,40.63,-74.03,59
Jun,B02598,40.63,-74.02,38
Jun,B02598,40.63,-74.01,27
Jun,B02598,40.63,-74,17
Jun,B02598,40.63,-73.99,12
Jun,B02598,40.63,-73.98,15
Jun,B02598,40.63,-73.97,46
Jun,B02598,40.63,-73.96000000000001,64
Jun,B02598,40.63,-73.95,37
Jun,B02598,40.63,-73.94,20
Jun,B02598,40.63,-73.93,15
Jun,B02598,40.63,-73.92,10
Jun,B02598,40.63,-73.91,5
Jun,B02598,40.63,-73.9,12
Jun,B02598,40.63,-73.89,6
Jun,B02598,40.63,-73.74,1
Jun,B02598,40.63,-73.72,5
Jun,B02598,40.63,-73.71000000000001,4
Jun,B02598,40.64,-74.11,1
Jun,B02598,40.64,-74.09,1
Jun,B02598,40.64,-74.08,4
Jun,B02598,40.64,-74.04,6
Jun,B02598,40.64,-74.03,30
Jun,B02598,40.64,-74.02,35
Jun,B02598,40.64,-74.01,13
Jun,B02598,40.64,-74,32
Jun,B02598,40.64,-73.99,28
Jun,B02598,40.64,-73.98,49
Jun,B02598,40.64,-73.97,108
Jun,B02598,40.64,-73.96000000000001,59
Jun,B02598,40.64,-73.95,32
Jun,B02598,40.64,-73.94,26
Jun,B02598,40.64,-73.93,14
Jun,B02598,40.64,-73.92,15
Jun,B02598,40.64,-73.91,12
Jun,B02598,40.64,-73.9,10
Jun,B02598,40.64,-73.89,6
Jun,B02598,40.64,-73.88,5
Jun,B02598,40.64,-73.8,4
Jun,B02598,40.64,-73.79,903
Jun,B02598,40.64,-73.78,1560
Jun,B02598,40.64,-73.74,4
Jun,B02598,40.64,-73.73,1
Jun,B02598,40.64,-73.72,1
Jun,B02598,40.64,-73.71000000000001,2
Jun,B02598,40.65,-74.14,1
Jun,B02598,40.65,-74.02,36
Jun,B02598,40.65,-74.01,57
Jun,B02598,40.65,-74,40
Jun,B02598,40.65,-73.98,77
Jun,B02598,40.65,-73.97,110
Jun,B02598,40.65,-73.96000000000001,99
Jun,B02598,40.65,-73.95,43
Jun,B02598,40.65,-73.94,32
Jun,B02598,40.65,-73.93,15
Jun,B02598,40.65,-73.92,16
Jun,B02598,40.65,-73.91,38
Jun,B02598,40.65,-73.9,14
Jun,B02598,40.65,-73.89,9
Jun,B02598,40.65,-73.88,15
Jun,B02598,40.65,-73.87,1
Jun,B02598,40.65,-73.84,8
Jun,B02598,40.65,-73.83,2
Jun,B02598,40.65,-73.81,4
Jun,B02598,40.65,-73.8,18
Jun,B02598,40.65,-73.79,910
Jun,B02598,40.65,-73.78,2181
Jun,B02598,40.65,-73.77,1
Jun,B02598,40.65,-73.76,1
Jun,B02598,40.65,-73.73,3
Jun,B02598,40.65,-73.72,3
Jun,B02598,40.660000000000004,-74.13,1
Jun,B02598,40.660000000000004,-74.10000000000001,1
Jun,B02598,40.660000000000004,-74.09,1
Jun,B02598,40.660000000000004,-74.01,91
Jun,B02598,40.660000000000004,-74,89
Jun,B02598,40.660000000000004,-73.99,266
Jun,B02598,40.660000000000004,-73.98,427
Jun,B02598,40.660000000000004,-73.97,20
Jun,B02598,40.660000000000004,-73.96000000000001,167
Jun,B02598,40.660000000000004,-73.95,134
Jun,B02598,40.660000000000004,-73.94,73
Jun,B02598,40.660000000000004,-73.93,36
Jun,B02598,40.660000000000004,-73.92,35
Jun,B02598,40.660000000000004,-73.91,18
Jun,B02598,40.660000000000004,-73.9,9
Jun,B02598,40.660000000000004,-73.89,15
Jun,B02598,40.660000000000004,-73.88,5
Jun,B02598,40.660000000000004,-73.87,4
Jun,B02598,40.660000000000004,-73.86,2
Jun,B02598,40.660000000000004,-73.85000000000001,6
Jun,B02598,40.660000000000004,-73.84,9
Jun,B02598,40.660000000000004,-73.83,3
Jun,B02598,40.660000000000004,-73.82000000000001,6
Jun,B02598,40.660000000000004,-73.81,5
Jun,B02598,40.660000000000004,-73.8,31
Jun,B02598,40.660000000000004,-73.79,8
Jun,B02598,40.660000000000004,-73.78,3
Jun,B02598,40.660000000000004,-73.77,4
Jun,B02598,40.660000000000004,-73.76,2
Jun,B02598,40.660000000000004,-73.75,2
Jun,B02598,40.660000000000004,-73.74,4
Jun,B02598,40.660000000000004,-73.73,8
Jun,B02598,40.660000000000004,-73.72,3
Jun,B02598,40.660000000000004,-73.7,3
Jun,B02598,40.67,-74.11,4
Jun,B02598,40.67,-74.10000000000001,2
Jun,B02598,40.67,-74.08,1
Jun,B02598,40.67,-74.02,90
Jun,B02598,40.67,-74.01,86
Jun,B02598,40.67,-74,97
Jun,B02598,40.67,-73.99,451
Jun,B02598,40.67,-73.98,799
Jun,B02598,40.67,-73.97,377
Jun,B02598,40.67,-73.96000000000001,379
Jun,B02598,40.67,-73.95,218
Jun,B02598,40.67,-73.94,153
Jun,B02598,40.67,-73.93,93
Jun,B02598,40.67,-73.92,23
Jun,B02598,40.67,-73.91,17
Jun,B02598,40.67,-73.9,12
Jun,B02598,40.67,-73.89,18
Jun,B02598,40.67,-73.88,16
Jun,B02598,40.67,-73.87,6
Jun,B02598,40.67,-73.86,3
Jun,B02598,40.67,-73.85000000000001,10
Jun,B02598,40.67,-73.84,5
Jun,B02598,40.67,-73.83,6
Jun,B02598,40.67,-73.82000000000001,8
Jun,B02598,40.67,-73.81,14
Jun,B02598,40.67,-73.8,40
Jun,B02598,40.67,-73.79,25
Jun,B02598,40.67,-73.78,30
Jun,B02598,40.67,-73.77,4
Jun,B02598,40.67,-73.76,6
Jun,B02598,40.67,-73.75,7
Jun,B02598,40.67,-73.74,4
Jun,B02598,40.67,-73.73,2
Jun,B02598,40.67,-73.72,1
Jun,B02598,40.68,-74.11,2
Jun,B02598,40.68,-74.10000000000001,1
Jun,B02598,40.68,-74.02,168
Jun,B02598,40.68,-74.01,224
Jun,B02598,40.68,-74,666
Jun,B02598,40.68,-73.99,586
Jun,B02598,40.68,-73.98,892
Jun,B02598,40.68,-73.97,744
Jun,B02598,40.68,-73.96000000000001,550
Jun,B02598,40.68,-73.95,371
Jun,B02598,40.68,-73.94,193
Jun,B02598,40.68,-73.93,105
Jun,B02598,40.68,-73.92,59
Jun,B02598,40.68,-73.91,34
Jun,B02598,40.68,-73.9,15
Jun,B02598,40.68,-73.89,7
Jun,B02598,40.68,-73.88,6
Jun,B02598,40.68,-73.87,10
Jun,B02598,40.68,-73.86,5
Jun,B02598,40.68,-73.85000000000001,8
Jun,B02598,40.68,-73.84,6
Jun,B02598,40.68,-73.83,7
Jun,B02598,40.68,-73.82000000000001,14
Jun,B02598,40.68,-73.81,8
Jun,B02598,40.68,-73.8,6
Jun,B02598,40.68,-73.79,7
Jun,B02598,40.68,-73.78,1
Jun,B02598,40.68,-73.77,2
Jun,B02598,40.68,-73.76,1
Jun,B02598,40.68,-73.75,3
Jun,B02598,40.68,-73.74,3
Jun,B02598,40.68,-73.73,1
Jun,B02598,40.68,-73.71000000000001,3
Jun,B02598,40.68,-73.7,1
Jun,B02598,40.69,-74.11,4
Jun,B02598,40.69,-74.10000000000001,5
Jun,B02598,40.69,-74.09,1
Jun,B02598,40.69,-74.08,1
Jun,B02598,40.69,-74.07000000000001,1
Jun,B02598,40.69,-74.01,2
Jun,B02598,40.69,-74,762
Jun,B02598,40.69,-73.99,1350
Jun,B02598,40.69,-73.98,871
Jun,B02598,40.69,-73.97,904
Jun,B02598,40.69,-73.96000000000001,624
Jun,B02598,40.69,-73.95,386
Jun,B02598,40.69,-73.94,216
Jun,B02598,40.69,-73.93,159
Jun,B02598,40.69,-73.92,139
Jun,B02598,40.69,-73.91,107
Jun,B02598,40.69,-73.9,10
Jun,B02598,40.69,-73.88,2
Jun,B02598,40.69,-73.87,4
Jun,B02598,40.69,-73.86,6
Jun,B02598,40.69,-73.85000000000001,7
Jun,B02598,40.69,-73.84,3
Jun,B02598,40.69,-73.83,12
Jun,B02598,40.69,-73.82000000000001,7
Jun,B02598,40.69,-73.81,4
Jun,B02598,40.69,-73.8,10
Jun,B02598,40.69,-73.79,1
Jun,B02598,40.69,-73.78,2
Jun,B02598,40.69,-73.76,4
Jun,B02598,40.69,-73.75,6
Jun,B02598,40.69,-73.74,8
Jun,B02598,40.69,-73.73,4
Jun,B02598,40.69,-73.71000000000001,5
Jun,B02598,40.69,-73.7,1
Jun,B02598,40.7,-74.12,1
Jun,B02598,40.7,-74.10000000000001,1
Jun,B02598,40.7,-74.09,3
Jun,B02598,40.7,-74.07000000000001,7
Jun,B02598,40.7,-74.06,1
Jun,B02598,40.7,-74.02,70
Jun,B02598,40.7,-74.01,1483
Jun,B02598,40.7,-74,217
Jun,B02598,40.7,-73.99,1462
Jun,B02598,40.7,-73.98,404
Jun,B02598,40.7,-73.97,229
Jun,B02598,40.7,-73.96000000000001,134
Jun,B02598,40.7,-73.95,136
Jun,B02598,40.7,-73.94,220
Jun,B02598,40.7,-73.93,467
Jun,B02598,40.7,-73.92,195
Jun,B02598,40.7,-73.91,104
Jun,B02598,40.7,-73.9,35
Jun,B02598,40.7,-73.89,20
Jun,B02598,40.7,-73.88,9
Jun,B02598,40.7,-73.87,5
Jun,B02598,40.7,-73.86,3
Jun,B02598,40.7,-73.85000000000001,6
Jun,B02598,40.7,-73.84,17
Jun,B02598,40.7,-73.83,19
Jun,B02598,40.7,-73.82000000000001,21
Jun,B02598,40.7,-73.81,56
Jun,B02598,40.7,-73.8,16
Jun,B02598,40.7,-73.79,2
Jun,B02598,40.7,-73.78,1
Jun,B02598,40.7,-73.77,2
Jun,B02598,40.7,-73.76,1
Jun,B02598,40.7,-73.74,3
Jun,B02598,40.7,-73.72,2
Jun,B02598,40.7,-73.71000000000001,1
Jun,B02598,40.71,-74.15,4
Jun,B02598,40.71,-74.11,1
Jun,B02598,40.71,-74.10000000000001,1
Jun,B02598,40.71,-74.09,6
Jun,B02598,40.71,-74.08,3
Jun,B02598,40.71,-74.07000000000001,3
Jun,B02598,40.71,-74.06,12
Jun,B02598,40.71,-74.05,2
Jun,B02598,40.71,-74.04,74
Jun,B02598,40.71,-74.03,13
Jun,B02598,40.71,-74.02,1176
Jun,B02598,40.71,-74.01,5681
Jun,B02598,40.71,-74,1011
Jun,B02598,40.71,-73.99,469
Jun,B02598,40.71,-73.98,162
Jun,B02598,40.71,-73.97,594
Jun,B02598,40.71,-73.96000000000001,1378
Jun,B02598,40.71,-73.95,958
Jun,B02598,40.71,-73.94,634
Jun,B02598,40.71,-73.93,256
Jun,B02598,40.71,-73.92,190
Jun,B02598,40.71,-73.91,30
Jun,B02598,40.71,-73.9,31
Jun,B02598,40.71,-73.89,5
Jun,B02598,40.71,-73.88,14
Jun,B02598,40.71,-73.87,12
Jun,B02598,40.71,-73.86,5
Jun,B02598,40.71,-73.85000000000001,14
Jun,B02598,40.71,-73.84,20
Jun,B02598,40.71,-73.83,42
Jun,B02598,40.71,-73.82000000000001,16
Jun,B02598,40.71,-73.81,7
Jun,B02598,40.71,-73.8,23
Jun,B02598,40.71,-73.79,10
Jun,B02598,40.71,-73.78,13
Jun,B02598,40.71,-73.77,4
Jun,B02598,40.71,-73.76,2
Jun,B02598,40.71,-73.75,3
Jun,B02598,40.71,-73.74,6
Jun,B02598,40.71,-73.73,16
Jun,B02598,40.71,-73.72,29
Jun,B02598,40.71,-73.71000000000001,12
Jun,B02598,40.71,-73.7,2
Jun,B02598,40.72,-74.09,5
Jun,B02598,40.72,-74.08,5
Jun,B02598,40.72,-74.07000000000001,6
Jun,B02598,40.72,-74.06,15
Jun,B02598,40.72,-74.05,74
Jun,B02598,40.72,-74.04,143
Jun,B02598,40.72,-74.03,54
Jun,B02598,40.72,-74.02,617
Jun,B02598,40.72,-74.01,5925
Jun,B02598,40.72,-74,9351
Jun,B02598,40.72,-73.99,5766
Jun,B02598,40.72,-73.98,1976
Jun,B02598,40.72,-73.97,108
Jun,B02598,40.72,-73.96000000000001,2424
Jun,B02598,40.72,-73.95,1054
Jun,B02598,40.72,-73.94,382
Jun,B02598,40.72,-73.93,11
Jun,B02598,40.72,-73.92,5
Jun,B02598,40.72,-73.91,20
Jun,B02598,40.72,-73.9,19
Jun,B02598,40.72,-73.89,19
Jun,B02598,40.72,-73.88,23
Jun,B02598,40.72,-73.87,25
Jun,B02598,40.72,-73.86,15
Jun,B02598,40.72,-73.85000000000001,82
Jun,B02598,40.72,-73.84,84
Jun,B02598,40.72,-73.83,17
Jun,B02598,40.72,-73.82000000000001,19
Jun,B02598,40.72,-73.81,13
Jun,B02598,40.72,-73.8,23
Jun,B02598,40.72,-73.79,15
Jun,B02598,40.72,-73.78,7
Jun,B02598,40.72,-73.77,1
Jun,B02598,40.72,-73.76,5
Jun,B02598,40.72,-73.75,7
Jun,B02598,40.72,-73.74,8
Jun,B02598,40.72,-73.73,3
Jun,B02598,40.72,-73.72,3
Jun,B02598,40.72,-73.71000000000001,4
Jun,B02598,40.72,-73.7,5
Jun,B02598,40.730000000000004,-74.14,1
Jun,B02598,40.730000000000004,-74.08,2
Jun,B02598,40.730000000000004,-74.07000000000001,9
Jun,B02598,40.730000000000004,-74.06,18
Jun,B02598,40.730000000000004,-74.05,58
Jun,B02598,40.730000000000004,-74.04,93
Jun,B02598,40.730000000000004,-74.03,64
Jun,B02598,40.730000000000004,-74.01,3990
Jun,B02598,40.730000000000004,-74,8292
Jun,B02598,40.730000000000004,-73.99,7177
Jun,B02598,40.730000000000004,-73.98,3395
Jun,B02598,40.730000000000004,-73.97,145
Jun,B02598,40.730000000000004,-73.96000000000001,511
Jun,B02598,40.730000000000004,-73.95,385
Jun,B02598,40.730000000000004,-73.94,142
Jun,B02598,40.730000000000004,-73.93,5
Jun,B02598,40.730000000000004,-73.92,5
Jun,B02598,40.730000000000004,-73.91,15
Jun,B02598,40.730000000000004,-73.9,32
Jun,B02598,40.730000000000004,-73.89,11
Jun,B02598,40.730000000000004,-73.88,9
Jun,B02598,40.730000000000004,-73.87,35
Jun,B02598,40.730000000000004,-73.86,52
Jun,B02598,40.730000000000004,-73.85000000000001,30
Jun,B02598,40.730000000000004,-73.84,4
Jun,B02598,40.730000000000004,-73.83,7
Jun,B02598,40.730000000000004,-73.82000000000001,14
Jun,B02598,40.730000000000004,-73.81,14
Jun,B02598,40.730000000000004,-73.8,8
Jun,B02598,40.730000000000004,-73.79,21
Jun,B02598,40.730000000000004,-73.78,7
Jun,B02598,40.730000000000004,-73.77,2
Jun,B02598,40.730000000000004,-73.76,1
Jun,B02598,40.730000000000004,-73.75,1
Jun,B02598,40.730000000000004,-73.74,5
Jun,B02598,40.730000000000004,-73.73,7
Jun,B02598,40.730000000000004,-73.72,3
Jun,B02598,40.730000000000004,-73.71000000000001,2
Jun,B02598,40.730000000000004,-73.7,2
Jun,B02598,40.74,-74.14,1
Jun,B02598,40.74,-74.12,1
Jun,B02598,40.74,-74.07000000000001,4
Jun,B02598,40.74,-74.06,6
Jun,B02598,40.74,-74.05,23
Jun,B02598,40.74,-74.04,109
Jun,B02598,40.74,-74.03,212
Jun,B02598,40.74,-74.01,5467
Jun,B02598,40.74,-74,7369
Jun,B02598,40.74,-73.99,10405
Jun,B02598,40.74,-73.98,4370
Jun,B02598,40.74,-73.97,915
Jun,B02598,40.74,-73.96000000000001,243
Jun,B02598,40.74,-73.95,208
Jun,B02598,40.74,-73.94,74
Jun,B02598,40.74,-73.93,102
Jun,B02598,40.74,-73.92,105
Jun,B02598,40.74,-73.91,31
Jun,B02598,40.74,-73.9,38
Jun,B02598,40.74,-73.89,26
Jun,B02598,40.74,-73.88,39
Jun,B02598,40.74,-73.87,25
Jun,B02598,40.74,-73.86,12
Jun,B02598,40.74,-73.85000000000001,24
Jun,B02598,40.74,-73.84,1
Jun,B02598,40.74,-73.83,10
Jun,B02598,40.74,-73.82000000000001,10
Jun,B02598,40.74,-73.81,13
Jun,B02598,40.74,-73.8,4
Jun,B02598,40.74,-73.79,9
Jun,B02598,40.74,-73.78,13
Jun,B02598,40.74,-73.77,2
Jun,B02598,40.74,-73.76,6
Jun,B02598,40.74,-73.75,4
Jun,B02598,40.74,-73.74,3
Jun,B02598,40.74,-73.73,2
Jun,B02598,40.74,-73.72,3
Jun,B02598,40.74,-73.71000000000001,4
Jun,B02598,40.75,-74.14,1
Jun,B02598,40.75,-74.06,1
Jun,B02598,40.75,-74.05,5
Jun,B02598,40.75,-74.04,47
Jun,B02598,40.75,-74.03,208
Jun,B02598,40.75,-74.02,42
Jun,B02598,40.75,-74.01,1959
Jun,B02598,40.75,-74,3555
Jun,B02598,40.75,-73.99,9840
Jun,B02598,40.75,-73.98,9483
Jun,B02598,40.75,-73.97,3830
Jun,B02598,40.75,-73.96000000000001,360
Jun,B02598,40.75,-73.95,255
Jun,B02598,40.75,-73.94,402
Jun,B02598,40.75,-73.93,94
Jun,B02598,40.75,-73.92,70
Jun,B02598,40.75,-73.91,55
Jun,B02598,40.75,-73.9,39
Jun,B02598,40.75,-73.89,54
Jun,B02598,40.75,-73.88,40
Jun,B02598,40.75,-73.87,14
Jun,B02598,40.75,-73.86,1
Jun,B02598,40.75,-73.85000000000001,45
Jun,B02598,40.75,-73.84,12
Jun,B02598,40.75,-73.83,17
Jun,B02598,40.75,-73.82000000000001,16
Jun,B02598,40.75,-73.81,3
Jun,B02598,40.75,-73.79,4
Jun,B02598,40.75,-73.78,1
Jun,B02598,40.75,-73.77,4
Jun,B02598,40.75,-73.76,7
Jun,B02598,40.75,-73.75,2
Jun,B02598,40.75,-73.74,1
Jun,B02598,40.75,-73.73,3
Jun,B02598,40.75,-73.72,6
Jun,B02598,40.75,-73.71000000000001,11
Jun,B02598,40.76,-74.11,1
Jun,B02598,40.76,-74.08,4
Jun,B02598,40.76,-74.07000000000001,4
Jun,B02598,40.76,-74.05,2
Jun,B02598,40.76,-74.04,8
Jun,B02598,40.76,-74.03,31
Jun,B02598,40.76,-74.02,13
Jun,B02598,40.76,-74.01,4
Jun,B02598,40.76,-74,2683
Jun,B02598,40.76,-73.99,6837
Jun,B02598,40.76,-73.98,14203
Jun,B02598,40.76,-73.97,12899
Jun,B02598,40.76,-73.96000000000001,2313
Jun,B02598,40.76,-73.95,183
Jun,B02598,40.76,-73.94,34
Jun,B02598,40.76,-73.93,173
Jun,B02598,40.76,-73.92,258
Jun,B02598,40.76,-73.91,84
Jun,B02598,40.76,-73.9,22
Jun,B02598,40.76,-73.89,19
Jun,B02598,40.76,-73.88,26
Jun,B02598,40.76,-73.87,14
Jun,B02598,40.76,-73.86,19
Jun,B02598,40.76,-73.85000000000001,5
Jun,B02598,40.76,-73.84,60
Jun,B02598,40.76,-73.83,89
Jun,B02598,40.76,-73.82000000000001,19
Jun,B02598,40.76,-73.81,7
Jun,B02598,40.76,-73.8,11
Jun,B02598,40.76,-73.79,6
Jun,B02598,40.76,-73.78,7
Jun,B02598,40.76,-73.77,28
Jun,B02598,40.76,-73.76,4
Jun,B02598,40.76,-73.75,1
Jun,B02598,40.76,-73.74,5
Jun,B02598,40.76,-73.73,4
Jun,B02598,40.76,-73.72,4
Jun,B02598,40.76,-73.71000000000001,9
Jun,B02598,40.77,-74.08,2
Jun,B02598,40.77,-74.07000000000001,1
Jun,B02598,40.77,-74.06,2
Jun,B02598,40.77,-74.04,5
Jun,B02598,40.77,-74.03,13
Jun,B02598,40.77,-74.02,23
Jun,B02598,40.77,-74.01,3
Jun,B02598,40.77,-74,93
Jun,B02598,40.77,-73.99,2238
Jun,B02598,40.77,-73.98,4620
Jun,B02598,40.77,-73.97,2358
Jun,B02598,40.77,-73.96000000000001,4914
Jun,B02598,40.77,-73.95,2380
Jun,B02598,40.77,-73.94,66
Jun,B02598,40.77,-73.93,99
Jun,B02598,40.77,-73.92,244
Jun,B02598,40.77,-73.91,122
Jun,B02598,40.77,-73.9,52
Jun,B02598,40.77,-73.89,576
Jun,B02598,40.77,-73.88,128
Jun,B02598,40.77,-73.87,3575
Jun,B02598,40.77,-73.86,1542
Jun,B02598,40.77,-73.85000000000001,2
Jun,B02598,40.77,-73.84,7
Jun,B02598,40.77,-73.83,7
Jun,B02598,40.77,-73.82000000000001,11
Jun,B02598,40.77,-73.81,4
Jun,B02598,40.77,-73.8,6
Jun,B02598,40.77,-73.79,10
Jun,B02598,40.77,-73.78,2
Jun,B02598,40.77,-73.77,10
Jun,B02598,40.77,-73.75,5
Jun,B02598,40.77,-73.74,13
Jun,B02598,40.77,-73.73,5
Jun,B02598,40.77,-73.72,1
Jun,B02598,40.77,-73.71000000000001,9
Jun,B02598,40.77,-73.7,3
Jun,B02598,40.78,-74.09,1
Jun,B02598,40.78,-74.08,2
Jun,B02598,40.78,-74.07000000000001,6
Jun,B02598,40.78,-74.06,1
Jun,B02598,40.78,-74.05,4
Jun,B02598,40.78,-74.04,3
Jun,B02598,40.78,-74.03,4
Jun,B02598,40.78,-74.02,6
Jun,B02598,40.78,-74.01,20
Jun,B02598,40.78,-74,3
Jun,B02598,40.78,-73.99,788
Jun,B02598,40.78,-73.98,3110
Jun,B02598,40.78,-73.97,637
Jun,B02598,40.78,-73.96000000000001,3272
Jun,B02598,40.78,-73.95,2907
Jun,B02598,40.78,-73.94,207
Jun,B02598,40.78,-73.93,16
Jun,B02598,40.78,-73.92,64
Jun,B02598,40.78,-73.91,76
Jun,B02598,40.78,-73.9,28
Jun,B02598,40.78,-73.87,2
Jun,B02598,40.78,-73.85000000000001,5
Jun,B02598,40.78,-73.84,8
Jun,B02598,40.78,-73.83,9
Jun,B02598,40.78,-73.82000000000001,6
Jun,B02598,40.78,-73.81,2
Jun,B02598,40.78,-73.8,7
Jun,B02598,40.78,-73.79,2
Jun,B02598,40.78,-73.78,15
Jun,B02598,40.78,-73.77,5
Jun,B02598,40.78,-73.75,1
Jun,B02598,40.78,-73.74,1
Jun,B02598,40.78,-73.73,5
Jun,B02598,40.78,-73.72,8
Jun,B02598,40.78,-73.71000000000001,1
Jun,B02598,40.78,-73.7,8
Jun,B02598,40.79,-74.14,1
Jun,B02598,40.79,-74.07000000000001,6
Jun,B02598,40.79,-74.06,2
Jun,B02598,40.79,-74.05,8
Jun,B02598,40.79,-74.04,36
Jun,B02598,40.79,-74.03,2
Jun,B02598,40.79,-74.02,4
Jun,B02598,40.79,-74.01,5
Jun,B02598,40.79,-74,13
Jun,B02598,40.79,-73.98,1372
Jun,B02598,40.79,-73.97,1652
Jun,B02598,40.79,-73.96000000000001,303
Jun,B02598,40.79,-73.95,683
Jun,B02598,40.79,-73.94,138
Jun,B02598,40.79,-73.93,39
Jun,B02598,40.79,-73.92,123
Jun,B02598,40.79,-73.86,2
Jun,B02598,40.79,-73.85000000000001,2
Jun,B02598,40.79,-73.84,18
Jun,B02598,40.79,-73.83,2
Jun,B02598,40.79,-73.82000000000001,4
Jun,B02598,40.79,-73.81,8
Jun,B02598,40.79,-73.8,9
Jun,B02598,40.79,-73.79,9
Jun,B02598,40.79,-73.78,4
Jun,B02598,40.79,-73.75,2
Jun,B02598,40.79,-73.74,3
Jun,B02598,40.79,-73.73,15
Jun,B02598,40.79,-73.72,2
Jun,B02598,40.79,-73.71000000000001,1
Jun,B02598,40.800000000000004,-74.13,1
Jun,B02598,40.800000000000004,-74.12,1
Jun,B02598,40.800000000000004,-74.10000000000001,1
Jun,B02598,40.800000000000004,-74.07000000000001,2
Jun,B02598,40.800000000000004,-74.06,6
Jun,B02598,40.800000000000004,-74.05,1
Jun,B02598,40.800000000000004,-74.03,1
Jun,B02598,40.800000000000004,-74.02,1
Jun,B02598,40.800000000000004,-74.01,1
Jun,B02598,40.800000000000004,-74,3
Jun,B02598,40.800000000000004,-73.99,7
Jun,B02598,40.800000000000004,-73.98,44
Jun,B02598,40.800000000000004,-73.97,732
Jun,B02598,40.800000000000004,-73.96000000000001,326
Jun,B02598,40.800000000000004,-73.95,271
Jun,B02598,40.800000000000004,-73.94,297
Jun,B02598,40.800000000000004,-73.93,166
Jun,B02598,40.800000000000004,-73.92,49
Jun,B02598,40.800000000000004,-73.91,10
Jun,B02598,40.800000000000004,-73.82000000000001,4
Jun,B02598,40.800000000000004,-73.8,1
Jun,B02598,40.800000000000004,-73.79,1
Jun,B02598,40.800000000000004,-73.75,1
Jun,B02598,40.800000000000004,-73.74,2
Jun,B02598,40.800000000000004,-73.73,1
Jun,B02598,40.800000000000004,-73.72,2
Jun,B02598,40.800000000000004,-73.71000000000001,2
Jun,B02598,40.800000000000004,-73.7,3
Jun,B02598,40.81,-74.14,1
Jun,B02598,40.81,-74.12,1
Jun,B02598,40.81,-74.11,2
Jun,B02598,40.81,-74.10000000000001,6
Jun,B02598,40.81,-74.08,15
Jun,B02598,40.81,-74.07000000000001,10
Jun,B02598,40.81,-74.01,4
Jun,B02598,40.81,-73.99,6
Jun,B02598,40.81,-73.97,83
Jun,B02598,40.81,-73.96000000000001,307
Jun,B02598,40.81,-73.95,369
Jun,B02598,40.81,-73.94,287
Jun,B02598,40.81,-73.93,33
Jun,B02598,40.81,-73.92,19
Jun,B02598,40.81,-73.91,5
Jun,B02598,40.81,-73.9,2
Jun,B02598,40.81,-73.89,3
Jun,B02598,40.81,-73.88,3
Jun,B02598,40.81,-73.86,6
Jun,B02598,40.81,-73.84,1
Jun,B02598,40.81,-73.83,1
Jun,B02598,40.81,-73.81,5
Jun,B02598,40.81,-73.76,3
Jun,B02598,40.81,-73.74,1
Jun,B02598,40.81,-73.72,2
Jun,B02598,40.81,-73.71000000000001,2
Jun,B02598,40.82,-74.15,1
Jun,B02598,40.82,-74.14,1
Jun,B02598,40.82,-74.12,1
Jun,B02598,40.82,-74.10000000000001,5
Jun,B02598,40.82,-74.09,1
Jun,B02598,40.82,-74.07000000000001,5
Jun,B02598,40.82,-74.06,1
Jun,B02598,40.82,-74.01,1
Jun,B02598,40.82,-74,1
Jun,B02598,40.82,-73.99,4
Jun,B02598,40.82,-73.98,3
Jun,B02598,40.82,-73.97,2
Jun,B02598,40.82,-73.96000000000001,83
Jun,B02598,40.82,-73.95,166
Jun,B02598,40.82,-73.94,187
Jun,B02598,40.82,-73.93,24
Jun,B02598,40.82,-73.92,21
Jun,B02598,40.82,-73.91,18
Jun,B02598,40.82,-73.9,11
Jun,B02598,40.82,-73.89,13
Jun,B02598,40.82,-73.88,3
Jun,B02598,40.82,-73.87,3
Jun,B02598,40.82,-73.86,6
Jun,B02598,40.82,-73.85000000000001,4
Jun,B02598,40.82,-73.84,1
Jun,B02598,40.82,-73.82000000000001,4
Jun,B02598,40.82,-73.75,1
Jun,B02598,40.82,-73.72,3
Jun,B02598,40.83,-74.14,1
Jun,B02598,40.83,-74.12,1
Jun,B02598,40.83,-74.11,1
Jun,B02598,40.83,-74.10000000000001,1
Jun,B02598,40.83,-74.09,4
Jun,B02598,40.83,-74.08,3
Jun,B02598,40.83,-74.07000000000001,1
Jun,B02598,40.83,-74.05,2
Jun,B02598,40.83,-74.01,1
Jun,B02598,40.83,-74,1
Jun,B02598,40.83,-73.99,3
Jun,B02598,40.83,-73.98,4
Jun,B02598,40.83,-73.97,5
Jun,B02598,40.83,-73.96000000000001,3
Jun,B02598,40.83,-73.95,110
Jun,B02598,40.83,-73.94,143
Jun,B02598,40.83,-73.93,226
Jun,B02598,40.83,-73.92,67
Jun,B02598,40.83,-73.91,5
Jun,B02598,40.83,-73.9,17
Jun,B02598,40.83,-73.89,11
Jun,B02598,40.83,-73.88,3
Jun,B02598,40.83,-73.87,5
Jun,B02598,40.83,-73.86,6
Jun,B02598,40.83,-73.85000000000001,6
Jun,B02598,40.83,-73.83,6
Jun,B02598,40.83,-73.82000000000001,4
Jun,B02598,40.83,-73.7,3
Jun,B02598,40.84,-74.15,1
Jun,B02598,40.84,-74.14,1
Jun,B02598,40.84,-74.13,1
Jun,B02598,40.84,-74.11,3
Jun,B02598,40.84,-74.09,1
Jun,B02598,40.84,-74.08,1
Jun,B02598,40.84,-74.07000000000001,2
Jun,B02598,40.84,-74.01,1
Jun,B02598,40.84,-74,1
Jun,B02598,40.84,-73.98,1
Jun,B02598,40.84,-73.97,6
Jun,B02598,40.84,-73.95,23
Jun,B02598,40.84,-73.94,178
Jun,B02598,40.84,-73.93,10
Jun,B02598,40.84,-73.92,12
Jun,B02598,40.84,-73.91,16
Jun,B02598,40.84,-73.9,3
Jun,B02598,40.84,-73.89,8
Jun,B02598,40.84,-73.88,4
Jun,B02598,40.84,-73.87,3
Jun,B02598,40.84,-73.86,7
Jun,B02598,40.84,-73.85000000000001,6
Jun,B02598,40.84,-73.84,7
Jun,B02598,40.84,-73.83,7
Jun,B02598,40.84,-73.82000000000001,1
Jun,B02598,40.84,-73.79,1
Jun,B02598,40.84,-73.78,2
Jun,B02598,40.84,-73.71000000000001,1
Jun,B02598,40.85,-74.13,1
Jun,B02598,40.85,-74.08,1
Jun,B02598,40.85,-74.07000000000001,5
Jun,B02598,40.85,-74.05,2
Jun,B02598,40.85,-74.01,3
Jun,B02598,40.85,-73.99,2
Jun,B02598,40.85,-73.98,1
Jun,B02598,40.85,-73.97,11
Jun,B02598,40.85,-73.94,119
Jun,B02598,40.85,-73.93,60
Jun,B02598,40.85,-73.92,8
Jun,B02598,40.85,-73.91,11
Jun,B02598,40.85,-73.9,6
Jun,B02598,40.85,-73.89,29
Jun,B02598,40.85,-73.88,13
Jun,B02598,40.85,-73.87,7
Jun,B02598,40.85,-73.86,9
Jun,B02598,40.85,-73.85000000000001,23
Jun,B02598,40.85,-73.84,14
Jun,B02598,40.85,-73.83,11
Jun,B02598,40.85,-73.82000000000001,1
Jun,B02598,40.85,-73.79,5
Jun,B02598,40.86,-74.13,1
Jun,B02598,40.86,-74.08,2
Jun,B02598,40.86,-74.07000000000001,1
Jun,B02598,40.86,-73.99,2
Jun,B02598,40.86,-73.98,1
Jun,B02598,40.86,-73.97,7
Jun,B02598,40.86,-73.96000000000001,1
Jun,B02598,40.86,-73.94,14
Jun,B02598,40.86,-73.93,72
Jun,B02598,40.86,-73.92,14
Jun,B02598,40.86,-73.91,6
Jun,B02598,40.86,-73.9,12
Jun,B02598,40.86,-73.89,34
Jun,B02598,40.86,-73.88,17
Jun,B02598,40.86,-73.87,15
Jun,B02598,40.86,-73.86,5
Jun,B02598,40.86,-73.85000000000001,7
Jun,B02598,40.86,-73.84,6
Jun,B02598,40.86,-73.83,2
Jun,B02598,40.86,-73.82000000000001,2
Jun,B02598,40.86,-73.8,1
Jun,B02598,40.87,-74.10000000000001,2
Jun,B02598,40.87,-74.08,1
Jun,B02598,40.87,-74.06,4
Jun,B02598,40.87,-74.05,1
Jun,B02598,40.87,-74.02,1
Jun,B02598,40.87,-74.01,1
Jun,B02598,40.87,-74,5
Jun,B02598,40.87,-73.98,2
Jun,B02598,40.87,-73.97,5
Jun,B02598,40.87,-73.96000000000001,4
Jun,B02598,40.87,-73.93,44
Jun,B02598,40.87,-73.92,49
Jun,B02598,40.87,-73.91,12
Jun,B02598,40.87,-73.9,17
Jun,B02598,40.87,-73.89,16
Jun,B02598,40.87,-73.88,19
Jun,B02598,40.87,-73.87,5
Jun,B02598,40.87,-73.86,3
Jun,B02598,40.87,-73.85000000000001,1
Jun,B02598,40.87,-73.84,6
Jun,B02598,40.87,-73.83,8
Jun,B02598,40.87,-73.82000000000001,1
Jun,B02598,40.87,-73.81,4
Jun,B02598,40.87,-73.8,3
Jun,B02598,40.88,-74.12,1
Jun,B02598,40.88,-74.08,1
Jun,B02598,40.88,-74.07000000000001,1
Jun,B02598,40.88,-74.06,2
Jun,B02598,40.88,-74.05,1
Jun,B02598,40.88,-74.04,3
Jun,B02598,40.88,-74.02,1
Jun,B02598,40.88,-73.99,4
Jun,B02598,40.88,-73.98,3
Jun,B02598,40.88,-73.95,4
Jun,B02598,40.88,-73.92,27
Jun,B02598,40.88,-73.91,38
Jun,B02598,40.88,-73.9,23
Jun,B02598,40.88,-73.89,16
Jun,B02598,40.88,-73.88,13
Jun,B02598,40.88,-73.87,1
Jun,B02598,40.88,-73.86,8
Jun,B02598,40.88,-73.85000000000001,8
Jun,B02598,40.88,-73.84,1
Jun,B02598,40.88,-73.83,5
Jun,B02598,40.88,-73.82000000000001,1
Jun,B02598,40.88,-73.8,1
Jun,B02598,40.88,-73.79,1
Jun,B02598,40.89,-74.06,1
Jun,B02598,40.89,-74.04,2
Jun,B02598,40.89,-74.02,1
Jun,B02598,40.89,-74.01,2
Jun,B02598,40.89,-73.98,2
Jun,B02598,40.89,-73.97,2
Jun,B02598,40.89,-73.96000000000001,4
Jun,B02598,40.89,-73.95,7
Jun,B02598,40.89,-73.94,3
Jun,B02598,40.89,-73.92,3
Jun,B02598,40.89,-73.91,90
Jun,B02598,40.89,-73.9,65
Jun,B02598,40.89,-73.89,12
Jun,B02598,40.89,-73.88,3
Jun,B02598,40.89,-73.86,4
Jun,B02598,40.89,-73.85000000000001,2
Jun,B02598,40.89,-73.83,2
Jun,B02598,40.89,-73.81,2
Jun,B02598,40.89,-73.8,3
Jun,B02598,40.89,-73.79,5
Jun,B02598,40.89,-73.78,3
Jun,B02598,40.9,-74.10000000000001,6
Jun,B02598,40.9,-74.09,1
Jun,B02598,40.9,-74.08,1
Jun,B02598,40.9,-73.97,2
Jun,B02598,40.9,-73.96000000000001,3
Jun,B02598,40.9,-73.95,1
Jun,B02598,40.9,-73.94,5
Jun,B02598,40.9,-73.91,10
Jun,B02598,40.9,-73.9,47
Jun,B02598,40.9,-73.89,1
Jun,B02598,40.9,-73.88,2
Jun,B02598,40.9,-73.87,6
Jun,B02598,40.9,-73.86,8
Jun,B02598,40.9,-73.85000000000001,5
Jun,B02598,40.9,-73.84,2
Jun,B02598,40.9,-73.82000000000001,3
Jun,B02598,40.9,-73.81,1
Jun,B02598,40.9,-73.8,1
Jun,B02598,40.9,-73.79,2
Jun,B02598,40.9,-73.78,2
Jun,B02598,40.910000000000004,-74.15,1
Jun,B02598,40.910000000000004,-74.06,1
Jun,B02598,40.910000000000004,-74.03,1
Jun,B02598,40.910000000000004,-73.96000000000001,2
Jun,B02598,40.910000000000004,-73.95,2
Jun,B02598,40.910000000000004,-73.91,9
Jun,B02598,40.910000000000004,-73.9,16
Jun,B02598,40.910000000000004,-73.89,1
Jun,B02598,40.910000000000004,-73.88,2
Jun,B02598,40.910000000000004,-73.86,3
Jun,B02598,40.910000000000004,-73.85000000000001,2
Jun,B02598,40.910000000000004,-73.84,5
Jun,B02598,40.910000000000004,-73.83,1
Jun,B02598,40.910000000000004,-73.81,5
Jun,B02598,40.910000000000004,-73.8,2
Jun,B02598,40.910000000000004,-73.79,1
Jun,B02598,40.910000000000004,-73.78,13
Jun,B02598,40.92,-73.89,1
Jun,B02598,40.92,-73.87,1
Jun,B02598,40.92,-73.86,1
Jun,B02598,40.92,-73.84,1
Jun,B02598,40.92,-73.77,1
Jun,B02617,40.58,-73.99,4
Jun,B02617,40.58,-73.98,11
Jun,B02617,40.58,-73.97,10
Jun,B02617,40.58,-73.96000000000001,12
Jun,B02617,40.58,-73.95,13
Jun,B02617,40.58,-73.94,14
Jun,B02617,40.58,-73.93,5
Jun,B02617,40.58,-73.9,1
Jun,B02617,40.58,-73.84,3
Jun,B02617,40.58,-73.83,2
Jun,B02617,40.58,-73.82000000000001,2
Jun,B02617,40.58,-73.81,3
Jun,B02617,40.59,-74.10000000000001,1
Jun,B02617,40.59,-74.09,2
Jun,B02617,40.59,-74.08,1
Jun,B02617,40.59,-74,1
Jun,B02617,40.59,-73.99,6
Jun,B02617,40.59,-73.98,10
Jun,B02617,40.59,-73.97,10
Jun,B02617,40.59,-73.96000000000001,12
Jun,B02617,40.59,-73.95,8
Jun,B02617,40.59,-73.94,7
Jun,B02617,40.59,-73.93,10
Jun,B02617,40.59,-73.9,5
Jun,B02617,40.59,-73.82000000000001,3
Jun,B02617,40.59,-73.81,2
Jun,B02617,40.59,-73.74,1
Jun,B02617,40.59,-73.73,1
Jun,B02617,40.59,-73.72,4
Jun,B02617,40.59,-73.71000000000001,2
Jun,B02617,40.6,-74.10000000000001,1
Jun,B02617,40.6,-74.09,1
Jun,B02617,40.6,-74.08,1
Jun,B02617,40.6,-74.07000000000001,4
Jun,B02617,40.6,-74.02,1
Jun,B02617,40.6,-74.01,4
Jun,B02617,40.6,-74,10
Jun,B02617,40.6,-73.99,20
Jun,B02617,40.6,-73.98,9
Jun,B02617,40.6,-73.97,55
Jun,B02617,40.6,-73.96000000000001,14
Jun,B02617,40.6,-73.95,11
Jun,B02617,40.6,-73.94,9
Jun,B02617,40.6,-73.93,2
Jun,B02617,40.6,-73.92,1
Jun,B02617,40.6,-73.91,5
Jun,B02617,40.6,-73.75,1
Jun,B02617,40.6,-73.74,2
Jun,B02617,40.61,-74.12,1
Jun,B02617,40.61,-74.07000000000001,1
Jun,B02617,40.61,-74.06,2
Jun,B02617,40.61,-74.04,7
Jun,B02617,40.61,-74.03,15
Jun,B02617,40.61,-74.02,11
Jun,B02617,40.61,-74.01,11
Jun,B02617,40.61,-74,14
Jun,B02617,40.61,-73.99,9
Jun,B02617,40.61,-73.98,11
Jun,B02617,40.61,-73.97,30
Jun,B02617,40.61,-73.96000000000001,34
Jun,B02617,40.61,-73.95,20
Jun,B02617,40.61,-73.94,18
Jun,B02617,40.61,-73.93,9
Jun,B02617,40.61,-73.92,15
Jun,B02617,40.61,-73.91,13
Jun,B02617,40.61,-73.75,1
Jun,B02617,40.61,-73.74,2
Jun,B02617,40.61,-73.73,2
Jun,B02617,40.61,-73.72,1
Jun,B02617,40.61,-73.71000000000001,2
Jun,B02617,40.62,-74.09,2
Jun,B02617,40.62,-74.08,1
Jun,B02617,40.62,-74.04,14
Jun,B02617,40.62,-74.03,61
Jun,B02617,40.62,-74.02,44
Jun,B02617,40.62,-74.01,14
Jun,B02617,40.62,-74,17
Jun,B02617,40.62,-73.99,8
Jun,B02617,40.62,-73.98,7
Jun,B02617,40.62,-73.97,21
Jun,B02617,40.62,-73.96000000000001,18
Jun,B02617,40.62,-73.95,14
Jun,B02617,40.62,-73.94,23
Jun,B02617,40.62,-73.93,15
Jun,B02617,40.62,-73.92,22
Jun,B02617,40.62,-73.91,8
Jun,B02617,40.62,-73.9,2
Jun,B02617,40.62,-73.76,1
Jun,B02617,40.62,-73.74,1
Jun,B02617,40.62,-73.73,2
Jun,B02617,40.62,-73.72,1
Jun,B02617,40.63,-74.10000000000001,1
Jun,B02617,40.63,-74.09,1
Jun,B02617,40.63,-74.04,10
Jun,B02617,40.63,-74.03,61
Jun,B02617,40.63,-74.02,36
Jun,B02617,40.63,-74.01,23
Jun,B02617,40.63,-74,20
Jun,B02617,40.63,-73.99,6
Jun,B02617,40.63,-73.98,13
Jun,B02617,40.63,-73.97,48
Jun,B02617,40.63,-73.96000000000001,47
Jun,B02617,40.63,-73.95,55
Jun,B02617,40.63,-73.94,33
Jun,B02617,40.63,-73.93,20
Jun,B02617,40.63,-73.92,26
Jun,B02617,40.63,-73.91,9
Jun,B02617,40.63,-73.9,10
Jun,B02617,40.63,-73.89,6
Jun,B02617,40.63,-73.88,2
Jun,B02617,40.63,-73.74,3
Jun,B02617,40.63,-73.73,3
Jun,B02617,40.63,-73.71000000000001,1
Jun,B02617,40.64,-74.08,4
Jun,B02617,40.64,-74.04,9
Jun,B02617,40.64,-74.03,17
Jun,B02617,40.64,-74.02,26
Jun,B02617,40.64,-74.01,10
Jun,B02617,40.64,-74,31
Jun,B02617,40.64,-73.99,17
Jun,B02617,40.64,-73.98,34
Jun,B02617,40.64,-73.97,82
Jun,B02617,40.64,-73.96000000000001,53
Jun,B02617,40.64,-73.95,35
Jun,B02617,40.64,-73.94,16
Jun,B02617,40.64,-73.93,12
Jun,B02617,40.64,-73.92,9
Jun,B02617,40.64,-73.91,10
Jun,B02617,40.64,-73.9,5
Jun,B02617,40.64,-73.89,15
Jun,B02617,40.64,-73.88,2
Jun,B02617,40.64,-73.8,4
Jun,B02617,40.64,-73.79,587
Jun,B02617,40.64,-73.78,1456
Jun,B02617,40.64,-73.74,1
Jun,B02617,40.64,-73.73,2
Jun,B02617,40.64,-73.72,4
Jun,B02617,40.64,-73.71000000000001,1
Jun,B02617,40.64,-73.7,1
Jun,B02617,40.65,-74.03,1
Jun,B02617,40.65,-74.02,25
Jun,B02617,40.65,-74.01,34
Jun,B02617,40.65,-74,31
Jun,B02617,40.65,-73.99,3
Jun,B02617,40.65,-73.98,82
Jun,B02617,40.65,-73.97,84
Jun,B02617,40.65,-73.96000000000001,113
Jun,B02617,40.65,-73.95,33
Jun,B02617,40.65,-73.94,35
Jun,B02617,40.65,-73.93,16
Jun,B02617,40.65,-73.92,16
Jun,B02617,40.65,-73.91,26
Jun,B02617,40.65,-73.9,15
Jun,B02617,40.65,-73.89,8
Jun,B02617,40.65,-73.88,14
Jun,B02617,40.65,-73.87,3
Jun,B02617,40.65,-73.85000000000001,2
Jun,B02617,40.65,-73.84,13
Jun,B02617,40.65,-73.81,2
Jun,B02617,40.65,-73.8,11
Jun,B02617,40.65,-73.79,624
Jun,B02617,40.65,-73.78,1530
Jun,B02617,40.65,-73.76,3
Jun,B02617,40.65,-73.73,2
Jun,B02617,40.65,-73.71000000000001,1
Jun,B02617,40.660000000000004,-74.12,1
Jun,B02617,40.660000000000004,-74.10000000000001,2
Jun,B02617,40.660000000000004,-74.09,2
Jun,B02617,40.660000000000004,-74.01,48
Jun,B02617,40.660000000000004,-74,70
Jun,B02617,40.660000000000004,-73.99,223
Jun,B02617,40.660000000000004,-73.98,319
Jun,B02617,40.660000000000004,-73.97,12
Jun,B02617,40.660000000000004,-73.96000000000001,159
Jun,B02617,40.660000000000004,-73.95,121
Jun,B02617,40.660000000000004,-73.94,59
Jun,B02617,40.660000000000004,-73.93,27
Jun,B02617,40.660000000000004,-73.92,24
Jun,B02617,40.660000000000004,-73.91,15
Jun,B02617,40.660000000000004,-73.9,10
Jun,B02617,40.660000000000004,-73.89,3
Jun,B02617,40.660000000000004,-73.88,8
Jun,B02617,40.660000000000004,-73.87,5
Jun,B02617,40.660000000000004,-73.86,2
Jun,B02617,40.660000000000004,-73.85000000000001,2
Jun,B02617,40.660000000000004,-73.84,8
Jun,B02617,40.660000000000004,-73.83,8
Jun,B02617,40.660000000000004,-73.82000000000001,1
Jun,B02617,40.660000000000004,-73.81,6
Jun,B02617,40.660000000000004,-73.8,27
Jun,B02617,40.660000000000004,-73.79,9
Jun,B02617,40.660000000000004,-73.77,5
Jun,B02617,40.660000000000004,-73.76,4
Jun,B02617,40.660000000000004,-73.75,1
Jun,B02617,40.660000000000004,-73.74,2
Jun,B02617,40.660000000000004,-73.73,5
Jun,B02617,40.660000000000004,-73.72,4
Jun,B02617,40.660000000000004,-73.71000000000001,4
Jun,B02617,40.660000000000004,-73.7,4
Jun,B02617,40.67,-74.13,1
Jun,B02617,40.67,-74.12,3
Jun,B02617,40.67,-74.11,3
Jun,B02617,40.67,-74.02,65
Jun,B02617,40.67,-74.01,81
Jun,B02617,40.67,-74,63
Jun,B02617,40.67,-73.99,357
Jun,B02617,40.67,-73.98,580
Jun,B02617,40.67,-73.97,338
Jun,B02617,40.67,-73.96000000000001,377
Jun,B02617,40.67,-73.95,243
Jun,B02617,40.67,-73.94,110
Jun,B02617,40.67,-73.93,60
Jun,B02617,40.67,-73.92,16
Jun,B02617,40.67,-73.91,8
Jun,B02617,40.67,-73.9,13
Jun,B02617,40.67,-73.89,16
Jun,B02617,40.67,-73.88,7
Jun,B02617,40.67,-73.87,1
Jun,B02617,40.67,-73.86,8
Jun,B02617,40.67,-73.85000000000001,7
Jun,B02617,40.67,-73.84,9
Jun,B02617,40.67,-73.83,8
Jun,B02617,40.67,-73.82000000000001,3
Jun,B02617,40.67,-73.81,21
Jun,B02617,40.67,-73.8,53
Jun,B02617,40.67,-73.79,26
Jun,B02617,40.67,-73.78,21
Jun,B02617,40.67,-73.76,13
Jun,B02617,40.67,-73.75,6
Jun,B02617,40.67,-73.74,1
Jun,B02617,40.67,-73.73,3
Jun,B02617,40.67,-73.72,4
Jun,B02617,40.68,-74.11,3
Jun,B02617,40.68,-74.09,1
Jun,B02617,40.68,-74.02,109
Jun,B02617,40.68,-74.01,172
Jun,B02617,40.68,-74,474
Jun,B02617,40.68,-73.99,390
Jun,B02617,40.68,-73.98,724
Jun,B02617,40.68,-73.97,603
Jun,B02617,40.68,-73.96000000000001,577
Jun,B02617,40.68,-73.95,322
Jun,B02617,40.68,-73.94,175
Jun,B02617,40.68,-73.93,104
Jun,B02617,40.68,-73.92,60
Jun,B02617,40.68,-73.91,28
Jun,B02617,40.68,-73.9,14
Jun,B02617,40.68,-73.89,4
Jun,B02617,40.68,-73.88,6
Jun,B02617,40.68,-73.87,10
Jun,B02617,40.68,-73.86,8
Jun,B02617,40.68,-73.85000000000001,11
Jun,B02617,40.68,-73.84,10
Jun,B02617,40.68,-73.83,4
Jun,B02617,40.68,-73.82000000000001,6
Jun,B02617,40.68,-73.81,5
Jun,B02617,40.68,-73.8,13
Jun,B02617,40.68,-73.79,1
Jun,B02617,40.68,-73.78,2
Jun,B02617,40.68,-73.77,3
Jun,B02617,40.68,-73.76,1
Jun,B02617,40.68,-73.75,6
Jun,B02617,40.68,-73.74,3
Jun,B02617,40.68,-73.73,4
Jun,B02617,40.68,-73.71000000000001,1
Jun,B02617,40.68,-73.7,1
Jun,B02617,40.69,-74.11,1
Jun,B02617,40.69,-74.10000000000001,3
Jun,B02617,40.69,-74.07000000000001,4
Jun,B02617,40.69,-74.01,1
Jun,B02617,40.69,-74,541
Jun,B02617,40.69,-73.99,1058
Jun,B02617,40.69,-73.98,766
Jun,B02617,40.69,-73.97,819
Jun,B02617,40.69,-73.96000000000001,491
Jun,B02617,40.69,-73.95,327
Jun,B02617,40.69,-73.94,225
Jun,B02617,40.69,-73.93,149
Jun,B02617,40.69,-73.92,155
Jun,B02617,40.69,-73.91,117
Jun,B02617,40.69,-73.9,15
Jun,B02617,40.69,-73.89,1
Jun,B02617,40.69,-73.88,1
Jun,B02617,40.69,-73.87,5
Jun,B02617,40.69,-73.86,6
Jun,B02617,40.69,-73.85000000000001,7
Jun,B02617,40.69,-73.84,3
Jun,B02617,40.69,-73.83,16
Jun,B02617,40.69,-73.82000000000001,9
Jun,B02617,40.69,-73.81,10
Jun,B02617,40.69,-73.8,8
Jun,B02617,40.69,-73.79,1
Jun,B02617,40.69,-73.78,1
Jun,B02617,40.69,-73.77,3
Jun,B02617,40.69,-73.75,4
Jun,B02617,40.69,-73.74,4
Jun,B02617,40.69,-73.73,3
Jun,B02617,40.69,-73.72,1
Jun,B02617,40.69,-73.71000000000001,4
Jun,B02617,40.69,-73.7,1
Jun,B02617,40.7,-74.10000000000001,1
Jun,B02617,40.7,-74.09,3
Jun,B02617,40.7,-74.08,1
Jun,B02617,40.7,-74.07000000000001,4
Jun,B02617,40.7,-74.02,47
Jun,B02617,40.7,-74.01,1109
Jun,B02617,40.7,-74,157
Jun,B02617,40.7,-73.99,1010
Jun,B02617,40.7,-73.98,283
Jun,B02617,40.7,-73.97,189
Jun,B02617,40.7,-73.96000000000001,146
Jun,B02617,40.7,-73.95,118
Jun,B02617,40.7,-73.94,204
Jun,B02617,40.7,-73.93,519
Jun,B02617,40.7,-73.92,235
Jun,B02617,40.7,-73.91,93
Jun,B02617,40.7,-73.9,40
Jun,B02617,40.7,-73.89,9
Jun,B02617,40.7,-73.88,10
Jun,B02617,40.7,-73.87,5
Jun,B02617,40.7,-73.86,6
Jun,B02617,40.7,-73.85000000000001,5
Jun,B02617,40.7,-73.84,14
Jun,B02617,40.7,-73.83,19
Jun,B02617,40.7,-73.82000000000001,10
Jun,B02617,40.7,-73.81,39
Jun,B02617,40.7,-73.8,12
Jun,B02617,40.7,-73.79,1
Jun,B02617,40.7,-73.78,4
Jun,B02617,40.7,-73.77,2
Jun,B02617,40.7,-73.76,4
Jun,B02617,40.7,-73.75,2
Jun,B02617,40.7,-73.74,3
Jun,B02617,40.7,-73.73,2
Jun,B02617,40.7,-73.72,8
Jun,B02617,40.7,-73.71000000000001,1
Jun,B02617,40.71,-74.15,1
Jun,B02617,40.71,-74.09,4
Jun,B02617,40.71,-74.08,3
Jun,B02617,40.71,-74.07000000000001,2
Jun,B02617,40.71,-74.06,12
Jun,B02617,40.71,-74.05,1
Jun,B02617,40.71,-74.04,84
Jun,B02617,40.71,-74.03,23
Jun,B02617,40.71,-74.02,862
Jun,B02617,40.71,-74.01,4270
Jun,B02617,40.71,-74,804
Jun,B02617,40.71,-73.99,398
Jun,B02617,40.71,-73.98,116
Jun,B02617,40.71,-73.97,459
Jun,B02617,40.71,-73.96000000000001,970
Jun,B02617,40.71,-73.95,699
Jun,B02617,40.71,-73.94,472
Jun,B02617,40.71,-73.93,203
Jun,B02617,40.71,-73.92,174
Jun,B02617,40.71,-73.91,26
Jun,B02617,40.71,-73.9,18
Jun,B02617,40.71,-73.89,6
Jun,B02617,40.71,-73.88,11
Jun,B02617,40.71,-73.87,9
Jun,B02617,40.71,-73.86,7
Jun,B02617,40.71,-73.85000000000001,13
Jun,B02617,40.71,-73.84,17
Jun,B02617,40.71,-73.83,39
Jun,B02617,40.71,-73.82000000000001,14
Jun,B02617,40.71,-73.81,7
Jun,B02617,40.71,-73.8,20
Jun,B02617,40.71,-73.79,19
Jun,B02617,40.71,-73.78,13
Jun,B02617,40.71,-73.77,6
Jun,B02617,40.71,-73.75,2
Jun,B02617,40.71,-73.74,4
Jun,B02617,40.71,-73.73,14
Jun,B02617,40.71,-73.72,38
Jun,B02617,40.71,-73.71000000000001,4
Jun,B02617,40.71,-73.7,4
Jun,B02617,40.72,-74.09,7
Jun,B02617,40.72,-74.08,4
Jun,B02617,40.72,-74.07000000000001,11
Jun,B02617,40.72,-74.06,14
Jun,B02617,40.72,-74.05,67
Jun,B02617,40.72,-74.04,152
Jun,B02617,40.72,-74.03,71
Jun,B02617,40.72,-74.02,368
Jun,B02617,40.72,-74.01,4340
Jun,B02617,40.72,-74,6935
Jun,B02617,40.72,-73.99,4431
Jun,B02617,40.72,-73.98,1406
Jun,B02617,40.72,-73.97,81
Jun,B02617,40.72,-73.96000000000001,1829
Jun,B02617,40.72,-73.95,760
Jun,B02617,40.72,-73.94,351
Jun,B02617,40.72,-73.93,8
Jun,B02617,40.72,-73.92,5
Jun,B02617,40.72,-73.91,8
Jun,B02617,40.72,-73.9,13
Jun,B02617,40.72,-73.89,19
Jun,B02617,40.72,-73.88,14
Jun,B02617,40.72,-73.87,16
Jun,B02617,40.72,-73.86,17
Jun,B02617,40.72,-73.85000000000001,59
Jun,B02617,40.72,-73.84,85
Jun,B02617,40.72,-73.83,13
Jun,B02617,40.72,-73.82000000000001,13
Jun,B02617,40.72,-73.81,16
Jun,B02617,40.72,-73.8,23
Jun,B02617,40.72,-73.79,10
Jun,B02617,40.72,-73.78,10
Jun,B02617,40.72,-73.77,4
Jun,B02617,40.72,-73.76,1
Jun,B02617,40.72,-73.75,6
Jun,B02617,40.72,-73.74,5
Jun,B02617,40.72,-73.73,4
Jun,B02617,40.72,-73.72,1
Jun,B02617,40.72,-73.71000000000001,7
Jun,B02617,40.72,-73.7,2
Jun,B02617,40.730000000000004,-74.14,1
Jun,B02617,40.730000000000004,-74.13,1
Jun,B02617,40.730000000000004,-74.11,2
Jun,B02617,40.730000000000004,-74.08,3
Jun,B02617,40.730000000000004,-74.07000000000001,14
Jun,B02617,40.730000000000004,-74.06,19
Jun,B02617,40.730000000000004,-74.05,61
Jun,B02617,40.730000000000004,-74.04,80
Jun,B02617,40.730000000000004,-74.03,49
Jun,B02617,40.730000000000004,-74.02,2
Jun,B02617,40.730000000000004,-74.01,2789
Jun,B02617,40.730000000000004,-74,6393
Jun,B02617,40.730000000000004,-73.99,5523
Jun,B02617,40.730000000000004,-73.98,2549
Jun,B02617,40.730000000000004,-73.97,102
Jun,B02617,40.730000000000004,-73.96000000000001,407
Jun,B02617,40.730000000000004,-73.95,341
Jun,B02617,40.730000000000004,-73.94,137
Jun,B02617,40.730000000000004,-73.93,3
Jun,B02617,40.730000000000004,-73.92,6
Jun,B02617,40.730000000000004,-73.91,18
Jun,B02617,40.730000000000004,-73.9,22
Jun,B02617,40.730000000000004,-73.89,15
Jun,B02617,40.730000000000004,-73.88,13
Jun,B02617,40.730000000000004,-73.87,27
Jun,B02617,40.730000000000004,-73.86,49
Jun,B02617,40.730000000000004,-73.85000000000001,50
Jun,B02617,40.730000000000004,-73.84,2
Jun,B02617,40.730000000000004,-73.83,6
Jun,B02617,40.730000000000004,-73.82000000000001,13
Jun,B02617,40.730000000000004,-73.81,12
Jun,B02617,40.730000000000004,-73.8,11
Jun,B02617,40.730000000000004,-73.79,11
Jun,B02617,40.730000000000004,-73.78,7
Jun,B02617,40.730000000000004,-73.77,2
Jun,B02617,40.730000000000004,-73.76,1
Jun,B02617,40.730000000000004,-73.74,7
Jun,B02617,40.730000000000004,-73.73,5
Jun,B02617,40.730000000000004,-73.72,1
Jun,B02617,40.730000000000004,-73.71000000000001,3
Jun,B02617,40.730000000000004,-73.7,2
Jun,B02617,40.74,-74.09,2
Jun,B02617,40.74,-74.08,2
Jun,B02617,40.74,-74.07000000000001,7
Jun,B02617,40.74,-74.06,10
Jun,B02617,40.74,-74.05,28
Jun,B02617,40.74,-74.04,127
Jun,B02617,40.74,-74.03,199
Jun,B02617,40.74,-74.02,1
Jun,B02617,40.74,-74.01,4178
Jun,B02617,40.74,-74,5558
Jun,B02617,40.74,-73.99,7683
Jun,B02617,40.74,-73.98,3268
Jun,B02617,40.74,-73.97,711
Jun,B02617,40.74,-73.96000000000001,219
Jun,B02617,40.74,-73.95,173
Jun,B02617,40.74,-73.94,64
Jun,B02617,40.74,-73.93,84
Jun,B02617,40.74,-73.92,101
Jun,B02617,40.74,-73.91,22
Jun,B02617,40.74,-73.9,29
Jun,B02617,40.74,-73.89,32
Jun,B02617,40.74,-73.88,26
Jun,B02617,40.74,-73.87,23
Jun,B02617,40.74,-73.86,20
Jun,B02617,40.74,-73.85000000000001,24
Jun,B02617,40.74,-73.84,1
Jun,B02617,40.74,-73.83,14
Jun,B02617,40.74,-73.82000000000001,7
Jun,B02617,40.74,-73.81,8
Jun,B02617,40.74,-73.8,3
Jun,B02617,40.74,-73.79,5
Jun,B02617,40.74,-73.78,10
Jun,B02617,40.74,-73.76,3
Jun,B02617,40.74,-73.75,4
Jun,B02617,40.74,-73.72,2
Jun,B02617,40.74,-73.71000000000001,2
Jun,B02617,40.74,-73.7,1
Jun,B02617,40.75,-74.14,2
Jun,B02617,40.75,-74.06,6
Jun,B02617,40.75,-74.05,6
Jun,B02617,40.75,-74.04,59
Jun,B02617,40.75,-74.03,241
Jun,B02617,40.75,-74.02,28
Jun,B02617,40.75,-74.01,1439
Jun,B02617,40.75,-74,2656
Jun,B02617,40.75,-73.99,7301
Jun,B02617,40.75,-73.98,6775
Jun,B02617,40.75,-73.97,3155
Jun,B02617,40.75,-73.96000000000001,275
Jun,B02617,40.75,-73.95,212
Jun,B02617,40.75,-73.94,326
Jun,B02617,40.75,-73.93,110
Jun,B02617,40.75,-73.92,72
Jun,B02617,40.75,-73.91,50
Jun,B02617,40.75,-73.9,20
Jun,B02617,40.75,-73.89,66
Jun,B02617,40.75,-73.88,31
Jun,B02617,40.75,-73.87,13
Jun,B02617,40.75,-73.86,8
Jun,B02617,40.75,-73.85000000000001,25
Jun,B02617,40.75,-73.84,10
Jun,B02617,40.75,-73.83,22
Jun,B02617,40.75,-73.82000000000001,13
Jun,B02617,40.75,-73.8,2
Jun,B02617,40.75,-73.79,7
Jun,B02617,40.75,-73.78,2
Jun,B02617,40.75,-73.77,4
Jun,B02617,40.75,-73.76,6
Jun,B02617,40.75,-73.75,3
Jun,B02617,40.75,-73.74,6
Jun,B02617,40.75,-73.72,2
Jun,B02617,40.75,-73.71000000000001,3
Jun,B02617,40.76,-74.14,2
Jun,B02617,40.76,-74.10000000000001,1
Jun,B02617,40.76,-74.08,3
Jun,B02617,40.76,-74.07000000000001,2
Jun,B02617,40.76,-74.05,1
Jun,B02617,40.76,-74.04,8
Jun,B02617,40.76,-74.03,38
Jun,B02617,40.76,-74.02,21
Jun,B02617,40.76,-74.01,5
Jun,B02617,40.76,-74,2079
Jun,B02617,40.76,-73.99,5067
Jun,B02617,40.76,-73.98,10358
Jun,B02617,40.76,-73.97,9612
Jun,B02617,40.76,-73.96000000000001,1759
Jun,B02617,40.76,-73.95,143
Jun,B02617,40.76,-73.94,30
Jun,B02617,40.76,-73.93,146
Jun,B02617,40.76,-73.92,232
Jun,B02617,40.76,-73.91,78
Jun,B02617,40.76,-73.9,24
Jun,B02617,40.76,-73.89,13
Jun,B02617,40.76,-73.88,20
Jun,B02617,40.76,-73.87,10
Jun,B02617,40.76,-73.86,12
Jun,B02617,40.76,-73.85000000000001,13
Jun,B02617,40.76,-73.84,40
Jun,B02617,40.76,-73.83,68
Jun,B02617,40.76,-73.82000000000001,14
Jun,B02617,40.76,-73.81,6
Jun,B02617,40.76,-73.8,7
Jun,B02617,40.76,-73.79,10
Jun,B02617,40.76,-73.78,3
Jun,B02617,40.76,-73.77,17
Jun,B02617,40.76,-73.76,3
Jun,B02617,40.76,-73.75,2
Jun,B02617,40.76,-73.74,2
Jun,B02617,40.76,-73.73,5
Jun,B02617,40.76,-73.72,1
Jun,B02617,40.76,-73.7,2
Jun,B02617,40.77,-74.07000000000001,1
Jun,B02617,40.77,-74.06,1
Jun,B02617,40.77,-74.04,7
Jun,B02617,40.77,-74.03,18
Jun,B02617,40.77,-74.02,22
Jun,B02617,40.77,-74.01,4
Jun,B02617,40.77,-74,57
Jun,B02617,40.77,-73.99,1702
Jun,B02617,40.77,-73.98,3232
Jun,B02617,40.77,-73.97,1680
Jun,B02617,40.77,-73.96000000000001,3557
Jun,B02617,40.77,-73.95,1853
Jun,B02617,40.77,-73.94,51
Jun,B02617,40.77,-73.93,87
Jun,B02617,40.77,-73.92,228
Jun,B02617,40.77,-73.91,97
Jun,B02617,40.77,-73.9,46
Jun,B02617,40.77,-73.89,442
Jun,B02617,40.77,-73.88,81
Jun,B02617,40.77,-73.87,2631
Jun,B02617,40.77,-73.86,1055
Jun,B02617,40.77,-73.84,9
Jun,B02617,40.77,-73.83,5
Jun,B02617,40.77,-73.82000000000001,6
Jun,B02617,40.77,-73.81,1
Jun,B02617,40.77,-73.8,2
Jun,B02617,40.77,-73.79,2
Jun,B02617,40.77,-73.78,1
Jun,B02617,40.77,-73.77,10
Jun,B02617,40.77,-73.75,3
Jun,B02617,40.77,-73.74,5
Jun,B02617,40.77,-73.73,4
Jun,B02617,40.77,-73.72,2
Jun,B02617,40.77,-73.71000000000001,1
Jun,B02617,40.77,-73.7,3
Jun,B02617,40.78,-74.15,1
Jun,B02617,40.78,-74.13,1
Jun,B02617,40.78,-74.07000000000001,4
Jun,B02617,40.78,-74.06,1
Jun,B02617,40.78,-74.05,2
Jun,B02617,40.78,-74.04,2
Jun,B02617,40.78,-74.03,5
Jun,B02617,40.78,-74.02,10
Jun,B02617,40.78,-74.01,16
Jun,B02617,40.78,-73.99,568
Jun,B02617,40.78,-73.98,2378
Jun,B02617,40.78,-73.97,492
Jun,B02617,40.78,-73.96000000000001,2364
Jun,B02617,40.78,-73.95,2113
Jun,B02617,40.78,-73.94,150
Jun,B02617,40.78,-73.93,16
Jun,B02617,40.78,-73.92,54
Jun,B02617,40.78,-73.91,73
Jun,B02617,40.78,-73.9,23
Jun,B02617,40.78,-73.89,1
Jun,B02617,40.78,-73.85000000000001,4
Jun,B02617,40.78,-73.84,3
Jun,B02617,40.78,-73.83,6
Jun,B02617,40.78,-73.82000000000001,2
Jun,B02617,40.78,-73.81,2
Jun,B02617,40.78,-73.8,8
Jun,B02617,40.78,-73.78,5
Jun,B02617,40.78,-73.77,3
Jun,B02617,40.78,-73.75,1
Jun,B02617,40.78,-73.74,1
Jun,B02617,40.78,-73.73,8
Jun,B02617,40.78,-73.72,7
Jun,B02617,40.78,-73.71000000000001,1
Jun,B02617,40.78,-73.7,3
Jun,B02617,40.79,-74.07000000000001,1
Jun,B02617,40.79,-74.06,3
Jun,B02617,40.79,-74.05,7
Jun,B02617,40.79,-74.04,11
Jun,B02617,40.79,-74.02,3
Jun,B02617,40.79,-74.01,4
Jun,B02617,40.79,-74,7
Jun,B02617,40.79,-73.98,1018
Jun,B02617,40.79,-73.97,1232
Jun,B02617,40.79,-73.96000000000001,175
Jun,B02617,40.79,-73.95,480
Jun,B02617,40.79,-73.94,120
Jun,B02617,40.79,-73.93,24
Jun,B02617,40.79,-73.92,71
Jun,B02617,40.79,-73.85000000000001,2
Jun,B02617,40.79,-73.84,11
Jun,B02617,40.79,-73.83,5
Jun,B02617,40.79,-73.82000000000001,5
Jun,B02617,40.79,-73.81,8
Jun,B02617,40.79,-73.8,11
Jun,B02617,40.79,-73.79,5
Jun,B02617,40.79,-73.78,2
Jun,B02617,40.79,-73.73,10
Jun,B02617,40.800000000000004,-74.13,2
Jun,B02617,40.800000000000004,-74.08,1
Jun,B02617,40.800000000000004,-74.06,5
Jun,B02617,40.800000000000004,-74.05,1
Jun,B02617,40.800000000000004,-74.01,3
Jun,B02617,40.800000000000004,-74,1
Jun,B02617,40.800000000000004,-73.99,7
Jun,B02617,40.800000000000004,-73.98,30
Jun,B02617,40.800000000000004,-73.97,502
Jun,B02617,40.800000000000004,-73.96000000000001,290
Jun,B02617,40.800000000000004,-73.95,240
Jun,B02617,40.800000000000004,-73.94,200
Jun,B02617,40.800000000000004,-73.93,140
Jun,B02617,40.800000000000004,-73.92,39
Jun,B02617,40.800000000000004,-73.91,6
Jun,B02617,40.800000000000004,-73.82000000000001,1
Jun,B02617,40.800000000000004,-73.75,1
Jun,B02617,40.800000000000004,-73.74,3
Jun,B02617,40.800000000000004,-73.72,1
Jun,B02617,40.800000000000004,-73.71000000000001,2
Jun,B02617,40.81,-74.14,1
Jun,B02617,40.81,-74.11,2
Jun,B02617,40.81,-74.10000000000001,4
Jun,B02617,40.81,-74.08,6
Jun,B02617,40.81,-74.07000000000001,7
Jun,B02617,40.81,-73.99,7
Jun,B02617,40.81,-73.98,4
Jun,B02617,40.81,-73.97,54
Jun,B02617,40.81,-73.96000000000001,225
Jun,B02617,40.81,-73.95,290
Jun,B02617,40.81,-73.94,181
Jun,B02617,40.81,-73.93,34
Jun,B02617,40.81,-73.92,10
Jun,B02617,40.81,-73.91,6
Jun,B02617,40.81,-73.9,2
Jun,B02617,40.81,-73.89,3
Jun,B02617,40.81,-73.88,3
Jun,B02617,40.81,-73.87,1
Jun,B02617,40.81,-73.86,6
Jun,B02617,40.81,-73.83,1
Jun,B02617,40.81,-73.81,7
Jun,B02617,40.81,-73.8,1
Jun,B02617,40.81,-73.71000000000001,1
Jun,B02617,40.82,-74.14,1
Jun,B02617,40.82,-74.10000000000001,1
Jun,B02617,40.82,-74.07000000000001,1
Jun,B02617,40.82,-74.02,1
Jun,B02617,40.82,-74,1
Jun,B02617,40.82,-73.99,6
Jun,B02617,40.82,-73.98,4
Jun,B02617,40.82,-73.97,2
Jun,B02617,40.82,-73.96000000000001,68
Jun,B02617,40.82,-73.95,115
Jun,B02617,40.82,-73.94,114
Jun,B02617,40.82,-73.93,31
Jun,B02617,40.82,-73.92,15
Jun,B02617,40.82,-73.91,13
Jun,B02617,40.82,-73.9,8
Jun,B02617,40.82,-73.89,11
Jun,B02617,40.82,-73.88,6
Jun,B02617,40.82,-73.87,3
Jun,B02617,40.82,-73.86,9
Jun,B02617,40.82,-73.85000000000001,1
Jun,B02617,40.82,-73.83,1
Jun,B02617,40.82,-73.82000000000001,5
Jun,B02617,40.82,-73.81,1
Jun,B02617,40.82,-73.75,1
Jun,B02617,40.82,-73.74,1
Jun,B02617,40.82,-73.73,1
Jun,B02617,40.83,-74.12,2
Jun,B02617,40.83,-74.11,1
Jun,B02617,40.83,-74.10000000000001,8
Jun,B02617,40.83,-74.09,2
Jun,B02617,40.83,-74.08,6
Jun,B02617,40.83,-74.07000000000001,1
Jun,B02617,40.83,-73.99,2
Jun,B02617,40.83,-73.98,1
Jun,B02617,40.83,-73.97,5
Jun,B02617,40.83,-73.95,73
Jun,B02617,40.83,-73.94,88
Jun,B02617,40.83,-73.93,155
Jun,B02617,40.83,-73.92,72
Jun,B02617,40.83,-73.91,12
Jun,B02617,40.83,-73.9,6
Jun,B02617,40.83,-73.89,4
Jun,B02617,40.83,-73.88,5
Jun,B02617,40.83,-73.87,7
Jun,B02617,40.83,-73.86,8
Jun,B02617,40.83,-73.85000000000001,5
Jun,B02617,40.83,-73.84,2
Jun,B02617,40.83,-73.83,5
Jun,B02617,40.83,-73.82000000000001,6
Jun,B02617,40.84,-74.15,3
Jun,B02617,40.84,-74.12,2
Jun,B02617,40.84,-74.09,2
Jun,B02617,40.84,-74.08,1
Jun,B02617,40.84,-74.07000000000001,1
Jun,B02617,40.84,-74.05,1
Jun,B02617,40.84,-73.99,1
Jun,B02617,40.84,-73.97,5
Jun,B02617,40.84,-73.95,27
Jun,B02617,40.84,-73.94,148
Jun,B02617,40.84,-73.93,7
Jun,B02617,40.84,-73.92,9
Jun,B02617,40.84,-73.91,9
Jun,B02617,40.84,-73.9,4
Jun,B02617,40.84,-73.89,3
Jun,B02617,40.84,-73.88,6
Jun,B02617,40.84,-73.87,4
Jun,B02617,40.84,-73.86,13
Jun,B02617,40.84,-73.85000000000001,10
Jun,B02617,40.84,-73.84,6
Jun,B02617,40.84,-73.83,9
Jun,B02617,40.84,-73.82000000000001,2
Jun,B02617,40.84,-73.79,2
Jun,B02617,40.84,-73.78,1
Jun,B02617,40.84,-73.72,1
Jun,B02617,40.85,-74.07000000000001,10
Jun,B02617,40.85,-74.05,1
Jun,B02617,40.85,-74.04,1
Jun,B02617,40.85,-74.03,1
Jun,B02617,40.85,-74.02,1
Jun,B02617,40.85,-74.01,3
Jun,B02617,40.85,-74,1
Jun,B02617,40.85,-73.99,2
Jun,B02617,40.85,-73.97,6
Jun,B02617,40.85,-73.96000000000001,3
Jun,B02617,40.85,-73.94,114
Jun,B02617,40.85,-73.93,75
Jun,B02617,40.85,-73.92,7
Jun,B02617,40.85,-73.91,10
Jun,B02617,40.85,-73.9,8
Jun,B02617,40.85,-73.89,23
Jun,B02617,40.85,-73.88,8
Jun,B02617,40.85,-73.87,2
Jun,B02617,40.85,-73.86,14
Jun,B02617,40.85,-73.85000000000001,14
Jun,B02617,40.85,-73.84,9
Jun,B02617,40.85,-73.83,9
Jun,B02617,40.85,-73.82000000000001,1
Jun,B02617,40.85,-73.79,5
Jun,B02617,40.86,-74.09,2
Jun,B02617,40.86,-74.06,3
Jun,B02617,40.86,-74.03,1
Jun,B02617,40.86,-74.02,3
Jun,B02617,40.86,-73.98,2
Jun,B02617,40.86,-73.97,5
Jun,B02617,40.86,-73.94,19
Jun,B02617,40.86,-73.93,50
Jun,B02617,40.86,-73.92,9
Jun,B02617,40.86,-73.91,11
Jun,B02617,40.86,-73.9,16
Jun,B02617,40.86,-73.89,34
Jun,B02617,40.86,-73.88,18
Jun,B02617,40.86,-73.87,14
Jun,B02617,40.86,-73.86,8
Jun,B02617,40.86,-73.85000000000001,13
Jun,B02617,40.86,-73.84,3
Jun,B02617,40.86,-73.83,2
Jun,B02617,40.86,-73.82000000000001,1
Jun,B02617,40.86,-73.8,3
Jun,B02617,40.87,-74.13,1
Jun,B02617,40.87,-74.11,1
Jun,B02617,40.87,-74.08,1
Jun,B02617,40.87,-74.06,3
Jun,B02617,40.87,-74.04,2
Jun,B02617,40.87,-74.02,1
Jun,B02617,40.87,-74.01,1
Jun,B02617,40.87,-74,2
Jun,B02617,40.87,-73.97,2
Jun,B02617,40.87,-73.96000000000001,3
Jun,B02617,40.87,-73.95,1
Jun,B02617,40.87,-73.93,51
Jun,B02617,40.87,-73.92,47
Jun,B02617,40.87,-73.91,15
Jun,B02617,40.87,-73.9,13
Jun,B02617,40.87,-73.89,9
Jun,B02617,40.87,-73.88,14
Jun,B02617,40.87,-73.87,7
Jun,B02617,40.87,-73.86,7
Jun,B02617,40.87,-73.85000000000001,2
Jun,B02617,40.87,-73.84,4
Jun,B02617,40.87,-73.83,3
Jun,B02617,40.87,-73.82000000000001,3
Jun,B02617,40.87,-73.81,9
Jun,B02617,40.87,-73.8,1
Jun,B02617,40.88,-74.14,1
Jun,B02617,40.88,-74.12,1
Jun,B02617,40.88,-74.11,1
Jun,B02617,40.88,-74.06,3
Jun,B02617,40.88,-74.05,4
Jun,B02617,40.88,-74.04,1
Jun,B02617,40.88,-74,1
Jun,B02617,40.88,-73.99,6
Jun,B02617,40.88,-73.98,3
Jun,B02617,40.88,-73.97,1
Jun,B02617,40.88,-73.92,15
Jun,B02617,40.88,-73.91,19
Jun,B02617,40.88,-73.9,27
Jun,B02617,40.88,-73.89,9
Jun,B02617,40.88,-73.88,21
Jun,B02617,40.88,-73.87,2
Jun,B02617,40.88,-73.86,3
Jun,B02617,40.88,-73.85000000000001,5
Jun,B02617,40.88,-73.84,4
Jun,B02617,40.88,-73.83,8
Jun,B02617,40.88,-73.82000000000001,1
Jun,B02617,40.88,-73.79,1
Jun,B02617,40.89,-74.11,1
Jun,B02617,40.89,-74.01,1
Jun,B02617,40.89,-73.97,4
Jun,B02617,40.89,-73.96000000000001,2
Jun,B02617,40.89,-73.95,5
Jun,B02617,40.89,-73.94,1
Jun,B02617,40.89,-73.92,3
Jun,B02617,40.89,-73.91,62
Jun,B02617,40.89,-73.9,34
Jun,B02617,40.89,-73.89,11
Jun,B02617,40.89,-73.88,3
Jun,B02617,40.89,-73.86,2
Jun,B02617,40.89,-73.85000000000001,1
Jun,B02617,40.89,-73.84,7
Jun,B02617,40.89,-73.83,3
Jun,B02617,40.89,-73.81,2
Jun,B02617,40.89,-73.8,1
Jun,B02617,40.89,-73.79,4
Jun,B02617,40.89,-73.78,1
Jun,B02617,40.89,-73.77,1
Jun,B02617,40.9,-74.10000000000001,1
Jun,B02617,40.9,-74.09,1
Jun,B02617,40.9,-74.08,1
Jun,B02617,40.9,-73.97,1
Jun,B02617,40.9,-73.96000000000001,2
Jun,B02617,40.9,-73.95,1
Jun,B02617,40.9,-73.94,2
Jun,B02617,40.9,-73.91,14
Jun,B02617,40.9,-73.9,21
Jun,B02617,40.9,-73.87,9
Jun,B02617,40.9,-73.86,5
Jun,B02617,40.9,-73.85000000000001,3
Jun,B02617,40.9,-73.84,2
Jun,B02617,40.9,-73.83,1
Jun,B02617,40.9,-73.82000000000001,1
Jun,B02617,40.9,-73.81,3
Jun,B02617,40.9,-73.8,2
Jun,B02617,40.9,-73.79,2
Jun,B02617,40.9,-73.78,2
Jun,B02617,40.9,-73.77,1
Jun,B02617,40.910000000000004,-74.03,1
Jun,B02617,40.910000000000004,-74.01,1
Jun,B02617,40.910000000000004,-73.98,1
Jun,B02617,40.910000000000004,-73.96000000000001,1
Jun,B02617,40.910000000000004,-73.95,2
Jun,B02617,40.910000000000004,-73.91,2
Jun,B02617,40.910000000000004,-73.9,16
Jun,B02617,40.910000000000004,-73.89,2
Jun,B02617,40.910000000000004,-73.88,4
Jun,B02617,40.910000000000004,-73.87,2
Jun,B02617,40.910000000000004,-73.86,2
Jun,B02617,40.910000000000004,-73.85000000000001,3
Jun,B02617,40.910000000000004,-73.84,5
Jun,B02617,40.910000000000004,-73.83,1
Jun,B02617,40.910000000000004,-73.82000000000001,2
Jun,B02617,40.910000000000004,-73.81,5
Jun,B02617,40.910000000000004,-73.8,2
Jun,B02617,40.910000000000004,-73.79,1
Jun,B02617,40.910000000000004,-73.78,15
Jun,B02617,40.910000000000004,-73.77,1
Jun,B02617,40.92,-74.06,1
Jun,B02617,40.92,-73.8,1
Jun,B02682,40.58,-74.09,1
Jun,B02682,40.58,-73.99,3
Jun,B02682,40.58,-73.98,12
Jun,B02682,40.58,-73.97,12
Jun,B02682,40.58,-73.96000000000001,13
Jun,B02682,40.58,-73.95,11
Jun,B02682,40.58,-73.94,9
Jun,B02682,40.58,-73.93,7
Jun,B02682,40.58,-73.89,1
Jun,B02682,40.58,-73.83,1
Jun,B02682,40.58,-73.82000000000001,2
Jun,B02682,40.59,-74.11,1
Jun,B02682,40.59,-74.09,1
Jun,B02682,40.59,-74.07000000000001,1
Jun,B02682,40.59,-74,2
Jun,B02682,40.59,-73.99,6
Jun,B02682,40.59,-73.98,10
Jun,B02682,40.59,-73.97,12
Jun,B02682,40.59,-73.96000000000001,20
Jun,B02682,40.59,-73.95,16
Jun,B02682,40.59,-73.94,10
Jun,B02682,40.59,-73.93,8
Jun,B02682,40.59,-73.91,1
Jun,B02682,40.59,-73.9,4
Jun,B02682,40.59,-73.82000000000001,3
Jun,B02682,40.59,-73.8,1
Jun,B02682,40.59,-73.74,1
Jun,B02682,40.59,-73.73,1
Jun,B02682,40.59,-73.72,1
Jun,B02682,40.59,-73.71000000000001,1
Jun,B02682,40.6,-74.06,1
Jun,B02682,40.6,-74.02,1
Jun,B02682,40.6,-74.01,4
Jun,B02682,40.6,-74,17
Jun,B02682,40.6,-73.99,28
Jun,B02682,40.6,-73.98,9
Jun,B02682,40.6,-73.97,66
Jun,B02682,40.6,-73.96000000000001,15
Jun,B02682,40.6,-73.95,17
Jun,B02682,40.6,-73.94,4
Jun,B02682,40.6,-73.93,3
Jun,B02682,40.6,-73.91,8
Jun,B02682,40.6,-73.76,2
Jun,B02682,40.6,-73.75,2
Jun,B02682,40.6,-73.72,2
Jun,B02682,40.61,-74.12,1
Jun,B02682,40.61,-74.11,1
Jun,B02682,40.61,-74.10000000000001,1
Jun,B02682,40.61,-74.08,2
Jun,B02682,40.61,-74.04,5
Jun,B02682,40.61,-74.03,18
Jun,B02682,40.61,-74.02,16
Jun,B02682,40.61,-74.01,10
Jun,B02682,40.61,-74,13
Jun,B02682,40.61,-73.99,12
Jun,B02682,40.61,-73.98,11
Jun,B02682,40.61,-73.97,28
Jun,B02682,40.61,-73.96000000000001,32
Jun,B02682,40.61,-73.95,19
Jun,B02682,40.61,-73.94,13
Jun,B02682,40.61,-73.93,2
Jun,B02682,40.61,-73.92,12
Jun,B02682,40.61,-73.91,5
Jun,B02682,40.61,-73.9,2
Jun,B02682,40.61,-73.76,1
Jun,B02682,40.61,-73.75,1
Jun,B02682,40.61,-73.74,3
Jun,B02682,40.61,-73.73,7
Jun,B02682,40.61,-73.72,1
Jun,B02682,40.61,-73.71000000000001,3
Jun,B02682,40.62,-74.12,1
Jun,B02682,40.62,-74.10000000000001,2
Jun,B02682,40.62,-74.09,1
Jun,B02682,40.62,-74.08,1
Jun,B02682,40.62,-74.04,14
Jun,B02682,40.62,-74.03,69
Jun,B02682,40.62,-74.02,38
Jun,B02682,40.62,-74.01,16
Jun,B02682,40.62,-74,15
Jun,B02682,40.62,-73.99,13
Jun,B02682,40.62,-73.98,11
Jun,B02682,40.62,-73.97,20
Jun,B02682,40.62,-73.96000000000001,25
Jun,B02682,40.62,-73.95,14
Jun,B02682,40.62,-73.94,14
Jun,B02682,40.62,-73.93,5
Jun,B02682,40.62,-73.92,8
Jun,B02682,40.62,-73.9,1
Jun,B02682,40.62,-73.73,2
Jun,B02682,40.62,-73.72,2
Jun,B02682,40.62,-73.71000000000001,3
Jun,B02682,40.63,-74.09,2
Jun,B02682,40.63,-74.04,3
Jun,B02682,40.63,-74.03,53
Jun,B02682,40.63,-74.02,31
Jun,B02682,40.63,-74.01,14
Jun,B02682,40.63,-74,10
Jun,B02682,40.63,-73.99,3
Jun,B02682,40.63,-73.98,10
Jun,B02682,40.63,-73.97,33
Jun,B02682,40.63,-73.96000000000001,39
Jun,B02682,40.63,-73.95,40
Jun,B02682,40.63,-73.94,22
Jun,B02682,40.63,-73.93,12
Jun,B02682,40.63,-73.92,7
Jun,B02682,40.63,-73.9,4
Jun,B02682,40.63,-73.89,4
Jun,B02682,40.63,-73.74,1
Jun,B02682,40.63,-73.73,2
Jun,B02682,40.63,-73.72,5
Jun,B02682,40.63,-73.71000000000001,4
Jun,B02682,40.63,-73.7,1
Jun,B02682,40.64,-74.14,1
Jun,B02682,40.64,-74.09,1
Jun,B02682,40.64,-74.08,1
Jun,B02682,40.64,-74.04,5
Jun,B02682,40.64,-74.03,23
Jun,B02682,40.64,-74.02,20
Jun,B02682,40.64,-74.01,7
Jun,B02682,40.64,-74,18
Jun,B02682,40.64,-73.99,11
Jun,B02682,40.64,-73.98,29
Jun,B02682,40.64,-73.97,79
Jun,B02682,40.64,-73.96000000000001,53
Jun,B02682,40.64,-73.95,28
Jun,B02682,40.64,-73.94,13
Jun,B02682,40.64,-73.93,9
Jun,B02682,40.64,-73.92,10
Jun,B02682,40.64,-73.91,6
Jun,B02682,40.64,-73.9,5
Jun,B02682,40.64,-73.89,1
Jun,B02682,40.64,-73.88,1
Jun,B02682,40.64,-73.8,3
Jun,B02682,40.64,-73.79,732
Jun,B02682,40.64,-73.78,1455
Jun,B02682,40.64,-73.74,6
Jun,B02682,40.64,-73.73,2
Jun,B02682,40.64,-73.7,2
Jun,B02682,40.65,-74.02,36
Jun,B02682,40.65,-74.01,34
Jun,B02682,40.65,-74,34
Jun,B02682,40.65,-73.98,69
Jun,B02682,40.65,-73.97,86
Jun,B02682,40.65,-73.96000000000001,78
Jun,B02682,40.65,-73.95,28
Jun,B02682,40.65,-73.94,20
Jun,B02682,40.65,-73.93,9
Jun,B02682,40.65,-73.92,8
Jun,B02682,40.65,-73.91,8
Jun,B02682,40.65,-73.9,3
Jun,B02682,40.65,-73.89,7
Jun,B02682,40.65,-73.88,6
Jun,B02682,40.65,-73.87,1
Jun,B02682,40.65,-73.85000000000001,1
Jun,B02682,40.65,-73.84,13
Jun,B02682,40.65,-73.83,1
Jun,B02682,40.65,-73.81,6
Jun,B02682,40.65,-73.8,8
Jun,B02682,40.65,-73.79,784
Jun,B02682,40.65,-73.78,1941
Jun,B02682,40.65,-73.77,1
Jun,B02682,40.65,-73.76,2
Jun,B02682,40.65,-73.74,3
Jun,B02682,40.65,-73.73,5
Jun,B02682,40.65,-73.72,1
Jun,B02682,40.65,-73.71000000000001,2
Jun,B02682,40.65,-73.7,1
Jun,B02682,40.660000000000004,-74.12,1
Jun,B02682,40.660000000000004,-74.10000000000001,3
Jun,B02682,40.660000000000004,-74.09,1
Jun,B02682,40.660000000000004,-74.01,60
Jun,B02682,40.660000000000004,-74,63
Jun,B02682,40.660000000000004,-73.99,234
Jun,B02682,40.660000000000004,-73.98,321
Jun,B02682,40.660000000000004,-73.97,12
Jun,B02682,40.660000000000004,-73.96000000000001,109
Jun,B02682,40.660000000000004,-73.95,75
Jun,B02682,40.660000000000004,-73.94,40
Jun,B02682,40.660000000000004,-73.93,19
Jun,B02682,40.660000000000004,-73.92,23
Jun,B02682,40.660000000000004,-73.91,14
Jun,B02682,40.660000000000004,-73.9,7
Jun,B02682,40.660000000000004,-73.89,8
Jun,B02682,40.660000000000004,-73.88,3
Jun,B02682,40.660000000000004,-73.87,3
Jun,B02682,40.660000000000004,-73.85000000000001,4
Jun,B02682,40.660000000000004,-73.84,5
Jun,B02682,40.660000000000004,-73.83,6
Jun,B02682,40.660000000000004,-73.82000000000001,2
Jun,B02682,40.660000000000004,-73.81,8
Jun,B02682,40.660000000000004,-73.8,20
Jun,B02682,40.660000000000004,-73.79,6
Jun,B02682,40.660000000000004,-73.78,2
Jun,B02682,40.660000000000004,-73.77,1
Jun,B02682,40.660000000000004,-73.76,2
Jun,B02682,40.660000000000004,-73.75,2
Jun,B02682,40.660000000000004,-73.74,1
Jun,B02682,40.660000000000004,-73.73,4
Jun,B02682,40.660000000000004,-73.72,3
Jun,B02682,40.660000000000004,-73.71000000000001,1
Jun,B02682,40.67,-74.12,2
Jun,B02682,40.67,-74.11,1
Jun,B02682,40.67,-74.02,58
Jun,B02682,40.67,-74.01,73
Jun,B02682,40.67,-74,73
Jun,B02682,40.67,-73.99,392
Jun,B02682,40.67,-73.98,652
Jun,B02682,40.67,-73.97,276
Jun,B02682,40.67,-73.96000000000001,293
Jun,B02682,40.67,-73.95,176
Jun,B02682,40.67,-73.94,68
Jun,B02682,40.67,-73.93,48
Jun,B02682,40.67,-73.92,11
Jun,B02682,40.67,-73.91,15
Jun,B02682,40.67,-73.9,7
Jun,B02682,40.67,-73.89,7
Jun,B02682,40.67,-73.88,12
Jun,B02682,40.67,-73.87,6
Jun,B02682,40.67,-73.86,6
Jun,B02682,40.67,-73.85000000000001,7
Jun,B02682,40.67,-73.84,5
Jun,B02682,40.67,-73.83,10
Jun,B02682,40.67,-73.82000000000001,11
Jun,B02682,40.67,-73.81,19
Jun,B02682,40.67,-73.8,32
Jun,B02682,40.67,-73.79,20
Jun,B02682,40.67,-73.78,18
Jun,B02682,40.67,-73.77,3
Jun,B02682,40.67,-73.76,5
Jun,B02682,40.67,-73.75,3
Jun,B02682,40.67,-73.74,4
Jun,B02682,40.67,-73.72,1
Jun,B02682,40.67,-73.71000000000001,1
Jun,B02682,40.67,-73.7,1
Jun,B02682,40.68,-74.11,1
Jun,B02682,40.68,-74.10000000000001,3
Jun,B02682,40.68,-74.02,106
Jun,B02682,40.68,-74.01,175
Jun,B02682,40.68,-74,469
Jun,B02682,40.68,-73.99,379
Jun,B02682,40.68,-73.98,686
Jun,B02682,40.68,-73.97,451
Jun,B02682,40.68,-73.96000000000001,363
Jun,B02682,40.68,-73.95,270
Jun,B02682,40.68,-73.94,142
Jun,B02682,40.68,-73.93,76
Jun,B02682,40.68,-73.92,38
Jun,B02682,40.68,-73.91,27
Jun,B02682,40.68,-73.9,9
Jun,B02682,40.68,-73.89,7
Jun,B02682,40.68,-73.88,6
Jun,B02682,40.68,-73.87,10
Jun,B02682,40.68,-73.86,7
Jun,B02682,40.68,-73.85000000000001,5
Jun,B02682,40.68,-73.84,9
Jun,B02682,40.68,-73.83,7
Jun,B02682,40.68,-73.82000000000001,9
Jun,B02682,40.68,-73.81,5
Jun,B02682,40.68,-73.8,13
Jun,B02682,40.68,-73.79,4
Jun,B02682,40.68,-73.78,4
Jun,B02682,40.68,-73.77,4
Jun,B02682,40.68,-73.76,3
Jun,B02682,40.68,-73.75,3
Jun,B02682,40.68,-73.74,1
Jun,B02682,40.68,-73.73,2
Jun,B02682,40.68,-73.72,1
Jun,B02682,40.68,-73.71000000000001,2
Jun,B02682,40.68,-73.7,2
Jun,B02682,40.69,-74.10000000000001,2
Jun,B02682,40.69,-74.08,2
Jun,B02682,40.69,-74.07000000000001,2
Jun,B02682,40.69,-74.02,1
Jun,B02682,40.69,-74,566
Jun,B02682,40.69,-73.99,1030
Jun,B02682,40.69,-73.98,610
Jun,B02682,40.69,-73.97,609
Jun,B02682,40.69,-73.96000000000001,432
Jun,B02682,40.69,-73.95,282
Jun,B02682,40.69,-73.94,167
Jun,B02682,40.69,-73.93,110
Jun,B02682,40.69,-73.92,115
Jun,B02682,40.69,-73.91,75
Jun,B02682,40.69,-73.9,15
Jun,B02682,40.69,-73.87,3
Jun,B02682,40.69,-73.86,15
Jun,B02682,40.69,-73.85000000000001,6
Jun,B02682,40.69,-73.84,3
Jun,B02682,40.69,-73.83,13
Jun,B02682,40.69,-73.82000000000001,9
Jun,B02682,40.69,-73.81,8
Jun,B02682,40.69,-73.8,9
Jun,B02682,40.69,-73.79,1
Jun,B02682,40.69,-73.78,2
Jun,B02682,40.69,-73.77,2
Jun,B02682,40.69,-73.76,3
Jun,B02682,40.69,-73.75,1
Jun,B02682,40.69,-73.74,10
Jun,B02682,40.69,-73.73,3
Jun,B02682,40.69,-73.72,1
Jun,B02682,40.69,-73.71000000000001,3
Jun,B02682,40.69,-73.7,1
Jun,B02682,40.7,-74.14,1
Jun,B02682,40.7,-74.09,5
Jun,B02682,40.7,-74.08,1
Jun,B02682,40.7,-74.06,1
Jun,B02682,40.7,-74.02,65
Jun,B02682,40.7,-74.01,1037
Jun,B02682,40.7,-74,160
Jun,B02682,40.7,-73.99,1042
Jun,B02682,40.7,-73.98,276
Jun,B02682,40.7,-73.97,160
Jun,B02682,40.7,-73.96000000000001,94
Jun,B02682,40.7,-73.95,123
Jun,B02682,40.7,-73.94,166
Jun,B02682,40.7,-73.93,370
Jun,B02682,40.7,-73.92,143
Jun,B02682,40.7,-73.91,68
Jun,B02682,40.7,-73.9,26
Jun,B02682,40.7,-73.89,9
Jun,B02682,40.7,-73.88,3
Jun,B02682,40.7,-73.87,8
Jun,B02682,40.7,-73.86,4
Jun,B02682,40.7,-73.85000000000001,2
Jun,B02682,40.7,-73.84,14
Jun,B02682,40.7,-73.83,16
Jun,B02682,40.7,-73.82000000000001,6
Jun,B02682,40.7,-73.81,46
Jun,B02682,40.7,-73.8,10
Jun,B02682,40.7,-73.79,2
Jun,B02682,40.7,-73.78,1
Jun,B02682,40.7,-73.77,1
Jun,B02682,40.7,-73.76,2
Jun,B02682,40.7,-73.75,2
Jun,B02682,40.7,-73.74,5
Jun,B02682,40.7,-73.73,4
Jun,B02682,40.7,-73.72,4
Jun,B02682,40.7,-73.71000000000001,1
Jun,B02682,40.71,-74.09,2
Jun,B02682,40.71,-74.08,3
Jun,B02682,40.71,-74.07000000000001,4
Jun,B02682,40.71,-74.06,9
Jun,B02682,40.71,-74.04,42
Jun,B02682,40.71,-74.03,6
Jun,B02682,40.71,-74.02,893
Jun,B02682,40.71,-74.01,4493
Jun,B02682,40.71,-74,847
Jun,B02682,40.71,-73.99,443
Jun,B02682,40.71,-73.98,127
Jun,B02682,40.71,-73.97,434
Jun,B02682,40.71,-73.96000000000001,940
Jun,B02682,40.71,-73.95,661
Jun,B02682,40.71,-73.94,461
Jun,B02682,40.71,-73.93,179
Jun,B02682,40.71,-73.92,144
Jun,B02682,40.71,-73.91,16
Jun,B02682,40.71,-73.9,16
Jun,B02682,40.71,-73.89,6
Jun,B02682,40.71,-73.88,10
Jun,B02682,40.71,-73.87,16
Jun,B02682,40.71,-73.86,1
Jun,B02682,40.71,-73.85000000000001,9
Jun,B02682,40.71,-73.84,10
Jun,B02682,40.71,-73.83,33
Jun,B02682,40.71,-73.82000000000001,27
Jun,B02682,40.71,-73.81,4
Jun,B02682,40.71,-73.8,13
Jun,B02682,40.71,-73.79,16
Jun,B02682,40.71,-73.78,22
Jun,B02682,40.71,-73.77,6
Jun,B02682,40.71,-73.76,1
Jun,B02682,40.71,-73.75,2
Jun,B02682,40.71,-73.74,3
Jun,B02682,40.71,-73.73,21
Jun,B02682,40.71,-73.72,26
Jun,B02682,40.71,-73.71000000000001,8
Jun,B02682,40.71,-73.7,4
Jun,B02682,40.72,-74.10000000000001,2
Jun,B02682,40.72,-74.09,2
Jun,B02682,40.72,-74.08,8
Jun,B02682,40.72,-74.07000000000001,5
Jun,B02682,40.72,-74.06,10
Jun,B02682,40.72,-74.05,52
Jun,B02682,40.72,-74.04,112
Jun,B02682,40.72,-74.03,45
Jun,B02682,40.72,-74.02,436
Jun,B02682,40.72,-74.01,4691
Jun,B02682,40.72,-74,7274
Jun,B02682,40.72,-73.99,4558
Jun,B02682,40.72,-73.98,1755
Jun,B02682,40.72,-73.97,74
Jun,B02682,40.72,-73.96000000000001,1778
Jun,B02682,40.72,-73.95,773
Jun,B02682,40.72,-73.94,357
Jun,B02682,40.72,-73.93,9
Jun,B02682,40.72,-73.92,1
Jun,B02682,40.72,-73.91,13
Jun,B02682,40.72,-73.9,16
Jun,B02682,40.72,-73.89,13
Jun,B02682,40.72,-73.88,16
Jun,B02682,40.72,-73.87,12
Jun,B02682,40.72,-73.86,13
Jun,B02682,40.72,-73.85000000000001,57
Jun,B02682,40.72,-73.84,71
Jun,B02682,40.72,-73.83,11
Jun,B02682,40.72,-73.82000000000001,7
Jun,B02682,40.72,-73.81,6
Jun,B02682,40.72,-73.8,14
Jun,B02682,40.72,-73.79,25
Jun,B02682,40.72,-73.78,6
Jun,B02682,40.72,-73.77,5
Jun,B02682,40.72,-73.76,5
Jun,B02682,40.72,-73.75,4
Jun,B02682,40.72,-73.74,11
Jun,B02682,40.72,-73.73,4
Jun,B02682,40.72,-73.72,4
Jun,B02682,40.72,-73.71000000000001,9
Jun,B02682,40.72,-73.7,9
Jun,B02682,40.730000000000004,-74.14,1
Jun,B02682,40.730000000000004,-74.11,1
Jun,B02682,40.730000000000004,-74.08,3
Jun,B02682,40.730000000000004,-74.07000000000001,14
Jun,B02682,40.730000000000004,-74.06,13
Jun,B02682,40.730000000000004,-74.05,44
Jun,B02682,40.730000000000004,-74.04,75
Jun,B02682,40.730000000000004,-74.03,33
Jun,B02682,40.730000000000004,-74.01,3219
Jun,B02682,40.730000000000004,-74,6570
Jun,B02682,40.730000000000004,-73.99,5833
Jun,B02682,40.730000000000004,-73.98,2982
Jun,B02682,40.730000000000004,-73.97,101
Jun,B02682,40.730000000000004,-73.96000000000001,422
Jun,B02682,40.730000000000004,-73.95,343
Jun,B02682,40.730000000000004,-73.94,135
Jun,B02682,40.730000000000004,-73.93,2
Jun,B02682,40.730000000000004,-73.92,6
Jun,B02682,40.730000000000004,-73.91,17
Jun,B02682,40.730000000000004,-73.9,25
Jun,B02682,40.730000000000004,-73.89,8
Jun,B02682,40.730000000000004,-73.88,9
Jun,B02682,40.730000000000004,-73.87,18
Jun,B02682,40.730000000000004,-73.86,36
Jun,B02682,40.730000000000004,-73.85000000000001,48
Jun,B02682,40.730000000000004,-73.84,1
Jun,B02682,40.730000000000004,-73.83,6
Jun,B02682,40.730000000000004,-73.82000000000001,8
Jun,B02682,40.730000000000004,-73.81,11
Jun,B02682,40.730000000000004,-73.8,7
Jun,B02682,40.730000000000004,-73.79,16
Jun,B02682,40.730000000000004,-73.78,7
Jun,B02682,40.730000000000004,-73.77,6
Jun,B02682,40.730000000000004,-73.76,2
Jun,B02682,40.730000000000004,-73.75,4
Jun,B02682,40.730000000000004,-73.74,8
Jun,B02682,40.730000000000004,-73.73,4
Jun,B02682,40.730000000000004,-73.72,4
Jun,B02682,40.730000000000004,-73.71000000000001,2
Jun,B02682,40.730000000000004,-73.7,4
Jun,B02682,40.74,-74.15,1
Jun,B02682,40.74,-74.08,2
Jun,B02682,40.74,-74.07000000000001,6
Jun,B02682,40.74,-74.06,12
Jun,B02682,40.74,-74.05,13
Jun,B02682,40.74,-74.04,77
Jun,B02682,40.74,-74.03,134
Jun,B02682,40.74,-74.01,5092
Jun,B02682,40.74,-74,6249
Jun,B02682,40.74,-73.99,8553
Jun,B02682,40.74,-73.98,3570
Jun,B02682,40.74,-73.97,819
Jun,B02682,40.74,-73.96000000000001,233
Jun,B02682,40.74,-73.95,166
Jun,B02682,40.74,-73.94,51
Jun,B02682,40.74,-73.93,68
Jun,B02682,40.74,-73.92,91
Jun,B02682,40.74,-73.91,22
Jun,B02682,40.74,-73.9,29
Jun,B02682,40.74,-73.89,20
Jun,B02682,40.74,-73.88,24
Jun,B02682,40.74,-73.87,18
Jun,B02682,40.74,-73.86,9
Jun,B02682,40.74,-73.85000000000001,24
Jun,B02682,40.74,-73.84,2
Jun,B02682,40.74,-73.83,9
Jun,B02682,40.74,-73.82000000000001,9
Jun,B02682,40.74,-73.81,8
Jun,B02682,40.74,-73.8,3
Jun,B02682,40.74,-73.79,6
Jun,B02682,40.74,-73.78,7
Jun,B02682,40.74,-73.75,3
Jun,B02682,40.74,-73.74,1
Jun,B02682,40.74,-73.73,1
Jun,B02682,40.74,-73.72,3
Jun,B02682,40.74,-73.71000000000001,3
Jun,B02682,40.74,-73.7,1
Jun,B02682,40.75,-74.06,1
Jun,B02682,40.75,-74.05,2
Jun,B02682,40.75,-74.04,40
Jun,B02682,40.75,-74.03,167
Jun,B02682,40.75,-74.02,33
Jun,B02682,40.75,-74.01,1746
Jun,B02682,40.75,-74,3002
Jun,B02682,40.75,-73.99,7824
Jun,B02682,40.75,-73.98,7324
Jun,B02682,40.75,-73.97,3136
Jun,B02682,40.75,-73.96000000000001,305
Jun,B02682,40.75,-73.95,204
Jun,B02682,40.75,-73.94,309
Jun,B02682,40.75,-73.93,110
Jun,B02682,40.75,-73.92,70
Jun,B02682,40.75,-73.91,59
Jun,B02682,40.75,-73.9,33
Jun,B02682,40.75,-73.89,51
Jun,B02682,40.75,-73.88,25
Jun,B02682,40.75,-73.87,18
Jun,B02682,40.75,-73.86,3
Jun,B02682,40.75,-73.85000000000001,30
Jun,B02682,40.75,-73.84,4
Jun,B02682,40.75,-73.83,19
Jun,B02682,40.75,-73.82000000000001,5
Jun,B02682,40.75,-73.81,3
Jun,B02682,40.75,-73.8,3
Jun,B02682,40.75,-73.79,4
Jun,B02682,40.75,-73.78,1
Jun,B02682,40.75,-73.77,1
Jun,B02682,40.75,-73.76,5
Jun,B02682,40.75,-73.75,9
Jun,B02682,40.75,-73.74,1
Jun,B02682,40.75,-73.73,1
Jun,B02682,40.75,-73.72,2
Jun,B02682,40.75,-73.71000000000001,6
Jun,B02682,40.75,-73.7,1
Jun,B02682,40.76,-74.08,4
Jun,B02682,40.76,-74.05,1
Jun,B02682,40.76,-74.04,5
Jun,B02682,40.76,-74.03,21
Jun,B02682,40.76,-74.02,18
Jun,B02682,40.76,-74.01,5
Jun,B02682,40.76,-74,2209
Jun,B02682,40.76,-73.99,5476
Jun,B02682,40.76,-73.98,10846
Jun,B02682,40.76,-73.97,9873
Jun,B02682,40.76,-73.96000000000001,1928
Jun,B02682,40.76,-73.95,127
Jun,B02682,40.76,-73.94,24
Jun,B02682,40.76,-73.93,119
Jun,B02682,40.76,-73.92,229
Jun,B02682,40.76,-73.91,97
Jun,B02682,40.76,-73.9,25
Jun,B02682,40.76,-73.89,20
Jun,B02682,40.76,-73.88,23
Jun,B02682,40.76,-73.87,15
Jun,B02682,40.76,-73.86,19
Jun,B02682,40.76,-73.85000000000001,11
Jun,B02682,40.76,-73.84,52
Jun,B02682,40.76,-73.83,54
Jun,B02682,40.76,-73.82000000000001,8
Jun,B02682,40.76,-73.81,1
Jun,B02682,40.76,-73.8,2
Jun,B02682,40.76,-73.79,6
Jun,B02682,40.76,-73.78,4
Jun,B02682,40.76,-73.77,13
Jun,B02682,40.76,-73.76,3
Jun,B02682,40.76,-73.75,1
Jun,B02682,40.76,-73.74,3
Jun,B02682,40.76,-73.73,3
Jun,B02682,40.76,-73.72,4
Jun,B02682,40.76,-73.71000000000001,8
Jun,B02682,40.76,-73.7,1
Jun,B02682,40.77,-74.14,1
Jun,B02682,40.77,-74.08,1
Jun,B02682,40.77,-74.06,1
Jun,B02682,40.77,-74.04,5
Jun,B02682,40.77,-74.03,12
Jun,B02682,40.77,-74.02,15
Jun,B02682,40.77,-74.01,2
Jun,B02682,40.77,-74,75
Jun,B02682,40.77,-73.99,1761
Jun,B02682,40.77,-73.98,3573
Jun,B02682,40.77,-73.97,1838
Jun,B02682,40.77,-73.96000000000001,3892
Jun,B02682,40.77,-73.95,1963
Jun,B02682,40.77,-73.94,59
Jun,B02682,40.77,-73.93,87
Jun,B02682,40.77,-73.92,181
Jun,B02682,40.77,-73.91,129
Jun,B02682,40.77,-73.9,49
Jun,B02682,40.77,-73.89,524
Jun,B02682,40.77,-73.88,92
Jun,B02682,40.77,-73.87,2751
Jun,B02682,40.77,-73.86,1182
Jun,B02682,40.77,-73.85000000000001,2
Jun,B02682,40.77,-73.84,9
Jun,B02682,40.77,-73.83,5
Jun,B02682,40.77,-73.82000000000001,8
Jun,B02682,40.77,-73.81,1
Jun,B02682,40.77,-73.79,5
Jun,B02682,40.77,-73.78,1
Jun,B02682,40.77,-73.77,3
Jun,B02682,40.77,-73.75,2
Jun,B02682,40.77,-73.74,8
Jun,B02682,40.77,-73.73,1
Jun,B02682,40.77,-73.72,1
Jun,B02682,40.77,-73.71000000000001,1
Jun,B02682,40.78,-74.08,3
Jun,B02682,40.78,-74.07000000000001,2
Jun,B02682,40.78,-74.04,1
Jun,B02682,40.78,-74.03,1
Jun,B02682,40.78,-74.02,6
Jun,B02682,40.78,-74.01,15
Jun,B02682,40.78,-74,2
Jun,B02682,40.78,-73.99,617
Jun,B02682,40.78,-73.98,2661
Jun,B02682,40.78,-73.97,581
Jun,B02682,40.78,-73.96000000000001,2586
Jun,B02682,40.78,-73.95,2366
Jun,B02682,40.78,-73.94,148
Jun,B02682,40.78,-73.93,11
Jun,B02682,40.78,-73.92,53
Jun,B02682,40.78,-73.91,71
Jun,B02682,40.78,-73.9,10
Jun,B02682,40.78,-73.89,1
Jun,B02682,40.78,-73.86,1
Jun,B02682,40.78,-73.85000000000001,6
Jun,B02682,40.78,-73.84,8
Jun,B02682,40.78,-73.83,9
Jun,B02682,40.78,-73.82000000000001,4
Jun,B02682,40.78,-73.78,1
Jun,B02682,40.78,-73.77,2
Jun,B02682,40.78,-73.73,6
Jun,B02682,40.78,-73.72,3
Jun,B02682,40.78,-73.71000000000001,1
Jun,B02682,40.78,-73.7,3
Jun,B02682,40.79,-74.14,1
Jun,B02682,40.79,-74.13,1
Jun,B02682,40.79,-74.07000000000001,2
Jun,B02682,40.79,-74.05,3
Jun,B02682,40.79,-74.04,10
Jun,B02682,40.79,-74.02,1
Jun,B02682,40.79,-74.01,8
Jun,B02682,40.79,-74,8
Jun,B02682,40.79,-73.98,1253
Jun,B02682,40.79,-73.97,1541
Jun,B02682,40.79,-73.96000000000001,233
Jun,B02682,40.79,-73.95,557
Jun,B02682,40.79,-73.94,140
Jun,B02682,40.79,-73.93,31
Jun,B02682,40.79,-73.92,97
Jun,B02682,40.79,-73.84,9
Jun,B02682,40.79,-73.83,4
Jun,B02682,40.79,-73.82000000000001,2
Jun,B02682,40.79,-73.81,3
Jun,B02682,40.79,-73.8,7
Jun,B02682,40.79,-73.79,4
Jun,B02682,40.79,-73.78,1
Jun,B02682,40.79,-73.74,1
Jun,B02682,40.79,-73.73,7
Jun,B02682,40.79,-73.72,3
Jun,B02682,40.800000000000004,-74.14,2
Jun,B02682,40.800000000000004,-74.13,1
Jun,B02682,40.800000000000004,-74.10000000000001,2
Jun,B02682,40.800000000000004,-74.06,4
Jun,B02682,40.800000000000004,-74.05,1
Jun,B02682,40.800000000000004,-74.02,2
Jun,B02682,40.800000000000004,-74.01,1
Jun,B02682,40.800000000000004,-74,3
Jun,B02682,40.800000000000004,-73.99,5
Jun,B02682,40.800000000000004,-73.98,45
Jun,B02682,40.800000000000004,-73.97,685
Jun,B02682,40.800000000000004,-73.96000000000001,325
Jun,B02682,40.800000000000004,-73.95,251
Jun,B02682,40.800000000000004,-73.94,281
Jun,B02682,40.800000000000004,-73.93,134
Jun,B02682,40.800000000000004,-73.92,43
Jun,B02682,40.800000000000004,-73.91,6
Jun,B02682,40.800000000000004,-73.82000000000001,1
Jun,B02682,40.800000000000004,-73.75,1
Jun,B02682,40.800000000000004,-73.74,1
Jun,B02682,40.800000000000004,-73.73,1
Jun,B02682,40.800000000000004,-73.72,3
Jun,B02682,40.800000000000004,-73.71000000000001,1
Jun,B02682,40.81,-74.12,2
Jun,B02682,40.81,-74.10000000000001,1
Jun,B02682,40.81,-74.08,7
Jun,B02682,40.81,-74.07000000000001,8
Jun,B02682,40.81,-74.06,1
Jun,B02682,40.81,-73.99,5
Jun,B02682,40.81,-73.98,1
Jun,B02682,40.81,-73.97,64
Jun,B02682,40.81,-73.96000000000001,298
Jun,B02682,40.81,-73.95,379
Jun,B02682,40.81,-73.94,290
Jun,B02682,40.81,-73.93,32
Jun,B02682,40.81,-73.92,18
Jun,B02682,40.81,-73.91,1
Jun,B02682,40.81,-73.9,1
Jun,B02682,40.81,-73.89,5
Jun,B02682,40.81,-73.88,1
Jun,B02682,40.81,-73.87,1
Jun,B02682,40.81,-73.86,1
Jun,B02682,40.81,-73.85000000000001,1
Jun,B02682,40.81,-73.82000000000001,2
Jun,B02682,40.81,-73.81,3
Jun,B02682,40.81,-73.8,5
Jun,B02682,40.81,-73.76,1
Jun,B02682,40.81,-73.74,1
Jun,B02682,40.81,-73.73,1
Jun,B02682,40.81,-73.72,3
Jun,B02682,40.81,-73.71000000000001,1
Jun,B02682,40.82,-74.15,2
Jun,B02682,40.82,-74.14,1
Jun,B02682,40.82,-74.11,1
Jun,B02682,40.82,-74.10000000000001,1
Jun,B02682,40.82,-74.08,1
Jun,B02682,40.82,-74.07000000000001,1
Jun,B02682,40.82,-74.01,1
Jun,B02682,40.82,-73.98,1
Jun,B02682,40.82,-73.96000000000001,75
Jun,B02682,40.82,-73.95,134
Jun,B02682,40.82,-73.94,199
Jun,B02682,40.82,-73.93,25
Jun,B02682,40.82,-73.92,11
Jun,B02682,40.82,-73.91,24
Jun,B02682,40.82,-73.9,8
Jun,B02682,40.82,-73.89,7
Jun,B02682,40.82,-73.88,6
Jun,B02682,40.82,-73.87,2
Jun,B02682,40.82,-73.86,4
Jun,B02682,40.82,-73.85000000000001,2
Jun,B02682,40.82,-73.82000000000001,6
Jun,B02682,40.82,-73.81,3
Jun,B02682,40.83,-74.14,2
Jun,B02682,40.83,-74.10000000000001,1
Jun,B02682,40.83,-74.09,1
Jun,B02682,40.83,-74.08,5
Jun,B02682,40.83,-74.07000000000001,1
Jun,B02682,40.83,-74.06,1
Jun,B02682,40.83,-74,1
Jun,B02682,40.83,-73.99,1
Jun,B02682,40.83,-73.98,5
Jun,B02682,40.83,-73.97,1
Jun,B02682,40.83,-73.96000000000001,1
Jun,B02682,40.83,-73.95,78
Jun,B02682,40.83,-73.94,134
Jun,B02682,40.83,-73.93,217
Jun,B02682,40.83,-73.92,105
Jun,B02682,40.83,-73.91,7
Jun,B02682,40.83,-73.9,3
Jun,B02682,40.83,-73.89,3
Jun,B02682,40.83,-73.88,7
Jun,B02682,40.83,-73.87,3
Jun,B02682,40.83,-73.86,4
Jun,B02682,40.83,-73.85000000000001,6
Jun,B02682,40.83,-73.84,1
Jun,B02682,40.83,-73.83,3
Jun,B02682,40.83,-73.82000000000001,2
Jun,B02682,40.83,-73.75,2
Jun,B02682,40.84,-74.15,2
Jun,B02682,40.84,-74.13,1
Jun,B02682,40.84,-74.12,1
Jun,B02682,40.84,-74.11,1
Jun,B02682,40.84,-74.08,1
Jun,B02682,40.84,-74.07000000000001,3
Jun,B02682,40.84,-74.04,1
Jun,B02682,40.84,-73.97,5
Jun,B02682,40.84,-73.95,20
Jun,B02682,40.84,-73.94,166
Jun,B02682,40.84,-73.92,16
Jun,B02682,40.84,-73.91,14
Jun,B02682,40.84,-73.9,5
Jun,B02682,40.84,-73.89,7
Jun,B02682,40.84,-73.88,10
Jun,B02682,40.84,-73.87,5
Jun,B02682,40.84,-73.86,11
Jun,B02682,40.84,-73.85000000000001,5
Jun,B02682,40.84,-73.84,6
Jun,B02682,40.84,-73.83,4
Jun,B02682,40.84,-73.82000000000001,1
Jun,B02682,40.84,-73.75,1
Jun,B02682,40.85,-74.09,1
Jun,B02682,40.85,-74.08,1
Jun,B02682,40.85,-74.07000000000001,5
Jun,B02682,40.85,-73.98,2
Jun,B02682,40.85,-73.97,9
Jun,B02682,40.85,-73.94,117
Jun,B02682,40.85,-73.93,55
Jun,B02682,40.85,-73.92,8
Jun,B02682,40.85,-73.91,7
Jun,B02682,40.85,-73.9,7
Jun,B02682,40.85,-73.89,14
Jun,B02682,40.85,-73.88,6
Jun,B02682,40.85,-73.87,8
Jun,B02682,40.85,-73.86,14
Jun,B02682,40.85,-73.85000000000001,10
Jun,B02682,40.85,-73.84,11
Jun,B02682,40.85,-73.83,4
Jun,B02682,40.85,-73.82000000000001,1
Jun,B02682,40.85,-73.79,5
Jun,B02682,40.86,-74.08,1
Jun,B02682,40.86,-74.06,2
Jun,B02682,40.86,-74.02,2
Jun,B02682,40.86,-73.98,4
Jun,B02682,40.86,-73.97,8
Jun,B02682,40.86,-73.94,11
Jun,B02682,40.86,-73.93,61
Jun,B02682,40.86,-73.92,19
Jun,B02682,40.86,-73.91,2
Jun,B02682,40.86,-73.9,8
Jun,B02682,40.86,-73.89,32
Jun,B02682,40.86,-73.88,33
Jun,B02682,40.86,-73.87,14
Jun,B02682,40.86,-73.86,8
Jun,B02682,40.86,-73.85000000000001,3
Jun,B02682,40.86,-73.84,5
Jun,B02682,40.86,-73.83,2
Jun,B02682,40.86,-73.82000000000001,1
Jun,B02682,40.86,-73.81,1
Jun,B02682,40.86,-73.8,2
Jun,B02682,40.87,-74.11,1
Jun,B02682,40.87,-74.07000000000001,1
Jun,B02682,40.87,-74.06,4
Jun,B02682,40.87,-74.04,1
Jun,B02682,40.87,-74.03,1
Jun,B02682,40.87,-74.02,4
Jun,B02682,40.87,-74.01,1
Jun,B02682,40.87,-74,2
Jun,B02682,40.87,-73.99,1
Jun,B02682,40.87,-73.98,1
Jun,B02682,40.87,-73.96000000000001,2
Jun,B02682,40.87,-73.93,51
Jun,B02682,40.87,-73.92,39
Jun,B02682,40.87,-73.91,12
Jun,B02682,40.87,-73.9,11
Jun,B02682,40.87,-73.89,17
Jun,B02682,40.87,-73.88,19
Jun,B02682,40.87,-73.87,9
Jun,B02682,40.87,-73.86,5
Jun,B02682,40.87,-73.85000000000001,5
Jun,B02682,40.87,-73.84,2
Jun,B02682,40.87,-73.83,7
Jun,B02682,40.87,-73.82000000000001,3
Jun,B02682,40.87,-73.81,4
Jun,B02682,40.88,-74.12,1
Jun,B02682,40.88,-74.09,2
Jun,B02682,40.88,-74.08,1
Jun,B02682,40.88,-74.07000000000001,1
Jun,B02682,40.88,-74.06,2
Jun,B02682,40.88,-74.05,1
Jun,B02682,40.88,-74.04,1
Jun,B02682,40.88,-73.99,2
Jun,B02682,40.88,-73.98,2
Jun,B02682,40.88,-73.97,1
Jun,B02682,40.88,-73.96000000000001,1
Jun,B02682,40.88,-73.95,1
Jun,B02682,40.88,-73.92,19
Jun,B02682,40.88,-73.91,21
Jun,B02682,40.88,-73.9,23
Jun,B02682,40.88,-73.89,13
Jun,B02682,40.88,-73.88,22
Jun,B02682,40.88,-73.87,3
Jun,B02682,40.88,-73.86,9
Jun,B02682,40.88,-73.85000000000001,4
Jun,B02682,40.88,-73.84,7
Jun,B02682,40.88,-73.83,4
Jun,B02682,40.88,-73.79,2
Jun,B02682,40.89,-74.12,1
Jun,B02682,40.89,-74.07000000000001,1
Jun,B02682,40.89,-74.06,1
Jun,B02682,40.89,-74.04,1
Jun,B02682,40.89,-74.03,3
Jun,B02682,40.89,-73.97,2
Jun,B02682,40.89,-73.96000000000001,2
Jun,B02682,40.89,-73.95,2
Jun,B02682,40.89,-73.92,4
Jun,B02682,40.89,-73.91,60
Jun,B02682,40.89,-73.9,44
Jun,B02682,40.89,-73.89,8
Jun,B02682,40.89,-73.88,1
Jun,B02682,40.89,-73.87,1
Jun,B02682,40.89,-73.86,11
Jun,B02682,40.89,-73.85000000000001,1
Jun,B02682,40.89,-73.84,4
Jun,B02682,40.89,-73.83,2
Jun,B02682,40.89,-73.82000000000001,1
Jun,B02682,40.89,-73.81,2
Jun,B02682,40.89,-73.8,3
Jun,B02682,40.89,-73.79,2
Jun,B02682,40.89,-73.78,2
Jun,B02682,40.89,-73.77,1
Jun,B02682,40.9,-74.12,1
Jun,B02682,40.9,-74.10000000000001,3
Jun,B02682,40.9,-74.08,1
Jun,B02682,40.9,-74.04,1
Jun,B02682,40.9,-74.03,1
Jun,B02682,40.9,-74.02,1
Jun,B02682,40.9,-74,2
Jun,B02682,40.9,-73.97,1
Jun,B02682,40.9,-73.96000000000001,1
Jun,B02682,40.9,-73.95,3
Jun,B02682,40.9,-73.94,2
Jun,B02682,40.9,-73.91,6
Jun,B02682,40.9,-73.9,22
Jun,B02682,40.9,-73.89,2
Jun,B02682,40.9,-73.87,11
Jun,B02682,40.9,-73.85000000000001,3
Jun,B02682,40.9,-73.84,1
Jun,B02682,40.9,-73.83,1
Jun,B02682,40.9,-73.81,2
Jun,B02682,40.9,-73.78,1
Jun,B02682,40.9,-73.77,1
Jun,B02682,40.910000000000004,-74.10000000000001,1
Jun,B02682,40.910000000000004,-74.08,1
Jun,B02682,40.910000000000004,-74,2
Jun,B02682,40.910000000000004,-73.96000000000001,2
Jun,B02682,40.910000000000004,-73.95,1
Jun,B02682,40.910000000000004,-73.91,2
Jun,B02682,40.910000000000004,-73.9,11
Jun,B02682,40.910000000000004,-73.89,2
Jun,B02682,40.910000000000004,-73.88,3
Jun,B02682,40.910000000000004,-73.87,1
Jun,B02682,40.910000000000004,-73.86,1
Jun,B02682,40.910000000000004,-73.85000000000001,1
Jun,B02682,40.910000000000004,-73.84,7
Jun,B02682,40.910000000000004,-73.83,3
Jun,B02682,40.910000000000004,-73.82000000000001,1
Jun,B02682,40.910000000000004,-73.81,3
Jun,B02682,40.910000000000004,-73.78,2
Jun,B02682,40.92,-73.96000000000001,1
Jun,B02682,40.92,-73.95,1
Jun,B02682,40.92,-73.88,2
Jun,B02682,40.92,-73.85000000000001,3
Jun,B02682,40.92,-73.83,1
Jun,B02682,40.92,-73.81,4
Jun,B02764,40.58,-73.92,1
Jun,B02764,40.6,-74,1
Jun,B02764,40.6,-73.97,2
Jun,B02764,40.61,-73.96000000000001,1
Jun,B02764,40.61,-73.95,2
Jun,B02764,40.62,-74.03,1
Jun,B02764,40.62,-74.01,1
Jun,B02764,40.62,-73.97,2
Jun,B02764,40.63,-74.03,1
Jun,B02764,40.63,-74.02,1
Jun,B02764,40.63,-74.01,1
Jun,B02764,40.63,-73.96000000000001,1
Jun,B02764,40.63,-73.95,1
Jun,B02764,40.63,-73.94,1
Jun,B02764,40.63,-73.89,1
Jun,B02764,40.63,-73.73,1
Jun,B02764,40.64,-74.03,1
Jun,B02764,40.64,-74,2
Jun,B02764,40.64,-73.97,1
Jun,B02764,40.64,-73.96000000000001,1
Jun,B02764,40.64,-73.95,2
Jun,B02764,40.64,-73.79,49
Jun,B02764,40.64,-73.78,58
Jun,B02764,40.64,-73.74,3
Jun,B02764,40.65,-74.01,1
Jun,B02764,40.65,-73.98,2
Jun,B02764,40.65,-73.97,2
Jun,B02764,40.65,-73.96000000000001,1
Jun,B02764,40.65,-73.93,1
Jun,B02764,40.65,-73.9,1
Jun,B02764,40.65,-73.8,2
Jun,B02764,40.65,-73.79,32
Jun,B02764,40.65,-73.78,65
Jun,B02764,40.660000000000004,-74.01,2
Jun,B02764,40.660000000000004,-74,3
Jun,B02764,40.660000000000004,-73.99,8
Jun,B02764,40.660000000000004,-73.98,8
Jun,B02764,40.660000000000004,-73.96000000000001,6
Jun,B02764,40.660000000000004,-73.95,1
Jun,B02764,40.660000000000004,-73.92,1
Jun,B02764,40.660000000000004,-73.84,1
Jun,B02764,40.660000000000004,-73.77,1
Jun,B02764,40.67,-74.01,3
Jun,B02764,40.67,-74,2
Jun,B02764,40.67,-73.99,11
Jun,B02764,40.67,-73.98,10
Jun,B02764,40.67,-73.97,2
Jun,B02764,40.67,-73.96000000000001,9
Jun,B02764,40.67,-73.95,5
Jun,B02764,40.67,-73.94,2
Jun,B02764,40.67,-73.93,1
Jun,B02764,40.67,-73.84,1
Jun,B02764,40.67,-73.83,1
Jun,B02764,40.67,-73.8,2
Jun,B02764,40.67,-73.76,1
Jun,B02764,40.67,-73.71000000000001,1
Jun,B02764,40.68,-74.02,3
Jun,B02764,40.68,-74.01,4
Jun,B02764,40.68,-74,12
Jun,B02764,40.68,-73.99,12
Jun,B02764,40.68,-73.98,26
Jun,B02764,40.68,-73.97,17
Jun,B02764,40.68,-73.96000000000001,18
Jun,B02764,40.68,-73.95,4
Jun,B02764,40.68,-73.94,6
Jun,B02764,40.68,-73.92,2
Jun,B02764,40.68,-73.91,2
Jun,B02764,40.68,-73.9,1
Jun,B02764,40.68,-73.8,2
Jun,B02764,40.69,-74,17
Jun,B02764,40.69,-73.99,37
Jun,B02764,40.69,-73.98,28
Jun,B02764,40.69,-73.97,38
Jun,B02764,40.69,-73.96000000000001,22
Jun,B02764,40.69,-73.95,12
Jun,B02764,40.69,-73.94,11
Jun,B02764,40.69,-73.93,6
Jun,B02764,40.69,-73.92,3
Jun,B02764,40.69,-73.91,6
Jun,B02764,40.69,-73.89,1
Jun,B02764,40.69,-73.79,1
Jun,B02764,40.69,-73.76,1
Jun,B02764,40.7,-74.07000000000001,1
Jun,B02764,40.7,-74.02,2
Jun,B02764,40.7,-74.01,45
Jun,B02764,40.7,-74,11
Jun,B02764,40.7,-73.99,30
Jun,B02764,40.7,-73.98,7
Jun,B02764,40.7,-73.97,7
Jun,B02764,40.7,-73.96000000000001,9
Jun,B02764,40.7,-73.95,10
Jun,B02764,40.7,-73.94,5
Jun,B02764,40.7,-73.93,17
Jun,B02764,40.7,-73.92,4
Jun,B02764,40.7,-73.91,6
Jun,B02764,40.7,-73.9,1
Jun,B02764,40.7,-73.83,1
Jun,B02764,40.7,-73.77,1
Jun,B02764,40.71,-74.09,1
Jun,B02764,40.71,-74.04,3
Jun,B02764,40.71,-74.03,1
Jun,B02764,40.71,-74.02,25
Jun,B02764,40.71,-74.01,170
Jun,B02764,40.71,-74,34
Jun,B02764,40.71,-73.99,14
Jun,B02764,40.71,-73.98,6
Jun,B02764,40.71,-73.97,20
Jun,B02764,40.71,-73.96000000000001,44
Jun,B02764,40.71,-73.95,31
Jun,B02764,40.71,-73.94,29
Jun,B02764,40.71,-73.93,13
Jun,B02764,40.71,-73.92,10
Jun,B02764,40.71,-73.91,1
Jun,B02764,40.71,-73.84,1
Jun,B02764,40.71,-73.83,1
Jun,B02764,40.71,-73.82000000000001,1
Jun,B02764,40.71,-73.8,1
Jun,B02764,40.71,-73.79,1
Jun,B02764,40.71,-73.78,1
Jun,B02764,40.71,-73.74,1
Jun,B02764,40.71,-73.72,4
Jun,B02764,40.71,-73.71000000000001,1
Jun,B02764,40.72,-74.08,1
Jun,B02764,40.72,-74.06,1
Jun,B02764,40.72,-74.05,2
Jun,B02764,40.72,-74.04,6
Jun,B02764,40.72,-74.02,14
Jun,B02764,40.72,-74.01,191
Jun,B02764,40.72,-74,403
Jun,B02764,40.72,-73.99,225
Jun,B02764,40.72,-73.98,61
Jun,B02764,40.72,-73.97,2
Jun,B02764,40.72,-73.96000000000001,85
Jun,B02764,40.72,-73.95,28
Jun,B02764,40.72,-73.94,19
Jun,B02764,40.72,-73.93,1
Jun,B02764,40.72,-73.9,1
Jun,B02764,40.72,-73.89,1
Jun,B02764,40.72,-73.86,1
Jun,B02764,40.72,-73.85000000000001,3
Jun,B02764,40.72,-73.84,4
Jun,B02764,40.72,-73.82000000000001,2
Jun,B02764,40.72,-73.81,1
Jun,B02764,40.72,-73.8,1
Jun,B02764,40.72,-73.79,1
Jun,B02764,40.730000000000004,-74.05,3
Jun,B02764,40.730000000000004,-74.04,5
Jun,B02764,40.730000000000004,-74.03,3
Jun,B02764,40.730000000000004,-74.01,153
Jun,B02764,40.730000000000004,-74,403
Jun,B02764,40.730000000000004,-73.99,308
Jun,B02764,40.730000000000004,-73.98,118
Jun,B02764,40.730000000000004,-73.97,5
Jun,B02764,40.730000000000004,-73.96000000000001,7
Jun,B02764,40.730000000000004,-73.95,13
Jun,B02764,40.730000000000004,-73.94,6
Jun,B02764,40.730000000000004,-73.93,1
Jun,B02764,40.730000000000004,-73.91,1
Jun,B02764,40.730000000000004,-73.9,1
Jun,B02764,40.730000000000004,-73.89,1
Jun,B02764,40.730000000000004,-73.86,1
Jun,B02764,40.730000000000004,-73.82000000000001,1
Jun,B02764,40.730000000000004,-73.71000000000001,1
Jun,B02764,40.74,-74.06,1
Jun,B02764,40.74,-74.04,2
Jun,B02764,40.74,-74.03,8
Jun,B02764,40.74,-74.01,178
Jun,B02764,40.74,-74,242
Jun,B02764,40.74,-73.99,412
Jun,B02764,40.74,-73.98,168
Jun,B02764,40.74,-73.97,33
Jun,B02764,40.74,-73.96000000000001,7
Jun,B02764,40.74,-73.95,6
Jun,B02764,40.74,-73.94,1
Jun,B02764,40.74,-73.93,6
Jun,B02764,40.74,-73.92,4
Jun,B02764,40.74,-73.89,1
Jun,B02764,40.74,-73.81,2
Jun,B02764,40.74,-73.72,1
Jun,B02764,40.75,-74.05,1
Jun,B02764,40.75,-74.04,3
Jun,B02764,40.75,-74.03,9
Jun,B02764,40.75,-74.01,72
Jun,B02764,40.75,-74,134
Jun,B02764,40.75,-73.99,345
Jun,B02764,40.75,-73.98,394
Jun,B02764,40.75,-73.97,187
Jun,B02764,40.75,-73.96000000000001,11
Jun,B02764,40.75,-73.95,9
Jun,B02764,40.75,-73.94,18
Jun,B02764,40.75,-73.93,5
Jun,B02764,40.75,-73.92,4
Jun,B02764,40.75,-73.91,4
Jun,B02764,40.75,-73.9,1
Jun,B02764,40.75,-73.89,3
Jun,B02764,40.75,-73.88,5
Jun,B02764,40.75,-73.87,1
Jun,B02764,40.75,-73.86,1
Jun,B02764,40.75,-73.72,1
Jun,B02764,40.75,-73.71000000000001,1
Jun,B02764,40.76,-74,96
Jun,B02764,40.76,-73.99,214
Jun,B02764,40.76,-73.98,521
Jun,B02764,40.76,-73.97,556
Jun,B02764,40.76,-73.96000000000001,98
Jun,B02764,40.76,-73.95,10
Jun,B02764,40.76,-73.94,4
Jun,B02764,40.76,-73.93,6
Jun,B02764,40.76,-73.92,9
Jun,B02764,40.76,-73.91,7
Jun,B02764,40.76,-73.9,2
Jun,B02764,40.76,-73.88,1
Jun,B02764,40.76,-73.87,1
Jun,B02764,40.76,-73.86,2
Jun,B02764,40.76,-73.84,5
Jun,B02764,40.76,-73.83,8
Jun,B02764,40.76,-73.82000000000001,3
Jun,B02764,40.76,-73.81,2
Jun,B02764,40.76,-73.8,1
Jun,B02764,40.76,-73.79,1
Jun,B02764,40.76,-73.73,1
Jun,B02764,40.77,-74.03,1
Jun,B02764,40.77,-74,10
Jun,B02764,40.77,-73.99,97
Jun,B02764,40.77,-73.98,159
Jun,B02764,40.77,-73.97,113
Jun,B02764,40.77,-73.96000000000001,200
Jun,B02764,40.77,-73.95,84
Jun,B02764,40.77,-73.93,5
Jun,B02764,40.77,-73.92,14
Jun,B02764,40.77,-73.91,7
Jun,B02764,40.77,-73.89,36
Jun,B02764,40.77,-73.88,2
Jun,B02764,40.77,-73.87,151
Jun,B02764,40.77,-73.86,62
Jun,B02764,40.77,-73.84,2
Jun,B02764,40.77,-73.83,1
Jun,B02764,40.77,-73.82000000000001,4
Jun,B02764,40.77,-73.81,3
Jun,B02764,40.77,-73.79,1
Jun,B02764,40.77,-73.75,2
Jun,B02764,40.77,-73.73,2
Jun,B02764,40.78,-74.02,1
Jun,B02764,40.78,-74,1
Jun,B02764,40.78,-73.99,22
Jun,B02764,40.78,-73.98,98
Jun,B02764,40.78,-73.97,21
Jun,B02764,40.78,-73.96000000000001,113
Jun,B02764,40.78,-73.95,90
Jun,B02764,40.78,-73.94,8
Jun,B02764,40.78,-73.92,2
Jun,B02764,40.78,-73.91,5
Jun,B02764,40.78,-73.9,3
Jun,B02764,40.78,-73.84,1
Jun,B02764,40.78,-73.81,2
Jun,B02764,40.78,-73.74,1
Jun,B02764,40.79,-74.04,2
Jun,B02764,40.79,-73.98,45
Jun,B02764,40.79,-73.97,46
Jun,B02764,40.79,-73.96000000000001,7
Jun,B02764,40.79,-73.95,29
Jun,B02764,40.79,-73.94,3
Jun,B02764,40.79,-73.93,1
Jun,B02764,40.79,-73.92,2
Jun,B02764,40.79,-73.84,1
Jun,B02764,40.79,-73.8,2
Jun,B02764,40.79,-73.79,1
Jun,B02764,40.79,-73.72,1
Jun,B02764,40.800000000000004,-74.12,1
Jun,B02764,40.800000000000004,-74.05,1
Jun,B02764,40.800000000000004,-73.98,2
Jun,B02764,40.800000000000004,-73.97,14
Jun,B02764,40.800000000000004,-73.96000000000001,12
Jun,B02764,40.800000000000004,-73.95,11
Jun,B02764,40.800000000000004,-73.94,11
Jun,B02764,40.800000000000004,-73.93,11
Jun,B02764,40.800000000000004,-73.92,2
Jun,B02764,40.81,-74.08,1
Jun,B02764,40.81,-73.97,3
Jun,B02764,40.81,-73.96000000000001,6
Jun,B02764,40.81,-73.95,5
Jun,B02764,40.81,-73.94,8
Jun,B02764,40.81,-73.93,1
Jun,B02764,40.81,-73.91,1
Jun,B02764,40.81,-73.72,1
Jun,B02764,40.82,-73.96000000000001,2
Jun,B02764,40.82,-73.95,1
Jun,B02764,40.82,-73.94,4
Jun,B02764,40.82,-73.89,1
Jun,B02764,40.83,-74.06,1
Jun,B02764,40.83,-73.94,3
Jun,B02764,40.83,-73.93,3
Jun,B02764,40.83,-73.92,1
Jun,B02764,40.83,-73.82000000000001,1
Jun,B02764,40.84,-73.94,1
Jun,B02764,40.84,-73.92,1
Jun,B02764,40.84,-73.88,1
Jun,B02764,40.84,-73.86,2
Jun,B02764,40.84,-73.85000000000001,1
Jun,B02764,40.84,-73.83,1
Jun,B02764,40.85,-73.97,1
Jun,B02764,40.85,-73.94,2
Jun,B02764,40.85,-73.91,1
Jun,B02764,40.86,-74.13,1
Jun,B02764,40.86,-74.06,1
Jun,B02764,40.86,-73.93,1
Jun,B02764,40.86,-73.92,1
Jun,B02764,40.86,-73.89,1
Jun,B02764,40.86,-73.87,2
Jun,B02764,40.86,-73.82000000000001,1
Jun,B02764,40.87,-73.93,1
Jun,B02764,40.87,-73.84,1
Jun,B02764,40.87,-73.83,2
Jun,B02764,40.88,-73.95,1
Jun,B02764,40.88,-73.91,1
Jun,B02764,40.88,-73.9,1
Jun,B02764,40.88,-73.86,1
Jun,B02764,40.89,-74.04,1
Jun,B02764,40.89,-73.91,1
Jun,B02764,40.89,-73.89,1
Jun,B02764,40.89,-73.79,1
Jun,B02764,40.9,-73.9,1
Jun,B02764,40.9,-73.89,1
Jun,B02764,40.910000000000004,-73.78,2
Jun,B02764,40.92,-73.78,1
Jul,B02512,40.58,-74.01,1
Jul,B02512,40.58,-73.95,2
Jul,B02512,40.58,-73.94,1
Jul,B02512,40.58,-73.93,1
Jul,B02512,40.58,-73.82000000000001,2
Jul,B02512,40.59,-73.98,1
Jul,B02512,40.59,-73.97,2
Jul,B02512,40.59,-73.93,1
Jul,B02512,40.59,-73.82000000000001,1
Jul,B02512,40.59,-73.74,3
Jul,B02512,40.59,-73.72,1
Jul,B02512,40.6,-74.09,1
Jul,B02512,40.6,-73.97,4
Jul,B02512,40.6,-73.96000000000001,1
Jul,B02512,40.6,-73.95,3
Jul,B02512,40.6,-73.94,1
Jul,B02512,40.6,-73.74,2
Jul,B02512,40.61,-74.09,1
Jul,B02512,40.61,-74.04,1
Jul,B02512,40.61,-74.02,1
Jul,B02512,40.61,-74,2
Jul,B02512,40.61,-73.98,3
Jul,B02512,40.61,-73.97,2
Jul,B02512,40.61,-73.96000000000001,1
Jul,B02512,40.61,-73.95,1
Jul,B02512,40.61,-73.92,1
Jul,B02512,40.61,-73.91,1
Jul,B02512,40.61,-73.74,2
Jul,B02512,40.61,-73.73,1
Jul,B02512,40.61,-73.72,2
Jul,B02512,40.62,-74.14,1
Jul,B02512,40.62,-74.04,1
Jul,B02512,40.62,-74.03,2
Jul,B02512,40.62,-74.02,3
Jul,B02512,40.62,-73.98,1
Jul,B02512,40.62,-73.97,4
Jul,B02512,40.62,-73.96000000000001,5
Jul,B02512,40.62,-73.92,4
Jul,B02512,40.62,-73.74,1
Jul,B02512,40.63,-74.11,2
Jul,B02512,40.63,-74.03,1
Jul,B02512,40.63,-74.02,1
Jul,B02512,40.63,-74.01,1
Jul,B02512,40.63,-74,1
Jul,B02512,40.63,-73.98,2
Jul,B02512,40.63,-73.97,4
Jul,B02512,40.63,-73.96000000000001,2
Jul,B02512,40.63,-73.95,2
Jul,B02512,40.63,-73.94,2
Jul,B02512,40.63,-73.93,1
Jul,B02512,40.63,-73.9,2
Jul,B02512,40.63,-73.89,1
Jul,B02512,40.63,-73.73,2
Jul,B02512,40.64,-74.04,1
Jul,B02512,40.64,-74.03,1
Jul,B02512,40.64,-74.02,1
Jul,B02512,40.64,-74.01,1
Jul,B02512,40.64,-74,1
Jul,B02512,40.64,-73.99,1
Jul,B02512,40.64,-73.98,2
Jul,B02512,40.64,-73.97,7
Jul,B02512,40.64,-73.96000000000001,1
Jul,B02512,40.64,-73.95,1
Jul,B02512,40.64,-73.92,1
Jul,B02512,40.64,-73.79,112
Jul,B02512,40.64,-73.78,255
Jul,B02512,40.64,-73.74,2
Jul,B02512,40.64,-73.73,5
Jul,B02512,40.64,-73.72,2
Jul,B02512,40.65,-74.02,2
Jul,B02512,40.65,-74.01,6
Jul,B02512,40.65,-74,3
Jul,B02512,40.65,-73.98,2
Jul,B02512,40.65,-73.97,2
Jul,B02512,40.65,-73.96000000000001,6
Jul,B02512,40.65,-73.95,3
Jul,B02512,40.65,-73.94,3
Jul,B02512,40.65,-73.93,2
Jul,B02512,40.65,-73.92,1
Jul,B02512,40.65,-73.91,3
Jul,B02512,40.65,-73.9,3
Jul,B02512,40.65,-73.88,1
Jul,B02512,40.65,-73.87,1
Jul,B02512,40.65,-73.83,1
Jul,B02512,40.65,-73.81,1
Jul,B02512,40.65,-73.8,2
Jul,B02512,40.65,-73.79,181
Jul,B02512,40.65,-73.78,193
Jul,B02512,40.65,-73.77,1
Jul,B02512,40.65,-73.73,2
Jul,B02512,40.660000000000004,-74.12,2
Jul,B02512,40.660000000000004,-74.09,3
Jul,B02512,40.660000000000004,-74.01,6
Jul,B02512,40.660000000000004,-74,5
Jul,B02512,40.660000000000004,-73.99,10
Jul,B02512,40.660000000000004,-73.98,14
Jul,B02512,40.660000000000004,-73.97,1
Jul,B02512,40.660000000000004,-73.96000000000001,17
Jul,B02512,40.660000000000004,-73.95,4
Jul,B02512,40.660000000000004,-73.94,7
Jul,B02512,40.660000000000004,-73.93,2
Jul,B02512,40.660000000000004,-73.92,3
Jul,B02512,40.660000000000004,-73.91,1
Jul,B02512,40.660000000000004,-73.9,1
Jul,B02512,40.660000000000004,-73.89,3
Jul,B02512,40.660000000000004,-73.88,1
Jul,B02512,40.660000000000004,-73.84,2
Jul,B02512,40.660000000000004,-73.81,3
Jul,B02512,40.660000000000004,-73.8,3
Jul,B02512,40.660000000000004,-73.79,2
Jul,B02512,40.660000000000004,-73.78,3
Jul,B02512,40.660000000000004,-73.74,2
Jul,B02512,40.660000000000004,-73.72,1
Jul,B02512,40.67,-74.11,1
Jul,B02512,40.67,-74.08,2
Jul,B02512,40.67,-74.02,6
Jul,B02512,40.67,-74.01,10
Jul,B02512,40.67,-74,5
Jul,B02512,40.67,-73.99,21
Jul,B02512,40.67,-73.98,36
Jul,B02512,40.67,-73.97,16
Jul,B02512,40.67,-73.96000000000001,29
Jul,B02512,40.67,-73.95,14
Jul,B02512,40.67,-73.94,5
Jul,B02512,40.67,-73.93,8
Jul,B02512,40.67,-73.92,1
Jul,B02512,40.67,-73.91,1
Jul,B02512,40.67,-73.89,2
Jul,B02512,40.67,-73.87,1
Jul,B02512,40.67,-73.86,1
Jul,B02512,40.67,-73.84,1
Jul,B02512,40.67,-73.83,1
Jul,B02512,40.67,-73.81,4
Jul,B02512,40.67,-73.8,8
Jul,B02512,40.67,-73.79,4
Jul,B02512,40.67,-73.78,2
Jul,B02512,40.68,-74.10000000000001,1
Jul,B02512,40.68,-74.08,2
Jul,B02512,40.68,-74.02,10
Jul,B02512,40.68,-74.01,18
Jul,B02512,40.68,-74,45
Jul,B02512,40.68,-73.99,30
Jul,B02512,40.68,-73.98,79
Jul,B02512,40.68,-73.97,40
Jul,B02512,40.68,-73.96000000000001,37
Jul,B02512,40.68,-73.95,15
Jul,B02512,40.68,-73.94,10
Jul,B02512,40.68,-73.93,8
Jul,B02512,40.68,-73.92,6
Jul,B02512,40.68,-73.91,1
Jul,B02512,40.68,-73.86,1
Jul,B02512,40.68,-73.85000000000001,1
Jul,B02512,40.68,-73.84,1
Jul,B02512,40.68,-73.83,1
Jul,B02512,40.68,-73.8,1
Jul,B02512,40.68,-73.75,2
Jul,B02512,40.69,-74.11,1
Jul,B02512,40.69,-74.07000000000001,1
Jul,B02512,40.69,-74,44
Jul,B02512,40.69,-73.99,112
Jul,B02512,40.69,-73.98,78
Jul,B02512,40.69,-73.97,55
Jul,B02512,40.69,-73.96000000000001,41
Jul,B02512,40.69,-73.95,24
Jul,B02512,40.69,-73.94,9
Jul,B02512,40.69,-73.93,16
Jul,B02512,40.69,-73.92,9
Jul,B02512,40.69,-73.91,7
Jul,B02512,40.69,-73.9,1
Jul,B02512,40.69,-73.78,2
Jul,B02512,40.69,-73.74,2
Jul,B02512,40.69,-73.73,1
Jul,B02512,40.69,-73.72,1
Jul,B02512,40.7,-74.10000000000001,1
Jul,B02512,40.7,-74.09,1
Jul,B02512,40.7,-74.07000000000001,2
Jul,B02512,40.7,-74.06,1
Jul,B02512,40.7,-74.02,10
Jul,B02512,40.7,-74.01,147
Jul,B02512,40.7,-74,12
Jul,B02512,40.7,-73.99,90
Jul,B02512,40.7,-73.98,21
Jul,B02512,40.7,-73.97,14
Jul,B02512,40.7,-73.96000000000001,5
Jul,B02512,40.7,-73.95,13
Jul,B02512,40.7,-73.94,15
Jul,B02512,40.7,-73.93,25
Jul,B02512,40.7,-73.92,7
Jul,B02512,40.7,-73.91,7
Jul,B02512,40.7,-73.9,1
Jul,B02512,40.7,-73.89,2
Jul,B02512,40.7,-73.87,1
Jul,B02512,40.7,-73.86,2
Jul,B02512,40.7,-73.81,7
Jul,B02512,40.7,-73.8,4
Jul,B02512,40.7,-73.78,1
Jul,B02512,40.7,-73.75,3
Jul,B02512,40.7,-73.74,1
Jul,B02512,40.7,-73.73,2
Jul,B02512,40.7,-73.72,1
Jul,B02512,40.71,-74.11,1
Jul,B02512,40.71,-74.06,4
Jul,B02512,40.71,-74.04,43
Jul,B02512,40.71,-74.03,14
Jul,B02512,40.71,-74.02,152
Jul,B02512,40.71,-74.01,634
Jul,B02512,40.71,-74,115
Jul,B02512,40.71,-73.99,40
Jul,B02512,40.71,-73.98,20
Jul,B02512,40.71,-73.97,53
Jul,B02512,40.71,-73.96000000000001,118
Jul,B02512,40.71,-73.95,72
Jul,B02512,40.71,-73.94,45
Jul,B02512,40.71,-73.93,21
Jul,B02512,40.71,-73.92,12
Jul,B02512,40.71,-73.91,7
Jul,B02512,40.71,-73.88,1
Jul,B02512,40.71,-73.87,1
Jul,B02512,40.71,-73.86,1
Jul,B02512,40.71,-73.85000000000001,2
Jul,B02512,40.71,-73.84,2
Jul,B02512,40.71,-73.83,7
Jul,B02512,40.71,-73.82000000000001,4
Jul,B02512,40.71,-73.81,1
Jul,B02512,40.71,-73.8,2
Jul,B02512,40.71,-73.79,1
Jul,B02512,40.71,-73.74,1
Jul,B02512,40.71,-73.73,1
Jul,B02512,40.72,-74.09,2
Jul,B02512,40.72,-74.08,2
Jul,B02512,40.72,-74.06,6
Jul,B02512,40.72,-74.05,18
Jul,B02512,40.72,-74.04,73
Jul,B02512,40.72,-74.03,73
Jul,B02512,40.72,-74.02,72
Jul,B02512,40.72,-74.01,1012
Jul,B02512,40.72,-74,1237
Jul,B02512,40.72,-73.99,655
Jul,B02512,40.72,-73.98,210
Jul,B02512,40.72,-73.97,3
Jul,B02512,40.72,-73.96000000000001,218
Jul,B02512,40.72,-73.95,89
Jul,B02512,40.72,-73.94,36
Jul,B02512,40.72,-73.93,1
Jul,B02512,40.72,-73.92,1
Jul,B02512,40.72,-73.91,1
Jul,B02512,40.72,-73.89,1
Jul,B02512,40.72,-73.88,3
Jul,B02512,40.72,-73.87,2
Jul,B02512,40.72,-73.86,1
Jul,B02512,40.72,-73.85000000000001,12
Jul,B02512,40.72,-73.84,8
Jul,B02512,40.72,-73.82000000000001,1
Jul,B02512,40.72,-73.81,1
Jul,B02512,40.72,-73.8,7
Jul,B02512,40.72,-73.79,1
Jul,B02512,40.72,-73.78,3
Jul,B02512,40.72,-73.76,1
Jul,B02512,40.72,-73.74,2
Jul,B02512,40.72,-73.72,1
Jul,B02512,40.72,-73.71000000000001,1
Jul,B02512,40.72,-73.7,1
Jul,B02512,40.730000000000004,-74.14,2
Jul,B02512,40.730000000000004,-74.07000000000001,4
Jul,B02512,40.730000000000004,-74.06,2
Jul,B02512,40.730000000000004,-74.05,11
Jul,B02512,40.730000000000004,-74.04,34
Jul,B02512,40.730000000000004,-74.03,20
Jul,B02512,40.730000000000004,-74.01,706
Jul,B02512,40.730000000000004,-74,1272
Jul,B02512,40.730000000000004,-73.99,994
Jul,B02512,40.730000000000004,-73.98,367
Jul,B02512,40.730000000000004,-73.97,25
Jul,B02512,40.730000000000004,-73.96000000000001,50
Jul,B02512,40.730000000000004,-73.95,47
Jul,B02512,40.730000000000004,-73.94,17
Jul,B02512,40.730000000000004,-73.93,1
Jul,B02512,40.730000000000004,-73.92,4
Jul,B02512,40.730000000000004,-73.91,1
Jul,B02512,40.730000000000004,-73.9,2
Jul,B02512,40.730000000000004,-73.89,2
Jul,B02512,40.730000000000004,-73.88,1
Jul,B02512,40.730000000000004,-73.87,4
Jul,B02512,40.730000000000004,-73.86,6
Jul,B02512,40.730000000000004,-73.85000000000001,1
Jul,B02512,40.730000000000004,-73.83,1
Jul,B02512,40.730000000000004,-73.82000000000001,1
Jul,B02512,40.730000000000004,-73.81,1
Jul,B02512,40.730000000000004,-73.78,1
Jul,B02512,40.730000000000004,-73.74,4
Jul,B02512,40.730000000000004,-73.73,1
Jul,B02512,40.74,-74.14,1
Jul,B02512,40.74,-74.07000000000001,2
Jul,B02512,40.74,-74.06,2
Jul,B02512,40.74,-74.05,2
Jul,B02512,40.74,-74.04,33
Jul,B02512,40.74,-74.03,119
Jul,B02512,40.74,-74.02,2
Jul,B02512,40.74,-74.01,959
Jul,B02512,40.74,-74,1063
Jul,B02512,40.74,-73.99,1630
Jul,B02512,40.74,-73.98,688
Jul,B02512,40.74,-73.97,100
Jul,B02512,40.74,-73.96000000000001,38
Jul,B02512,40.74,-73.95,25
Jul,B02512,40.74,-73.94,10
Jul,B02512,40.74,-73.93,10
Jul,B02512,40.74,-73.92,13
Jul,B02512,40.74,-73.91,3
Jul,B02512,40.74,-73.9,3
Jul,B02512,40.74,-73.89,2
Jul,B02512,40.74,-73.88,5
Jul,B02512,40.74,-73.87,2
Jul,B02512,40.74,-73.86,4
Jul,B02512,40.74,-73.85000000000001,1
Jul,B02512,40.74,-73.84,1
Jul,B02512,40.74,-73.83,1
Jul,B02512,40.74,-73.82000000000001,1
Jul,B02512,40.74,-73.79,1
Jul,B02512,40.74,-73.72,2
Jul,B02512,40.75,-74.12,1
Jul,B02512,40.75,-74.04,14
Jul,B02512,40.75,-74.03,70
Jul,B02512,40.75,-74.02,16
Jul,B02512,40.75,-74.01,307
Jul,B02512,40.75,-74,491
Jul,B02512,40.75,-73.99,1313
Jul,B02512,40.75,-73.98,1416
Jul,B02512,40.75,-73.97,552
Jul,B02512,40.75,-73.96000000000001,50
Jul,B02512,40.75,-73.95,27
Jul,B02512,40.75,-73.94,56
Jul,B02512,40.75,-73.93,19
Jul,B02512,40.75,-73.92,12
Jul,B02512,40.75,-73.91,7
Jul,B02512,40.75,-73.9,3
Jul,B02512,40.75,-73.89,14
Jul,B02512,40.75,-73.88,6
Jul,B02512,40.75,-73.87,3
Jul,B02512,40.75,-73.86,2
Jul,B02512,40.75,-73.85000000000001,5
Jul,B02512,40.75,-73.83,6
Jul,B02512,40.75,-73.82000000000001,2
Jul,B02512,40.75,-73.77,1
Jul,B02512,40.75,-73.71000000000001,1
Jul,B02512,40.75,-73.7,1
Jul,B02512,40.76,-74.08,4
Jul,B02512,40.76,-74.05,2
Jul,B02512,40.76,-74.04,2
Jul,B02512,40.76,-74.03,7
Jul,B02512,40.76,-74.02,5
Jul,B02512,40.76,-74,448
Jul,B02512,40.76,-73.99,981
Jul,B02512,40.76,-73.98,2172
Jul,B02512,40.76,-73.97,2297
Jul,B02512,40.76,-73.96000000000001,352
Jul,B02512,40.76,-73.95,15
Jul,B02512,40.76,-73.94,3
Jul,B02512,40.76,-73.93,17
Jul,B02512,40.76,-73.92,31
Jul,B02512,40.76,-73.91,17
Jul,B02512,40.76,-73.9,4
Jul,B02512,40.76,-73.89,7
Jul,B02512,40.76,-73.88,3
Jul,B02512,40.76,-73.87,3
Jul,B02512,40.76,-73.86,6
Jul,B02512,40.76,-73.85000000000001,2
Jul,B02512,40.76,-73.84,11
Jul,B02512,40.76,-73.83,12
Jul,B02512,40.76,-73.82000000000001,1
Jul,B02512,40.76,-73.81,1
Jul,B02512,40.76,-73.79,1
Jul,B02512,40.76,-73.77,3
Jul,B02512,40.76,-73.76,1
Jul,B02512,40.76,-73.74,1
Jul,B02512,40.76,-73.71000000000001,2
Jul,B02512,40.77,-74.04,3
Jul,B02512,40.77,-74.03,2
Jul,B02512,40.77,-74.02,3
Jul,B02512,40.77,-74,29
Jul,B02512,40.77,-73.99,401
Jul,B02512,40.77,-73.98,852
Jul,B02512,40.77,-73.97,437
Jul,B02512,40.77,-73.96000000000001,783
Jul,B02512,40.77,-73.95,265
Jul,B02512,40.77,-73.94,15
Jul,B02512,40.77,-73.93,19
Jul,B02512,40.77,-73.92,31
Jul,B02512,40.77,-73.91,15
Jul,B02512,40.77,-73.9,8
Jul,B02512,40.77,-73.89,90
Jul,B02512,40.77,-73.88,21
Jul,B02512,40.77,-73.87,568
Jul,B02512,40.77,-73.86,202
Jul,B02512,40.77,-73.84,3
Jul,B02512,40.77,-73.8,1
Jul,B02512,40.77,-73.7,1
Jul,B02512,40.78,-74.07000000000001,3
Jul,B02512,40.78,-74.06,1
Jul,B02512,40.78,-74.05,1
Jul,B02512,40.78,-74.04,1
Jul,B02512,40.78,-74.02,5
Jul,B02512,40.78,-74.01,9
Jul,B02512,40.78,-74,1
Jul,B02512,40.78,-73.99,152
Jul,B02512,40.78,-73.98,511
Jul,B02512,40.78,-73.97,121
Jul,B02512,40.78,-73.96000000000001,574
Jul,B02512,40.78,-73.95,364
Jul,B02512,40.78,-73.94,14
Jul,B02512,40.78,-73.92,7
Jul,B02512,40.78,-73.91,9
Jul,B02512,40.78,-73.9,1
Jul,B02512,40.78,-73.84,3
Jul,B02512,40.78,-73.83,1
Jul,B02512,40.78,-73.8,1
Jul,B02512,40.78,-73.79,2
Jul,B02512,40.78,-73.78,1
Jul,B02512,40.78,-73.73,1
Jul,B02512,40.79,-74.14,1
Jul,B02512,40.79,-74.07000000000001,7
Jul,B02512,40.79,-74.06,5
Jul,B02512,40.79,-74.05,3
Jul,B02512,40.79,-74.04,10
Jul,B02512,40.79,-74.02,1
Jul,B02512,40.79,-74.01,1
Jul,B02512,40.79,-74,3
Jul,B02512,40.79,-73.98,214
Jul,B02512,40.79,-73.97,272
Jul,B02512,40.79,-73.96000000000001,26
Jul,B02512,40.79,-73.95,123
Jul,B02512,40.79,-73.94,22
Jul,B02512,40.79,-73.93,6
Jul,B02512,40.79,-73.92,8
Jul,B02512,40.79,-73.86,1
Jul,B02512,40.79,-73.84,1
Jul,B02512,40.79,-73.83,1
Jul,B02512,40.79,-73.81,1
Jul,B02512,40.79,-73.79,1
Jul,B02512,40.79,-73.73,1
Jul,B02512,40.79,-73.71000000000001,1
Jul,B02512,40.79,-73.7,1
Jul,B02512,40.800000000000004,-74.15,1
Jul,B02512,40.800000000000004,-74.10000000000001,2
Jul,B02512,40.800000000000004,-74.07000000000001,2
Jul,B02512,40.800000000000004,-74.06,2
Jul,B02512,40.800000000000004,-74.05,2
Jul,B02512,40.800000000000004,-74.02,2
Jul,B02512,40.800000000000004,-74.01,1
Jul,B02512,40.800000000000004,-73.98,10
Jul,B02512,40.800000000000004,-73.97,97
Jul,B02512,40.800000000000004,-73.96000000000001,44
Jul,B02512,40.800000000000004,-73.95,32
Jul,B02512,40.800000000000004,-73.94,26
Jul,B02512,40.800000000000004,-73.93,15
Jul,B02512,40.800000000000004,-73.92,4
Jul,B02512,40.800000000000004,-73.91,1
Jul,B02512,40.81,-74.10000000000001,8
Jul,B02512,40.81,-74.08,9
Jul,B02512,40.81,-74.07000000000001,3
Jul,B02512,40.81,-74.01,1
Jul,B02512,40.81,-73.99,4
Jul,B02512,40.81,-73.98,3
Jul,B02512,40.81,-73.97,9
Jul,B02512,40.81,-73.96000000000001,59
Jul,B02512,40.81,-73.95,41
Jul,B02512,40.81,-73.94,26
Jul,B02512,40.81,-73.93,7
Jul,B02512,40.81,-73.92,2
Jul,B02512,40.81,-73.91,2
Jul,B02512,40.81,-73.89,1
Jul,B02512,40.81,-73.87,1
Jul,B02512,40.81,-73.85000000000001,1
Jul,B02512,40.81,-73.82000000000001,1
Jul,B02512,40.82,-74.14,1
Jul,B02512,40.82,-74.10000000000001,1
Jul,B02512,40.82,-74.09,1
Jul,B02512,40.82,-74.08,1
Jul,B02512,40.82,-74.07000000000001,1
Jul,B02512,40.82,-74.02,1
Jul,B02512,40.82,-73.98,1
Jul,B02512,40.82,-73.96000000000001,11
Jul,B02512,40.82,-73.95,20
Jul,B02512,40.82,-73.94,23
Jul,B02512,40.82,-73.93,3
Jul,B02512,40.82,-73.92,4
Jul,B02512,40.82,-73.9,4
Jul,B02512,40.82,-73.89,3
Jul,B02512,40.82,-73.88,1
Jul,B02512,40.82,-73.86,1
Jul,B02512,40.82,-73.85000000000001,1
Jul,B02512,40.82,-73.81,1
Jul,B02512,40.83,-74.14,2
Jul,B02512,40.83,-74.13,2
Jul,B02512,40.83,-74.11,2
Jul,B02512,40.83,-74.10000000000001,1
Jul,B02512,40.83,-74.08,1
Jul,B02512,40.83,-74.07000000000001,1
Jul,B02512,40.83,-74,1
Jul,B02512,40.83,-73.98,3
Jul,B02512,40.83,-73.95,11
Jul,B02512,40.83,-73.94,20
Jul,B02512,40.83,-73.93,31
Jul,B02512,40.83,-73.92,5
Jul,B02512,40.83,-73.91,2
Jul,B02512,40.83,-73.88,1
Jul,B02512,40.83,-73.87,1
Jul,B02512,40.83,-73.86,1
Jul,B02512,40.83,-73.82000000000001,1
Jul,B02512,40.84,-74.15,1
Jul,B02512,40.84,-74.11,1
Jul,B02512,40.84,-74.07000000000001,4
Jul,B02512,40.84,-73.99,1
Jul,B02512,40.84,-73.98,5
Jul,B02512,40.84,-73.97,2
Jul,B02512,40.84,-73.95,7
Jul,B02512,40.84,-73.94,26
Jul,B02512,40.84,-73.92,2
Jul,B02512,40.84,-73.88,2
Jul,B02512,40.84,-73.87,2
Jul,B02512,40.84,-73.86,2
Jul,B02512,40.84,-73.82000000000001,1
Jul,B02512,40.85,-74.07000000000001,1
Jul,B02512,40.85,-74.05,1
Jul,B02512,40.85,-74.02,1
Jul,B02512,40.85,-74.01,5
Jul,B02512,40.85,-74,2
Jul,B02512,40.85,-73.99,1
Jul,B02512,40.85,-73.98,1
Jul,B02512,40.85,-73.97,4
Jul,B02512,40.85,-73.96000000000001,1
Jul,B02512,40.85,-73.94,11
Jul,B02512,40.85,-73.93,2
Jul,B02512,40.85,-73.9,1
Jul,B02512,40.85,-73.89,1
Jul,B02512,40.85,-73.88,3
Jul,B02512,40.85,-73.87,2
Jul,B02512,40.85,-73.86,4
Jul,B02512,40.85,-73.85000000000001,2
Jul,B02512,40.85,-73.84,1
Jul,B02512,40.85,-73.83,1
Jul,B02512,40.85,-73.82000000000001,1
Jul,B02512,40.86,-74.11,1
Jul,B02512,40.86,-74.07000000000001,1
Jul,B02512,40.86,-74.06,1
Jul,B02512,40.86,-74.03,1
Jul,B02512,40.86,-73.98,1
Jul,B02512,40.86,-73.97,1
Jul,B02512,40.86,-73.96000000000001,1
Jul,B02512,40.86,-73.94,3
Jul,B02512,40.86,-73.93,12
Jul,B02512,40.86,-73.92,2
Jul,B02512,40.86,-73.9,1
Jul,B02512,40.86,-73.89,4
Jul,B02512,40.86,-73.88,1
Jul,B02512,40.86,-73.87,2
Jul,B02512,40.86,-73.86,2
Jul,B02512,40.86,-73.85000000000001,1
Jul,B02512,40.87,-74.06,1
Jul,B02512,40.87,-74.04,1
Jul,B02512,40.87,-74.01,1
Jul,B02512,40.87,-74,2
Jul,B02512,40.87,-73.97,3
Jul,B02512,40.87,-73.93,7
Jul,B02512,40.87,-73.92,4
Jul,B02512,40.87,-73.91,5
Jul,B02512,40.87,-73.9,1
Jul,B02512,40.87,-73.89,1
Jul,B02512,40.87,-73.88,1
Jul,B02512,40.87,-73.87,1
Jul,B02512,40.87,-73.85000000000001,1
Jul,B02512,40.87,-73.82000000000001,1
Jul,B02512,40.87,-73.81,1
Jul,B02512,40.88,-74.12,1
Jul,B02512,40.88,-74.06,1
Jul,B02512,40.88,-74.05,1
Jul,B02512,40.88,-74,1
Jul,B02512,40.88,-73.99,2
Jul,B02512,40.88,-73.98,1
Jul,B02512,40.88,-73.97,1
Jul,B02512,40.88,-73.92,3
Jul,B02512,40.88,-73.91,4
Jul,B02512,40.88,-73.88,1
Jul,B02512,40.88,-73.87,1
Jul,B02512,40.88,-73.86,1
Jul,B02512,40.88,-73.85000000000001,2
Jul,B02512,40.89,-74.11,1
Jul,B02512,40.89,-74.01,1
Jul,B02512,40.89,-73.97,2
Jul,B02512,40.89,-73.96000000000001,2
Jul,B02512,40.89,-73.95,1
Jul,B02512,40.89,-73.91,9
Jul,B02512,40.89,-73.9,9
Jul,B02512,40.89,-73.89,2
Jul,B02512,40.89,-73.84,1
Jul,B02512,40.89,-73.83,1
Jul,B02512,40.89,-73.82000000000001,1
Jul,B02512,40.89,-73.79,2
Jul,B02512,40.89,-73.78,1
Jul,B02512,40.9,-74.01,1
Jul,B02512,40.9,-73.96000000000001,1
Jul,B02512,40.9,-73.95,1
Jul,B02512,40.9,-73.91,2
Jul,B02512,40.9,-73.9,2
Jul,B02512,40.9,-73.8,1
Jul,B02512,40.910000000000004,-74.10000000000001,2
Jul,B02512,40.910000000000004,-74.04,2
Jul,B02512,40.910000000000004,-74.01,1
Jul,B02512,40.910000000000004,-73.91,1
Jul,B02512,40.910000000000004,-73.9,1
Jul,B02512,40.910000000000004,-73.89,1
Jul,B02512,40.910000000000004,-73.86,2
Jul,B02512,40.910000000000004,-73.84,1
Jul,B02512,40.910000000000004,-73.82000000000001,1
Jul,B02512,40.910000000000004,-73.81,1
Jul,B02512,40.910000000000004,-73.78,3
Jul,B02512,40.910000000000004,-73.77,1
Jul,B02512,40.92,-73.95,1
Jul,B02512,40.92,-73.77,1
Jul,B02598,40.58,-74.10000000000001,1
Jul,B02598,40.58,-74.08,1
Jul,B02598,40.58,-74,2
Jul,B02598,40.58,-73.99,4
Jul,B02598,40.58,-73.98,8
Jul,B02598,40.58,-73.97,17
Jul,B02598,40.58,-73.96000000000001,13
Jul,B02598,40.58,-73.95,20
Jul,B02598,40.58,-73.94,25
Jul,B02598,40.58,-73.93,4
Jul,B02598,40.58,-73.89,1
Jul,B02598,40.58,-73.85000000000001,4
Jul,B02598,40.58,-73.84,3
Jul,B02598,40.58,-73.83,1
Jul,B02598,40.58,-73.82000000000001,7
Jul,B02598,40.58,-73.71000000000001,1
Jul,B02598,40.59,-74.10000000000001,1
Jul,B02598,40.59,-74.07000000000001,6
Jul,B02598,40.59,-74.06,1
Jul,B02598,40.59,-74,3
Jul,B02598,40.59,-73.99,14
Jul,B02598,40.59,-73.98,11
Jul,B02598,40.59,-73.97,21
Jul,B02598,40.59,-73.96000000000001,12
Jul,B02598,40.59,-73.95,27
Jul,B02598,40.59,-73.94,12
Jul,B02598,40.59,-73.93,10
Jul,B02598,40.59,-73.92,3
Jul,B02598,40.59,-73.91,1
Jul,B02598,40.59,-73.9,10
Jul,B02598,40.59,-73.82000000000001,2
Jul,B02598,40.59,-73.81,7
Jul,B02598,40.59,-73.8,2
Jul,B02598,40.59,-73.78,1
Jul,B02598,40.59,-73.75,1
Jul,B02598,40.59,-73.74,6
Jul,B02598,40.59,-73.73,5
Jul,B02598,40.59,-73.72,3
Jul,B02598,40.59,-73.71000000000001,6
Jul,B02598,40.6,-74.13,1
Jul,B02598,40.6,-74.10000000000001,2
Jul,B02598,40.6,-74.09,4
Jul,B02598,40.6,-74.07000000000001,2
Jul,B02598,40.6,-74.06,2
Jul,B02598,40.6,-74.05,1
Jul,B02598,40.6,-74.01,7
Jul,B02598,40.6,-74,23
Jul,B02598,40.6,-73.99,23
Jul,B02598,40.6,-73.98,11
Jul,B02598,40.6,-73.97,41
Jul,B02598,40.6,-73.96000000000001,13
Jul,B02598,40.6,-73.95,16
Jul,B02598,40.6,-73.94,12
Jul,B02598,40.6,-73.93,1
Jul,B02598,40.6,-73.92,3
Jul,B02598,40.6,-73.91,9
Jul,B02598,40.6,-73.77,2
Jul,B02598,40.6,-73.75,2
Jul,B02598,40.6,-73.74,1
Jul,B02598,40.6,-73.73,1
Jul,B02598,40.61,-74.13,3
Jul,B02598,40.61,-74.12,1
Jul,B02598,40.61,-74.10000000000001,1
Jul,B02598,40.61,-74.07000000000001,1
Jul,B02598,40.61,-74.06,16
Jul,B02598,40.61,-74.04,6
Jul,B02598,40.61,-74.03,22
Jul,B02598,40.61,-74.02,10
Jul,B02598,40.61,-74.01,20
Jul,B02598,40.61,-74,29
Jul,B02598,40.61,-73.99,20
Jul,B02598,40.61,-73.98,33
Jul,B02598,40.61,-73.97,28
Jul,B02598,40.61,-73.96000000000001,36
Jul,B02598,40.61,-73.95,25
Jul,B02598,40.61,-73.94,8
Jul,B02598,40.61,-73.93,4
Jul,B02598,40.61,-73.92,11
Jul,B02598,40.61,-73.91,2
Jul,B02598,40.61,-73.9,2
Jul,B02598,40.61,-73.75,3
Jul,B02598,40.61,-73.74,5
Jul,B02598,40.61,-73.73,7
Jul,B02598,40.61,-73.72,1
Jul,B02598,40.61,-73.71000000000001,1
Jul,B02598,40.62,-74.11,1
Jul,B02598,40.62,-74.09,2
Jul,B02598,40.62,-74.08,2
Jul,B02598,40.62,-74.04,28
Jul,B02598,40.62,-74.03,96
Jul,B02598,40.62,-74.02,64
Jul,B02598,40.62,-74.01,15
Jul,B02598,40.62,-74,20
Jul,B02598,40.62,-73.99,12
Jul,B02598,40.62,-73.98,10
Jul,B02598,40.62,-73.97,24
Jul,B02598,40.62,-73.96000000000001,26
Jul,B02598,40.62,-73.95,15
Jul,B02598,40.62,-73.94,13
Jul,B02598,40.62,-73.93,10
Jul,B02598,40.62,-73.92,14
Jul,B02598,40.62,-73.91,8
Jul,B02598,40.62,-73.9,1
Jul,B02598,40.62,-73.75,2
Jul,B02598,40.62,-73.74,1
Jul,B02598,40.62,-73.73,6
Jul,B02598,40.62,-73.72,3
Jul,B02598,40.62,-73.71000000000001,1
Jul,B02598,40.62,-73.7,1
Jul,B02598,40.63,-74.11,1
Jul,B02598,40.63,-74.09,1
Jul,B02598,40.63,-74.08,1
Jul,B02598,40.63,-74.04,10
Jul,B02598,40.63,-74.03,61
Jul,B02598,40.63,-74.02,43
Jul,B02598,40.63,-74.01,24
Jul,B02598,40.63,-74,13
Jul,B02598,40.63,-73.99,12
Jul,B02598,40.63,-73.98,16
Jul,B02598,40.63,-73.97,51
Jul,B02598,40.63,-73.96000000000001,63
Jul,B02598,40.63,-73.95,54
Jul,B02598,40.63,-73.94,28
Jul,B02598,40.63,-73.93,27
Jul,B02598,40.63,-73.92,17
Jul,B02598,40.63,-73.91,8
Jul,B02598,40.63,-73.9,12
Jul,B02598,40.63,-73.89,3
Jul,B02598,40.63,-73.88,2
Jul,B02598,40.63,-73.74,5
Jul,B02598,40.63,-73.73,2
Jul,B02598,40.63,-73.72,1
Jul,B02598,40.63,-73.71000000000001,1
Jul,B02598,40.64,-74.08,1
Jul,B02598,40.64,-74.07000000000001,2
Jul,B02598,40.64,-74.04,13
Jul,B02598,40.64,-74.03,24
Jul,B02598,40.64,-74.02,30
Jul,B02598,40.64,-74.01,26
Jul,B02598,40.64,-74,40
Jul,B02598,40.64,-73.99,33
Jul,B02598,40.64,-73.98,59
Jul,B02598,40.64,-73.97,159
Jul,B02598,40.64,-73.96000000000001,100
Jul,B02598,40.64,-73.95,39
Jul,B02598,40.64,-73.94,12
Jul,B02598,40.64,-73.93,13
Jul,B02598,40.64,-73.92,23
Jul,B02598,40.64,-73.91,13
Jul,B02598,40.64,-73.9,15
Jul,B02598,40.64,-73.89,2
Jul,B02598,40.64,-73.88,3
Jul,B02598,40.64,-73.8,6
Jul,B02598,40.64,-73.79,882
Jul,B02598,40.64,-73.78,2180
Jul,B02598,40.64,-73.75,1
Jul,B02598,40.64,-73.74,3
Jul,B02598,40.64,-73.7,1
Jul,B02598,40.65,-74.14,1
Jul,B02598,40.65,-74.13,1
Jul,B02598,40.65,-74.08,3
Jul,B02598,40.65,-74.02,41
Jul,B02598,40.65,-74.01,62
Jul,B02598,40.65,-74,62
Jul,B02598,40.65,-73.99,2
Jul,B02598,40.65,-73.98,82
Jul,B02598,40.65,-73.97,110
Jul,B02598,40.65,-73.96000000000001,183
Jul,B02598,40.65,-73.95,63
Jul,B02598,40.65,-73.94,38
Jul,B02598,40.65,-73.93,12
Jul,B02598,40.65,-73.92,6
Jul,B02598,40.65,-73.91,30
Jul,B02598,40.65,-73.9,15
Jul,B02598,40.65,-73.89,7
Jul,B02598,40.65,-73.88,13
Jul,B02598,40.65,-73.87,2
Jul,B02598,40.65,-73.84,10
Jul,B02598,40.65,-73.83,2
Jul,B02598,40.65,-73.81,7
Jul,B02598,40.65,-73.8,9
Jul,B02598,40.65,-73.79,1050
Jul,B02598,40.65,-73.78,1969
Jul,B02598,40.65,-73.76,3
Jul,B02598,40.65,-73.74,2
Jul,B02598,40.65,-73.73,1
Jul,B02598,40.65,-73.72,1
Jul,B02598,40.65,-73.71000000000001,2
Jul,B02598,40.660000000000004,-74.11,2
Jul,B02598,40.660000000000004,-74.09,2
Jul,B02598,40.660000000000004,-74.01,76
Jul,B02598,40.660000000000004,-74,85
Jul,B02598,40.660000000000004,-73.99,341
Jul,B02598,40.660000000000004,-73.98,360
Jul,B02598,40.660000000000004,-73.97,8
Jul,B02598,40.660000000000004,-73.96000000000001,209
Jul,B02598,40.660000000000004,-73.95,133
Jul,B02598,40.660000000000004,-73.94,79
Jul,B02598,40.660000000000004,-73.93,32
Jul,B02598,40.660000000000004,-73.92,33
Jul,B02598,40.660000000000004,-73.91,21
Jul,B02598,40.660000000000004,-73.9,15
Jul,B02598,40.660000000000004,-73.89,18
Jul,B02598,40.660000000000004,-73.88,9
Jul,B02598,40.660000000000004,-73.87,4
Jul,B02598,40.660000000000004,-73.86,1
Jul,B02598,40.660000000000004,-73.85000000000001,8
Jul,B02598,40.660000000000004,-73.84,13
Jul,B02598,40.660000000000004,-73.83,14
Jul,B02598,40.660000000000004,-73.82000000000001,2
Jul,B02598,40.660000000000004,-73.81,6
Jul,B02598,40.660000000000004,-73.8,31
Jul,B02598,40.660000000000004,-73.79,8
Jul,B02598,40.660000000000004,-73.77,5
Jul,B02598,40.660000000000004,-73.76,7
Jul,B02598,40.660000000000004,-73.75,2
Jul,B02598,40.660000000000004,-73.74,6
Jul,B02598,40.660000000000004,-73.73,3
Jul,B02598,40.660000000000004,-73.72,6
Jul,B02598,40.660000000000004,-73.71000000000001,3
Jul,B02598,40.660000000000004,-73.7,1
Jul,B02598,40.67,-74.13,1
Jul,B02598,40.67,-74.12,3
Jul,B02598,40.67,-74.10000000000001,1
Jul,B02598,40.67,-74.02,97
Jul,B02598,40.67,-74.01,133
Jul,B02598,40.67,-74,91
Jul,B02598,40.67,-73.99,516
Jul,B02598,40.67,-73.98,848
Jul,B02598,40.67,-73.97,310
Jul,B02598,40.67,-73.96000000000001,443
Jul,B02598,40.67,-73.95,257
Jul,B02598,40.67,-73.94,174
Jul,B02598,40.67,-73.93,85
Jul,B02598,40.67,-73.92,23
Jul,B02598,40.67,-73.91,20
Jul,B02598,40.67,-73.9,8
Jul,B02598,40.67,-73.89,15
Jul,B02598,40.67,-73.88,15
Jul,B02598,40.67,-73.87,10
Jul,B02598,40.67,-73.86,16
Jul,B02598,40.67,-73.85000000000001,9
Jul,B02598,40.67,-73.84,7
Jul,B02598,40.67,-73.83,7
Jul,B02598,40.67,-73.82000000000001,11
Jul,B02598,40.67,-73.81,39
Jul,B02598,40.67,-73.8,28
Jul,B02598,40.67,-73.79,12
Jul,B02598,40.67,-73.78,27
Jul,B02598,40.67,-73.77,2
Jul,B02598,40.67,-73.76,6
Jul,B02598,40.67,-73.75,4
Jul,B02598,40.67,-73.74,3
Jul,B02598,40.67,-73.73,1
Jul,B02598,40.67,-73.72,1
Jul,B02598,40.67,-73.71000000000001,1
Jul,B02598,40.67,-73.7,1
Jul,B02598,40.68,-74.12,1
Jul,B02598,40.68,-74.11,1
Jul,B02598,40.68,-74.10000000000001,2
Jul,B02598,40.68,-74.02,167
Jul,B02598,40.68,-74.01,284
Jul,B02598,40.68,-74,685
Jul,B02598,40.68,-73.99,659
Jul,B02598,40.68,-73.98,1004
Jul,B02598,40.68,-73.97,765
Jul,B02598,40.68,-73.96000000000001,628
Jul,B02598,40.68,-73.95,392
Jul,B02598,40.68,-73.94,227
Jul,B02598,40.68,-73.93,156
Jul,B02598,40.68,-73.92,74
Jul,B02598,40.68,-73.91,72
Jul,B02598,40.68,-73.9,18
Jul,B02598,40.68,-73.89,10
Jul,B02598,40.68,-73.88,8
Jul,B02598,40.68,-73.87,9
Jul,B02598,40.68,-73.86,17
Jul,B02598,40.68,-73.85000000000001,9
Jul,B02598,40.68,-73.84,14
Jul,B02598,40.68,-73.83,5
Jul,B02598,40.68,-73.82000000000001,8
Jul,B02598,40.68,-73.81,10
Jul,B02598,40.68,-73.8,10
Jul,B02598,40.68,-73.79,4
Jul,B02598,40.68,-73.78,3
Jul,B02598,40.68,-73.77,5
Jul,B02598,40.68,-73.76,2
Jul,B02598,40.68,-73.75,3
Jul,B02598,40.68,-73.74,2
Jul,B02598,40.68,-73.73,3
Jul,B02598,40.68,-73.72,3
Jul,B02598,40.68,-73.71000000000001,2
Jul,B02598,40.68,-73.7,1
Jul,B02598,40.69,-74.14,1
Jul,B02598,40.69,-74.10000000000001,2
Jul,B02598,40.69,-74.09,2
Jul,B02598,40.69,-74.08,1
Jul,B02598,40.69,-74.07000000000001,6
Jul,B02598,40.69,-74,766
Jul,B02598,40.69,-73.99,1441
Jul,B02598,40.69,-73.98,891
Jul,B02598,40.69,-73.97,1025
Jul,B02598,40.69,-73.96000000000001,705
Jul,B02598,40.69,-73.95,418
Jul,B02598,40.69,-73.94,302
Jul,B02598,40.69,-73.93,172
Jul,B02598,40.69,-73.92,186
Jul,B02598,40.69,-73.91,151
Jul,B02598,40.69,-73.9,10
Jul,B02598,40.69,-73.89,3
Jul,B02598,40.69,-73.88,2
Jul,B02598,40.69,-73.87,5
Jul,B02598,40.69,-73.86,15
Jul,B02598,40.69,-73.85000000000001,9
Jul,B02598,40.69,-73.84,4
Jul,B02598,40.69,-73.83,20
Jul,B02598,40.69,-73.82000000000001,4
Jul,B02598,40.69,-73.81,6
Jul,B02598,40.69,-73.8,3
Jul,B02598,40.69,-73.79,6
Jul,B02598,40.69,-73.78,4
Jul,B02598,40.69,-73.77,6
Jul,B02598,40.69,-73.76,7
Jul,B02598,40.69,-73.75,5
Jul,B02598,40.69,-73.74,7
Jul,B02598,40.69,-73.73,4
Jul,B02598,40.69,-73.72,2
Jul,B02598,40.69,-73.71000000000001,1
Jul,B02598,40.7,-74.10000000000001,2
Jul,B02598,40.7,-74.09,2
Jul,B02598,40.7,-74.07000000000001,10
Jul,B02598,40.7,-74.02,94
Jul,B02598,40.7,-74.01,1496
Jul,B02598,40.7,-74,213
Jul,B02598,40.7,-73.99,1613
Jul,B02598,40.7,-73.98,500
Jul,B02598,40.7,-73.97,310
Jul,B02598,40.7,-73.96000000000001,147
Jul,B02598,40.7,-73.95,153
Jul,B02598,40.7,-73.94,241
Jul,B02598,40.7,-73.93,578
Jul,B02598,40.7,-73.92,280
Jul,B02598,40.7,-73.91,128
Jul,B02598,40.7,-73.9,38
Jul,B02598,40.7,-73.89,5
Jul,B02598,40.7,-73.88,7
Jul,B02598,40.7,-73.87,19
Jul,B02598,40.7,-73.86,3
Jul,B02598,40.7,-73.85000000000001,7
Jul,B02598,40.7,-73.84,11
Jul,B02598,40.7,-73.83,33
Jul,B02598,40.7,-73.82000000000001,14
Jul,B02598,40.7,-73.81,53
Jul,B02598,40.7,-73.8,15
Jul,B02598,40.7,-73.79,2
Jul,B02598,40.7,-73.78,5
Jul,B02598,40.7,-73.77,14
Jul,B02598,40.7,-73.76,3
Jul,B02598,40.7,-73.75,4
Jul,B02598,40.7,-73.74,5
Jul,B02598,40.7,-73.73,4
Jul,B02598,40.7,-73.72,10
Jul,B02598,40.7,-73.71000000000001,4
Jul,B02598,40.71,-74.10000000000001,2
Jul,B02598,40.71,-74.09,3
Jul,B02598,40.71,-74.08,3
Jul,B02598,40.71,-74.07000000000001,7
Jul,B02598,40.71,-74.06,19
Jul,B02598,40.71,-74.05,4
Jul,B02598,40.71,-74.04,81
Jul,B02598,40.71,-74.03,12
Jul,B02598,40.71,-74.02,1194
Jul,B02598,40.71,-74.01,5980
Jul,B02598,40.71,-74,1157
Jul,B02598,40.71,-73.99,534
Jul,B02598,40.71,-73.98,206
Jul,B02598,40.71,-73.97,693
Jul,B02598,40.71,-73.96000000000001,1543
Jul,B02598,40.71,-73.95,1190
Jul,B02598,40.71,-73.94,739
Jul,B02598,40.71,-73.93,256
Jul,B02598,40.71,-73.92,247
Jul,B02598,40.71,-73.91,54
Jul,B02598,40.71,-73.9,35
Jul,B02598,40.71,-73.89,6
Jul,B02598,40.71,-73.88,13
Jul,B02598,40.71,-73.87,15
Jul,B02598,40.71,-73.86,10
Jul,B02598,40.71,-73.85000000000001,18
Jul,B02598,40.71,-73.84,21
Jul,B02598,40.71,-73.83,63
Jul,B02598,40.71,-73.82000000000001,26
Jul,B02598,40.71,-73.81,14
Jul,B02598,40.71,-73.8,17
Jul,B02598,40.71,-73.79,16
Jul,B02598,40.71,-73.78,16
Jul,B02598,40.71,-73.77,5
Jul,B02598,40.71,-73.76,5
Jul,B02598,40.71,-73.75,5
Jul,B02598,40.71,-73.74,4
Jul,B02598,40.71,-73.73,1
Jul,B02598,40.71,-73.72,4
Jul,B02598,40.71,-73.71000000000001,1
Jul,B02598,40.72,-74.10000000000001,1
Jul,B02598,40.72,-74.09,6
Jul,B02598,40.72,-74.08,10
Jul,B02598,40.72,-74.07000000000001,6
Jul,B02598,40.72,-74.06,16
Jul,B02598,40.72,-74.05,68
Jul,B02598,40.72,-74.04,131
Jul,B02598,40.72,-74.03,36
Jul,B02598,40.72,-74.02,489
Jul,B02598,40.72,-74.01,5477
Jul,B02598,40.72,-74,8930
Jul,B02598,40.72,-73.99,6052
Jul,B02598,40.72,-73.98,2097
Jul,B02598,40.72,-73.97,91
Jul,B02598,40.72,-73.96000000000001,2741
Jul,B02598,40.72,-73.95,1202
Jul,B02598,40.72,-73.94,515
Jul,B02598,40.72,-73.93,17
Jul,B02598,40.72,-73.92,8
Jul,B02598,40.72,-73.91,22
Jul,B02598,40.72,-73.9,13
Jul,B02598,40.72,-73.89,11
Jul,B02598,40.72,-73.88,17
Jul,B02598,40.72,-73.87,19
Jul,B02598,40.72,-73.86,37
Jul,B02598,40.72,-73.85000000000001,56
Jul,B02598,40.72,-73.84,81
Jul,B02598,40.72,-73.83,18
Jul,B02598,40.72,-73.82000000000001,16
Jul,B02598,40.72,-73.81,30
Jul,B02598,40.72,-73.8,46
Jul,B02598,40.72,-73.79,23
Jul,B02598,40.72,-73.78,6
Jul,B02598,40.72,-73.77,5
Jul,B02598,40.72,-73.76,2
Jul,B02598,40.72,-73.75,5
Jul,B02598,40.72,-73.74,8
Jul,B02598,40.72,-73.73,4
Jul,B02598,40.72,-73.72,2
Jul,B02598,40.72,-73.71000000000001,2
Jul,B02598,40.72,-73.7,2
Jul,B02598,40.730000000000004,-74.14,1
Jul,B02598,40.730000000000004,-74.12,1
Jul,B02598,40.730000000000004,-74.10000000000001,2
Jul,B02598,40.730000000000004,-74.08,3
Jul,B02598,40.730000000000004,-74.07000000000001,20
Jul,B02598,40.730000000000004,-74.06,28
Jul,B02598,40.730000000000004,-74.05,54
Jul,B02598,40.730000000000004,-74.04,88
Jul,B02598,40.730000000000004,-74.03,51
Jul,B02598,40.730000000000004,-74.01,3695
Jul,B02598,40.730000000000004,-74,8082
Jul,B02598,40.730000000000004,-73.99,7391
Jul,B02598,40.730000000000004,-73.98,4016
Jul,B02598,40.730000000000004,-73.97,122
Jul,B02598,40.730000000000004,-73.96000000000001,598
Jul,B02598,40.730000000000004,-73.95,518
Jul,B02598,40.730000000000004,-73.94,192
Jul,B02598,40.730000000000004,-73.93,4
Jul,B02598,40.730000000000004,-73.92,12
Jul,B02598,40.730000000000004,-73.91,12
Jul,B02598,40.730000000000004,-73.9,30
Jul,B02598,40.730000000000004,-73.89,24
Jul,B02598,40.730000000000004,-73.88,14
Jul,B02598,40.730000000000004,-73.87,40
Jul,B02598,40.730000000000004,-73.86,73
Jul,B02598,40.730000000000004,-73.85000000000001,57
Jul,B02598,40.730000000000004,-73.84,2
Jul,B02598,40.730000000000004,-73.83,9
Jul,B02598,40.730000000000004,-73.82000000000001,15
Jul,B02598,40.730000000000004,-73.81,21
Jul,B02598,40.730000000000004,-73.8,8
Jul,B02598,40.730000000000004,-73.79,16
Jul,B02598,40.730000000000004,-73.78,9
Jul,B02598,40.730000000000004,-73.75,4
Jul,B02598,40.730000000000004,-73.74,1
Jul,B02598,40.730000000000004,-73.73,3
Jul,B02598,40.730000000000004,-73.72,3
Jul,B02598,40.730000000000004,-73.71000000000001,3
Jul,B02598,40.730000000000004,-73.7,3
Jul,B02598,40.74,-74.12,2
Jul,B02598,40.74,-74.08,1
Jul,B02598,40.74,-74.07000000000001,8
Jul,B02598,40.74,-74.06,15
Jul,B02598,40.74,-74.05,30
Jul,B02598,40.74,-74.04,123
Jul,B02598,40.74,-74.03,176
Jul,B02598,40.74,-74.01,5242
Jul,B02598,40.74,-74,6876
Jul,B02598,40.74,-73.99,10716
Jul,B02598,40.74,-73.98,4735
Jul,B02598,40.74,-73.97,923
Jul,B02598,40.74,-73.96000000000001,305
Jul,B02598,40.74,-73.95,291
Jul,B02598,40.74,-73.94,91
Jul,B02598,40.74,-73.93,110
Jul,B02598,40.74,-73.92,164
Jul,B02598,40.74,-73.91,40
Jul,B02598,40.74,-73.9,43
Jul,B02598,40.74,-73.89,39
Jul,B02598,40.74,-73.88,58
Jul,B02598,40.74,-73.87,46
Jul,B02598,40.74,-73.86,37
Jul,B02598,40.74,-73.85000000000001,21
Jul,B02598,40.74,-73.84,5
Jul,B02598,40.74,-73.83,17
Jul,B02598,40.74,-73.82000000000001,13
Jul,B02598,40.74,-73.81,11
Jul,B02598,40.74,-73.8,3
Jul,B02598,40.74,-73.79,7
Jul,B02598,40.74,-73.78,14
Jul,B02598,40.74,-73.77,2
Jul,B02598,40.74,-73.76,5
Jul,B02598,40.74,-73.75,4
Jul,B02598,40.74,-73.74,2
Jul,B02598,40.74,-73.73,1
Jul,B02598,40.74,-73.72,2
Jul,B02598,40.74,-73.71000000000001,5
Jul,B02598,40.75,-74.06,3
Jul,B02598,40.75,-74.05,11
Jul,B02598,40.75,-74.04,32
Jul,B02598,40.75,-74.03,189
Jul,B02598,40.75,-74.02,39
Jul,B02598,40.75,-74.01,1920
Jul,B02598,40.75,-74,3555
Jul,B02598,40.75,-73.99,9539
Jul,B02598,40.75,-73.98,8977
Jul,B02598,40.75,-73.97,3949
Jul,B02598,40.75,-73.96000000000001,408
Jul,B02598,40.75,-73.95,290
Jul,B02598,40.75,-73.94,546
Jul,B02598,40.75,-73.93,113
Jul,B02598,40.75,-73.92,109
Jul,B02598,40.75,-73.91,84
Jul,B02598,40.75,-73.9,57
Jul,B02598,40.75,-73.89,89
Jul,B02598,40.75,-73.88,67
Jul,B02598,40.75,-73.87,17
Jul,B02598,40.75,-73.86,10
Jul,B02598,40.75,-73.85000000000001,55
Jul,B02598,40.75,-73.84,8
Jul,B02598,40.75,-73.83,29
Jul,B02598,40.75,-73.82000000000001,12
Jul,B02598,40.75,-73.81,2
Jul,B02598,40.75,-73.8,3
Jul,B02598,40.75,-73.79,7
Jul,B02598,40.75,-73.78,5
Jul,B02598,40.75,-73.77,4
Jul,B02598,40.75,-73.76,4
Jul,B02598,40.75,-73.75,2
Jul,B02598,40.75,-73.74,2
Jul,B02598,40.75,-73.73,1
Jul,B02598,40.75,-73.72,2
Jul,B02598,40.75,-73.71000000000001,13
Jul,B02598,40.75,-73.7,3
Jul,B02598,40.76,-74.11,1
Jul,B02598,40.76,-74.08,3
Jul,B02598,40.76,-74.07000000000001,2
Jul,B02598,40.76,-74.05,1
Jul,B02598,40.76,-74.04,8
Jul,B02598,40.76,-74.03,34
Jul,B02598,40.76,-74.02,21
Jul,B02598,40.76,-74.01,5
Jul,B02598,40.76,-74,2738
Jul,B02598,40.76,-73.99,6553
Jul,B02598,40.76,-73.98,12970
Jul,B02598,40.76,-73.97,12160
Jul,B02598,40.76,-73.96000000000001,2277
Jul,B02598,40.76,-73.95,183
Jul,B02598,40.76,-73.94,41
Jul,B02598,40.76,-73.93,206
Jul,B02598,40.76,-73.92,366
Jul,B02598,40.76,-73.91,142
Jul,B02598,40.76,-73.9,40
Jul,B02598,40.76,-73.89,34
Jul,B02598,40.76,-73.88,42
Jul,B02598,40.76,-73.87,20
Jul,B02598,40.76,-73.86,15
Jul,B02598,40.76,-73.85000000000001,26
Jul,B02598,40.76,-73.84,116
Jul,B02598,40.76,-73.83,114
Jul,B02598,40.76,-73.82000000000001,17
Jul,B02598,40.76,-73.81,8
Jul,B02598,40.76,-73.8,15
Jul,B02598,40.76,-73.79,16
Jul,B02598,40.76,-73.78,14
Jul,B02598,40.76,-73.77,22
Jul,B02598,40.76,-73.76,10
Jul,B02598,40.76,-73.75,2
Jul,B02598,40.76,-73.74,2
Jul,B02598,40.76,-73.73,5
Jul,B02598,40.76,-73.72,1
Jul,B02598,40.76,-73.71000000000001,8
Jul,B02598,40.76,-73.7,2
Jul,B02598,40.77,-74.08,1
Jul,B02598,40.77,-74.06,2
Jul,B02598,40.77,-74.04,5
Jul,B02598,40.77,-74.03,8
Jul,B02598,40.77,-74.02,16
Jul,B02598,40.77,-74.01,4
Jul,B02598,40.77,-74,165
Jul,B02598,40.77,-73.99,2437
Jul,B02598,40.77,-73.98,4061
Jul,B02598,40.77,-73.97,1855
Jul,B02598,40.77,-73.96000000000001,4422
Jul,B02598,40.77,-73.95,2390
Jul,B02598,40.77,-73.94,83
Jul,B02598,40.77,-73.93,147
Jul,B02598,40.77,-73.92,383
Jul,B02598,40.77,-73.91,207
Jul,B02598,40.77,-73.9,83
Jul,B02598,40.77,-73.89,642
Jul,B02598,40.77,-73.88,132
Jul,B02598,40.77,-73.87,3490
Jul,B02598,40.77,-73.86,1494
Jul,B02598,40.77,-73.84,9
Jul,B02598,40.77,-73.83,11
Jul,B02598,40.77,-73.82000000000001,12
Jul,B02598,40.77,-73.81,6
Jul,B02598,40.77,-73.8,4
Jul,B02598,40.77,-73.79,5
Jul,B02598,40.77,-73.78,5
Jul,B02598,40.77,-73.77,7
Jul,B02598,40.77,-73.75,13
Jul,B02598,40.77,-73.74,7
Jul,B02598,40.77,-73.73,2
Jul,B02598,40.77,-73.72,2
Jul,B02598,40.77,-73.71000000000001,6
Jul,B02598,40.77,-73.7,3
Jul,B02598,40.78,-74.08,2
Jul,B02598,40.78,-74.07000000000001,7
Jul,B02598,40.78,-74.06,1
Jul,B02598,40.78,-74.05,3
Jul,B02598,40.78,-74.04,6
Jul,B02598,40.78,-74.03,2
Jul,B02598,40.78,-74.02,4
Jul,B02598,40.78,-74.01,29
Jul,B02598,40.78,-74,4
Jul,B02598,40.78,-73.99,810
Jul,B02598,40.78,-73.98,3130
Jul,B02598,40.78,-73.97,583
Jul,B02598,40.78,-73.96000000000001,2727
Jul,B02598,40.78,-73.95,2785
Jul,B02598,40.78,-73.94,151
Jul,B02598,40.78,-73.93,23
Jul,B02598,40.78,-73.92,80
Jul,B02598,40.78,-73.91,141
Jul,B02598,40.78,-73.9,21
Jul,B02598,40.78,-73.85000000000001,7
Jul,B02598,40.78,-73.84,21
Jul,B02598,40.78,-73.83,4
Jul,B02598,40.78,-73.82000000000001,8
Jul,B02598,40.78,-73.81,5
Jul,B02598,40.78,-73.8,10
Jul,B02598,40.78,-73.79,9
Jul,B02598,40.78,-73.78,12
Jul,B02598,40.78,-73.77,9
Jul,B02598,40.78,-73.75,3
Jul,B02598,40.78,-73.74,2
Jul,B02598,40.78,-73.73,16
Jul,B02598,40.78,-73.72,4
Jul,B02598,40.78,-73.71000000000001,8
Jul,B02598,40.78,-73.7,5
Jul,B02598,40.79,-74.08,2
Jul,B02598,40.79,-74.07000000000001,3
Jul,B02598,40.79,-74.06,2
Jul,B02598,40.79,-74.05,10
Jul,B02598,40.79,-74.04,29
Jul,B02598,40.79,-74.02,7
Jul,B02598,40.79,-74.01,8
Jul,B02598,40.79,-74,9
Jul,B02598,40.79,-73.99,2
Jul,B02598,40.79,-73.98,1251
Jul,B02598,40.79,-73.97,1637
Jul,B02598,40.79,-73.96000000000001,221
Jul,B02598,40.79,-73.95,629
Jul,B02598,40.79,-73.94,216
Jul,B02598,40.79,-73.93,18
Jul,B02598,40.79,-73.92,39
Jul,B02598,40.79,-73.85000000000001,3
Jul,B02598,40.79,-73.84,15
Jul,B02598,40.79,-73.83,7
Jul,B02598,40.79,-73.82000000000001,6
Jul,B02598,40.79,-73.81,8
Jul,B02598,40.79,-73.8,14
Jul,B02598,40.79,-73.79,9
Jul,B02598,40.79,-73.75,1
Jul,B02598,40.79,-73.74,1
Jul,B02598,40.79,-73.73,21
Jul,B02598,40.79,-73.72,3
Jul,B02598,40.79,-73.71000000000001,1
Jul,B02598,40.800000000000004,-74.10000000000001,1
Jul,B02598,40.800000000000004,-74.07000000000001,4
Jul,B02598,40.800000000000004,-74.06,1
Jul,B02598,40.800000000000004,-74.02,1
Jul,B02598,40.800000000000004,-74.01,2
Jul,B02598,40.800000000000004,-74,4
Jul,B02598,40.800000000000004,-73.99,6
Jul,B02598,40.800000000000004,-73.98,55
Jul,B02598,40.800000000000004,-73.97,779
Jul,B02598,40.800000000000004,-73.96000000000001,449
Jul,B02598,40.800000000000004,-73.95,352
Jul,B02598,40.800000000000004,-73.94,285
Jul,B02598,40.800000000000004,-73.93,161
Jul,B02598,40.800000000000004,-73.92,18
Jul,B02598,40.800000000000004,-73.91,12
Jul,B02598,40.800000000000004,-73.82000000000001,10
Jul,B02598,40.800000000000004,-73.75,1
Jul,B02598,40.800000000000004,-73.74,3
Jul,B02598,40.800000000000004,-73.73,1
Jul,B02598,40.800000000000004,-73.72,3
Jul,B02598,40.81,-74.11,2
Jul,B02598,40.81,-74.10000000000001,6
Jul,B02598,40.81,-74.08,12
Jul,B02598,40.81,-74.07000000000001,10
Jul,B02598,40.81,-74.01,2
Jul,B02598,40.81,-74,2
Jul,B02598,40.81,-73.99,6
Jul,B02598,40.81,-73.98,3
Jul,B02598,40.81,-73.97,106
Jul,B02598,40.81,-73.96000000000001,513
Jul,B02598,40.81,-73.95,436
Jul,B02598,40.81,-73.94,331
Jul,B02598,40.81,-73.93,47
Jul,B02598,40.81,-73.92,5
Jul,B02598,40.81,-73.91,6
Jul,B02598,40.81,-73.9,7
Jul,B02598,40.81,-73.89,3
Jul,B02598,40.81,-73.88,1
Jul,B02598,40.81,-73.87,1
Jul,B02598,40.81,-73.86,3
Jul,B02598,40.81,-73.85000000000001,4
Jul,B02598,40.81,-73.82000000000001,1
Jul,B02598,40.81,-73.81,5
Jul,B02598,40.81,-73.74,3
Jul,B02598,40.81,-73.73,1
Jul,B02598,40.82,-74.14,1
Jul,B02598,40.82,-74.12,1
Jul,B02598,40.82,-74.10000000000001,1
Jul,B02598,40.82,-74.08,1
Jul,B02598,40.82,-74.07000000000001,4
Jul,B02598,40.82,-74,4
Jul,B02598,40.82,-73.99,2
Jul,B02598,40.82,-73.98,2
Jul,B02598,40.82,-73.97,1
Jul,B02598,40.82,-73.96000000000001,116
Jul,B02598,40.82,-73.95,245
Jul,B02598,40.82,-73.94,242
Jul,B02598,40.82,-73.93,55
Jul,B02598,40.82,-73.92,32
Jul,B02598,40.82,-73.91,17
Jul,B02598,40.82,-73.9,5
Jul,B02598,40.82,-73.89,21
Jul,B02598,40.82,-73.88,8
Jul,B02598,40.82,-73.87,5
Jul,B02598,40.82,-73.86,5
Jul,B02598,40.82,-73.85000000000001,4
Jul,B02598,40.82,-73.84,5
Jul,B02598,40.82,-73.83,1
Jul,B02598,40.82,-73.82000000000001,4
Jul,B02598,40.82,-73.81,3
Jul,B02598,40.82,-73.8,1
Jul,B02598,40.82,-73.75,1
Jul,B02598,40.82,-73.74,2
Jul,B02598,40.82,-73.7,1
Jul,B02598,40.83,-74.13,1
Jul,B02598,40.83,-74.10000000000001,2
Jul,B02598,40.83,-74.09,3
Jul,B02598,40.83,-74.08,4
Jul,B02598,40.83,-74,2
Jul,B02598,40.83,-73.99,1
Jul,B02598,40.83,-73.98,9
Jul,B02598,40.83,-73.96000000000001,1
Jul,B02598,40.83,-73.95,135
Jul,B02598,40.83,-73.94,220
Jul,B02598,40.83,-73.93,186
Jul,B02598,40.83,-73.92,96
Jul,B02598,40.83,-73.91,10
Jul,B02598,40.83,-73.9,5
Jul,B02598,40.83,-73.89,13
Jul,B02598,40.83,-73.88,1
Jul,B02598,40.83,-73.87,10
Jul,B02598,40.83,-73.86,2
Jul,B02598,40.83,-73.85000000000001,13
Jul,B02598,40.83,-73.84,2
Jul,B02598,40.83,-73.83,5
Jul,B02598,40.83,-73.82000000000001,6
Jul,B02598,40.83,-73.75,1
Jul,B02598,40.83,-73.7,1
Jul,B02598,40.84,-74.09,1
Jul,B02598,40.84,-74.07000000000001,3
Jul,B02598,40.84,-74.04,1
Jul,B02598,40.84,-73.99,1
Jul,B02598,40.84,-73.98,3
Jul,B02598,40.84,-73.97,8
Jul,B02598,40.84,-73.95,41
Jul,B02598,40.84,-73.94,266
Jul,B02598,40.84,-73.93,10
Jul,B02598,40.84,-73.92,21
Jul,B02598,40.84,-73.91,9
Jul,B02598,40.84,-73.9,8
Jul,B02598,40.84,-73.89,13
Jul,B02598,40.84,-73.88,18
Jul,B02598,40.84,-73.87,9
Jul,B02598,40.84,-73.86,13
Jul,B02598,40.84,-73.85000000000001,12
Jul,B02598,40.84,-73.84,10
Jul,B02598,40.84,-73.83,13
Jul,B02598,40.84,-73.82000000000001,2
Jul,B02598,40.84,-73.78,2
Jul,B02598,40.84,-73.73,1
Jul,B02598,40.84,-73.71000000000001,1
Jul,B02598,40.85,-74.15,1
Jul,B02598,40.85,-74.13,1
Jul,B02598,40.85,-74.09,1
Jul,B02598,40.85,-74.07000000000001,6
Jul,B02598,40.85,-74.05,1
Jul,B02598,40.85,-74.04,3
Jul,B02598,40.85,-74.02,2
Jul,B02598,40.85,-74.01,3
Jul,B02598,40.85,-73.98,5
Jul,B02598,40.85,-73.97,12
Jul,B02598,40.85,-73.96000000000001,1
Jul,B02598,40.85,-73.94,184
Jul,B02598,40.85,-73.93,96
Jul,B02598,40.85,-73.92,4
Jul,B02598,40.85,-73.91,15
Jul,B02598,40.85,-73.9,9
Jul,B02598,40.85,-73.89,25
Jul,B02598,40.85,-73.88,12
Jul,B02598,40.85,-73.87,12
Jul,B02598,40.85,-73.86,15
Jul,B02598,40.85,-73.85000000000001,26
Jul,B02598,40.85,-73.84,19
Jul,B02598,40.85,-73.83,14
Jul,B02598,40.85,-73.82000000000001,4
Jul,B02598,40.85,-73.79,3
Jul,B02598,40.85,-73.78,1
Jul,B02598,40.85,-73.71000000000001,1
Jul,B02598,40.86,-74.13,1
Jul,B02598,40.86,-74.11,1
Jul,B02598,40.86,-74.10000000000001,1
Jul,B02598,40.86,-74.09,1
Jul,B02598,40.86,-74.08,1
Jul,B02598,40.86,-74.07000000000001,2
Jul,B02598,40.86,-74.06,1
Jul,B02598,40.86,-74.03,1
Jul,B02598,40.86,-74.02,2
Jul,B02598,40.86,-73.98,4
Jul,B02598,40.86,-73.97,7
Jul,B02598,40.86,-73.96000000000001,2
Jul,B02598,40.86,-73.94,40
Jul,B02598,40.86,-73.93,92
Jul,B02598,40.86,-73.92,13
Jul,B02598,40.86,-73.91,10
Jul,B02598,40.86,-73.9,14
Jul,B02598,40.86,-73.89,55
Jul,B02598,40.86,-73.88,30
Jul,B02598,40.86,-73.87,20
Jul,B02598,40.86,-73.86,19
Jul,B02598,40.86,-73.85000000000001,6
Jul,B02598,40.86,-73.84,4
Jul,B02598,40.86,-73.83,2
Jul,B02598,40.86,-73.82000000000001,1
Jul,B02598,40.86,-73.81,1
Jul,B02598,40.87,-74.10000000000001,1
Jul,B02598,40.87,-74.09,2
Jul,B02598,40.87,-74.08,1
Jul,B02598,40.87,-74.06,2
Jul,B02598,40.87,-74.01,5
Jul,B02598,40.87,-74,3
Jul,B02598,40.87,-73.98,1
Jul,B02598,40.87,-73.97,3
Jul,B02598,40.87,-73.96000000000001,5
Jul,B02598,40.87,-73.93,69
Jul,B02598,40.87,-73.92,51
Jul,B02598,40.87,-73.91,10
Jul,B02598,40.87,-73.9,20
Jul,B02598,40.87,-73.89,13
Jul,B02598,40.87,-73.88,26
Jul,B02598,40.87,-73.87,3
Jul,B02598,40.87,-73.86,7
Jul,B02598,40.87,-73.85000000000001,6
Jul,B02598,40.87,-73.84,3
Jul,B02598,40.87,-73.83,4
Jul,B02598,40.87,-73.82000000000001,2
Jul,B02598,40.87,-73.81,6
Jul,B02598,40.87,-73.8,2
Jul,B02598,40.88,-74.14,1
Jul,B02598,40.88,-74.10000000000001,1
Jul,B02598,40.88,-74.08,1
Jul,B02598,40.88,-74.07000000000001,1
Jul,B02598,40.88,-74.06,5
Jul,B02598,40.88,-74.05,1
Jul,B02598,40.88,-74.04,1
Jul,B02598,40.88,-74.02,1
Jul,B02598,40.88,-74,2
Jul,B02598,40.88,-73.99,4
Jul,B02598,40.88,-73.98,3
Jul,B02598,40.88,-73.97,3
Jul,B02598,40.88,-73.95,5
Jul,B02598,40.88,-73.92,25
Jul,B02598,40.88,-73.91,40
Jul,B02598,40.88,-73.9,29
Jul,B02598,40.88,-73.89,15
Jul,B02598,40.88,-73.88,26
Jul,B02598,40.88,-73.87,6
Jul,B02598,40.88,-73.86,12
Jul,B02598,40.88,-73.85000000000001,4
Jul,B02598,40.88,-73.84,6
Jul,B02598,40.89,-74.09,1
Jul,B02598,40.89,-74.07000000000001,2
Jul,B02598,40.89,-74.06,2
Jul,B02598,40.89,-74.05,4
Jul,B02598,40.89,-74.04,3
Jul,B02598,40.89,-74.02,1
Jul,B02598,40.89,-74.01,3
Jul,B02598,40.89,-73.99,1
Jul,B02598,40.89,-73.98,1
Jul,B02598,40.89,-73.97,4
Jul,B02598,40.89,-73.95,6
Jul,B02598,40.89,-73.94,1
Jul,B02598,40.89,-73.92,9
Jul,B02598,40.89,-73.91,74
Jul,B02598,40.89,-73.9,64
Jul,B02598,40.89,-73.89,12
Jul,B02598,40.89,-73.88,3
Jul,B02598,40.89,-73.86,6
Jul,B02598,40.89,-73.85000000000001,9
Jul,B02598,40.89,-73.84,3
Jul,B02598,40.89,-73.83,2
Jul,B02598,40.89,-73.82000000000001,1
Jul,B02598,40.89,-73.81,4
Jul,B02598,40.89,-73.8,3
Jul,B02598,40.89,-73.79,11
Jul,B02598,40.89,-73.78,6
Jul,B02598,40.9,-74.12,1
Jul,B02598,40.9,-74.01,2
Jul,B02598,40.9,-73.98,2
Jul,B02598,40.9,-73.97,1
Jul,B02598,40.9,-73.96000000000001,2
Jul,B02598,40.9,-73.95,1
Jul,B02598,40.9,-73.94,5
Jul,B02598,40.9,-73.91,7
Jul,B02598,40.9,-73.9,23
Jul,B02598,40.9,-73.87,8
Jul,B02598,40.9,-73.86,10
Jul,B02598,40.9,-73.85000000000001,5
Jul,B02598,40.9,-73.84,2
Jul,B02598,40.9,-73.83,2
Jul,B02598,40.9,-73.81,3
Jul,B02598,40.9,-73.8,2
Jul,B02598,40.9,-73.79,1
Jul,B02598,40.9,-73.78,1
Jul,B02598,40.9,-73.77,1
Jul,B02598,40.910000000000004,-74.10000000000001,2
Jul,B02598,40.910000000000004,-74.08,1
Jul,B02598,40.910000000000004,-74.04,1
Jul,B02598,40.910000000000004,-74.03,2
Jul,B02598,40.910000000000004,-74.02,1
Jul,B02598,40.910000000000004,-74.01,1
Jul,B02598,40.910000000000004,-74,1
Jul,B02598,40.910000000000004,-73.97,1
Jul,B02598,40.910000000000004,-73.96000000000001,1
Jul,B02598,40.910000000000004,-73.91,4
Jul,B02598,40.910000000000004,-73.9,8
Jul,B02598,40.910000000000004,-73.89,2
Jul,B02598,40.910000000000004,-73.88,1
Jul,B02598,40.910000000000004,-73.87,1
Jul,B02598,40.910000000000004,-73.86,5
Jul,B02598,40.910000000000004,-73.85000000000001,2
Jul,B02598,40.910000000000004,-73.84,1
Jul,B02598,40.910000000000004,-73.83,2
Jul,B02598,40.910000000000004,-73.82000000000001,1
Jul,B02598,40.910000000000004,-73.81,3
Jul,B02598,40.910000000000004,-73.79,1
Jul,B02598,40.910000000000004,-73.78,15
Jul,B02598,40.92,-74.08,1
Jul,B02598,40.92,-74.06,1
Jul,B02598,40.92,-74.04,1
Jul,B02598,40.92,-73.95,2
Jul,B02598,40.92,-73.89,1
Jul,B02598,40.92,-73.88,1
Jul,B02598,40.92,-73.81,2
Jul,B02598,40.92,-73.8,1
Jul,B02598,40.92,-73.77,2
Jul,B02617,40.58,-74.09,1
Jul,B02617,40.58,-74.01,1
Jul,B02617,40.58,-74,1
Jul,B02617,40.58,-73.99,5
Jul,B02617,40.58,-73.98,5
Jul,B02617,40.58,-73.97,20
Jul,B02617,40.58,-73.96000000000001,27
Jul,B02617,40.58,-73.95,13
Jul,B02617,40.58,-73.94,21
Jul,B02617,40.58,-73.93,6
Jul,B02617,40.58,-73.89,1
Jul,B02617,40.58,-73.85000000000001,1
Jul,B02617,40.58,-73.84,4
Jul,B02617,40.58,-73.83,1
Jul,B02617,40.58,-73.82000000000001,6
Jul,B02617,40.59,-74.09,1
Jul,B02617,40.59,-74.08,2
Jul,B02617,40.59,-74.07000000000001,3
Jul,B02617,40.59,-74,3
Jul,B02617,40.59,-73.99,13
Jul,B02617,40.59,-73.98,12
Jul,B02617,40.59,-73.97,28
Jul,B02617,40.59,-73.96000000000001,29
Jul,B02617,40.59,-73.95,26
Jul,B02617,40.59,-73.94,11
Jul,B02617,40.59,-73.93,16
Jul,B02617,40.59,-73.9,3
Jul,B02617,40.59,-73.89,1
Jul,B02617,40.59,-73.82000000000001,1
Jul,B02617,40.59,-73.81,5
Jul,B02617,40.59,-73.8,4
Jul,B02617,40.59,-73.79,1
Jul,B02617,40.59,-73.74,3
Jul,B02617,40.59,-73.73,4
Jul,B02617,40.59,-73.72,3
Jul,B02617,40.59,-73.71000000000001,6
Jul,B02617,40.6,-74.13,3
Jul,B02617,40.6,-74.09,3
Jul,B02617,40.6,-74.07000000000001,1
Jul,B02617,40.6,-74.06,1
Jul,B02617,40.6,-74.02,2
Jul,B02617,40.6,-74.01,10
Jul,B02617,40.6,-74,19
Jul,B02617,40.6,-73.99,26
Jul,B02617,40.6,-73.98,24
Jul,B02617,40.6,-73.97,37
Jul,B02617,40.6,-73.96000000000001,25
Jul,B02617,40.6,-73.95,19
Jul,B02617,40.6,-73.94,20
Jul,B02617,40.6,-73.93,3
Jul,B02617,40.6,-73.92,1
Jul,B02617,40.6,-73.91,14
Jul,B02617,40.6,-73.82000000000001,1
Jul,B02617,40.6,-73.76,2
Jul,B02617,40.6,-73.75,1
Jul,B02617,40.6,-73.72,1
Jul,B02617,40.61,-74.15,1
Jul,B02617,40.61,-74.12,5
Jul,B02617,40.61,-74.10000000000001,1
Jul,B02617,40.61,-74.09,1
Jul,B02617,40.61,-74.07000000000001,1
Jul,B02617,40.61,-74.06,3
Jul,B02617,40.61,-74.04,12
Jul,B02617,40.61,-74.03,24
Jul,B02617,40.61,-74.02,12
Jul,B02617,40.61,-74.01,25
Jul,B02617,40.61,-74,32
Jul,B02617,40.61,-73.99,11
Jul,B02617,40.61,-73.98,40
Jul,B02617,40.61,-73.97,26
Jul,B02617,40.61,-73.96000000000001,49
Jul,B02617,40.61,-73.95,30
Jul,B02617,40.61,-73.94,16
Jul,B02617,40.61,-73.93,16
Jul,B02617,40.61,-73.92,31
Jul,B02617,40.61,-73.91,10
Jul,B02617,40.61,-73.9,9
Jul,B02617,40.61,-73.76,1
Jul,B02617,40.61,-73.75,5
Jul,B02617,40.61,-73.74,4
Jul,B02617,40.61,-73.73,3
Jul,B02617,40.61,-73.72,2
Jul,B02617,40.61,-73.71000000000001,3
Jul,B02617,40.62,-74.13,2
Jul,B02617,40.62,-74.12,1
Jul,B02617,40.62,-74.11,3
Jul,B02617,40.62,-74.10000000000001,1
Jul,B02617,40.62,-74.09,1
Jul,B02617,40.62,-74.08,1
Jul,B02617,40.62,-74.07000000000001,3
Jul,B02617,40.62,-74.04,24
Jul,B02617,40.62,-74.03,120
Jul,B02617,40.62,-74.02,65
Jul,B02617,40.62,-74.01,18
Jul,B02617,40.62,-74,29
Jul,B02617,40.62,-73.99,16
Jul,B02617,40.62,-73.98,10
Jul,B02617,40.62,-73.97,19
Jul,B02617,40.62,-73.96000000000001,40
Jul,B02617,40.62,-73.95,27
Jul,B02617,40.62,-73.94,28
Jul,B02617,40.62,-73.93,20
Jul,B02617,40.62,-73.92,34
Jul,B02617,40.62,-73.91,7
Jul,B02617,40.62,-73.9,2
Jul,B02617,40.62,-73.76,1
Jul,B02617,40.62,-73.75,1
Jul,B02617,40.62,-73.74,2
Jul,B02617,40.62,-73.73,5
Jul,B02617,40.62,-73.72,4
Jul,B02617,40.63,-74.11,1
Jul,B02617,40.63,-74.09,1
Jul,B02617,40.63,-74.04,9
Jul,B02617,40.63,-74.03,86
Jul,B02617,40.63,-74.02,56
Jul,B02617,40.63,-74.01,29
Jul,B02617,40.63,-74,17
Jul,B02617,40.63,-73.99,14
Jul,B02617,40.63,-73.98,20
Jul,B02617,40.63,-73.97,50
Jul,B02617,40.63,-73.96000000000001,80
Jul,B02617,40.63,-73.95,69
Jul,B02617,40.63,-73.94,44
Jul,B02617,40.63,-73.93,21
Jul,B02617,40.63,-73.92,25
Jul,B02617,40.63,-73.91,11
Jul,B02617,40.63,-73.9,22
Jul,B02617,40.63,-73.89,13
Jul,B02617,40.63,-73.74,2
Jul,B02617,40.63,-73.72,2
Jul,B02617,40.63,-73.71000000000001,3
Jul,B02617,40.63,-73.7,1
Jul,B02617,40.64,-74.08,3
Jul,B02617,40.64,-74.07000000000001,4
Jul,B02617,40.64,-74.04,15
Jul,B02617,40.64,-74.03,35
Jul,B02617,40.64,-74.02,51
Jul,B02617,40.64,-74.01,25
Jul,B02617,40.64,-74,55
Jul,B02617,40.64,-73.99,28
Jul,B02617,40.64,-73.98,64
Jul,B02617,40.64,-73.97,161
Jul,B02617,40.64,-73.96000000000001,135
Jul,B02617,40.64,-73.95,52
Jul,B02617,40.64,-73.94,21
Jul,B02617,40.64,-73.93,45
Jul,B02617,40.64,-73.92,31
Jul,B02617,40.64,-73.91,23
Jul,B02617,40.64,-73.9,21
Jul,B02617,40.64,-73.89,7
Jul,B02617,40.64,-73.88,2
Jul,B02617,40.64,-73.83,1
Jul,B02617,40.64,-73.8,12
Jul,B02617,40.64,-73.79,1086
Jul,B02617,40.64,-73.78,2386
Jul,B02617,40.64,-73.74,5
Jul,B02617,40.64,-73.73,1
Jul,B02617,40.64,-73.72,2
Jul,B02617,40.64,-73.71000000000001,5
Jul,B02617,40.64,-73.7,1
Jul,B02617,40.65,-74.14,1
Jul,B02617,40.65,-74.13,1
Jul,B02617,40.65,-74.12,1
Jul,B02617,40.65,-74.08,3
Jul,B02617,40.65,-74.02,52
Jul,B02617,40.65,-74.01,68
Jul,B02617,40.65,-74,94
Jul,B02617,40.65,-73.99,2
Jul,B02617,40.65,-73.98,112
Jul,B02617,40.65,-73.97,132
Jul,B02617,40.65,-73.96000000000001,239
Jul,B02617,40.65,-73.95,76
Jul,B02617,40.65,-73.94,49
Jul,B02617,40.65,-73.93,26
Jul,B02617,40.65,-73.92,21
Jul,B02617,40.65,-73.91,34
Jul,B02617,40.65,-73.9,25
Jul,B02617,40.65,-73.89,7
Jul,B02617,40.65,-73.88,14
Jul,B02617,40.65,-73.87,5
Jul,B02617,40.65,-73.85000000000001,2
Jul,B02617,40.65,-73.84,13
Jul,B02617,40.65,-73.83,1
Jul,B02617,40.65,-73.81,7
Jul,B02617,40.65,-73.8,11
Jul,B02617,40.65,-73.79,1070
Jul,B02617,40.65,-73.78,2217
Jul,B02617,40.65,-73.77,3
Jul,B02617,40.65,-73.76,4
Jul,B02617,40.65,-73.74,1
Jul,B02617,40.65,-73.73,5
Jul,B02617,40.65,-73.71000000000001,1
Jul,B02617,40.65,-73.7,1
Jul,B02617,40.660000000000004,-74.14,1
Jul,B02617,40.660000000000004,-74.13,5
Jul,B02617,40.660000000000004,-74.12,3
Jul,B02617,40.660000000000004,-74.11,1
Jul,B02617,40.660000000000004,-74.10000000000001,1
Jul,B02617,40.660000000000004,-74.09,2
Jul,B02617,40.660000000000004,-74.01,126
Jul,B02617,40.660000000000004,-74,119
Jul,B02617,40.660000000000004,-73.99,394
Jul,B02617,40.660000000000004,-73.98,445
Jul,B02617,40.660000000000004,-73.97,12
Jul,B02617,40.660000000000004,-73.96000000000001,267
Jul,B02617,40.660000000000004,-73.95,197
Jul,B02617,40.660000000000004,-73.94,100
Jul,B02617,40.660000000000004,-73.93,46
Jul,B02617,40.660000000000004,-73.92,46
Jul,B02617,40.660000000000004,-73.91,29
Jul,B02617,40.660000000000004,-73.9,15
Jul,B02617,40.660000000000004,-73.89,17
Jul,B02617,40.660000000000004,-73.88,12
Jul,B02617,40.660000000000004,-73.87,10
Jul,B02617,40.660000000000004,-73.86,2
Jul,B02617,40.660000000000004,-73.85000000000001,7
Jul,B02617,40.660000000000004,-73.84,12
Jul,B02617,40.660000000000004,-73.83,20
Jul,B02617,40.660000000000004,-73.82000000000001,7
Jul,B02617,40.660000000000004,-73.81,3
Jul,B02617,40.660000000000004,-73.8,47
Jul,B02617,40.660000000000004,-73.79,8
Jul,B02617,40.660000000000004,-73.78,4
Jul,B02617,40.660000000000004,-73.77,9
Jul,B02617,40.660000000000004,-73.76,8
Jul,B02617,40.660000000000004,-73.75,7
Jul,B02617,40.660000000000004,-73.74,5
Jul,B02617,40.660000000000004,-73.73,3
Jul,B02617,40.660000000000004,-73.72,9
Jul,B02617,40.660000000000004,-73.7,3
Jul,B02617,40.67,-74.12,3
Jul,B02617,40.67,-74.11,5
Jul,B02617,40.67,-74.10000000000001,4
Jul,B02617,40.67,-74.09,1
Jul,B02617,40.67,-74.08,1
Jul,B02617,40.67,-74.02,94
Jul,B02617,40.67,-74.01,165
Jul,B02617,40.67,-74,113
Jul,B02617,40.67,-73.99,633
Jul,B02617,40.67,-73.98,1004
Jul,B02617,40.67,-73.97,410
Jul,B02617,40.67,-73.96000000000001,663
Jul,B02617,40.67,-73.95,431
Jul,B02617,40.67,-73.94,240
Jul,B02617,40.67,-73.93,114
Jul,B02617,40.67,-73.92,27
Jul,B02617,40.67,-73.91,16
Jul,B02617,40.67,-73.9,10
Jul,B02617,40.67,-73.89,20
Jul,B02617,40.67,-73.88,23
Jul,B02617,40.67,-73.87,8
Jul,B02617,40.67,-73.86,19
Jul,B02617,40.67,-73.85000000000001,19
Jul,B02617,40.67,-73.84,7
Jul,B02617,40.67,-73.83,17
Jul,B02617,40.67,-73.82000000000001,18
Jul,B02617,40.67,-73.81,49
Jul,B02617,40.67,-73.8,60
Jul,B02617,40.67,-73.79,42
Jul,B02617,40.67,-73.78,25
Jul,B02617,40.67,-73.77,13
Jul,B02617,40.67,-73.76,7
Jul,B02617,40.67,-73.75,3
Jul,B02617,40.67,-73.74,4
Jul,B02617,40.67,-73.73,4
Jul,B02617,40.67,-73.72,4
Jul,B02617,40.68,-74.12,2
Jul,B02617,40.68,-74.11,1
Jul,B02617,40.68,-74.10000000000001,4
Jul,B02617,40.68,-74.09,1
Jul,B02617,40.68,-74.02,162
Jul,B02617,40.68,-74.01,325
Jul,B02617,40.68,-74,799
Jul,B02617,40.68,-73.99,779
Jul,B02617,40.68,-73.98,1258
Jul,B02617,40.68,-73.97,1032
Jul,B02617,40.68,-73.96000000000001,957
Jul,B02617,40.68,-73.95,524
Jul,B02617,40.68,-73.94,320
Jul,B02617,40.68,-73.93,207
Jul,B02617,40.68,-73.92,104
Jul,B02617,40.68,-73.91,94
Jul,B02617,40.68,-73.9,38
Jul,B02617,40.68,-73.89,11
Jul,B02617,40.68,-73.88,10
Jul,B02617,40.68,-73.87,14
Jul,B02617,40.68,-73.86,10
Jul,B02617,40.68,-73.85000000000001,18
Jul,B02617,40.68,-73.84,26
Jul,B02617,40.68,-73.83,9
Jul,B02617,40.68,-73.82000000000001,11
Jul,B02617,40.68,-73.81,11
Jul,B02617,40.68,-73.8,24
Jul,B02617,40.68,-73.79,5
Jul,B02617,40.68,-73.78,10
Jul,B02617,40.68,-73.77,7
Jul,B02617,40.68,-73.76,5
Jul,B02617,40.68,-73.75,9
Jul,B02617,40.68,-73.74,3
Jul,B02617,40.68,-73.73,5
Jul,B02617,40.68,-73.72,2
Jul,B02617,40.68,-73.71000000000001,4
Jul,B02617,40.68,-73.7,1
Jul,B02617,40.69,-74.11,5
Jul,B02617,40.69,-74.10000000000001,7
Jul,B02617,40.69,-74.09,5
Jul,B02617,40.69,-74.07000000000001,6
Jul,B02617,40.69,-74.06,1
Jul,B02617,40.69,-74.01,1
Jul,B02617,40.69,-74,846
Jul,B02617,40.69,-73.99,1762
Jul,B02617,40.69,-73.98,1107
Jul,B02617,40.69,-73.97,1301
Jul,B02617,40.69,-73.96000000000001,900
Jul,B02617,40.69,-73.95,614
Jul,B02617,40.69,-73.94,396
Jul,B02617,40.69,-73.93,278
Jul,B02617,40.69,-73.92,288
Jul,B02617,40.69,-73.91,219
Jul,B02617,40.69,-73.9,23
Jul,B02617,40.69,-73.89,2
Jul,B02617,40.69,-73.88,2
Jul,B02617,40.69,-73.87,10
Jul,B02617,40.69,-73.86,19
Jul,B02617,40.69,-73.85000000000001,19
Jul,B02617,40.69,-73.84,9
Jul,B02617,40.69,-73.83,24
Jul,B02617,40.69,-73.82000000000001,11
Jul,B02617,40.69,-73.81,13
Jul,B02617,40.69,-73.8,7
Jul,B02617,40.69,-73.78,4
Jul,B02617,40.69,-73.77,3
Jul,B02617,40.69,-73.76,5
Jul,B02617,40.69,-73.75,4
Jul,B02617,40.69,-73.74,9
Jul,B02617,40.69,-73.73,4
Jul,B02617,40.69,-73.72,3
Jul,B02617,40.69,-73.71000000000001,1
Jul,B02617,40.69,-73.7,1
Jul,B02617,40.7,-74.15,1
Jul,B02617,40.7,-74.14,1
Jul,B02617,40.7,-74.12,1
Jul,B02617,40.7,-74.10000000000001,2
Jul,B02617,40.7,-74.09,14
Jul,B02617,40.7,-74.08,5
Jul,B02617,40.7,-74.07000000000001,5
Jul,B02617,40.7,-74.06,3
Jul,B02617,40.7,-74.05,2
Jul,B02617,40.7,-74.02,92
Jul,B02617,40.7,-74.01,1824
Jul,B02617,40.7,-74,248
Jul,B02617,40.7,-73.99,1844
Jul,B02617,40.7,-73.98,562
Jul,B02617,40.7,-73.97,325
Jul,B02617,40.7,-73.96000000000001,191
Jul,B02617,40.7,-73.95,245
Jul,B02617,40.7,-73.94,398
Jul,B02617,40.7,-73.93,911
Jul,B02617,40.7,-73.92,424
Jul,B02617,40.7,-73.91,199
Jul,B02617,40.7,-73.9,67
Jul,B02617,40.7,-73.89,16
Jul,B02617,40.7,-73.88,23
Jul,B02617,40.7,-73.87,15
Jul,B02617,40.7,-73.86,13
Jul,B02617,40.7,-73.85000000000001,11
Jul,B02617,40.7,-73.84,22
Jul,B02617,40.7,-73.83,36
Jul,B02617,40.7,-73.82000000000001,29
Jul,B02617,40.7,-73.81,91
Jul,B02617,40.7,-73.8,27
Jul,B02617,40.7,-73.79,5
Jul,B02617,40.7,-73.78,5
Jul,B02617,40.7,-73.77,11
Jul,B02617,40.7,-73.76,7
Jul,B02617,40.7,-73.75,9
Jul,B02617,40.7,-73.74,11
Jul,B02617,40.7,-73.73,3
Jul,B02617,40.7,-73.72,7
Jul,B02617,40.7,-73.7,2
Jul,B02617,40.71,-74.11,3
Jul,B02617,40.71,-74.10000000000001,9
Jul,B02617,40.71,-74.09,13
Jul,B02617,40.71,-74.08,10
Jul,B02617,40.71,-74.07000000000001,3
Jul,B02617,40.71,-74.06,22
Jul,B02617,40.71,-74.05,2
Jul,B02617,40.71,-74.04,113
Jul,B02617,40.71,-74.03,28
Jul,B02617,40.71,-74.02,1449
Jul,B02617,40.71,-74.01,7280
Jul,B02617,40.71,-74,1326
Jul,B02617,40.71,-73.99,695
Jul,B02617,40.71,-73.98,289
Jul,B02617,40.71,-73.97,806
Jul,B02617,40.71,-73.96000000000001,1907
Jul,B02617,40.71,-73.95,1557
Jul,B02617,40.71,-73.94,1040
Jul,B02617,40.71,-73.93,335
Jul,B02617,40.71,-73.92,365
Jul,B02617,40.71,-73.91,56
Jul,B02617,40.71,-73.9,37
Jul,B02617,40.71,-73.89,11
Jul,B02617,40.71,-73.88,21
Jul,B02617,40.71,-73.87,26
Jul,B02617,40.71,-73.86,29
Jul,B02617,40.71,-73.85000000000001,29
Jul,B02617,40.71,-73.84,28
Jul,B02617,40.71,-73.83,98
Jul,B02617,40.71,-73.82000000000001,54
Jul,B02617,40.71,-73.81,14
Jul,B02617,40.71,-73.8,31
Jul,B02617,40.71,-73.79,34
Jul,B02617,40.71,-73.78,31
Jul,B02617,40.71,-73.77,6
Jul,B02617,40.71,-73.76,6
Jul,B02617,40.71,-73.75,3
Jul,B02617,40.71,-73.74,10
Jul,B02617,40.71,-73.73,4
Jul,B02617,40.71,-73.72,4
Jul,B02617,40.71,-73.7,1
Jul,B02617,40.72,-74.14,1
Jul,B02617,40.72,-74.10000000000001,5
Jul,B02617,40.72,-74.09,15
Jul,B02617,40.72,-74.08,16
Jul,B02617,40.72,-74.07000000000001,38
Jul,B02617,40.72,-74.06,33
Jul,B02617,40.72,-74.05,128
Jul,B02617,40.72,-74.04,246
Jul,B02617,40.72,-74.03,121
Jul,B02617,40.72,-74.02,657
Jul,B02617,40.72,-74.01,6993
Jul,B02617,40.72,-74,11231
Jul,B02617,40.72,-73.99,7658
Jul,B02617,40.72,-73.98,2633
Jul,B02617,40.72,-73.97,114
Jul,B02617,40.72,-73.96000000000001,3517
Jul,B02617,40.72,-73.95,1498
Jul,B02617,40.72,-73.94,791
Jul,B02617,40.72,-73.93,26
Jul,B02617,40.72,-73.92,4
Jul,B02617,40.72,-73.91,18
Jul,B02617,40.72,-73.9,27
Jul,B02617,40.72,-73.89,26
Jul,B02617,40.72,-73.88,28
Jul,B02617,40.72,-73.87,27
Jul,B02617,40.72,-73.86,54
Jul,B02617,40.72,-73.85000000000001,100
Jul,B02617,40.72,-73.84,132
Jul,B02617,40.72,-73.83,22
Jul,B02617,40.72,-73.82000000000001,22
Jul,B02617,40.72,-73.81,35
Jul,B02617,40.72,-73.8,63
Jul,B02617,40.72,-73.79,30
Jul,B02617,40.72,-73.78,15
Jul,B02617,40.72,-73.77,6
Jul,B02617,40.72,-73.76,4
Jul,B02617,40.72,-73.75,11
Jul,B02617,40.72,-73.74,14
Jul,B02617,40.72,-73.73,9
Jul,B02617,40.72,-73.72,1
Jul,B02617,40.72,-73.71000000000001,3
Jul,B02617,40.730000000000004,-74.15,1
Jul,B02617,40.730000000000004,-74.14,1
Jul,B02617,40.730000000000004,-74.11,1
Jul,B02617,40.730000000000004,-74.10000000000001,1
Jul,B02617,40.730000000000004,-74.08,12
Jul,B02617,40.730000000000004,-74.07000000000001,45
Jul,B02617,40.730000000000004,-74.06,65
Jul,B02617,40.730000000000004,-74.05,105
Jul,B02617,40.730000000000004,-74.04,152
Jul,B02617,40.730000000000004,-74.03,97
Jul,B02617,40.730000000000004,-74.01,4724
Jul,B02617,40.730000000000004,-74,10001
Jul,B02617,40.730000000000004,-73.99,9353
Jul,B02617,40.730000000000004,-73.98,5096
Jul,B02617,40.730000000000004,-73.97,182
Jul,B02617,40.730000000000004,-73.96000000000001,823
Jul,B02617,40.730000000000004,-73.95,713
Jul,B02617,40.730000000000004,-73.94,302
Jul,B02617,40.730000000000004,-73.93,7
Jul,B02617,40.730000000000004,-73.92,13
Jul,B02617,40.730000000000004,-73.91,14
Jul,B02617,40.730000000000004,-73.9,44
Jul,B02617,40.730000000000004,-73.89,32
Jul,B02617,40.730000000000004,-73.88,28
Jul,B02617,40.730000000000004,-73.87,80
Jul,B02617,40.730000000000004,-73.86,109
Jul,B02617,40.730000000000004,-73.85000000000001,100
Jul,B02617,40.730000000000004,-73.84,7
Jul,B02617,40.730000000000004,-73.83,8
Jul,B02617,40.730000000000004,-73.82000000000001,24
Jul,B02617,40.730000000000004,-73.81,40
Jul,B02617,40.730000000000004,-73.8,10
Jul,B02617,40.730000000000004,-73.79,18
Jul,B02617,40.730000000000004,-73.78,12
Jul,B02617,40.730000000000004,-73.77,1
Jul,B02617,40.730000000000004,-73.76,5
Jul,B02617,40.730000000000004,-73.75,1
Jul,B02617,40.730000000000004,-73.74,8
Jul,B02617,40.730000000000004,-73.73,5
Jul,B02617,40.730000000000004,-73.72,6
Jul,B02617,40.730000000000004,-73.71000000000001,7
Jul,B02617,40.730000000000004,-73.7,6
Jul,B02617,40.74,-74.08,3
Jul,B02617,40.74,-74.07000000000001,15
Jul,B02617,40.74,-74.06,33
Jul,B02617,40.74,-74.05,56
Jul,B02617,40.74,-74.04,214
Jul,B02617,40.74,-74.03,335
Jul,B02617,40.74,-74.01,6755
Jul,B02617,40.74,-74,8773
Jul,B02617,40.74,-73.99,12612
Jul,B02617,40.74,-73.98,5931
Jul,B02617,40.74,-73.97,1194
Jul,B02617,40.74,-73.96000000000001,402
Jul,B02617,40.74,-73.95,397
Jul,B02617,40.74,-73.94,115
Jul,B02617,40.74,-73.93,164
Jul,B02617,40.74,-73.92,269
Jul,B02617,40.74,-73.91,63
Jul,B02617,40.74,-73.9,50
Jul,B02617,40.74,-73.89,52
Jul,B02617,40.74,-73.88,76
Jul,B02617,40.74,-73.87,63
Jul,B02617,40.74,-73.86,60
Jul,B02617,40.74,-73.85000000000001,37
Jul,B02617,40.74,-73.84,6
Jul,B02617,40.74,-73.83,40
Jul,B02617,40.74,-73.82000000000001,22
Jul,B02617,40.74,-73.81,16
Jul,B02617,40.74,-73.8,9
Jul,B02617,40.74,-73.79,10
Jul,B02617,40.74,-73.78,15
Jul,B02617,40.74,-73.76,9
Jul,B02617,40.74,-73.75,11
Jul,B02617,40.74,-73.74,2
Jul,B02617,40.74,-73.73,2
Jul,B02617,40.74,-73.72,9
Jul,B02617,40.74,-73.71000000000001,7
Jul,B02617,40.74,-73.7,2
Jul,B02617,40.75,-74.15,3
Jul,B02617,40.75,-74.11,2
Jul,B02617,40.75,-74.06,8
Jul,B02617,40.75,-74.05,11
Jul,B02617,40.75,-74.04,69
Jul,B02617,40.75,-74.03,359
Jul,B02617,40.75,-74.02,57
Jul,B02617,40.75,-74.01,2440
Jul,B02617,40.75,-74,4477
Jul,B02617,40.75,-73.99,11756
Jul,B02617,40.75,-73.98,11194
Jul,B02617,40.75,-73.97,5217
Jul,B02617,40.75,-73.96000000000001,544
Jul,B02617,40.75,-73.95,406
Jul,B02617,40.75,-73.94,722
Jul,B02617,40.75,-73.93,175
Jul,B02617,40.75,-73.92,139
Jul,B02617,40.75,-73.91,134
Jul,B02617,40.75,-73.9,72
Jul,B02617,40.75,-73.89,151
Jul,B02617,40.75,-73.88,89
Jul,B02617,40.75,-73.87,34
Jul,B02617,40.75,-73.86,28
Jul,B02617,40.75,-73.85000000000001,70
Jul,B02617,40.75,-73.84,11
Jul,B02617,40.75,-73.83,62
Jul,B02617,40.75,-73.82000000000001,35
Jul,B02617,40.75,-73.81,6
Jul,B02617,40.75,-73.8,1
Jul,B02617,40.75,-73.79,7
Jul,B02617,40.75,-73.78,8
Jul,B02617,40.75,-73.77,4
Jul,B02617,40.75,-73.76,5
Jul,B02617,40.75,-73.75,10
Jul,B02617,40.75,-73.73,3
Jul,B02617,40.75,-73.72,13
Jul,B02617,40.75,-73.71000000000001,14
Jul,B02617,40.75,-73.7,4
Jul,B02617,40.76,-74.08,5
Jul,B02617,40.76,-74.07000000000001,2
Jul,B02617,40.76,-74.06,1
Jul,B02617,40.76,-74.05,3
Jul,B02617,40.76,-74.04,6
Jul,B02617,40.76,-74.03,66
Jul,B02617,40.76,-74.02,22
Jul,B02617,40.76,-74.01,5
Jul,B02617,40.76,-74,3716
Jul,B02617,40.76,-73.99,8240
Jul,B02617,40.76,-73.98,15783
Jul,B02617,40.76,-73.97,15020
Jul,B02617,40.76,-73.96000000000001,2927
Jul,B02617,40.76,-73.95,246
Jul,B02617,40.76,-73.94,52
Jul,B02617,40.76,-73.93,310
Jul,B02617,40.76,-73.92,498
Jul,B02617,40.76,-73.91,175
Jul,B02617,40.76,-73.9,35
Jul,B02617,40.76,-73.89,42
Jul,B02617,40.76,-73.88,44
Jul,B02617,40.76,-73.87,25
Jul,B02617,40.76,-73.86,20
Jul,B02617,40.76,-73.85000000000001,27
Jul,B02617,40.76,-73.84,129
Jul,B02617,40.76,-73.83,119
Jul,B02617,40.76,-73.82000000000001,38
Jul,B02617,40.76,-73.81,19
Jul,B02617,40.76,-73.8,19
Jul,B02617,40.76,-73.79,21
Jul,B02617,40.76,-73.78,9
Jul,B02617,40.76,-73.77,38
Jul,B02617,40.76,-73.76,13
Jul,B02617,40.76,-73.75,5
Jul,B02617,40.76,-73.73,3
Jul,B02617,40.76,-73.72,2
Jul,B02617,40.76,-73.71000000000001,6
Jul,B02617,40.76,-73.7,2
Jul,B02617,40.77,-74.13,1
Jul,B02617,40.77,-74.07000000000001,1
Jul,B02617,40.77,-74.06,1
Jul,B02617,40.77,-74.04,9
Jul,B02617,40.77,-74.03,35
Jul,B02617,40.77,-74.02,40
Jul,B02617,40.77,-74.01,5
Jul,B02617,40.77,-74,227
Jul,B02617,40.77,-73.99,3154
Jul,B02617,40.77,-73.98,5171
Jul,B02617,40.77,-73.97,2198
Jul,B02617,40.77,-73.96000000000001,5586
Jul,B02617,40.77,-73.95,3080
Jul,B02617,40.77,-73.94,125
Jul,B02617,40.77,-73.93,248
Jul,B02617,40.77,-73.92,426
Jul,B02617,40.77,-73.91,278
Jul,B02617,40.77,-73.9,109
Jul,B02617,40.77,-73.89,751
Jul,B02617,40.77,-73.88,160
Jul,B02617,40.77,-73.87,3815
Jul,B02617,40.77,-73.86,1626
Jul,B02617,40.77,-73.85000000000001,1
Jul,B02617,40.77,-73.84,15
Jul,B02617,40.77,-73.83,18
Jul,B02617,40.77,-73.82000000000001,13
Jul,B02617,40.77,-73.81,10
Jul,B02617,40.77,-73.8,6
Jul,B02617,40.77,-73.79,12
Jul,B02617,40.77,-73.78,6
Jul,B02617,40.77,-73.77,11
Jul,B02617,40.77,-73.76,2
Jul,B02617,40.77,-73.75,6
Jul,B02617,40.77,-73.74,6
Jul,B02617,40.77,-73.73,3
Jul,B02617,40.77,-73.72,1
Jul,B02617,40.77,-73.71000000000001,3
Jul,B02617,40.77,-73.7,3
Jul,B02617,40.78,-74.13,1
Jul,B02617,40.78,-74.07000000000001,2
Jul,B02617,40.78,-74.06,1
Jul,B02617,40.78,-74.04,2
Jul,B02617,40.78,-74.03,6
Jul,B02617,40.78,-74.02,17
Jul,B02617,40.78,-74.01,38
Jul,B02617,40.78,-74,4
Jul,B02617,40.78,-73.99,1003
Jul,B02617,40.78,-73.98,4299
Jul,B02617,40.78,-73.97,807
Jul,B02617,40.78,-73.96000000000001,3281
Jul,B02617,40.78,-73.95,3715
Jul,B02617,40.78,-73.94,226
Jul,B02617,40.78,-73.93,30
Jul,B02617,40.78,-73.92,116
Jul,B02617,40.78,-73.91,168
Jul,B02617,40.78,-73.9,44
Jul,B02617,40.78,-73.87,2
Jul,B02617,40.78,-73.86,2
Jul,B02617,40.78,-73.85000000000001,15
Jul,B02617,40.78,-73.84,16
Jul,B02617,40.78,-73.83,6
Jul,B02617,40.78,-73.82000000000001,12
Jul,B02617,40.78,-73.81,11
Jul,B02617,40.78,-73.8,7
Jul,B02617,40.78,-73.79,7
Jul,B02617,40.78,-73.78,23
Jul,B02617,40.78,-73.77,5
Jul,B02617,40.78,-73.75,2
Jul,B02617,40.78,-73.74,1
Jul,B02617,40.78,-73.73,9
Jul,B02617,40.78,-73.71000000000001,4
Jul,B02617,40.78,-73.7,9
Jul,B02617,40.79,-74.08,2
Jul,B02617,40.79,-74.07000000000001,4
Jul,B02617,40.79,-74.06,3
Jul,B02617,40.79,-74.05,8
Jul,B02617,40.79,-74.04,9
Jul,B02617,40.79,-74.02,5
Jul,B02617,40.79,-74.01,9
Jul,B02617,40.79,-74,21
Jul,B02617,40.79,-73.99,1
Jul,B02617,40.79,-73.98,1725
Jul,B02617,40.79,-73.97,2087
Jul,B02617,40.79,-73.96000000000001,247
Jul,B02617,40.79,-73.95,853
Jul,B02617,40.79,-73.94,285
Jul,B02617,40.79,-73.93,32
Jul,B02617,40.79,-73.92,64
Jul,B02617,40.79,-73.85000000000001,4
Jul,B02617,40.79,-73.84,30
Jul,B02617,40.79,-73.83,7
Jul,B02617,40.79,-73.82000000000001,3
Jul,B02617,40.79,-73.81,10
Jul,B02617,40.79,-73.8,11
Jul,B02617,40.79,-73.79,14
Jul,B02617,40.79,-73.78,1
Jul,B02617,40.79,-73.75,1
Jul,B02617,40.79,-73.74,1
Jul,B02617,40.79,-73.73,18
Jul,B02617,40.79,-73.71000000000001,2
Jul,B02617,40.79,-73.7,3
Jul,B02617,40.800000000000004,-74.14,1
Jul,B02617,40.800000000000004,-74.12,1
Jul,B02617,40.800000000000004,-74.10000000000001,1
Jul,B02617,40.800000000000004,-74.07000000000001,5
Jul,B02617,40.800000000000004,-74.06,8
Jul,B02617,40.800000000000004,-74.05,1
Jul,B02617,40.800000000000004,-74.02,4
Jul,B02617,40.800000000000004,-74.01,4
Jul,B02617,40.800000000000004,-74,2
Jul,B02617,40.800000000000004,-73.99,6
Jul,B02617,40.800000000000004,-73.98,64
Jul,B02617,40.800000000000004,-73.97,1021
Jul,B02617,40.800000000000004,-73.96000000000001,606
Jul,B02617,40.800000000000004,-73.95,454
Jul,B02617,40.800000000000004,-73.94,362
Jul,B02617,40.800000000000004,-73.93,207
Jul,B02617,40.800000000000004,-73.92,30
Jul,B02617,40.800000000000004,-73.91,24
Jul,B02617,40.800000000000004,-73.85000000000001,1
Jul,B02617,40.800000000000004,-73.82000000000001,9
Jul,B02617,40.800000000000004,-73.81,2
Jul,B02617,40.800000000000004,-73.75,4
Jul,B02617,40.800000000000004,-73.74,2
Jul,B02617,40.800000000000004,-73.73,2
Jul,B02617,40.800000000000004,-73.72,1
Jul,B02617,40.800000000000004,-73.71000000000001,1
Jul,B02617,40.800000000000004,-73.7,1
Jul,B02617,40.81,-74.15,1
Jul,B02617,40.81,-74.14,2
Jul,B02617,40.81,-74.13,1
Jul,B02617,40.81,-74.12,2
Jul,B02617,40.81,-74.11,3
Jul,B02617,40.81,-74.10000000000001,7
Jul,B02617,40.81,-74.08,11
Jul,B02617,40.81,-74.07000000000001,18
Jul,B02617,40.81,-74.06,1
Jul,B02617,40.81,-74.01,3
Jul,B02617,40.81,-74,3
Jul,B02617,40.81,-73.99,8
Jul,B02617,40.81,-73.98,4
Jul,B02617,40.81,-73.97,115
Jul,B02617,40.81,-73.96000000000001,579
Jul,B02617,40.81,-73.95,584
Jul,B02617,40.81,-73.94,448
Jul,B02617,40.81,-73.93,88
Jul,B02617,40.81,-73.92,27
Jul,B02617,40.81,-73.91,13
Jul,B02617,40.81,-73.9,12
Jul,B02617,40.81,-73.89,2
Jul,B02617,40.81,-73.88,3
Jul,B02617,40.81,-73.87,1
Jul,B02617,40.81,-73.86,8
Jul,B02617,40.81,-73.85000000000001,3
Jul,B02617,40.81,-73.84,1
Jul,B02617,40.81,-73.83,3
Jul,B02617,40.81,-73.82000000000001,2
Jul,B02617,40.81,-73.81,10
Jul,B02617,40.81,-73.8,2
Jul,B02617,40.81,-73.76,3
Jul,B02617,40.81,-73.71000000000001,2
Jul,B02617,40.82,-74.14,2
Jul,B02617,40.82,-74.12,1
Jul,B02617,40.82,-74.11,3
Jul,B02617,40.82,-74.10000000000001,1
Jul,B02617,40.82,-74.09,1
Jul,B02617,40.82,-74.08,2
Jul,B02617,40.82,-74.07000000000001,5
Jul,B02617,40.82,-74.01,2
Jul,B02617,40.82,-73.99,1
Jul,B02617,40.82,-73.98,7
Jul,B02617,40.82,-73.96000000000001,141
Jul,B02617,40.82,-73.95,270
Jul,B02617,40.82,-73.94,401
Jul,B02617,40.82,-73.93,64
Jul,B02617,40.82,-73.92,33
Jul,B02617,40.82,-73.91,31
Jul,B02617,40.82,-73.9,11
Jul,B02617,40.82,-73.89,29
Jul,B02617,40.82,-73.88,5
Jul,B02617,40.82,-73.87,6
Jul,B02617,40.82,-73.86,12
Jul,B02617,40.82,-73.85000000000001,9
Jul,B02617,40.82,-73.84,5
Jul,B02617,40.82,-73.83,1
Jul,B02617,40.82,-73.82000000000001,5
Jul,B02617,40.82,-73.81,2
Jul,B02617,40.82,-73.74,4
Jul,B02617,40.82,-73.73,1
Jul,B02617,40.82,-73.72,1
Jul,B02617,40.82,-73.7,5
Jul,B02617,40.83,-74.14,1
Jul,B02617,40.83,-74.11,2
Jul,B02617,40.83,-74.10000000000001,6
Jul,B02617,40.83,-74.08,2
Jul,B02617,40.83,-74.07000000000001,1
Jul,B02617,40.83,-74.05,1
Jul,B02617,40.83,-74,2
Jul,B02617,40.83,-73.98,3
Jul,B02617,40.83,-73.97,5
Jul,B02617,40.83,-73.95,173
Jul,B02617,40.83,-73.94,252
Jul,B02617,40.83,-73.93,266
Jul,B02617,40.83,-73.92,124
Jul,B02617,40.83,-73.91,11
Jul,B02617,40.83,-73.9,16
Jul,B02617,40.83,-73.89,10
Jul,B02617,40.83,-73.88,7
Jul,B02617,40.83,-73.87,15
Jul,B02617,40.83,-73.86,18
Jul,B02617,40.83,-73.85000000000001,13
Jul,B02617,40.83,-73.84,1
Jul,B02617,40.83,-73.83,11
Jul,B02617,40.83,-73.82000000000001,8
Jul,B02617,40.84,-74.15,2
Jul,B02617,40.84,-74.13,1
Jul,B02617,40.84,-74.12,2
Jul,B02617,40.84,-74.10000000000001,1
Jul,B02617,40.84,-74.09,2
Jul,B02617,40.84,-74.08,3
Jul,B02617,40.84,-74.07000000000001,4
Jul,B02617,40.84,-74,1
Jul,B02617,40.84,-73.98,4
Jul,B02617,40.84,-73.97,8
Jul,B02617,40.84,-73.95,61
Jul,B02617,40.84,-73.94,371
Jul,B02617,40.84,-73.93,12
Jul,B02617,40.84,-73.92,29
Jul,B02617,40.84,-73.91,25
Jul,B02617,40.84,-73.9,12
Jul,B02617,40.84,-73.89,19
Jul,B02617,40.84,-73.88,21
Jul,B02617,40.84,-73.87,21
Jul,B02617,40.84,-73.86,24
Jul,B02617,40.84,-73.85000000000001,20
Jul,B02617,40.84,-73.84,15
Jul,B02617,40.84,-73.83,19
Jul,B02617,40.84,-73.82000000000001,3
Jul,B02617,40.84,-73.79,1
Jul,B02617,40.84,-73.78,6
Jul,B02617,40.84,-73.73,1
Jul,B02617,40.84,-73.7,1
Jul,B02617,40.85,-74.15,1
Jul,B02617,40.85,-74.12,1
Jul,B02617,40.85,-74.07000000000001,3
Jul,B02617,40.85,-74.02,3
Jul,B02617,40.85,-74.01,3
Jul,B02617,40.85,-74,1
Jul,B02617,40.85,-73.99,2
Jul,B02617,40.85,-73.98,3
Jul,B02617,40.85,-73.97,14
Jul,B02617,40.85,-73.96000000000001,2
Jul,B02617,40.85,-73.94,224
Jul,B02617,40.85,-73.93,158
Jul,B02617,40.85,-73.92,15
Jul,B02617,40.85,-73.91,26
Jul,B02617,40.85,-73.9,15
Jul,B02617,40.85,-73.89,35
Jul,B02617,40.85,-73.88,21
Jul,B02617,40.85,-73.87,12
Jul,B02617,40.85,-73.86,43
Jul,B02617,40.85,-73.85000000000001,45
Jul,B02617,40.85,-73.84,29
Jul,B02617,40.85,-73.83,21
Jul,B02617,40.85,-73.82000000000001,1
Jul,B02617,40.85,-73.79,8
Jul,B02617,40.85,-73.71000000000001,2
Jul,B02617,40.86,-74.14,2
Jul,B02617,40.86,-74.13,1
Jul,B02617,40.86,-74.09,2
Jul,B02617,40.86,-74.08,1
Jul,B02617,40.86,-74.07000000000001,1
Jul,B02617,40.86,-74.06,5
Jul,B02617,40.86,-74.05,1
Jul,B02617,40.86,-74.04,1
Jul,B02617,40.86,-74.03,2
Jul,B02617,40.86,-74.02,1
Jul,B02617,40.86,-73.98,4
Jul,B02617,40.86,-73.97,13
Jul,B02617,40.86,-73.96000000000001,4
Jul,B02617,40.86,-73.94,20
Jul,B02617,40.86,-73.93,88
Jul,B02617,40.86,-73.92,18
Jul,B02617,40.86,-73.91,22
Jul,B02617,40.86,-73.9,26
Jul,B02617,40.86,-73.89,59
Jul,B02617,40.86,-73.88,36
Jul,B02617,40.86,-73.87,21
Jul,B02617,40.86,-73.86,7
Jul,B02617,40.86,-73.85000000000001,24
Jul,B02617,40.86,-73.84,9
Jul,B02617,40.86,-73.83,4
Jul,B02617,40.86,-73.82000000000001,3
Jul,B02617,40.86,-73.8,1
Jul,B02617,40.86,-73.7,1
Jul,B02617,40.87,-74.14,1
Jul,B02617,40.87,-74.13,1
Jul,B02617,40.87,-74.11,2
Jul,B02617,40.87,-74.10000000000001,1
Jul,B02617,40.87,-74.09,1
Jul,B02617,40.87,-74.08,1
Jul,B02617,40.87,-74.07000000000001,2
Jul,B02617,40.87,-74.06,6
Jul,B02617,40.87,-74.05,3
Jul,B02617,40.87,-74.04,1
Jul,B02617,40.87,-74.03,3
Jul,B02617,40.87,-74.02,1
Jul,B02617,40.87,-74.01,3
Jul,B02617,40.87,-74,4
Jul,B02617,40.87,-73.99,1
Jul,B02617,40.87,-73.98,2
Jul,B02617,40.87,-73.97,7
Jul,B02617,40.87,-73.96000000000001,2
Jul,B02617,40.87,-73.93,91
Jul,B02617,40.87,-73.92,79
Jul,B02617,40.87,-73.91,36
Jul,B02617,40.87,-73.9,20
Jul,B02617,40.87,-73.89,17
Jul,B02617,40.87,-73.88,30
Jul,B02617,40.87,-73.87,9
Jul,B02617,40.87,-73.86,18
Jul,B02617,40.87,-73.85000000000001,4
Jul,B02617,40.87,-73.84,1
Jul,B02617,40.87,-73.83,8
Jul,B02617,40.87,-73.82000000000001,2
Jul,B02617,40.87,-73.81,15
Jul,B02617,40.87,-73.8,3
Jul,B02617,40.87,-73.79,1
Jul,B02617,40.87,-73.71000000000001,1
Jul,B02617,40.88,-74.12,1
Jul,B02617,40.88,-74.11,1
Jul,B02617,40.88,-74.09,1
Jul,B02617,40.88,-74.07000000000001,2
Jul,B02617,40.88,-74.06,3
Jul,B02617,40.88,-74.05,2
Jul,B02617,40.88,-74.04,1
Jul,B02617,40.88,-74.03,1
Jul,B02617,40.88,-74,1
Jul,B02617,40.88,-73.99,1
Jul,B02617,40.88,-73.98,2
Jul,B02617,40.88,-73.97,2
Jul,B02617,40.88,-73.96000000000001,1
Jul,B02617,40.88,-73.95,3
Jul,B02617,40.88,-73.92,26
Jul,B02617,40.88,-73.91,62
Jul,B02617,40.88,-73.9,42
Jul,B02617,40.88,-73.89,19
Jul,B02617,40.88,-73.88,28
Jul,B02617,40.88,-73.87,10
Jul,B02617,40.88,-73.86,3
Jul,B02617,40.88,-73.85000000000001,4
Jul,B02617,40.88,-73.84,5
Jul,B02617,40.88,-73.83,9
Jul,B02617,40.88,-73.8,1
Jul,B02617,40.88,-73.79,1
Jul,B02617,40.89,-74.12,1
Jul,B02617,40.89,-74.06,3
Jul,B02617,40.89,-74.05,1
Jul,B02617,40.89,-74.04,3
Jul,B02617,40.89,-74.03,1
Jul,B02617,40.89,-74.02,5
Jul,B02617,40.89,-74.01,1
Jul,B02617,40.89,-74,3
Jul,B02617,40.89,-73.98,5
Jul,B02617,40.89,-73.97,6
Jul,B02617,40.89,-73.96000000000001,2
Jul,B02617,40.89,-73.95,5
Jul,B02617,40.89,-73.94,2
Jul,B02617,40.89,-73.92,8
Jul,B02617,40.89,-73.91,81
Jul,B02617,40.89,-73.9,57
Jul,B02617,40.89,-73.89,8
Jul,B02617,40.89,-73.88,2
Jul,B02617,40.89,-73.86,3
Jul,B02617,40.89,-73.85000000000001,2
Jul,B02617,40.89,-73.84,6
Jul,B02617,40.89,-73.83,1
Jul,B02617,40.89,-73.82000000000001,1
Jul,B02617,40.89,-73.8,2
Jul,B02617,40.89,-73.79,2
Jul,B02617,40.89,-73.78,5
Jul,B02617,40.89,-73.77,1
Jul,B02617,40.9,-74.10000000000001,1
Jul,B02617,40.9,-74.06,1
Jul,B02617,40.9,-74.05,2
Jul,B02617,40.9,-74.04,4
Jul,B02617,40.9,-74.03,2
Jul,B02617,40.9,-74.02,1
Jul,B02617,40.9,-74.01,2
Jul,B02617,40.9,-74,1
Jul,B02617,40.9,-73.99,1
Jul,B02617,40.9,-73.98,2
Jul,B02617,40.9,-73.97,2
Jul,B02617,40.9,-73.96000000000001,3
Jul,B02617,40.9,-73.95,2
Jul,B02617,40.9,-73.94,6
Jul,B02617,40.9,-73.91,19
Jul,B02617,40.9,-73.9,23
Jul,B02617,40.9,-73.87,11
Jul,B02617,40.9,-73.86,11
Jul,B02617,40.9,-73.85000000000001,1
Jul,B02617,40.9,-73.84,6
Jul,B02617,40.9,-73.82000000000001,2
Jul,B02617,40.9,-73.81,13
Jul,B02617,40.9,-73.8,3
Jul,B02617,40.9,-73.78,2
Jul,B02617,40.9,-73.77,1
Jul,B02617,40.910000000000004,-74.13,2
Jul,B02617,40.910000000000004,-74.06,1
Jul,B02617,40.910000000000004,-74.04,2
Jul,B02617,40.910000000000004,-74.03,2
Jul,B02617,40.910000000000004,-74.02,2
Jul,B02617,40.910000000000004,-74.01,1
Jul,B02617,40.910000000000004,-73.98,1
Jul,B02617,40.910000000000004,-73.96000000000001,2
Jul,B02617,40.910000000000004,-73.95,1
Jul,B02617,40.910000000000004,-73.91,5
Jul,B02617,40.910000000000004,-73.9,21
Jul,B02617,40.910000000000004,-73.89,5
Jul,B02617,40.910000000000004,-73.88,1
Jul,B02617,40.910000000000004,-73.87,3
Jul,B02617,40.910000000000004,-73.86,2
Jul,B02617,40.910000000000004,-73.85000000000001,3
Jul,B02617,40.910000000000004,-73.84,1
Jul,B02617,40.910000000000004,-73.83,7
Jul,B02617,40.910000000000004,-73.82000000000001,1
Jul,B02617,40.910000000000004,-73.81,6
Jul,B02617,40.910000000000004,-73.79,2
Jul,B02617,40.910000000000004,-73.78,17
Jul,B02617,40.910000000000004,-73.77,3
Jul,B02617,40.92,-74.14,1
Jul,B02617,40.92,-74.13,1
Jul,B02617,40.92,-74.08,2
Jul,B02617,40.92,-74.06,1
Jul,B02617,40.92,-74.01,1
Jul,B02617,40.92,-74,1
Jul,B02617,40.92,-73.98,1
Jul,B02617,40.92,-73.96000000000001,1
Jul,B02617,40.92,-73.9,1
Jul,B02617,40.92,-73.89,3
Jul,B02617,40.92,-73.87,1
Jul,B02617,40.92,-73.85000000000001,1
Jul,B02617,40.92,-73.84,1
Jul,B02617,40.92,-73.82000000000001,1
Jul,B02617,40.92,-73.81,3
Jul,B02617,40.92,-73.8,2
Jul,B02617,40.92,-73.78,2
Jul,B02617,40.92,-73.77,1
Jul,B02617,40.92,-73.75,1
Jul,B02682,40.58,-74.09,1
Jul,B02682,40.58,-74,2
Jul,B02682,40.58,-73.99,8
Jul,B02682,40.58,-73.98,9
Jul,B02682,40.58,-73.97,15
Jul,B02682,40.58,-73.96000000000001,19
Jul,B02682,40.58,-73.95,16
Jul,B02682,40.58,-73.94,15
Jul,B02682,40.58,-73.93,10
Jul,B02682,40.58,-73.92,1
Jul,B02682,40.58,-73.85000000000001,1
Jul,B02682,40.58,-73.84,1
Jul,B02682,40.58,-73.83,3
Jul,B02682,40.58,-73.82000000000001,2
Jul,B02682,40.59,-74.11,1
Jul,B02682,40.59,-74.10000000000001,1
Jul,B02682,40.59,-74,1
Jul,B02682,40.59,-73.99,11
Jul,B02682,40.59,-73.98,7
Jul,B02682,40.59,-73.97,13
Jul,B02682,40.59,-73.96000000000001,11
Jul,B02682,40.59,-73.95,17
Jul,B02682,40.59,-73.94,13
Jul,B02682,40.59,-73.93,6
Jul,B02682,40.59,-73.9,4
Jul,B02682,40.59,-73.89,1
Jul,B02682,40.59,-73.88,1
Jul,B02682,40.59,-73.82000000000001,1
Jul,B02682,40.59,-73.81,1
Jul,B02682,40.59,-73.8,3
Jul,B02682,40.59,-73.76,1
Jul,B02682,40.59,-73.74,3
Jul,B02682,40.59,-73.73,3
Jul,B02682,40.59,-73.72,1
Jul,B02682,40.59,-73.71000000000001,4
Jul,B02682,40.6,-74.10000000000001,1
Jul,B02682,40.6,-74.09,2
Jul,B02682,40.6,-74.08,3
Jul,B02682,40.6,-74.06,1
Jul,B02682,40.6,-74.01,6
Jul,B02682,40.6,-74,16
Jul,B02682,40.6,-73.99,21
Jul,B02682,40.6,-73.98,11
Jul,B02682,40.6,-73.97,39
Jul,B02682,40.6,-73.96000000000001,21
Jul,B02682,40.6,-73.95,13
Jul,B02682,40.6,-73.94,14
Jul,B02682,40.6,-73.93,3
Jul,B02682,40.6,-73.91,6
Jul,B02682,40.6,-73.82000000000001,2
Jul,B02682,40.6,-73.79,1
Jul,B02682,40.6,-73.77,1
Jul,B02682,40.6,-73.76,1
Jul,B02682,40.6,-73.75,4
Jul,B02682,40.6,-73.74,3
Jul,B02682,40.6,-73.72,3
Jul,B02682,40.61,-74.07000000000001,1
Jul,B02682,40.61,-74.06,3
Jul,B02682,40.61,-74.04,10
Jul,B02682,40.61,-74.03,17
Jul,B02682,40.61,-74.02,6
Jul,B02682,40.61,-74.01,16
Jul,B02682,40.61,-74,22
Jul,B02682,40.61,-73.99,8
Jul,B02682,40.61,-73.98,24
Jul,B02682,40.61,-73.97,23
Jul,B02682,40.61,-73.96000000000001,30
Jul,B02682,40.61,-73.95,20
Jul,B02682,40.61,-73.94,14
Jul,B02682,40.61,-73.93,7
Jul,B02682,40.61,-73.92,7
Jul,B02682,40.61,-73.91,1
Jul,B02682,40.61,-73.9,1
Jul,B02682,40.61,-73.82000000000001,1
Jul,B02682,40.61,-73.75,6
Jul,B02682,40.61,-73.74,6
Jul,B02682,40.61,-73.73,4
Jul,B02682,40.61,-73.72,2
Jul,B02682,40.61,-73.71000000000001,4
Jul,B02682,40.62,-74.11,2
Jul,B02682,40.62,-74.10000000000001,1
Jul,B02682,40.62,-74.08,1
Jul,B02682,40.62,-74.04,25
Jul,B02682,40.62,-74.03,68
Jul,B02682,40.62,-74.02,38
Jul,B02682,40.62,-74.01,16
Jul,B02682,40.62,-74,18
Jul,B02682,40.62,-73.99,5
Jul,B02682,40.62,-73.98,9
Jul,B02682,40.62,-73.97,15
Jul,B02682,40.62,-73.96000000000001,36
Jul,B02682,40.62,-73.95,17
Jul,B02682,40.62,-73.94,7
Jul,B02682,40.62,-73.93,11
Jul,B02682,40.62,-73.92,12
Jul,B02682,40.62,-73.91,4
Jul,B02682,40.62,-73.9,3
Jul,B02682,40.62,-73.73,6
Jul,B02682,40.62,-73.72,2
Jul,B02682,40.63,-74.14,1
Jul,B02682,40.63,-74.12,1
Jul,B02682,40.63,-74.08,1
Jul,B02682,40.63,-74.07000000000001,1
Jul,B02682,40.63,-74.04,9
Jul,B02682,40.63,-74.03,73
Jul,B02682,40.63,-74.02,40
Jul,B02682,40.63,-74.01,30
Jul,B02682,40.63,-74,18
Jul,B02682,40.63,-73.99,15
Jul,B02682,40.63,-73.98,16
Jul,B02682,40.63,-73.97,40
Jul,B02682,40.63,-73.96000000000001,50
Jul,B02682,40.63,-73.95,33
Jul,B02682,40.63,-73.94,20
Jul,B02682,40.63,-73.93,15
Jul,B02682,40.63,-73.92,4
Jul,B02682,40.63,-73.91,4
Jul,B02682,40.63,-73.9,6
Jul,B02682,40.63,-73.89,4
Jul,B02682,40.63,-73.74,2
Jul,B02682,40.63,-73.73,3
Jul,B02682,40.63,-73.7,1
Jul,B02682,40.64,-74.08,5
Jul,B02682,40.64,-74.04,5
Jul,B02682,40.64,-74.03,34
Jul,B02682,40.64,-74.02,33
Jul,B02682,40.64,-74.01,18
Jul,B02682,40.64,-74,39
Jul,B02682,40.64,-73.99,18
Jul,B02682,40.64,-73.98,46
Jul,B02682,40.64,-73.97,103
Jul,B02682,40.64,-73.96000000000001,78
Jul,B02682,40.64,-73.95,26
Jul,B02682,40.64,-73.94,4
Jul,B02682,40.64,-73.93,9
Jul,B02682,40.64,-73.92,8
Jul,B02682,40.64,-73.91,3
Jul,B02682,40.64,-73.9,9
Jul,B02682,40.64,-73.89,3
Jul,B02682,40.64,-73.84,1
Jul,B02682,40.64,-73.8,5
Jul,B02682,40.64,-73.79,765
Jul,B02682,40.64,-73.78,1850
Jul,B02682,40.64,-73.74,2
Jul,B02682,40.64,-73.72,4
Jul,B02682,40.65,-74.12,1
Jul,B02682,40.65,-74.08,1
Jul,B02682,40.65,-74.02,36
Jul,B02682,40.65,-74.01,36
Jul,B02682,40.65,-74,50
Jul,B02682,40.65,-73.99,2
Jul,B02682,40.65,-73.98,85
Jul,B02682,40.65,-73.97,85
Jul,B02682,40.65,-73.96000000000001,129
Jul,B02682,40.65,-73.95,47
Jul,B02682,40.65,-73.94,25
Jul,B02682,40.65,-73.93,11
Jul,B02682,40.65,-73.92,9
Jul,B02682,40.65,-73.91,19
Jul,B02682,40.65,-73.9,13
Jul,B02682,40.65,-73.89,5
Jul,B02682,40.65,-73.88,9
Jul,B02682,40.65,-73.87,3
Jul,B02682,40.65,-73.85000000000001,2
Jul,B02682,40.65,-73.84,7
Jul,B02682,40.65,-73.81,3
Jul,B02682,40.65,-73.8,12
Jul,B02682,40.65,-73.79,784
Jul,B02682,40.65,-73.78,1715
Jul,B02682,40.65,-73.76,1
Jul,B02682,40.65,-73.73,3
Jul,B02682,40.660000000000004,-74.11,1
Jul,B02682,40.660000000000004,-74.09,2
Jul,B02682,40.660000000000004,-74.07000000000001,1
Jul,B02682,40.660000000000004,-74.01,58
Jul,B02682,40.660000000000004,-74,80
Jul,B02682,40.660000000000004,-73.99,304
Jul,B02682,40.660000000000004,-73.98,283
Jul,B02682,40.660000000000004,-73.97,13
Jul,B02682,40.660000000000004,-73.96000000000001,149
Jul,B02682,40.660000000000004,-73.95,108
Jul,B02682,40.660000000000004,-73.94,58
Jul,B02682,40.660000000000004,-73.93,24
Jul,B02682,40.660000000000004,-73.92,15
Jul,B02682,40.660000000000004,-73.91,14
Jul,B02682,40.660000000000004,-73.9,14
Jul,B02682,40.660000000000004,-73.89,11
Jul,B02682,40.660000000000004,-73.88,3
Jul,B02682,40.660000000000004,-73.87,3
Jul,B02682,40.660000000000004,-73.86,2
Jul,B02682,40.660000000000004,-73.85000000000001,7
Jul,B02682,40.660000000000004,-73.84,9
Jul,B02682,40.660000000000004,-73.83,12
Jul,B02682,40.660000000000004,-73.82000000000001,3
Jul,B02682,40.660000000000004,-73.81,6
Jul,B02682,40.660000000000004,-73.8,23
Jul,B02682,40.660000000000004,-73.79,9
Jul,B02682,40.660000000000004,-73.78,4
Jul,B02682,40.660000000000004,-73.77,5
Jul,B02682,40.660000000000004,-73.76,2
Jul,B02682,40.660000000000004,-73.75,3
Jul,B02682,40.660000000000004,-73.74,3
Jul,B02682,40.660000000000004,-73.73,4
Jul,B02682,40.660000000000004,-73.72,3
Jul,B02682,40.660000000000004,-73.7,2
Jul,B02682,40.67,-74.12,4
Jul,B02682,40.67,-74.11,1
Jul,B02682,40.67,-74.10000000000001,1
Jul,B02682,40.67,-74.09,1
Jul,B02682,40.67,-74.02,50
Jul,B02682,40.67,-74.01,89
Jul,B02682,40.67,-74,79
Jul,B02682,40.67,-73.99,484
Jul,B02682,40.67,-73.98,691
Jul,B02682,40.67,-73.97,252
Jul,B02682,40.67,-73.96000000000001,338
Jul,B02682,40.67,-73.95,203
Jul,B02682,40.67,-73.94,133
Jul,B02682,40.67,-73.93,51
Jul,B02682,40.67,-73.92,15
Jul,B02682,40.67,-73.91,13
Jul,B02682,40.67,-73.9,6
Jul,B02682,40.67,-73.89,11
Jul,B02682,40.67,-73.88,11
Jul,B02682,40.67,-73.87,8
Jul,B02682,40.67,-73.86,3
Jul,B02682,40.67,-73.85000000000001,12
Jul,B02682,40.67,-73.84,2
Jul,B02682,40.67,-73.83,12
Jul,B02682,40.67,-73.82000000000001,10
Jul,B02682,40.67,-73.81,32
Jul,B02682,40.67,-73.8,45
Jul,B02682,40.67,-73.79,29
Jul,B02682,40.67,-73.78,22
Jul,B02682,40.67,-73.77,7
Jul,B02682,40.67,-73.76,9
Jul,B02682,40.67,-73.75,6
Jul,B02682,40.67,-73.74,2
Jul,B02682,40.67,-73.73,3
Jul,B02682,40.67,-73.72,1
Jul,B02682,40.67,-73.71000000000001,2
Jul,B02682,40.68,-74.11,2
Jul,B02682,40.68,-74.10000000000001,2
Jul,B02682,40.68,-74.09,1
Jul,B02682,40.68,-74.02,111
Jul,B02682,40.68,-74.01,194
Jul,B02682,40.68,-74,514
Jul,B02682,40.68,-73.99,452
Jul,B02682,40.68,-73.98,708
Jul,B02682,40.68,-73.97,548
Jul,B02682,40.68,-73.96000000000001,489
Jul,B02682,40.68,-73.95,277
Jul,B02682,40.68,-73.94,163
Jul,B02682,40.68,-73.93,98
Jul,B02682,40.68,-73.92,53
Jul,B02682,40.68,-73.91,64
Jul,B02682,40.68,-73.9,21
Jul,B02682,40.68,-73.89,6
Jul,B02682,40.68,-73.88,4
Jul,B02682,40.68,-73.87,8
Jul,B02682,40.68,-73.86,13
Jul,B02682,40.68,-73.85000000000001,10
Jul,B02682,40.68,-73.84,9
Jul,B02682,40.68,-73.83,3
Jul,B02682,40.68,-73.82000000000001,11
Jul,B02682,40.68,-73.81,9
Jul,B02682,40.68,-73.8,2
Jul,B02682,40.68,-73.79,2
Jul,B02682,40.68,-73.78,3
Jul,B02682,40.68,-73.77,5
Jul,B02682,40.68,-73.76,3
Jul,B02682,40.68,-73.75,3
Jul,B02682,40.68,-73.74,1
Jul,B02682,40.68,-73.73,1
Jul,B02682,40.68,-73.72,1
Jul,B02682,40.69,-74.11,1
Jul,B02682,40.69,-74.10000000000001,4
Jul,B02682,40.69,-74.09,3
Jul,B02682,40.69,-74.07000000000001,3
Jul,B02682,40.69,-74.01,2
Jul,B02682,40.69,-74,560
Jul,B02682,40.69,-73.99,1075
Jul,B02682,40.69,-73.98,698
Jul,B02682,40.69,-73.97,677
Jul,B02682,40.69,-73.96000000000001,493
Jul,B02682,40.69,-73.95,326
Jul,B02682,40.69,-73.94,241
Jul,B02682,40.69,-73.93,145
Jul,B02682,40.69,-73.92,164
Jul,B02682,40.69,-73.91,148
Jul,B02682,40.69,-73.9,13
Jul,B02682,40.69,-73.88,4
Jul,B02682,40.69,-73.87,6
Jul,B02682,40.69,-73.86,4
Jul,B02682,40.69,-73.85000000000001,12
Jul,B02682,40.69,-73.84,8
Jul,B02682,40.69,-73.83,13
Jul,B02682,40.69,-73.82000000000001,11
Jul,B02682,40.69,-73.81,10
Jul,B02682,40.69,-73.8,9
Jul,B02682,40.69,-73.79,2
Jul,B02682,40.69,-73.78,1
Jul,B02682,40.69,-73.77,5
Jul,B02682,40.69,-73.76,2
Jul,B02682,40.69,-73.75,2
Jul,B02682,40.69,-73.74,8
Jul,B02682,40.69,-73.73,2
Jul,B02682,40.69,-73.72,4
Jul,B02682,40.69,-73.71000000000001,3
Jul,B02682,40.7,-74.09,3
Jul,B02682,40.7,-74.07000000000001,3
Jul,B02682,40.7,-74.02,49
Jul,B02682,40.7,-74.01,1075
Jul,B02682,40.7,-74,174
Jul,B02682,40.7,-73.99,1094
Jul,B02682,40.7,-73.98,379
Jul,B02682,40.7,-73.97,200
Jul,B02682,40.7,-73.96000000000001,99
Jul,B02682,40.7,-73.95,152
Jul,B02682,40.7,-73.94,236
Jul,B02682,40.7,-73.93,475
Jul,B02682,40.7,-73.92,242
Jul,B02682,40.7,-73.91,106
Jul,B02682,40.7,-73.9,46
Jul,B02682,40.7,-73.89,20
Jul,B02682,40.7,-73.88,9
Jul,B02682,40.7,-73.87,13
Jul,B02682,40.7,-73.86,10
Jul,B02682,40.7,-73.85000000000001,10
Jul,B02682,40.7,-73.84,20
Jul,B02682,40.7,-73.83,28
Jul,B02682,40.7,-73.82000000000001,13
Jul,B02682,40.7,-73.81,55
Jul,B02682,40.7,-73.8,8
Jul,B02682,40.7,-73.79,1
Jul,B02682,40.7,-73.78,6
Jul,B02682,40.7,-73.77,3
Jul,B02682,40.7,-73.76,2
Jul,B02682,40.7,-73.75,11
Jul,B02682,40.7,-73.74,7
Jul,B02682,40.7,-73.73,3
Jul,B02682,40.7,-73.72,7
Jul,B02682,40.71,-74.11,1
Jul,B02682,40.71,-74.10000000000001,4
Jul,B02682,40.71,-74.09,2
Jul,B02682,40.71,-74.08,1
Jul,B02682,40.71,-74.07000000000001,2
Jul,B02682,40.71,-74.06,11
Jul,B02682,40.71,-74.04,42
Jul,B02682,40.71,-74.03,8
Jul,B02682,40.71,-74.02,899
Jul,B02682,40.71,-74.01,4842
Jul,B02682,40.71,-74,896
Jul,B02682,40.71,-73.99,459
Jul,B02682,40.71,-73.98,177
Jul,B02682,40.71,-73.97,481
Jul,B02682,40.71,-73.96000000000001,1203
Jul,B02682,40.71,-73.95,945
Jul,B02682,40.71,-73.94,593
Jul,B02682,40.71,-73.93,204
Jul,B02682,40.71,-73.92,220
Jul,B02682,40.71,-73.91,37
Jul,B02682,40.71,-73.9,38
Jul,B02682,40.71,-73.89,12
Jul,B02682,40.71,-73.88,7
Jul,B02682,40.71,-73.87,13
Jul,B02682,40.71,-73.86,15
Jul,B02682,40.71,-73.85000000000001,12
Jul,B02682,40.71,-73.84,15
Jul,B02682,40.71,-73.83,53
Jul,B02682,40.71,-73.82000000000001,28
Jul,B02682,40.71,-73.81,11
Jul,B02682,40.71,-73.8,15
Jul,B02682,40.71,-73.79,17
Jul,B02682,40.71,-73.78,21
Jul,B02682,40.71,-73.77,9
Jul,B02682,40.71,-73.76,2
Jul,B02682,40.71,-73.75,5
Jul,B02682,40.71,-73.74,4
Jul,B02682,40.71,-73.73,6
Jul,B02682,40.71,-73.72,5
Jul,B02682,40.71,-73.7,1
Jul,B02682,40.72,-74.13,1
Jul,B02682,40.72,-74.10000000000001,1
Jul,B02682,40.72,-74.09,3
Jul,B02682,40.72,-74.08,3
Jul,B02682,40.72,-74.07000000000001,9
Jul,B02682,40.72,-74.06,16
Jul,B02682,40.72,-74.05,55
Jul,B02682,40.72,-74.04,107
Jul,B02682,40.72,-74.03,41
Jul,B02682,40.72,-74.02,489
Jul,B02682,40.72,-74.01,4522
Jul,B02682,40.72,-74,7106
Jul,B02682,40.72,-73.99,4830
Jul,B02682,40.72,-73.98,1760
Jul,B02682,40.72,-73.97,63
Jul,B02682,40.72,-73.96000000000001,2021
Jul,B02682,40.72,-73.95,925
Jul,B02682,40.72,-73.94,431
Jul,B02682,40.72,-73.93,15
Jul,B02682,40.72,-73.92,1
Jul,B02682,40.72,-73.91,12
Jul,B02682,40.72,-73.9,15
Jul,B02682,40.72,-73.89,17
Jul,B02682,40.72,-73.88,29
Jul,B02682,40.72,-73.87,27
Jul,B02682,40.72,-73.86,26
Jul,B02682,40.72,-73.85000000000001,55
Jul,B02682,40.72,-73.84,72
Jul,B02682,40.72,-73.83,10
Jul,B02682,40.72,-73.82000000000001,10
Jul,B02682,40.72,-73.81,21
Jul,B02682,40.72,-73.8,30
Jul,B02682,40.72,-73.79,18
Jul,B02682,40.72,-73.78,11
Jul,B02682,40.72,-73.77,3
Jul,B02682,40.72,-73.76,2
Jul,B02682,40.72,-73.75,7
Jul,B02682,40.72,-73.74,7
Jul,B02682,40.72,-73.73,4
Jul,B02682,40.72,-73.72,4
Jul,B02682,40.72,-73.71000000000001,2
Jul,B02682,40.730000000000004,-74.14,3
Jul,B02682,40.730000000000004,-74.09,1
Jul,B02682,40.730000000000004,-74.08,3
Jul,B02682,40.730000000000004,-74.07000000000001,11
Jul,B02682,40.730000000000004,-74.06,28
Jul,B02682,40.730000000000004,-74.05,37
Jul,B02682,40.730000000000004,-74.04,87
Jul,B02682,40.730000000000004,-74.03,45
Jul,B02682,40.730000000000004,-74.01,3221
Jul,B02682,40.730000000000004,-74,6507
Jul,B02682,40.730000000000004,-73.99,5901
Jul,B02682,40.730000000000004,-73.98,3513
Jul,B02682,40.730000000000004,-73.97,98
Jul,B02682,40.730000000000004,-73.96000000000001,524
Jul,B02682,40.730000000000004,-73.95,525
Jul,B02682,40.730000000000004,-73.94,182
Jul,B02682,40.730000000000004,-73.93,5
Jul,B02682,40.730000000000004,-73.92,10
Jul,B02682,40.730000000000004,-73.91,12
Jul,B02682,40.730000000000004,-73.9,25
Jul,B02682,40.730000000000004,-73.89,11
Jul,B02682,40.730000000000004,-73.88,16
Jul,B02682,40.730000000000004,-73.87,50
Jul,B02682,40.730000000000004,-73.86,68
Jul,B02682,40.730000000000004,-73.85000000000001,66
Jul,B02682,40.730000000000004,-73.84,1
Jul,B02682,40.730000000000004,-73.83,8
Jul,B02682,40.730000000000004,-73.82000000000001,7
Jul,B02682,40.730000000000004,-73.81,13
Jul,B02682,40.730000000000004,-73.8,2
Jul,B02682,40.730000000000004,-73.79,11
Jul,B02682,40.730000000000004,-73.78,10
Jul,B02682,40.730000000000004,-73.77,1
Jul,B02682,40.730000000000004,-73.76,4
Jul,B02682,40.730000000000004,-73.75,2
Jul,B02682,40.730000000000004,-73.74,7
Jul,B02682,40.730000000000004,-73.73,2
Jul,B02682,40.730000000000004,-73.72,3
Jul,B02682,40.730000000000004,-73.71000000000001,1
Jul,B02682,40.730000000000004,-73.7,1
Jul,B02682,40.74,-74.11,1
Jul,B02682,40.74,-74.08,3
Jul,B02682,40.74,-74.07000000000001,8
Jul,B02682,40.74,-74.06,10
Jul,B02682,40.74,-74.05,17
Jul,B02682,40.74,-74.04,95
Jul,B02682,40.74,-74.03,150
Jul,B02682,40.74,-74.01,4571
Jul,B02682,40.74,-74,5816
Jul,B02682,40.74,-73.99,8225
Jul,B02682,40.74,-73.98,3617
Jul,B02682,40.74,-73.97,734
Jul,B02682,40.74,-73.96000000000001,267
Jul,B02682,40.74,-73.95,255
Jul,B02682,40.74,-73.94,72
Jul,B02682,40.74,-73.93,114
Jul,B02682,40.74,-73.92,162
Jul,B02682,40.74,-73.91,44
Jul,B02682,40.74,-73.9,41
Jul,B02682,40.74,-73.89,32
Jul,B02682,40.74,-73.88,31
Jul,B02682,40.74,-73.87,24
Jul,B02682,40.74,-73.86,36
Jul,B02682,40.74,-73.85000000000001,27
Jul,B02682,40.74,-73.84,2
Jul,B02682,40.74,-73.83,25
Jul,B02682,40.74,-73.82000000000001,6
Jul,B02682,40.74,-73.81,8
Jul,B02682,40.74,-73.8,5
Jul,B02682,40.74,-73.79,6
Jul,B02682,40.74,-73.78,14
Jul,B02682,40.74,-73.76,6
Jul,B02682,40.74,-73.75,7
Jul,B02682,40.74,-73.74,3
Jul,B02682,40.74,-73.72,3
Jul,B02682,40.74,-73.71000000000001,3
Jul,B02682,40.75,-74.06,1
Jul,B02682,40.75,-74.05,10
Jul,B02682,40.75,-74.04,34
Jul,B02682,40.75,-74.03,166
Jul,B02682,40.75,-74.02,23
Jul,B02682,40.75,-74.01,1523
Jul,B02682,40.75,-74,2865
Jul,B02682,40.75,-73.99,7311
Jul,B02682,40.75,-73.98,7118
Jul,B02682,40.75,-73.97,3126
Jul,B02682,40.75,-73.96000000000001,293
Jul,B02682,40.75,-73.95,247
Jul,B02682,40.75,-73.94,392
Jul,B02682,40.75,-73.93,108
Jul,B02682,40.75,-73.92,93
Jul,B02682,40.75,-73.91,87
Jul,B02682,40.75,-73.9,44
Jul,B02682,40.75,-73.89,69
Jul,B02682,40.75,-73.88,48
Jul,B02682,40.75,-73.87,14
Jul,B02682,40.75,-73.86,15
Jul,B02682,40.75,-73.85000000000001,47
Jul,B02682,40.75,-73.84,8
Jul,B02682,40.75,-73.83,26
Jul,B02682,40.75,-73.82000000000001,9
Jul,B02682,40.75,-73.81,2
Jul,B02682,40.75,-73.8,2
Jul,B02682,40.75,-73.79,1
Jul,B02682,40.75,-73.78,3
Jul,B02682,40.75,-73.77,2
Jul,B02682,40.75,-73.76,2
Jul,B02682,40.75,-73.75,4
Jul,B02682,40.75,-73.74,2
Jul,B02682,40.75,-73.73,6
Jul,B02682,40.75,-73.72,7
Jul,B02682,40.75,-73.71000000000001,3
Jul,B02682,40.75,-73.7,2
Jul,B02682,40.76,-74.08,3
Jul,B02682,40.76,-74.07000000000001,4
Jul,B02682,40.76,-74.05,1
Jul,B02682,40.76,-74.04,2
Jul,B02682,40.76,-74.03,26
Jul,B02682,40.76,-74.02,16
Jul,B02682,40.76,-74.01,7
Jul,B02682,40.76,-74,2313
Jul,B02682,40.76,-73.99,5211
Jul,B02682,40.76,-73.98,9976
Jul,B02682,40.76,-73.97,9479
Jul,B02682,40.76,-73.96000000000001,1871
Jul,B02682,40.76,-73.95,138
Jul,B02682,40.76,-73.94,29
Jul,B02682,40.76,-73.93,166
Jul,B02682,40.76,-73.92,339
Jul,B02682,40.76,-73.91,126
Jul,B02682,40.76,-73.9,31
Jul,B02682,40.76,-73.89,25
Jul,B02682,40.76,-73.88,25
Jul,B02682,40.76,-73.87,20
Jul,B02682,40.76,-73.86,20
Jul,B02682,40.76,-73.85000000000001,17
Jul,B02682,40.76,-73.84,78
Jul,B02682,40.76,-73.83,72
Jul,B02682,40.76,-73.82000000000001,13
Jul,B02682,40.76,-73.81,10
Jul,B02682,40.76,-73.8,10
Jul,B02682,40.76,-73.79,9
Jul,B02682,40.76,-73.78,5
Jul,B02682,40.76,-73.77,20
Jul,B02682,40.76,-73.76,4
Jul,B02682,40.76,-73.75,1
Jul,B02682,40.76,-73.73,2
Jul,B02682,40.76,-73.71000000000001,5
Jul,B02682,40.76,-73.7,1
Jul,B02682,40.77,-74.08,2
Jul,B02682,40.77,-74.07000000000001,1
Jul,B02682,40.77,-74.04,7
Jul,B02682,40.77,-74.03,12
Jul,B02682,40.77,-74.02,15
Jul,B02682,40.77,-74,138
Jul,B02682,40.77,-73.99,1883
Jul,B02682,40.77,-73.98,3231
Jul,B02682,40.77,-73.97,1449
Jul,B02682,40.77,-73.96000000000001,3382
Jul,B02682,40.77,-73.95,1872
Jul,B02682,40.77,-73.94,79
Jul,B02682,40.77,-73.93,122
Jul,B02682,40.77,-73.92,255
Jul,B02682,40.77,-73.91,177
Jul,B02682,40.77,-73.9,59
Jul,B02682,40.77,-73.89,466
Jul,B02682,40.77,-73.88,107
Jul,B02682,40.77,-73.87,2679
Jul,B02682,40.77,-73.86,1077
Jul,B02682,40.77,-73.84,3
Jul,B02682,40.77,-73.83,2
Jul,B02682,40.77,-73.82000000000001,9
Jul,B02682,40.77,-73.81,3
Jul,B02682,40.77,-73.8,2
Jul,B02682,40.77,-73.79,8
Jul,B02682,40.77,-73.78,7
Jul,B02682,40.77,-73.77,4
Jul,B02682,40.77,-73.75,3
Jul,B02682,40.77,-73.74,5
Jul,B02682,40.77,-73.72,1
Jul,B02682,40.77,-73.71000000000001,3
Jul,B02682,40.77,-73.7,2
Jul,B02682,40.78,-74.14,2
Jul,B02682,40.78,-74.13,1
Jul,B02682,40.78,-74.07000000000001,5
Jul,B02682,40.78,-74.03,5
Jul,B02682,40.78,-74.02,8
Jul,B02682,40.78,-74.01,13
Jul,B02682,40.78,-74,4
Jul,B02682,40.78,-73.99,675
Jul,B02682,40.78,-73.98,2634
Jul,B02682,40.78,-73.97,478
Jul,B02682,40.78,-73.96000000000001,2083
Jul,B02682,40.78,-73.95,2365
Jul,B02682,40.78,-73.94,142
Jul,B02682,40.78,-73.93,12
Jul,B02682,40.78,-73.92,75
Jul,B02682,40.78,-73.91,100
Jul,B02682,40.78,-73.9,28
Jul,B02682,40.78,-73.89,1
Jul,B02682,40.78,-73.88,1
Jul,B02682,40.78,-73.85000000000001,7
Jul,B02682,40.78,-73.84,7
Jul,B02682,40.78,-73.83,3
Jul,B02682,40.78,-73.82000000000001,8
Jul,B02682,40.78,-73.81,5
Jul,B02682,40.78,-73.8,4
Jul,B02682,40.78,-73.79,6
Jul,B02682,40.78,-73.78,8
Jul,B02682,40.78,-73.77,5
Jul,B02682,40.78,-73.73,8
Jul,B02682,40.78,-73.72,6
Jul,B02682,40.78,-73.71000000000001,2
Jul,B02682,40.78,-73.7,5
Jul,B02682,40.79,-74.08,2
Jul,B02682,40.79,-74.07000000000001,4
Jul,B02682,40.79,-74.06,2
Jul,B02682,40.79,-74.05,4
Jul,B02682,40.79,-74.04,15
Jul,B02682,40.79,-74.03,1
Jul,B02682,40.79,-74.02,2
Jul,B02682,40.79,-74.01,4
Jul,B02682,40.79,-74,8
Jul,B02682,40.79,-73.99,1
Jul,B02682,40.79,-73.98,1154
Jul,B02682,40.79,-73.97,1504
Jul,B02682,40.79,-73.96000000000001,183
Jul,B02682,40.79,-73.95,513
Jul,B02682,40.79,-73.94,168
Jul,B02682,40.79,-73.93,22
Jul,B02682,40.79,-73.92,29
Jul,B02682,40.79,-73.85000000000001,3
Jul,B02682,40.79,-73.84,7
Jul,B02682,40.79,-73.83,1
Jul,B02682,40.79,-73.82000000000001,3
Jul,B02682,40.79,-73.81,2
Jul,B02682,40.79,-73.8,6
Jul,B02682,40.79,-73.79,6
Jul,B02682,40.79,-73.78,2
Jul,B02682,40.79,-73.75,2
Jul,B02682,40.79,-73.74,4
Jul,B02682,40.79,-73.73,10
Jul,B02682,40.79,-73.72,3
Jul,B02682,40.79,-73.71000000000001,1
Jul,B02682,40.79,-73.7,1
Jul,B02682,40.800000000000004,-74.10000000000001,3
Jul,B02682,40.800000000000004,-74.06,2
Jul,B02682,40.800000000000004,-74.05,2
Jul,B02682,40.800000000000004,-74.01,3
Jul,B02682,40.800000000000004,-74,5
Jul,B02682,40.800000000000004,-73.99,5
Jul,B02682,40.800000000000004,-73.98,36
Jul,B02682,40.800000000000004,-73.97,721
Jul,B02682,40.800000000000004,-73.96000000000001,420
Jul,B02682,40.800000000000004,-73.95,298
Jul,B02682,40.800000000000004,-73.94,267
Jul,B02682,40.800000000000004,-73.93,110
Jul,B02682,40.800000000000004,-73.92,19
Jul,B02682,40.800000000000004,-73.91,6
Jul,B02682,40.800000000000004,-73.82000000000001,1
Jul,B02682,40.800000000000004,-73.74,2
Jul,B02682,40.800000000000004,-73.72,1
Jul,B02682,40.800000000000004,-73.71000000000001,1
Jul,B02682,40.800000000000004,-73.7,1
Jul,B02682,40.81,-74.15,1
Jul,B02682,40.81,-74.14,2
Jul,B02682,40.81,-74.11,1
Jul,B02682,40.81,-74.10000000000001,1
Jul,B02682,40.81,-74.09,1
Jul,B02682,40.81,-74.08,8
Jul,B02682,40.81,-74.07000000000001,11
Jul,B02682,40.81,-74.01,1
Jul,B02682,40.81,-74,3
Jul,B02682,40.81,-73.99,9
Jul,B02682,40.81,-73.98,1
Jul,B02682,40.81,-73.97,73
Jul,B02682,40.81,-73.96000000000001,431
Jul,B02682,40.81,-73.95,412
Jul,B02682,40.81,-73.94,333
Jul,B02682,40.81,-73.93,55
Jul,B02682,40.81,-73.92,16
Jul,B02682,40.81,-73.91,8
Jul,B02682,40.81,-73.9,6
Jul,B02682,40.81,-73.89,5
Jul,B02682,40.81,-73.88,2
Jul,B02682,40.81,-73.87,2
Jul,B02682,40.81,-73.86,2
Jul,B02682,40.81,-73.85000000000001,1
Jul,B02682,40.81,-73.83,1
Jul,B02682,40.81,-73.81,5
Jul,B02682,40.82,-74.12,1
Jul,B02682,40.82,-74.11,1
Jul,B02682,40.82,-74.10000000000001,3
Jul,B02682,40.82,-74.09,2
Jul,B02682,40.82,-74.07000000000001,2
Jul,B02682,40.82,-73.99,4
Jul,B02682,40.82,-73.98,3
Jul,B02682,40.82,-73.96000000000001,103
Jul,B02682,40.82,-73.95,204
Jul,B02682,40.82,-73.94,288
Jul,B02682,40.82,-73.93,54
Jul,B02682,40.82,-73.92,22
Jul,B02682,40.82,-73.91,10
Jul,B02682,40.82,-73.9,7
Jul,B02682,40.82,-73.89,19
Jul,B02682,40.82,-73.88,4
Jul,B02682,40.82,-73.87,4
Jul,B02682,40.82,-73.86,7
Jul,B02682,40.82,-73.85000000000001,5
Jul,B02682,40.82,-73.84,1
Jul,B02682,40.82,-73.83,3
Jul,B02682,40.82,-73.82000000000001,4
Jul,B02682,40.82,-73.81,2
Jul,B02682,40.82,-73.7,1
Jul,B02682,40.83,-74.14,1
Jul,B02682,40.83,-74.13,1
Jul,B02682,40.83,-74.10000000000001,1
Jul,B02682,40.83,-74.08,1
Jul,B02682,40.83,-74.06,2
Jul,B02682,40.83,-74.04,1
Jul,B02682,40.83,-73.98,3
Jul,B02682,40.83,-73.97,8
Jul,B02682,40.83,-73.95,136
Jul,B02682,40.83,-73.94,190
Jul,B02682,40.83,-73.93,182
Jul,B02682,40.83,-73.92,91
Jul,B02682,40.83,-73.91,4
Jul,B02682,40.83,-73.9,7
Jul,B02682,40.83,-73.89,6
Jul,B02682,40.83,-73.88,13
Jul,B02682,40.83,-73.87,7
Jul,B02682,40.83,-73.86,7
Jul,B02682,40.83,-73.85000000000001,2
Jul,B02682,40.83,-73.84,1
Jul,B02682,40.83,-73.83,7
Jul,B02682,40.83,-73.82000000000001,5
Jul,B02682,40.84,-74.12,1
Jul,B02682,40.84,-74.10000000000001,1
Jul,B02682,40.84,-74.09,1
Jul,B02682,40.84,-74.07000000000001,1
Jul,B02682,40.84,-73.99,1
Jul,B02682,40.84,-73.97,5
Jul,B02682,40.84,-73.95,37
Jul,B02682,40.84,-73.94,251
Jul,B02682,40.84,-73.93,5
Jul,B02682,40.84,-73.92,15
Jul,B02682,40.84,-73.91,14
Jul,B02682,40.84,-73.9,9
Jul,B02682,40.84,-73.89,13
Jul,B02682,40.84,-73.88,17
Jul,B02682,40.84,-73.87,4
Jul,B02682,40.84,-73.86,9
Jul,B02682,40.84,-73.85000000000001,16
Jul,B02682,40.84,-73.84,6
Jul,B02682,40.84,-73.83,22
Jul,B02682,40.84,-73.82000000000001,4
Jul,B02682,40.84,-73.78,1
Jul,B02682,40.84,-73.75,1
Jul,B02682,40.85,-74.09,1
Jul,B02682,40.85,-74.07000000000001,4
Jul,B02682,40.85,-74.05,1
Jul,B02682,40.85,-74.03,1
Jul,B02682,40.85,-74.02,1
Jul,B02682,40.85,-74,3
Jul,B02682,40.85,-73.99,1
Jul,B02682,40.85,-73.98,2
Jul,B02682,40.85,-73.97,8
Jul,B02682,40.85,-73.96000000000001,1
Jul,B02682,40.85,-73.94,201
Jul,B02682,40.85,-73.93,113
Jul,B02682,40.85,-73.92,3
Jul,B02682,40.85,-73.91,13
Jul,B02682,40.85,-73.9,8
Jul,B02682,40.85,-73.89,24
Jul,B02682,40.85,-73.88,18
Jul,B02682,40.85,-73.87,12
Jul,B02682,40.85,-73.86,17
Jul,B02682,40.85,-73.85000000000001,23
Jul,B02682,40.85,-73.84,8
Jul,B02682,40.85,-73.83,11
Jul,B02682,40.85,-73.82000000000001,2
Jul,B02682,40.86,-74.13,1
Jul,B02682,40.86,-74.12,1
Jul,B02682,40.86,-74.06,3
Jul,B02682,40.86,-74.05,1
Jul,B02682,40.86,-74.04,1
Jul,B02682,40.86,-74.03,1
Jul,B02682,40.86,-74.02,2
Jul,B02682,40.86,-73.98,5
Jul,B02682,40.86,-73.97,2
Jul,B02682,40.86,-73.96000000000001,2
Jul,B02682,40.86,-73.94,31
Jul,B02682,40.86,-73.93,74
Jul,B02682,40.86,-73.92,15
Jul,B02682,40.86,-73.91,10
Jul,B02682,40.86,-73.9,11
Jul,B02682,40.86,-73.89,62
Jul,B02682,40.86,-73.88,23
Jul,B02682,40.86,-73.87,28
Jul,B02682,40.86,-73.86,13
Jul,B02682,40.86,-73.85000000000001,8
Jul,B02682,40.86,-73.84,6
Jul,B02682,40.86,-73.82000000000001,3
Jul,B02682,40.86,-73.81,1
Jul,B02682,40.87,-74.07000000000001,1
Jul,B02682,40.87,-74.06,1
Jul,B02682,40.87,-74.05,1
Jul,B02682,40.87,-74.04,2
Jul,B02682,40.87,-74.03,1
Jul,B02682,40.87,-74.01,2
Jul,B02682,40.87,-74,3
Jul,B02682,40.87,-73.98,3
Jul,B02682,40.87,-73.97,5
Jul,B02682,40.87,-73.96000000000001,1
Jul,B02682,40.87,-73.93,64
Jul,B02682,40.87,-73.92,44
Jul,B02682,40.87,-73.91,25
Jul,B02682,40.87,-73.9,29
Jul,B02682,40.87,-73.89,13
Jul,B02682,40.87,-73.88,24
Jul,B02682,40.87,-73.87,8
Jul,B02682,40.87,-73.86,9
Jul,B02682,40.87,-73.85000000000001,7
Jul,B02682,40.87,-73.84,5
Jul,B02682,40.87,-73.83,7
Jul,B02682,40.87,-73.82000000000001,4
Jul,B02682,40.87,-73.81,13
Jul,B02682,40.87,-73.8,2
Jul,B02682,40.88,-74.12,2
Jul,B02682,40.88,-74.10000000000001,2
Jul,B02682,40.88,-74.09,2
Jul,B02682,40.88,-74.08,1
Jul,B02682,40.88,-74.07000000000001,1
Jul,B02682,40.88,-74.06,5
Jul,B02682,40.88,-74.05,2
Jul,B02682,40.88,-74.04,2
Jul,B02682,40.88,-74.02,1
Jul,B02682,40.88,-74,1
Jul,B02682,40.88,-73.99,1
Jul,B02682,40.88,-73.98,2
Jul,B02682,40.88,-73.97,1
Jul,B02682,40.88,-73.95,1
Jul,B02682,40.88,-73.92,12
Jul,B02682,40.88,-73.91,35
Jul,B02682,40.88,-73.9,20
Jul,B02682,40.88,-73.89,13
Jul,B02682,40.88,-73.88,54
Jul,B02682,40.88,-73.87,4
Jul,B02682,40.88,-73.86,7
Jul,B02682,40.88,-73.85000000000001,3
Jul,B02682,40.88,-73.84,7
Jul,B02682,40.88,-73.83,5
Jul,B02682,40.89,-74.06,3
Jul,B02682,40.89,-74.04,1
Jul,B02682,40.89,-74.02,1
Jul,B02682,40.89,-74.01,1
Jul,B02682,40.89,-73.96000000000001,2
Jul,B02682,40.89,-73.95,3
Jul,B02682,40.89,-73.94,2
Jul,B02682,40.89,-73.92,1
Jul,B02682,40.89,-73.91,55
Jul,B02682,40.89,-73.9,37
Jul,B02682,40.89,-73.89,9
Jul,B02682,40.89,-73.88,5
Jul,B02682,40.89,-73.86,7
Jul,B02682,40.89,-73.85000000000001,5
Jul,B02682,40.89,-73.84,6
Jul,B02682,40.89,-73.83,2
Jul,B02682,40.89,-73.81,1
Jul,B02682,40.89,-73.8,1
Jul,B02682,40.89,-73.79,5
Jul,B02682,40.89,-73.78,3
Jul,B02682,40.9,-74.14,1
Jul,B02682,40.9,-74.13,1
Jul,B02682,40.9,-74.10000000000001,4
Jul,B02682,40.9,-74.07000000000001,1
Jul,B02682,40.9,-74.06,2
Jul,B02682,40.9,-74.04,2
Jul,B02682,40.9,-74,3
Jul,B02682,40.9,-73.98,1
Jul,B02682,40.9,-73.97,3
Jul,B02682,40.9,-73.96000000000001,1
Jul,B02682,40.9,-73.95,2
Jul,B02682,40.9,-73.94,3
Jul,B02682,40.9,-73.91,5
Jul,B02682,40.9,-73.9,12
Jul,B02682,40.9,-73.88,1
Jul,B02682,40.9,-73.87,9
Jul,B02682,40.9,-73.86,13
Jul,B02682,40.9,-73.85000000000001,1
Jul,B02682,40.9,-73.84,4
Jul,B02682,40.9,-73.82000000000001,2
Jul,B02682,40.9,-73.81,3
Jul,B02682,40.9,-73.8,3
Jul,B02682,40.9,-73.79,1
Jul,B02682,40.9,-73.77,3
Jul,B02682,40.910000000000004,-74.10000000000001,6
Jul,B02682,40.910000000000004,-74.08,1
Jul,B02682,40.910000000000004,-74.04,1
Jul,B02682,40.910000000000004,-74.03,4
Jul,B02682,40.910000000000004,-74.01,1
Jul,B02682,40.910000000000004,-73.98,2
Jul,B02682,40.910000000000004,-73.96000000000001,1
Jul,B02682,40.910000000000004,-73.91,9
Jul,B02682,40.910000000000004,-73.9,8
Jul,B02682,40.910000000000004,-73.89,3
Jul,B02682,40.910000000000004,-73.88,1
Jul,B02682,40.910000000000004,-73.87,1
Jul,B02682,40.910000000000004,-73.86,4
Jul,B02682,40.910000000000004,-73.85000000000001,3
Jul,B02682,40.910000000000004,-73.84,2
Jul,B02682,40.910000000000004,-73.83,2
Jul,B02682,40.910000000000004,-73.81,7
Jul,B02682,40.910000000000004,-73.78,6
Jul,B02682,40.92,-74.08,1
Jul,B02682,40.92,-74.06,1
Jul,B02682,40.92,-74.03,1
Jul,B02682,40.92,-73.97,1
Jul,B02682,40.92,-73.9,1
Jul,B02682,40.92,-73.81,1
Jul,B02682,40.92,-73.78,1
Jul,B02764,40.59,-73.71000000000001,1
Jul,B02764,40.6,-74.07000000000001,1
Jul,B02764,40.61,-74.06,1
Jul,B02764,40.61,-74.01,1
Jul,B02764,40.61,-73.73,2
Jul,B02764,40.62,-74.03,4
Jul,B02764,40.62,-74.02,2
Jul,B02764,40.62,-73.96000000000001,1
Jul,B02764,40.62,-73.93,1
Jul,B02764,40.62,-73.92,1
Jul,B02764,40.62,-73.73,1
Jul,B02764,40.62,-73.72,1
Jul,B02764,40.63,-74.03,4
Jul,B02764,40.63,-74.02,1
Jul,B02764,40.63,-74.01,1
Jul,B02764,40.63,-74,2
Jul,B02764,40.63,-73.94,2
Jul,B02764,40.63,-73.92,1
Jul,B02764,40.64,-74.04,1
Jul,B02764,40.64,-74.03,2
Jul,B02764,40.64,-74.02,1
Jul,B02764,40.64,-74,1
Jul,B02764,40.64,-73.95,1
Jul,B02764,40.64,-73.94,1
Jul,B02764,40.64,-73.93,1
Jul,B02764,40.64,-73.79,23
Jul,B02764,40.64,-73.78,48
Jul,B02764,40.64,-73.73,1
Jul,B02764,40.65,-74.01,4
Jul,B02764,40.65,-74,2
Jul,B02764,40.65,-73.98,1
Jul,B02764,40.65,-73.97,1
Jul,B02764,40.65,-73.96000000000001,5
Jul,B02764,40.65,-73.95,1
Jul,B02764,40.65,-73.92,1
Jul,B02764,40.65,-73.89,1
Jul,B02764,40.65,-73.79,21
Jul,B02764,40.65,-73.78,50
Jul,B02764,40.65,-73.73,1
Jul,B02764,40.660000000000004,-74.14,1
Jul,B02764,40.660000000000004,-74.01,5
Jul,B02764,40.660000000000004,-74,2
Jul,B02764,40.660000000000004,-73.99,5
Jul,B02764,40.660000000000004,-73.98,10
Jul,B02764,40.660000000000004,-73.96000000000001,5
Jul,B02764,40.660000000000004,-73.95,2
Jul,B02764,40.660000000000004,-73.94,1
Jul,B02764,40.660000000000004,-73.84,2
Jul,B02764,40.660000000000004,-73.8,1
Jul,B02764,40.660000000000004,-73.77,1
Jul,B02764,40.67,-74.02,2
Jul,B02764,40.67,-74.01,4
Jul,B02764,40.67,-74,2
Jul,B02764,40.67,-73.99,9
Jul,B02764,40.67,-73.98,18
Jul,B02764,40.67,-73.97,5
Jul,B02764,40.67,-73.96000000000001,3
Jul,B02764,40.67,-73.95,5
Jul,B02764,40.67,-73.94,6
Jul,B02764,40.67,-73.91,1
Jul,B02764,40.67,-73.89,1
Jul,B02764,40.67,-73.79,1
Jul,B02764,40.68,-74.02,6
Jul,B02764,40.68,-74.01,5
Jul,B02764,40.68,-74,17
Jul,B02764,40.68,-73.99,14
Jul,B02764,40.68,-73.98,23
Jul,B02764,40.68,-73.97,14
Jul,B02764,40.68,-73.96000000000001,10
Jul,B02764,40.68,-73.95,14
Jul,B02764,40.68,-73.94,5
Jul,B02764,40.68,-73.92,1
Jul,B02764,40.68,-73.91,2
Jul,B02764,40.68,-73.9,2
Jul,B02764,40.68,-73.86,1
Jul,B02764,40.68,-73.85000000000001,1
Jul,B02764,40.68,-73.84,1
Jul,B02764,40.68,-73.71000000000001,1
Jul,B02764,40.69,-74,16
Jul,B02764,40.69,-73.99,39
Jul,B02764,40.69,-73.98,26
Jul,B02764,40.69,-73.97,27
Jul,B02764,40.69,-73.96000000000001,28
Jul,B02764,40.69,-73.95,21
Jul,B02764,40.69,-73.94,8
Jul,B02764,40.69,-73.93,1
Jul,B02764,40.69,-73.92,8
Jul,B02764,40.69,-73.91,5
Jul,B02764,40.69,-73.86,1
Jul,B02764,40.69,-73.84,1
Jul,B02764,40.69,-73.78,1
Jul,B02764,40.69,-73.74,1
Jul,B02764,40.7,-74.07000000000001,1
Jul,B02764,40.7,-74.02,4
Jul,B02764,40.7,-74.01,66
Jul,B02764,40.7,-74,6
Jul,B02764,40.7,-73.99,31
Jul,B02764,40.7,-73.98,16
Jul,B02764,40.7,-73.97,9
Jul,B02764,40.7,-73.96000000000001,2
Jul,B02764,40.7,-73.95,8
Jul,B02764,40.7,-73.94,19
Jul,B02764,40.7,-73.93,13
Jul,B02764,40.7,-73.92,4
Jul,B02764,40.7,-73.91,5
Jul,B02764,40.7,-73.9,2
Jul,B02764,40.7,-73.87,1
Jul,B02764,40.7,-73.84,1
Jul,B02764,40.7,-73.83,1
Jul,B02764,40.7,-73.81,1
Jul,B02764,40.7,-73.8,1
Jul,B02764,40.7,-73.7,1
Jul,B02764,40.71,-74.08,1
Jul,B02764,40.71,-74.04,1
Jul,B02764,40.71,-74.02,45
Jul,B02764,40.71,-74.01,183
Jul,B02764,40.71,-74,28
Jul,B02764,40.71,-73.99,13
Jul,B02764,40.71,-73.98,9
Jul,B02764,40.71,-73.97,24
Jul,B02764,40.71,-73.96000000000001,52
Jul,B02764,40.71,-73.95,37
Jul,B02764,40.71,-73.94,38
Jul,B02764,40.71,-73.93,11
Jul,B02764,40.71,-73.92,9
Jul,B02764,40.71,-73.91,1
Jul,B02764,40.71,-73.86,1
Jul,B02764,40.71,-73.83,1
Jul,B02764,40.71,-73.72,3
Jul,B02764,40.71,-73.7,1
Jul,B02764,40.72,-74.13,1
Jul,B02764,40.72,-74.08,1
Jul,B02764,40.72,-74.07000000000001,2
Jul,B02764,40.72,-74.05,2
Jul,B02764,40.72,-74.04,3
Jul,B02764,40.72,-74.03,2
Jul,B02764,40.72,-74.02,14
Jul,B02764,40.72,-74.01,163
Jul,B02764,40.72,-74,383
Jul,B02764,40.72,-73.99,180
Jul,B02764,40.72,-73.98,66
Jul,B02764,40.72,-73.97,3
Jul,B02764,40.72,-73.96000000000001,98
Jul,B02764,40.72,-73.95,44
Jul,B02764,40.72,-73.94,22
Jul,B02764,40.72,-73.92,1
Jul,B02764,40.72,-73.91,1
Jul,B02764,40.72,-73.9,1
Jul,B02764,40.72,-73.85000000000001,2
Jul,B02764,40.72,-73.84,1
Jul,B02764,40.72,-73.81,1
Jul,B02764,40.72,-73.79,2
Jul,B02764,40.72,-73.78,1
Jul,B02764,40.72,-73.73,1
Jul,B02764,40.730000000000004,-74.04,3
Jul,B02764,40.730000000000004,-74.03,4
Jul,B02764,40.730000000000004,-74.01,157
Jul,B02764,40.730000000000004,-74,359
Jul,B02764,40.730000000000004,-73.99,277
Jul,B02764,40.730000000000004,-73.98,126
Jul,B02764,40.730000000000004,-73.97,3
Jul,B02764,40.730000000000004,-73.96000000000001,24
Jul,B02764,40.730000000000004,-73.95,16
Jul,B02764,40.730000000000004,-73.94,9
Jul,B02764,40.730000000000004,-73.92,2
Jul,B02764,40.730000000000004,-73.91,1
Jul,B02764,40.730000000000004,-73.9,2
Jul,B02764,40.730000000000004,-73.89,2
Jul,B02764,40.730000000000004,-73.87,1
Jul,B02764,40.730000000000004,-73.86,1
Jul,B02764,40.730000000000004,-73.81,1
Jul,B02764,40.730000000000004,-73.74,1
Jul,B02764,40.74,-74.04,1
Jul,B02764,40.74,-74.03,4
Jul,B02764,40.74,-74.01,145
Jul,B02764,40.74,-74,272
Jul,B02764,40.74,-73.99,360
Jul,B02764,40.74,-73.98,154
Jul,B02764,40.74,-73.97,26
Jul,B02764,40.74,-73.96000000000001,8
Jul,B02764,40.74,-73.95,6
Jul,B02764,40.74,-73.94,1
Jul,B02764,40.74,-73.93,4
Jul,B02764,40.74,-73.92,4
Jul,B02764,40.74,-73.9,1
Jul,B02764,40.74,-73.89,1
Jul,B02764,40.74,-73.88,3
Jul,B02764,40.74,-73.86,1
Jul,B02764,40.74,-73.85000000000001,1
Jul,B02764,40.74,-73.83,1
Jul,B02764,40.74,-73.82000000000001,1
Jul,B02764,40.74,-73.81,1
Jul,B02764,40.75,-74.03,7
Jul,B02764,40.75,-74.02,1
Jul,B02764,40.75,-74.01,70
Jul,B02764,40.75,-74,126
Jul,B02764,40.75,-73.99,328
Jul,B02764,40.75,-73.98,392
Jul,B02764,40.75,-73.97,193
Jul,B02764,40.75,-73.96000000000001,13
Jul,B02764,40.75,-73.95,9
Jul,B02764,40.75,-73.94,16
Jul,B02764,40.75,-73.93,5
Jul,B02764,40.75,-73.92,4
Jul,B02764,40.75,-73.91,1
Jul,B02764,40.75,-73.9,4
Jul,B02764,40.75,-73.89,2
Jul,B02764,40.75,-73.88,4
Jul,B02764,40.75,-73.87,3
Jul,B02764,40.75,-73.85000000000001,1
Jul,B02764,40.75,-73.84,2
Jul,B02764,40.75,-73.83,1
Jul,B02764,40.75,-73.82000000000001,1
Jul,B02764,40.75,-73.78,1
Jul,B02764,40.75,-73.76,1
Jul,B02764,40.75,-73.72,1
Jul,B02764,40.75,-73.71000000000001,2
Jul,B02764,40.76,-74.03,1
Jul,B02764,40.76,-74.02,2
Jul,B02764,40.76,-74,85
Jul,B02764,40.76,-73.99,175
Jul,B02764,40.76,-73.98,473
Jul,B02764,40.76,-73.97,500
Jul,B02764,40.76,-73.96000000000001,95
Jul,B02764,40.76,-73.95,3
Jul,B02764,40.76,-73.93,5
Jul,B02764,40.76,-73.92,6
Jul,B02764,40.76,-73.91,6
Jul,B02764,40.76,-73.88,1
Jul,B02764,40.76,-73.87,1
Jul,B02764,40.76,-73.84,4
Jul,B02764,40.76,-73.83,7
Jul,B02764,40.76,-73.82000000000001,3
Jul,B02764,40.76,-73.81,2
Jul,B02764,40.76,-73.8,3
Jul,B02764,40.76,-73.77,3
Jul,B02764,40.76,-73.74,1
Jul,B02764,40.77,-74.03,2
Jul,B02764,40.77,-74,5
Jul,B02764,40.77,-73.99,68
Jul,B02764,40.77,-73.98,169
Jul,B02764,40.77,-73.97,67
Jul,B02764,40.77,-73.96000000000001,172
Jul,B02764,40.77,-73.95,80
Jul,B02764,40.77,-73.94,8
Jul,B02764,40.77,-73.93,5
Jul,B02764,40.77,-73.92,8
Jul,B02764,40.77,-73.91,3
Jul,B02764,40.77,-73.9,3
Jul,B02764,40.77,-73.89,19
Jul,B02764,40.77,-73.88,8
Jul,B02764,40.77,-73.87,123
Jul,B02764,40.77,-73.86,57
Jul,B02764,40.77,-73.84,2
Jul,B02764,40.77,-73.83,2
Jul,B02764,40.77,-73.82000000000001,1
Jul,B02764,40.77,-73.81,1
Jul,B02764,40.77,-73.79,2
Jul,B02764,40.77,-73.77,1
Jul,B02764,40.77,-73.75,1
Jul,B02764,40.77,-73.74,1
Jul,B02764,40.78,-74.01,1
Jul,B02764,40.78,-73.99,31
Jul,B02764,40.78,-73.98,112
Jul,B02764,40.78,-73.97,24
Jul,B02764,40.78,-73.96000000000001,100
Jul,B02764,40.78,-73.95,74
Jul,B02764,40.78,-73.94,6
Jul,B02764,40.78,-73.92,5
Jul,B02764,40.78,-73.91,3
Jul,B02764,40.78,-73.9,1
Jul,B02764,40.78,-73.83,1
Jul,B02764,40.78,-73.79,1
Jul,B02764,40.78,-73.78,1
Jul,B02764,40.78,-73.73,2
Jul,B02764,40.78,-73.71000000000001,1
Jul,B02764,40.78,-73.7,3
Jul,B02764,40.79,-74.04,1
Jul,B02764,40.79,-73.98,40
Jul,B02764,40.79,-73.97,47
Jul,B02764,40.79,-73.96000000000001,4
Jul,B02764,40.79,-73.95,16
Jul,B02764,40.79,-73.94,5
Jul,B02764,40.79,-73.93,2
Jul,B02764,40.79,-73.85000000000001,1
Jul,B02764,40.79,-73.84,2
Jul,B02764,40.79,-73.81,2
Jul,B02764,40.79,-73.8,1
Jul,B02764,40.79,-73.73,1
Jul,B02764,40.800000000000004,-74.06,1
Jul,B02764,40.800000000000004,-73.98,2
Jul,B02764,40.800000000000004,-73.97,32
Jul,B02764,40.800000000000004,-73.96000000000001,7
Jul,B02764,40.800000000000004,-73.95,11
Jul,B02764,40.800000000000004,-73.94,6
Jul,B02764,40.800000000000004,-73.93,3
Jul,B02764,40.800000000000004,-73.82000000000001,1
Jul,B02764,40.81,-74.08,1
Jul,B02764,40.81,-73.97,3
Jul,B02764,40.81,-73.96000000000001,21
Jul,B02764,40.81,-73.95,16
Jul,B02764,40.81,-73.94,9
Jul,B02764,40.81,-73.93,1
Jul,B02764,40.81,-73.92,1
Jul,B02764,40.81,-73.89,1
Jul,B02764,40.81,-73.85000000000001,1
Jul,B02764,40.81,-73.8,1
Jul,B02764,40.82,-73.99,1
Jul,B02764,40.82,-73.96000000000001,5
Jul,B02764,40.82,-73.95,2
Jul,B02764,40.82,-73.94,14
Jul,B02764,40.82,-73.93,2
Jul,B02764,40.82,-73.92,1
Jul,B02764,40.82,-73.91,1
Jul,B02764,40.82,-73.9,1
Jul,B02764,40.82,-73.89,1
Jul,B02764,40.82,-73.74,1
Jul,B02764,40.83,-74.09,1
Jul,B02764,40.83,-73.95,4
Jul,B02764,40.83,-73.94,7
Jul,B02764,40.83,-73.93,3
Jul,B02764,40.83,-73.92,2
Jul,B02764,40.83,-73.87,1
Jul,B02764,40.83,-73.83,1
Jul,B02764,40.84,-73.95,2
Jul,B02764,40.84,-73.94,5
Jul,B02764,40.84,-73.89,1
Jul,B02764,40.84,-73.84,1
Jul,B02764,40.84,-73.72,2
Jul,B02764,40.85,-73.94,2
Jul,B02764,40.85,-73.93,1
Jul,B02764,40.85,-73.83,1
Jul,B02764,40.86,-73.94,1
Jul,B02764,40.86,-73.93,1
Jul,B02764,40.86,-73.92,1
Jul,B02764,40.86,-73.9,1
Jul,B02764,40.86,-73.89,2
Jul,B02764,40.87,-73.93,2
Jul,B02764,40.87,-73.92,1
Jul,B02764,40.87,-73.91,1
Jul,B02764,40.87,-73.9,1
Jul,B02764,40.87,-73.86,1
Jul,B02764,40.87,-73.85000000000001,1
Jul,B02764,40.89,-74.01,1
Jul,B02764,40.89,-73.89,1
Jul,B02764,40.89,-73.86,1
Jul,B02764,40.9,-73.91,1
Jul,B02764,40.9,-73.87,1
Jul,B02764,40.92,-73.77,1
Aug,B02512,40.58,-73.99,1
Aug,B02512,40.58,-73.97,2
Aug,B02512,40.58,-73.96000000000001,2
Aug,B02512,40.58,-73.95,1
Aug,B02512,40.58,-73.94,5
Aug,B02512,40.58,-73.85000000000001,2
Aug,B02512,40.58,-73.83,1
Aug,B02512,40.58,-73.82000000000001,2
Aug,B02512,40.59,-74.07000000000001,1
Aug,B02512,40.59,-73.98,2
Aug,B02512,40.59,-73.97,2
Aug,B02512,40.59,-73.96000000000001,2
Aug,B02512,40.59,-73.95,1
Aug,B02512,40.59,-73.94,1
Aug,B02512,40.59,-73.93,1
Aug,B02512,40.59,-73.9,1
Aug,B02512,40.59,-73.81,1
Aug,B02512,40.59,-73.73,2
Aug,B02512,40.6,-74,1
Aug,B02512,40.6,-73.99,1
Aug,B02512,40.6,-73.98,1
Aug,B02512,40.6,-73.97,2
Aug,B02512,40.6,-73.95,1
Aug,B02512,40.6,-73.76,1
Aug,B02512,40.6,-73.74,1
Aug,B02512,40.61,-74.14,1
Aug,B02512,40.61,-74.03,2
Aug,B02512,40.61,-74,2
Aug,B02512,40.61,-73.98,1
Aug,B02512,40.61,-73.97,1
Aug,B02512,40.61,-73.95,3
Aug,B02512,40.61,-73.94,1
Aug,B02512,40.61,-73.92,2
Aug,B02512,40.61,-73.74,2
Aug,B02512,40.62,-74.04,1
Aug,B02512,40.62,-74.03,5
Aug,B02512,40.62,-74.02,4
Aug,B02512,40.62,-74,1
Aug,B02512,40.62,-73.99,1
Aug,B02512,40.62,-73.97,2
Aug,B02512,40.62,-73.93,2
Aug,B02512,40.62,-73.92,2
Aug,B02512,40.62,-73.91,1
Aug,B02512,40.62,-73.73,1
Aug,B02512,40.63,-74.04,1
Aug,B02512,40.63,-74.03,4
Aug,B02512,40.63,-74.02,2
Aug,B02512,40.63,-74.01,1
Aug,B02512,40.63,-73.99,1
Aug,B02512,40.63,-73.98,1
Aug,B02512,40.63,-73.97,2
Aug,B02512,40.63,-73.95,1
Aug,B02512,40.63,-73.94,2
Aug,B02512,40.63,-73.93,2
Aug,B02512,40.63,-73.92,2
Aug,B02512,40.63,-73.91,1
Aug,B02512,40.63,-73.73,3
Aug,B02512,40.64,-74.04,2
Aug,B02512,40.64,-74.03,2
Aug,B02512,40.64,-74.02,2
Aug,B02512,40.64,-74.01,2
Aug,B02512,40.64,-74,2
Aug,B02512,40.64,-73.99,1
Aug,B02512,40.64,-73.98,1
Aug,B02512,40.64,-73.97,6
Aug,B02512,40.64,-73.96000000000001,1
Aug,B02512,40.64,-73.95,4
Aug,B02512,40.64,-73.94,2
Aug,B02512,40.64,-73.93,2
Aug,B02512,40.64,-73.92,3
Aug,B02512,40.64,-73.91,1
Aug,B02512,40.64,-73.89,1
Aug,B02512,40.64,-73.8,1
Aug,B02512,40.64,-73.79,117
Aug,B02512,40.64,-73.78,223
Aug,B02512,40.64,-73.74,1
Aug,B02512,40.64,-73.73,2
Aug,B02512,40.64,-73.71000000000001,1
Aug,B02512,40.65,-74.01,4
Aug,B02512,40.65,-74,4
Aug,B02512,40.65,-73.98,5
Aug,B02512,40.65,-73.97,8
Aug,B02512,40.65,-73.96000000000001,17
Aug,B02512,40.65,-73.95,2
Aug,B02512,40.65,-73.93,1
Aug,B02512,40.65,-73.92,3
Aug,B02512,40.65,-73.91,3
Aug,B02512,40.65,-73.9,2
Aug,B02512,40.65,-73.89,2
Aug,B02512,40.65,-73.88,2
Aug,B02512,40.65,-73.87,2
Aug,B02512,40.65,-73.84,1
Aug,B02512,40.65,-73.8,2
Aug,B02512,40.65,-73.79,188
Aug,B02512,40.65,-73.78,193
Aug,B02512,40.65,-73.76,1
Aug,B02512,40.660000000000004,-74.12,2
Aug,B02512,40.660000000000004,-74.10000000000001,1
Aug,B02512,40.660000000000004,-74.09,2
Aug,B02512,40.660000000000004,-74.01,3
Aug,B02512,40.660000000000004,-74,6
Aug,B02512,40.660000000000004,-73.99,14
Aug,B02512,40.660000000000004,-73.98,15
Aug,B02512,40.660000000000004,-73.96000000000001,10
Aug,B02512,40.660000000000004,-73.95,14
Aug,B02512,40.660000000000004,-73.94,9
Aug,B02512,40.660000000000004,-73.93,4
Aug,B02512,40.660000000000004,-73.92,3
Aug,B02512,40.660000000000004,-73.91,2
Aug,B02512,40.660000000000004,-73.9,2
Aug,B02512,40.660000000000004,-73.85000000000001,3
Aug,B02512,40.660000000000004,-73.84,3
Aug,B02512,40.660000000000004,-73.83,2
Aug,B02512,40.660000000000004,-73.81,2
Aug,B02512,40.660000000000004,-73.8,7
Aug,B02512,40.660000000000004,-73.77,1
Aug,B02512,40.660000000000004,-73.75,1
Aug,B02512,40.660000000000004,-73.74,1
Aug,B02512,40.660000000000004,-73.73,1
Aug,B02512,40.660000000000004,-73.72,1
Aug,B02512,40.67,-74.12,2
Aug,B02512,40.67,-74.02,12
Aug,B02512,40.67,-74.01,23
Aug,B02512,40.67,-74,6
Aug,B02512,40.67,-73.99,20
Aug,B02512,40.67,-73.98,39
Aug,B02512,40.67,-73.97,22
Aug,B02512,40.67,-73.96000000000001,41
Aug,B02512,40.67,-73.95,23
Aug,B02512,40.67,-73.94,14
Aug,B02512,40.67,-73.93,4
Aug,B02512,40.67,-73.92,2
Aug,B02512,40.67,-73.91,4
Aug,B02512,40.67,-73.9,4
Aug,B02512,40.67,-73.89,3
Aug,B02512,40.67,-73.88,3
Aug,B02512,40.67,-73.87,1
Aug,B02512,40.67,-73.86,1
Aug,B02512,40.67,-73.84,1
Aug,B02512,40.67,-73.83,1
Aug,B02512,40.67,-73.81,4
Aug,B02512,40.67,-73.8,9
Aug,B02512,40.67,-73.79,3
Aug,B02512,40.67,-73.78,6
Aug,B02512,40.67,-73.77,1
Aug,B02512,40.67,-73.75,2
Aug,B02512,40.67,-73.74,2
Aug,B02512,40.67,-73.73,1
Aug,B02512,40.68,-74.02,6
Aug,B02512,40.68,-74.01,14
Aug,B02512,40.68,-74,42
Aug,B02512,40.68,-73.99,37
Aug,B02512,40.68,-73.98,66
Aug,B02512,40.68,-73.97,43
Aug,B02512,40.68,-73.96000000000001,57
Aug,B02512,40.68,-73.95,32
Aug,B02512,40.68,-73.94,25
Aug,B02512,40.68,-73.93,11
Aug,B02512,40.68,-73.92,3
Aug,B02512,40.68,-73.91,5
Aug,B02512,40.68,-73.9,1
Aug,B02512,40.68,-73.87,3
Aug,B02512,40.68,-73.86,1
Aug,B02512,40.68,-73.84,2
Aug,B02512,40.68,-73.83,1
Aug,B02512,40.68,-73.82000000000001,1
Aug,B02512,40.68,-73.81,3
Aug,B02512,40.68,-73.8,1
Aug,B02512,40.68,-73.79,2
Aug,B02512,40.68,-73.77,1
Aug,B02512,40.68,-73.76,2
Aug,B02512,40.68,-73.75,1
Aug,B02512,40.68,-73.72,2
Aug,B02512,40.68,-73.71000000000001,1
Aug,B02512,40.69,-74.07000000000001,2
Aug,B02512,40.69,-74,54
Aug,B02512,40.69,-73.99,113
Aug,B02512,40.69,-73.98,84
Aug,B02512,40.69,-73.97,80
Aug,B02512,40.69,-73.96000000000001,38
Aug,B02512,40.69,-73.95,26
Aug,B02512,40.69,-73.94,15
Aug,B02512,40.69,-73.93,13
Aug,B02512,40.69,-73.92,16
Aug,B02512,40.69,-73.91,10
Aug,B02512,40.69,-73.9,2
Aug,B02512,40.69,-73.84,2
Aug,B02512,40.69,-73.83,1
Aug,B02512,40.69,-73.8,1
Aug,B02512,40.69,-73.77,1
Aug,B02512,40.69,-73.73,1
Aug,B02512,40.69,-73.72,1
Aug,B02512,40.69,-73.71000000000001,1
Aug,B02512,40.7,-74.10000000000001,1
Aug,B02512,40.7,-74.08,1
Aug,B02512,40.7,-74.07000000000001,2
Aug,B02512,40.7,-74.02,14
Aug,B02512,40.7,-74.01,159
Aug,B02512,40.7,-74,11
Aug,B02512,40.7,-73.99,93
Aug,B02512,40.7,-73.98,35
Aug,B02512,40.7,-73.97,21
Aug,B02512,40.7,-73.96000000000001,6
Aug,B02512,40.7,-73.95,11
Aug,B02512,40.7,-73.94,18
Aug,B02512,40.7,-73.93,33
Aug,B02512,40.7,-73.92,24
Aug,B02512,40.7,-73.91,14
Aug,B02512,40.7,-73.9,1
Aug,B02512,40.7,-73.89,1
Aug,B02512,40.7,-73.88,2
Aug,B02512,40.7,-73.86,1
Aug,B02512,40.7,-73.83,3
Aug,B02512,40.7,-73.82000000000001,1
Aug,B02512,40.7,-73.81,4
Aug,B02512,40.7,-73.8,1
Aug,B02512,40.7,-73.77,1
Aug,B02512,40.7,-73.76,1
Aug,B02512,40.7,-73.74,2
Aug,B02512,40.7,-73.72,1
Aug,B02512,40.71,-74.15,1
Aug,B02512,40.71,-74.10000000000001,1
Aug,B02512,40.71,-74.09,2
Aug,B02512,40.71,-74.06,5
Aug,B02512,40.71,-74.04,40
Aug,B02512,40.71,-74.03,10
Aug,B02512,40.71,-74.02,183
Aug,B02512,40.71,-74.01,611
Aug,B02512,40.71,-74,112
Aug,B02512,40.71,-73.99,47
Aug,B02512,40.71,-73.98,14
Aug,B02512,40.71,-73.97,56
Aug,B02512,40.71,-73.96000000000001,120
Aug,B02512,40.71,-73.95,68
Aug,B02512,40.71,-73.94,45
Aug,B02512,40.71,-73.93,15
Aug,B02512,40.71,-73.92,16
Aug,B02512,40.71,-73.91,1
Aug,B02512,40.71,-73.9,3
Aug,B02512,40.71,-73.88,1
Aug,B02512,40.71,-73.87,1
Aug,B02512,40.71,-73.86,1
Aug,B02512,40.71,-73.85000000000001,5
Aug,B02512,40.71,-73.84,2
Aug,B02512,40.71,-73.83,6
Aug,B02512,40.71,-73.82000000000001,5
Aug,B02512,40.71,-73.81,1
Aug,B02512,40.71,-73.79,2
Aug,B02512,40.71,-73.75,1
Aug,B02512,40.71,-73.72,1
Aug,B02512,40.72,-74.07000000000001,2
Aug,B02512,40.72,-74.06,7
Aug,B02512,40.72,-74.05,22
Aug,B02512,40.72,-74.04,90
Aug,B02512,40.72,-74.03,48
Aug,B02512,40.72,-74.02,73
Aug,B02512,40.72,-74.01,903
Aug,B02512,40.72,-74,1153
Aug,B02512,40.72,-73.99,677
Aug,B02512,40.72,-73.98,215
Aug,B02512,40.72,-73.97,13
Aug,B02512,40.72,-73.96000000000001,205
Aug,B02512,40.72,-73.95,84
Aug,B02512,40.72,-73.94,26
Aug,B02512,40.72,-73.93,1
Aug,B02512,40.72,-73.92,1
Aug,B02512,40.72,-73.91,3
Aug,B02512,40.72,-73.9,1
Aug,B02512,40.72,-73.89,2
Aug,B02512,40.72,-73.88,6
Aug,B02512,40.72,-73.87,2
Aug,B02512,40.72,-73.86,3
Aug,B02512,40.72,-73.85000000000001,12
Aug,B02512,40.72,-73.84,10
Aug,B02512,40.72,-73.83,4
Aug,B02512,40.72,-73.82000000000001,5
Aug,B02512,40.72,-73.8,3
Aug,B02512,40.72,-73.79,3
Aug,B02512,40.72,-73.76,1
Aug,B02512,40.72,-73.75,3
Aug,B02512,40.72,-73.74,2
Aug,B02512,40.72,-73.73,1
Aug,B02512,40.72,-73.72,1
Aug,B02512,40.72,-73.71000000000001,1
Aug,B02512,40.72,-73.7,1
Aug,B02512,40.730000000000004,-74.14,2
Aug,B02512,40.730000000000004,-74.08,3
Aug,B02512,40.730000000000004,-74.07000000000001,1
Aug,B02512,40.730000000000004,-74.06,17
Aug,B02512,40.730000000000004,-74.05,12
Aug,B02512,40.730000000000004,-74.04,21
Aug,B02512,40.730000000000004,-74.03,43
Aug,B02512,40.730000000000004,-74.01,566
Aug,B02512,40.730000000000004,-74,1120
Aug,B02512,40.730000000000004,-73.99,943
Aug,B02512,40.730000000000004,-73.98,389
Aug,B02512,40.730000000000004,-73.97,20
Aug,B02512,40.730000000000004,-73.96000000000001,46
Aug,B02512,40.730000000000004,-73.95,35
Aug,B02512,40.730000000000004,-73.94,19
Aug,B02512,40.730000000000004,-73.92,1
Aug,B02512,40.730000000000004,-73.9,2
Aug,B02512,40.730000000000004,-73.89,1
Aug,B02512,40.730000000000004,-73.87,4
Aug,B02512,40.730000000000004,-73.86,13
Aug,B02512,40.730000000000004,-73.85000000000001,8
Aug,B02512,40.730000000000004,-73.83,1
Aug,B02512,40.730000000000004,-73.81,2
Aug,B02512,40.730000000000004,-73.79,1
Aug,B02512,40.730000000000004,-73.75,1
Aug,B02512,40.730000000000004,-73.74,1
Aug,B02512,40.730000000000004,-73.72,2
Aug,B02512,40.74,-74.07000000000001,3
Aug,B02512,40.74,-74.06,1
Aug,B02512,40.74,-74.04,43
Aug,B02512,40.74,-74.03,95
Aug,B02512,40.74,-74.01,835
Aug,B02512,40.74,-74,907
Aug,B02512,40.74,-73.99,1285
Aug,B02512,40.74,-73.98,695
Aug,B02512,40.74,-73.97,125
Aug,B02512,40.74,-73.96000000000001,25
Aug,B02512,40.74,-73.95,18
Aug,B02512,40.74,-73.94,9
Aug,B02512,40.74,-73.93,14
Aug,B02512,40.74,-73.92,21
Aug,B02512,40.74,-73.91,5
Aug,B02512,40.74,-73.9,5
Aug,B02512,40.74,-73.89,2
Aug,B02512,40.74,-73.88,6
Aug,B02512,40.74,-73.87,3
Aug,B02512,40.74,-73.86,3
Aug,B02512,40.74,-73.85000000000001,3
Aug,B02512,40.74,-73.84,27
Aug,B02512,40.74,-73.83,7
Aug,B02512,40.74,-73.82000000000001,2
Aug,B02512,40.74,-73.81,2
Aug,B02512,40.74,-73.79,1
Aug,B02512,40.74,-73.78,1
Aug,B02512,40.75,-74.15,1
Aug,B02512,40.75,-74.05,3
Aug,B02512,40.75,-74.04,12
Aug,B02512,40.75,-74.03,74
Aug,B02512,40.75,-74.02,18
Aug,B02512,40.75,-74.01,200
Aug,B02512,40.75,-74,449
Aug,B02512,40.75,-73.99,1088
Aug,B02512,40.75,-73.98,1120
Aug,B02512,40.75,-73.97,464
Aug,B02512,40.75,-73.96000000000001,41
Aug,B02512,40.75,-73.95,19
Aug,B02512,40.75,-73.94,43
Aug,B02512,40.75,-73.93,13
Aug,B02512,40.75,-73.92,12
Aug,B02512,40.75,-73.91,16
Aug,B02512,40.75,-73.9,7
Aug,B02512,40.75,-73.89,15
Aug,B02512,40.75,-73.88,5
Aug,B02512,40.75,-73.87,1
Aug,B02512,40.75,-73.86,4
Aug,B02512,40.75,-73.85000000000001,22
Aug,B02512,40.75,-73.84,11
Aug,B02512,40.75,-73.83,5
Aug,B02512,40.75,-73.82000000000001,3
Aug,B02512,40.75,-73.81,1
Aug,B02512,40.75,-73.8,1
Aug,B02512,40.75,-73.79,1
Aug,B02512,40.75,-73.76,1
Aug,B02512,40.75,-73.74,1
Aug,B02512,40.75,-73.71000000000001,2
Aug,B02512,40.76,-74.08,1
Aug,B02512,40.76,-74.07000000000001,2
Aug,B02512,40.76,-74.05,2
Aug,B02512,40.76,-74.04,3
Aug,B02512,40.76,-74.03,9
Aug,B02512,40.76,-74.02,6
Aug,B02512,40.76,-74,384
Aug,B02512,40.76,-73.99,899
Aug,B02512,40.76,-73.98,1602
Aug,B02512,40.76,-73.97,1726
Aug,B02512,40.76,-73.96000000000001,312
Aug,B02512,40.76,-73.95,25
Aug,B02512,40.76,-73.94,6
Aug,B02512,40.76,-73.93,20
Aug,B02512,40.76,-73.92,31
Aug,B02512,40.76,-73.91,14
Aug,B02512,40.76,-73.9,6
Aug,B02512,40.76,-73.89,3
Aug,B02512,40.76,-73.88,7
Aug,B02512,40.76,-73.87,2
Aug,B02512,40.76,-73.86,3
Aug,B02512,40.76,-73.85000000000001,3
Aug,B02512,40.76,-73.84,14
Aug,B02512,40.76,-73.83,8
Aug,B02512,40.76,-73.82000000000001,1
Aug,B02512,40.76,-73.81,4
Aug,B02512,40.76,-73.77,3
Aug,B02512,40.76,-73.76,1
Aug,B02512,40.76,-73.73,1
Aug,B02512,40.76,-73.72,1
Aug,B02512,40.76,-73.71000000000001,1
Aug,B02512,40.76,-73.7,1
Aug,B02512,40.77,-74.06,1
Aug,B02512,40.77,-74.04,4
Aug,B02512,40.77,-74.03,4
Aug,B02512,40.77,-74.02,4
Aug,B02512,40.77,-74,20
Aug,B02512,40.77,-73.99,359
Aug,B02512,40.77,-73.98,756
Aug,B02512,40.77,-73.97,329
Aug,B02512,40.77,-73.96000000000001,664
Aug,B02512,40.77,-73.95,240
Aug,B02512,40.77,-73.94,6
Aug,B02512,40.77,-73.93,25
Aug,B02512,40.77,-73.92,41
Aug,B02512,40.77,-73.91,21
Aug,B02512,40.77,-73.9,10
Aug,B02512,40.77,-73.89,80
Aug,B02512,40.77,-73.88,17
Aug,B02512,40.77,-73.87,530
Aug,B02512,40.77,-73.86,186
Aug,B02512,40.77,-73.84,1
Aug,B02512,40.77,-73.82000000000001,2
Aug,B02512,40.77,-73.71000000000001,1
Aug,B02512,40.78,-74.14,2
Aug,B02512,40.78,-74.07000000000001,1
Aug,B02512,40.78,-74.05,3
Aug,B02512,40.78,-74.04,1
Aug,B02512,40.78,-74.02,5
Aug,B02512,40.78,-74.01,7
Aug,B02512,40.78,-74,3
Aug,B02512,40.78,-73.99,118
Aug,B02512,40.78,-73.98,477
Aug,B02512,40.78,-73.97,98
Aug,B02512,40.78,-73.96000000000001,471
Aug,B02512,40.78,-73.95,332
Aug,B02512,40.78,-73.94,22
Aug,B02512,40.78,-73.93,2
Aug,B02512,40.78,-73.92,8
Aug,B02512,40.78,-73.91,13
Aug,B02512,40.78,-73.9,3
Aug,B02512,40.78,-73.83,3
Aug,B02512,40.78,-73.82000000000001,3
Aug,B02512,40.78,-73.81,1
Aug,B02512,40.78,-73.78,1
Aug,B02512,40.78,-73.7,1
Aug,B02512,40.79,-74.15,1
Aug,B02512,40.79,-74.14,1
Aug,B02512,40.79,-74.07000000000001,4
Aug,B02512,40.79,-74.06,3
Aug,B02512,40.79,-74.05,3
Aug,B02512,40.79,-74.04,7
Aug,B02512,40.79,-74.02,2
Aug,B02512,40.79,-74.01,4
Aug,B02512,40.79,-74,4
Aug,B02512,40.79,-73.98,180
Aug,B02512,40.79,-73.97,205
Aug,B02512,40.79,-73.96000000000001,25
Aug,B02512,40.79,-73.95,93
Aug,B02512,40.79,-73.94,16
Aug,B02512,40.79,-73.93,1
Aug,B02512,40.79,-73.92,17
Aug,B02512,40.79,-73.85000000000001,1
Aug,B02512,40.79,-73.84,4
Aug,B02512,40.79,-73.83,1
Aug,B02512,40.79,-73.8,1
Aug,B02512,40.79,-73.78,1
Aug,B02512,40.79,-73.73,1
Aug,B02512,40.79,-73.72,1
Aug,B02512,40.800000000000004,-74.13,1
Aug,B02512,40.800000000000004,-74.07000000000001,2
Aug,B02512,40.800000000000004,-74.06,2
Aug,B02512,40.800000000000004,-74.02,3
Aug,B02512,40.800000000000004,-74.01,1
Aug,B02512,40.800000000000004,-74,1
Aug,B02512,40.800000000000004,-73.99,2
Aug,B02512,40.800000000000004,-73.98,6
Aug,B02512,40.800000000000004,-73.97,113
Aug,B02512,40.800000000000004,-73.96000000000001,44
Aug,B02512,40.800000000000004,-73.95,34
Aug,B02512,40.800000000000004,-73.94,24
Aug,B02512,40.800000000000004,-73.93,18
Aug,B02512,40.800000000000004,-73.92,6
Aug,B02512,40.800000000000004,-73.91,2
Aug,B02512,40.800000000000004,-73.82000000000001,1
Aug,B02512,40.800000000000004,-73.7,1
Aug,B02512,40.81,-74.15,1
Aug,B02512,40.81,-74.11,2
Aug,B02512,40.81,-74.10000000000001,9
Aug,B02512,40.81,-74.08,10
Aug,B02512,40.81,-74.07000000000001,15
Aug,B02512,40.81,-74,1
Aug,B02512,40.81,-73.99,1
Aug,B02512,40.81,-73.97,17
Aug,B02512,40.81,-73.96000000000001,60
Aug,B02512,40.81,-73.95,33
Aug,B02512,40.81,-73.94,35
Aug,B02512,40.81,-73.93,7
Aug,B02512,40.81,-73.92,2
Aug,B02512,40.81,-73.91,1
Aug,B02512,40.81,-73.9,1
Aug,B02512,40.81,-73.85000000000001,1
Aug,B02512,40.81,-73.72,1
Aug,B02512,40.81,-73.71000000000001,1
Aug,B02512,40.82,-74.09,1
Aug,B02512,40.82,-74.07000000000001,2
Aug,B02512,40.82,-73.96000000000001,11
Aug,B02512,40.82,-73.95,20
Aug,B02512,40.82,-73.94,24
Aug,B02512,40.82,-73.93,5
Aug,B02512,40.82,-73.92,2
Aug,B02512,40.82,-73.91,2
Aug,B02512,40.82,-73.9,2
Aug,B02512,40.82,-73.89,2
Aug,B02512,40.82,-73.87,4
Aug,B02512,40.82,-73.86,1
Aug,B02512,40.82,-73.85000000000001,2
Aug,B02512,40.82,-73.82000000000001,1
Aug,B02512,40.83,-74.15,1
Aug,B02512,40.83,-74.14,3
Aug,B02512,40.83,-74.13,2
Aug,B02512,40.83,-74.11,1
Aug,B02512,40.83,-74.10000000000001,4
Aug,B02512,40.83,-74.09,2
Aug,B02512,40.83,-74.08,1
Aug,B02512,40.83,-73.98,1
Aug,B02512,40.83,-73.97,2
Aug,B02512,40.83,-73.95,11
Aug,B02512,40.83,-73.94,21
Aug,B02512,40.83,-73.93,21
Aug,B02512,40.83,-73.92,10
Aug,B02512,40.83,-73.91,1
Aug,B02512,40.83,-73.88,3
Aug,B02512,40.83,-73.86,3
Aug,B02512,40.83,-73.85000000000001,2
Aug,B02512,40.83,-73.83,1
Aug,B02512,40.84,-74.08,1
Aug,B02512,40.84,-74.07000000000001,3
Aug,B02512,40.84,-73.97,2
Aug,B02512,40.84,-73.95,4
Aug,B02512,40.84,-73.94,13
Aug,B02512,40.84,-73.93,1
Aug,B02512,40.84,-73.92,3
Aug,B02512,40.84,-73.91,1
Aug,B02512,40.84,-73.9,1
Aug,B02512,40.84,-73.89,2
Aug,B02512,40.84,-73.88,1
Aug,B02512,40.84,-73.87,1
Aug,B02512,40.84,-73.86,3
Aug,B02512,40.84,-73.85000000000001,1
Aug,B02512,40.84,-73.84,4
Aug,B02512,40.84,-73.83,3
Aug,B02512,40.84,-73.82000000000001,2
Aug,B02512,40.84,-73.73,1
Aug,B02512,40.85,-74.14,1
Aug,B02512,40.85,-74.07000000000001,1
Aug,B02512,40.85,-74.04,1
Aug,B02512,40.85,-74.01,2
Aug,B02512,40.85,-73.97,2
Aug,B02512,40.85,-73.94,17
Aug,B02512,40.85,-73.93,10
Aug,B02512,40.85,-73.91,2
Aug,B02512,40.85,-73.9,1
Aug,B02512,40.85,-73.89,2
Aug,B02512,40.85,-73.87,1
Aug,B02512,40.85,-73.86,3
Aug,B02512,40.85,-73.85000000000001,4
Aug,B02512,40.85,-73.84,1
Aug,B02512,40.85,-73.83,1
Aug,B02512,40.85,-73.79,1
Aug,B02512,40.86,-74.07000000000001,1
Aug,B02512,40.86,-73.93,8
Aug,B02512,40.86,-73.92,2
Aug,B02512,40.86,-73.91,1
Aug,B02512,40.86,-73.9,2
Aug,B02512,40.86,-73.89,2
Aug,B02512,40.86,-73.88,2
Aug,B02512,40.86,-73.87,1
Aug,B02512,40.86,-73.86,2
Aug,B02512,40.86,-73.84,1
Aug,B02512,40.86,-73.83,2
Aug,B02512,40.87,-74.06,1
Aug,B02512,40.87,-74,2
Aug,B02512,40.87,-73.97,2
Aug,B02512,40.87,-73.93,5
Aug,B02512,40.87,-73.92,8
Aug,B02512,40.87,-73.91,3
Aug,B02512,40.87,-73.9,2
Aug,B02512,40.87,-73.88,1
Aug,B02512,40.87,-73.83,1
Aug,B02512,40.87,-73.81,1
Aug,B02512,40.88,-74.06,1
Aug,B02512,40.88,-74.05,1
Aug,B02512,40.88,-73.99,1
Aug,B02512,40.88,-73.92,1
Aug,B02512,40.88,-73.91,6
Aug,B02512,40.88,-73.9,1
Aug,B02512,40.88,-73.89,1
Aug,B02512,40.88,-73.88,2
Aug,B02512,40.88,-73.87,1
Aug,B02512,40.88,-73.84,1
Aug,B02512,40.88,-73.83,1
Aug,B02512,40.89,-74.06,1
Aug,B02512,40.89,-73.99,1
Aug,B02512,40.89,-73.96000000000001,1
Aug,B02512,40.89,-73.95,2
Aug,B02512,40.89,-73.94,1
Aug,B02512,40.89,-73.92,1
Aug,B02512,40.89,-73.91,7
Aug,B02512,40.89,-73.9,15
Aug,B02512,40.89,-73.89,2
Aug,B02512,40.89,-73.82000000000001,1
Aug,B02512,40.89,-73.79,2
Aug,B02512,40.89,-73.78,1
Aug,B02512,40.89,-73.77,1
Aug,B02512,40.9,-74.10000000000001,1
Aug,B02512,40.9,-73.97,1
Aug,B02512,40.9,-73.94,1
Aug,B02512,40.9,-73.91,2
Aug,B02512,40.9,-73.9,3
Aug,B02512,40.9,-73.88,1
Aug,B02512,40.9,-73.86,1
Aug,B02512,40.9,-73.84,1
Aug,B02512,40.9,-73.8,1
Aug,B02512,40.910000000000004,-74.08,1
Aug,B02512,40.910000000000004,-74.04,1
Aug,B02512,40.910000000000004,-73.95,2
Aug,B02512,40.910000000000004,-73.91,1
Aug,B02512,40.910000000000004,-73.9,5
Aug,B02512,40.910000000000004,-73.84,2
Aug,B02512,40.910000000000004,-73.82000000000001,1
Aug,B02512,40.910000000000004,-73.81,1
Aug,B02512,40.92,-74.06,1
Aug,B02512,40.92,-73.9,1
Aug,B02598,40.58,-74.09,1
Aug,B02598,40.58,-74.01,3
Aug,B02598,40.58,-74,1
Aug,B02598,40.58,-73.99,7
Aug,B02598,40.58,-73.98,14
Aug,B02598,40.58,-73.97,13
Aug,B02598,40.58,-73.96000000000001,18
Aug,B02598,40.58,-73.95,27
Aug,B02598,40.58,-73.94,14
Aug,B02598,40.58,-73.93,7
Aug,B02598,40.58,-73.88,1
Aug,B02598,40.58,-73.84,2
Aug,B02598,40.58,-73.83,3
Aug,B02598,40.58,-73.82000000000001,6
Aug,B02598,40.58,-73.81,1
Aug,B02598,40.59,-74.10000000000001,1
Aug,B02598,40.59,-74.09,3
Aug,B02598,40.59,-74.08,1
Aug,B02598,40.59,-74.07000000000001,1
Aug,B02598,40.59,-74,2
Aug,B02598,40.59,-73.99,16
Aug,B02598,40.59,-73.98,8
Aug,B02598,40.59,-73.97,15
Aug,B02598,40.59,-73.96000000000001,23
Aug,B02598,40.59,-73.95,21
Aug,B02598,40.59,-73.94,16
Aug,B02598,40.59,-73.93,6
Aug,B02598,40.59,-73.92,1
Aug,B02598,40.59,-73.91,1
Aug,B02598,40.59,-73.9,6
Aug,B02598,40.59,-73.82000000000001,2
Aug,B02598,40.59,-73.81,4
Aug,B02598,40.59,-73.8,1
Aug,B02598,40.59,-73.79,2
Aug,B02598,40.59,-73.76,2
Aug,B02598,40.59,-73.74,2
Aug,B02598,40.59,-73.73,5
Aug,B02598,40.59,-73.72,2
Aug,B02598,40.59,-73.71000000000001,3
Aug,B02598,40.59,-73.7,1
Aug,B02598,40.6,-74.11,1
Aug,B02598,40.6,-74.10000000000001,1
Aug,B02598,40.6,-74.09,3
Aug,B02598,40.6,-74.08,3
Aug,B02598,40.6,-74.02,1
Aug,B02598,40.6,-74.01,7
Aug,B02598,40.6,-74,19
Aug,B02598,40.6,-73.99,22
Aug,B02598,40.6,-73.98,20
Aug,B02598,40.6,-73.97,30
Aug,B02598,40.6,-73.96000000000001,18
Aug,B02598,40.6,-73.95,12
Aug,B02598,40.6,-73.94,20
Aug,B02598,40.6,-73.93,3
Aug,B02598,40.6,-73.92,1
Aug,B02598,40.6,-73.91,5
Aug,B02598,40.6,-73.78,1
Aug,B02598,40.6,-73.76,2
Aug,B02598,40.6,-73.75,6
Aug,B02598,40.6,-73.74,3
Aug,B02598,40.6,-73.73,1
Aug,B02598,40.6,-73.72,1
Aug,B02598,40.61,-74.15,1
Aug,B02598,40.61,-74.13,2
Aug,B02598,40.61,-74.12,4
Aug,B02598,40.61,-74.10000000000001,1
Aug,B02598,40.61,-74.09,1
Aug,B02598,40.61,-74.08,1
Aug,B02598,40.61,-74.07000000000001,3
Aug,B02598,40.61,-74.06,14
Aug,B02598,40.61,-74.04,4
Aug,B02598,40.61,-74.03,26
Aug,B02598,40.61,-74.02,12
Aug,B02598,40.61,-74.01,20
Aug,B02598,40.61,-74,22
Aug,B02598,40.61,-73.99,12
Aug,B02598,40.61,-73.98,32
Aug,B02598,40.61,-73.97,33
Aug,B02598,40.61,-73.96000000000001,41
Aug,B02598,40.61,-73.95,20
Aug,B02598,40.61,-73.94,14
Aug,B02598,40.61,-73.93,9
Aug,B02598,40.61,-73.92,22
Aug,B02598,40.61,-73.91,4
Aug,B02598,40.61,-73.75,2
Aug,B02598,40.61,-73.74,7
Aug,B02598,40.61,-73.73,7
Aug,B02598,40.61,-73.72,3
Aug,B02598,40.61,-73.71000000000001,2
Aug,B02598,40.62,-74.14,2
Aug,B02598,40.62,-74.10000000000001,2
Aug,B02598,40.62,-74.09,1
Aug,B02598,40.62,-74.08,1
Aug,B02598,40.62,-74.07000000000001,1
Aug,B02598,40.62,-74.04,33
Aug,B02598,40.62,-74.03,122
Aug,B02598,40.62,-74.02,82
Aug,B02598,40.62,-74.01,29
Aug,B02598,40.62,-74,17
Aug,B02598,40.62,-73.99,17
Aug,B02598,40.62,-73.98,14
Aug,B02598,40.62,-73.97,28
Aug,B02598,40.62,-73.96000000000001,27
Aug,B02598,40.62,-73.95,19
Aug,B02598,40.62,-73.94,14
Aug,B02598,40.62,-73.93,20
Aug,B02598,40.62,-73.92,26
Aug,B02598,40.62,-73.91,8
Aug,B02598,40.62,-73.9,2
Aug,B02598,40.62,-73.75,2
Aug,B02598,40.62,-73.73,2
Aug,B02598,40.62,-73.72,2
Aug,B02598,40.62,-73.71000000000001,2
Aug,B02598,40.63,-74.14,1
Aug,B02598,40.63,-74.11,1
Aug,B02598,40.63,-74.10000000000001,1
Aug,B02598,40.63,-74.09,2
Aug,B02598,40.63,-74.08,1
Aug,B02598,40.63,-74.04,9
Aug,B02598,40.63,-74.03,86
Aug,B02598,40.63,-74.02,50
Aug,B02598,40.63,-74.01,30
Aug,B02598,40.63,-74,16
Aug,B02598,40.63,-73.99,11
Aug,B02598,40.63,-73.98,27
Aug,B02598,40.63,-73.97,67
Aug,B02598,40.63,-73.96000000000001,49
Aug,B02598,40.63,-73.95,66
Aug,B02598,40.63,-73.94,34
Aug,B02598,40.63,-73.93,16
Aug,B02598,40.63,-73.92,19
Aug,B02598,40.63,-73.91,9
Aug,B02598,40.63,-73.9,13
Aug,B02598,40.63,-73.89,5
Aug,B02598,40.63,-73.74,2
Aug,B02598,40.63,-73.73,4
Aug,B02598,40.63,-73.72,2
Aug,B02598,40.63,-73.71000000000001,2
Aug,B02598,40.63,-73.7,1
Aug,B02598,40.64,-74.15,1
Aug,B02598,40.64,-74.08,5
Aug,B02598,40.64,-74.07000000000001,1
Aug,B02598,40.64,-74.04,8
Aug,B02598,40.64,-74.03,33
Aug,B02598,40.64,-74.02,45
Aug,B02598,40.64,-74.01,26
Aug,B02598,40.64,-74,46
Aug,B02598,40.64,-73.99,30
Aug,B02598,40.64,-73.98,59
Aug,B02598,40.64,-73.97,154
Aug,B02598,40.64,-73.96000000000001,122
Aug,B02598,40.64,-73.95,42
Aug,B02598,40.64,-73.94,21
Aug,B02598,40.64,-73.93,14
Aug,B02598,40.64,-73.92,13
Aug,B02598,40.64,-73.91,18
Aug,B02598,40.64,-73.9,15
Aug,B02598,40.64,-73.89,10
Aug,B02598,40.64,-73.88,4
Aug,B02598,40.64,-73.8,2
Aug,B02598,40.64,-73.79,817
Aug,B02598,40.64,-73.78,2119
Aug,B02598,40.64,-73.74,3
Aug,B02598,40.64,-73.73,7
Aug,B02598,40.64,-73.71000000000001,1
Aug,B02598,40.65,-74.13,1
Aug,B02598,40.65,-74.08,1
Aug,B02598,40.65,-74.07000000000001,1
Aug,B02598,40.65,-74.02,33
Aug,B02598,40.65,-74.01,77
Aug,B02598,40.65,-74,64
Aug,B02598,40.65,-73.99,2
Aug,B02598,40.65,-73.98,86
Aug,B02598,40.65,-73.97,123
Aug,B02598,40.65,-73.96000000000001,203
Aug,B02598,40.65,-73.95,75
Aug,B02598,40.65,-73.94,31
Aug,B02598,40.65,-73.93,26
Aug,B02598,40.65,-73.92,18
Aug,B02598,40.65,-73.91,22
Aug,B02598,40.65,-73.9,9
Aug,B02598,40.65,-73.89,7
Aug,B02598,40.65,-73.88,16
Aug,B02598,40.65,-73.87,10
Aug,B02598,40.65,-73.84,8
Aug,B02598,40.65,-73.83,1
Aug,B02598,40.65,-73.81,7
Aug,B02598,40.65,-73.8,12
Aug,B02598,40.65,-73.79,901
Aug,B02598,40.65,-73.78,1732
Aug,B02598,40.65,-73.76,3
Aug,B02598,40.65,-73.74,2
Aug,B02598,40.65,-73.73,3
Aug,B02598,40.65,-73.72,1
Aug,B02598,40.660000000000004,-74.14,1
Aug,B02598,40.660000000000004,-74.13,1
Aug,B02598,40.660000000000004,-74.09,1
Aug,B02598,40.660000000000004,-74.01,97
Aug,B02598,40.660000000000004,-74,118
Aug,B02598,40.660000000000004,-73.99,294
Aug,B02598,40.660000000000004,-73.98,346
Aug,B02598,40.660000000000004,-73.97,18
Aug,B02598,40.660000000000004,-73.96000000000001,243
Aug,B02598,40.660000000000004,-73.95,168
Aug,B02598,40.660000000000004,-73.94,77
Aug,B02598,40.660000000000004,-73.93,46
Aug,B02598,40.660000000000004,-73.92,31
Aug,B02598,40.660000000000004,-73.91,31
Aug,B02598,40.660000000000004,-73.9,13
Aug,B02598,40.660000000000004,-73.89,21
Aug,B02598,40.660000000000004,-73.88,8
Aug,B02598,40.660000000000004,-73.87,5
Aug,B02598,40.660000000000004,-73.86,1
Aug,B02598,40.660000000000004,-73.85000000000001,4
Aug,B02598,40.660000000000004,-73.84,15
Aug,B02598,40.660000000000004,-73.83,8
Aug,B02598,40.660000000000004,-73.82000000000001,7
Aug,B02598,40.660000000000004,-73.81,11
Aug,B02598,40.660000000000004,-73.8,36
Aug,B02598,40.660000000000004,-73.79,11
Aug,B02598,40.660000000000004,-73.78,2
Aug,B02598,40.660000000000004,-73.77,7
Aug,B02598,40.660000000000004,-73.76,1
Aug,B02598,40.660000000000004,-73.75,3
Aug,B02598,40.660000000000004,-73.74,6
Aug,B02598,40.660000000000004,-73.73,3
Aug,B02598,40.660000000000004,-73.72,6
Aug,B02598,40.660000000000004,-73.71000000000001,3
Aug,B02598,40.660000000000004,-73.7,1
Aug,B02598,40.67,-74.12,2
Aug,B02598,40.67,-74.10000000000001,2
Aug,B02598,40.67,-74.08,1
Aug,B02598,40.67,-74.02,75
Aug,B02598,40.67,-74.01,216
Aug,B02598,40.67,-74,103
Aug,B02598,40.67,-73.99,531
Aug,B02598,40.67,-73.98,780
Aug,B02598,40.67,-73.97,265
Aug,B02598,40.67,-73.96000000000001,472
Aug,B02598,40.67,-73.95,340
Aug,B02598,40.67,-73.94,178
Aug,B02598,40.67,-73.93,122
Aug,B02598,40.67,-73.92,39
Aug,B02598,40.67,-73.91,23
Aug,B02598,40.67,-73.9,11
Aug,B02598,40.67,-73.89,13
Aug,B02598,40.67,-73.88,20
Aug,B02598,40.67,-73.87,12
Aug,B02598,40.67,-73.86,6
Aug,B02598,40.67,-73.85000000000001,10
Aug,B02598,40.67,-73.84,9
Aug,B02598,40.67,-73.83,14
Aug,B02598,40.67,-73.82000000000001,9
Aug,B02598,40.67,-73.81,27
Aug,B02598,40.67,-73.8,33
Aug,B02598,40.67,-73.79,22
Aug,B02598,40.67,-73.78,30
Aug,B02598,40.67,-73.77,5
Aug,B02598,40.67,-73.76,8
Aug,B02598,40.67,-73.75,3
Aug,B02598,40.67,-73.74,2
Aug,B02598,40.67,-73.73,3
Aug,B02598,40.67,-73.72,2
Aug,B02598,40.67,-73.71000000000001,3
Aug,B02598,40.68,-74.11,1
Aug,B02598,40.68,-74.02,147
Aug,B02598,40.68,-74.01,201
Aug,B02598,40.68,-74,621
Aug,B02598,40.68,-73.99,617
Aug,B02598,40.68,-73.98,1012
Aug,B02598,40.68,-73.97,749
Aug,B02598,40.68,-73.96000000000001,754
Aug,B02598,40.68,-73.95,452
Aug,B02598,40.68,-73.94,278
Aug,B02598,40.68,-73.93,195
Aug,B02598,40.68,-73.92,81
Aug,B02598,40.68,-73.91,80
Aug,B02598,40.68,-73.9,24
Aug,B02598,40.68,-73.89,17
Aug,B02598,40.68,-73.88,12
Aug,B02598,40.68,-73.87,17
Aug,B02598,40.68,-73.86,19
Aug,B02598,40.68,-73.85000000000001,16
Aug,B02598,40.68,-73.84,25
Aug,B02598,40.68,-73.83,9
Aug,B02598,40.68,-73.82000000000001,12
Aug,B02598,40.68,-73.81,8
Aug,B02598,40.68,-73.8,5
Aug,B02598,40.68,-73.79,1
Aug,B02598,40.68,-73.78,1
Aug,B02598,40.68,-73.77,3
Aug,B02598,40.68,-73.76,4
Aug,B02598,40.68,-73.75,4
Aug,B02598,40.68,-73.74,5
Aug,B02598,40.68,-73.72,1
Aug,B02598,40.69,-74.11,1
Aug,B02598,40.69,-74.10000000000001,3
Aug,B02598,40.69,-74.09,1
Aug,B02598,40.69,-74.07000000000001,5
Aug,B02598,40.69,-74.01,1
Aug,B02598,40.69,-74,735
Aug,B02598,40.69,-73.99,1310
Aug,B02598,40.69,-73.98,948
Aug,B02598,40.69,-73.97,1010
Aug,B02598,40.69,-73.96000000000001,730
Aug,B02598,40.69,-73.95,464
Aug,B02598,40.69,-73.94,368
Aug,B02598,40.69,-73.93,242
Aug,B02598,40.69,-73.92,229
Aug,B02598,40.69,-73.91,200
Aug,B02598,40.69,-73.9,22
Aug,B02598,40.69,-73.88,1
Aug,B02598,40.69,-73.87,7
Aug,B02598,40.69,-73.86,18
Aug,B02598,40.69,-73.85000000000001,12
Aug,B02598,40.69,-73.84,10
Aug,B02598,40.69,-73.83,14
Aug,B02598,40.69,-73.82000000000001,16
Aug,B02598,40.69,-73.81,11
Aug,B02598,40.69,-73.8,8
Aug,B02598,40.69,-73.79,1
Aug,B02598,40.69,-73.78,1
Aug,B02598,40.69,-73.77,3
Aug,B02598,40.69,-73.76,5
Aug,B02598,40.69,-73.75,4
Aug,B02598,40.69,-73.74,3
Aug,B02598,40.69,-73.73,1
Aug,B02598,40.69,-73.72,1
Aug,B02598,40.69,-73.71000000000001,2
Aug,B02598,40.7,-74.10000000000001,1
Aug,B02598,40.7,-74.09,1
Aug,B02598,40.7,-74.08,2
Aug,B02598,40.7,-74.07000000000001,3
Aug,B02598,40.7,-74.02,87
Aug,B02598,40.7,-74.01,1405
Aug,B02598,40.7,-74,187
Aug,B02598,40.7,-73.99,1455
Aug,B02598,40.7,-73.98,487
Aug,B02598,40.7,-73.97,252
Aug,B02598,40.7,-73.96000000000001,126
Aug,B02598,40.7,-73.95,157
Aug,B02598,40.7,-73.94,281
Aug,B02598,40.7,-73.93,660
Aug,B02598,40.7,-73.92,387
Aug,B02598,40.7,-73.91,144
Aug,B02598,40.7,-73.9,78
Aug,B02598,40.7,-73.89,15
Aug,B02598,40.7,-73.88,14
Aug,B02598,40.7,-73.87,17
Aug,B02598,40.7,-73.86,4
Aug,B02598,40.7,-73.85000000000001,11
Aug,B02598,40.7,-73.84,13
Aug,B02598,40.7,-73.83,32
Aug,B02598,40.7,-73.82000000000001,12
Aug,B02598,40.7,-73.81,54
Aug,B02598,40.7,-73.8,23
Aug,B02598,40.7,-73.78,3
Aug,B02598,40.7,-73.77,1
Aug,B02598,40.7,-73.76,4
Aug,B02598,40.7,-73.75,5
Aug,B02598,40.7,-73.74,1
Aug,B02598,40.7,-73.73,2
Aug,B02598,40.7,-73.72,3
Aug,B02598,40.7,-73.71000000000001,2
Aug,B02598,40.71,-74.11,1
Aug,B02598,40.71,-74.10000000000001,1
Aug,B02598,40.71,-74.09,8
Aug,B02598,40.71,-74.08,4
Aug,B02598,40.71,-74.07000000000001,2
Aug,B02598,40.71,-74.06,12
Aug,B02598,40.71,-74.05,2
Aug,B02598,40.71,-74.04,102
Aug,B02598,40.71,-74.03,9
Aug,B02598,40.71,-74.02,1062
Aug,B02598,40.71,-74.01,5350
Aug,B02598,40.71,-74,1046
Aug,B02598,40.71,-73.99,506
Aug,B02598,40.71,-73.98,150
Aug,B02598,40.71,-73.97,681
Aug,B02598,40.71,-73.96000000000001,1594
Aug,B02598,40.71,-73.95,1202
Aug,B02598,40.71,-73.94,837
Aug,B02598,40.71,-73.93,260
Aug,B02598,40.71,-73.92,270
Aug,B02598,40.71,-73.91,50
Aug,B02598,40.71,-73.9,43
Aug,B02598,40.71,-73.89,7
Aug,B02598,40.71,-73.88,16
Aug,B02598,40.71,-73.87,19
Aug,B02598,40.71,-73.86,23
Aug,B02598,40.71,-73.85000000000001,37
Aug,B02598,40.71,-73.84,14
Aug,B02598,40.71,-73.83,91
Aug,B02598,40.71,-73.82000000000001,54
Aug,B02598,40.71,-73.81,10
Aug,B02598,40.71,-73.8,23
Aug,B02598,40.71,-73.79,15
Aug,B02598,40.71,-73.78,18
Aug,B02598,40.71,-73.77,6
Aug,B02598,40.71,-73.75,2
Aug,B02598,40.71,-73.74,3
Aug,B02598,40.71,-73.72,1
Aug,B02598,40.72,-74.10000000000001,2
Aug,B02598,40.72,-74.09,11
Aug,B02598,40.72,-74.08,9
Aug,B02598,40.72,-74.07000000000001,9
Aug,B02598,40.72,-74.06,10
Aug,B02598,40.72,-74.05,63
Aug,B02598,40.72,-74.04,143
Aug,B02598,40.72,-74.03,47
Aug,B02598,40.72,-74.02,458
Aug,B02598,40.72,-74.01,4712
Aug,B02598,40.72,-74,7762
Aug,B02598,40.72,-73.99,5692
Aug,B02598,40.72,-73.98,2093
Aug,B02598,40.72,-73.97,78
Aug,B02598,40.72,-73.96000000000001,2522
Aug,B02598,40.72,-73.95,1154
Aug,B02598,40.72,-73.94,549
Aug,B02598,40.72,-73.93,15
Aug,B02598,40.72,-73.92,1
Aug,B02598,40.72,-73.91,18
Aug,B02598,40.72,-73.9,41
Aug,B02598,40.72,-73.89,23
Aug,B02598,40.72,-73.88,22
Aug,B02598,40.72,-73.87,32
Aug,B02598,40.72,-73.86,36
Aug,B02598,40.72,-73.85000000000001,99
Aug,B02598,40.72,-73.84,112
Aug,B02598,40.72,-73.83,21
Aug,B02598,40.72,-73.82000000000001,15
Aug,B02598,40.72,-73.81,24
Aug,B02598,40.72,-73.8,38
Aug,B02598,40.72,-73.79,11
Aug,B02598,40.72,-73.78,6
Aug,B02598,40.72,-73.77,4
Aug,B02598,40.72,-73.76,3
Aug,B02598,40.72,-73.75,6
Aug,B02598,40.72,-73.74,1
Aug,B02598,40.72,-73.73,6
Aug,B02598,40.72,-73.71000000000001,2
Aug,B02598,40.72,-73.7,2
Aug,B02598,40.730000000000004,-74.15,1
Aug,B02598,40.730000000000004,-74.14,1
Aug,B02598,40.730000000000004,-74.13,1
Aug,B02598,40.730000000000004,-74.12,1
Aug,B02598,40.730000000000004,-74.08,3
Aug,B02598,40.730000000000004,-74.07000000000001,21
Aug,B02598,40.730000000000004,-74.06,31
Aug,B02598,40.730000000000004,-74.05,44
Aug,B02598,40.730000000000004,-74.04,94
Aug,B02598,40.730000000000004,-74.03,57
Aug,B02598,40.730000000000004,-74.01,3152
Aug,B02598,40.730000000000004,-74,7375
Aug,B02598,40.730000000000004,-73.99,6650
Aug,B02598,40.730000000000004,-73.98,3918
Aug,B02598,40.730000000000004,-73.97,141
Aug,B02598,40.730000000000004,-73.96000000000001,733
Aug,B02598,40.730000000000004,-73.95,669
Aug,B02598,40.730000000000004,-73.94,250
Aug,B02598,40.730000000000004,-73.93,4
Aug,B02598,40.730000000000004,-73.92,10
Aug,B02598,40.730000000000004,-73.91,14
Aug,B02598,40.730000000000004,-73.9,38
Aug,B02598,40.730000000000004,-73.89,24
Aug,B02598,40.730000000000004,-73.88,16
Aug,B02598,40.730000000000004,-73.87,42
Aug,B02598,40.730000000000004,-73.86,84
Aug,B02598,40.730000000000004,-73.85000000000001,77
Aug,B02598,40.730000000000004,-73.84,8
Aug,B02598,40.730000000000004,-73.83,12
Aug,B02598,40.730000000000004,-73.82000000000001,21
Aug,B02598,40.730000000000004,-73.81,23
Aug,B02598,40.730000000000004,-73.8,7
Aug,B02598,40.730000000000004,-73.79,9
Aug,B02598,40.730000000000004,-73.78,3
Aug,B02598,40.730000000000004,-73.77,2
Aug,B02598,40.730000000000004,-73.76,4
Aug,B02598,40.730000000000004,-73.75,6
Aug,B02598,40.730000000000004,-73.74,3
Aug,B02598,40.730000000000004,-73.73,2
Aug,B02598,40.730000000000004,-73.72,4
Aug,B02598,40.730000000000004,-73.71000000000001,1
Aug,B02598,40.730000000000004,-73.7,4
Aug,B02598,40.74,-74.07000000000001,10
Aug,B02598,40.74,-74.06,13
Aug,B02598,40.74,-74.05,22
Aug,B02598,40.74,-74.04,124
Aug,B02598,40.74,-74.03,200
Aug,B02598,40.74,-74.01,4125
Aug,B02598,40.74,-74,5981
Aug,B02598,40.74,-73.99,8636
Aug,B02598,40.74,-73.98,4231
Aug,B02598,40.74,-73.97,788
Aug,B02598,40.74,-73.96000000000001,315
Aug,B02598,40.74,-73.95,285
Aug,B02598,40.74,-73.94,87
Aug,B02598,40.74,-73.93,133
Aug,B02598,40.74,-73.92,207
Aug,B02598,40.74,-73.91,52
Aug,B02598,40.74,-73.9,52
Aug,B02598,40.74,-73.89,27
Aug,B02598,40.74,-73.88,70
Aug,B02598,40.74,-73.87,35
Aug,B02598,40.74,-73.86,40
Aug,B02598,40.74,-73.85000000000001,33
Aug,B02598,40.74,-73.84,195
Aug,B02598,40.74,-73.83,34
Aug,B02598,40.74,-73.82000000000001,23
Aug,B02598,40.74,-73.81,5
Aug,B02598,40.74,-73.8,8
Aug,B02598,40.74,-73.79,10
Aug,B02598,40.74,-73.78,12
Aug,B02598,40.74,-73.77,1
Aug,B02598,40.74,-73.76,6
Aug,B02598,40.74,-73.75,9
Aug,B02598,40.74,-73.74,1
Aug,B02598,40.74,-73.73,1
Aug,B02598,40.74,-73.72,1
Aug,B02598,40.74,-73.71000000000001,2
Aug,B02598,40.74,-73.7,2
Aug,B02598,40.75,-74.06,4
Aug,B02598,40.75,-74.05,12
Aug,B02598,40.75,-74.04,49
Aug,B02598,40.75,-74.03,176
Aug,B02598,40.75,-74.02,28
Aug,B02598,40.75,-74.01,1491
Aug,B02598,40.75,-74,3021
Aug,B02598,40.75,-73.99,8021
Aug,B02598,40.75,-73.98,7397
Aug,B02598,40.75,-73.97,3302
Aug,B02598,40.75,-73.96000000000001,393
Aug,B02598,40.75,-73.95,322
Aug,B02598,40.75,-73.94,481
Aug,B02598,40.75,-73.93,125
Aug,B02598,40.75,-73.92,95
Aug,B02598,40.75,-73.91,100
Aug,B02598,40.75,-73.9,70
Aug,B02598,40.75,-73.89,144
Aug,B02598,40.75,-73.88,62
Aug,B02598,40.75,-73.87,19
Aug,B02598,40.75,-73.86,18
Aug,B02598,40.75,-73.85000000000001,223
Aug,B02598,40.75,-73.84,41
Aug,B02598,40.75,-73.83,27
Aug,B02598,40.75,-73.82000000000001,16
Aug,B02598,40.75,-73.81,9
Aug,B02598,40.75,-73.8,5
Aug,B02598,40.75,-73.79,7
Aug,B02598,40.75,-73.78,6
Aug,B02598,40.75,-73.77,4
Aug,B02598,40.75,-73.76,4
Aug,B02598,40.75,-73.75,8
Aug,B02598,40.75,-73.74,1
Aug,B02598,40.75,-73.73,2
Aug,B02598,40.75,-73.72,1
Aug,B02598,40.75,-73.71000000000001,8
Aug,B02598,40.75,-73.7,1
Aug,B02598,40.76,-74.08,9
Aug,B02598,40.76,-74.07000000000001,10
Aug,B02598,40.76,-74.05,4
Aug,B02598,40.76,-74.04,4
Aug,B02598,40.76,-74.03,35
Aug,B02598,40.76,-74.02,30
Aug,B02598,40.76,-74.01,6
Aug,B02598,40.76,-74,2618
Aug,B02598,40.76,-73.99,5958
Aug,B02598,40.76,-73.98,9845
Aug,B02598,40.76,-73.97,8950
Aug,B02598,40.76,-73.96000000000001,1937
Aug,B02598,40.76,-73.95,153
Aug,B02598,40.76,-73.94,40
Aug,B02598,40.76,-73.93,217
Aug,B02598,40.76,-73.92,422
Aug,B02598,40.76,-73.91,171
Aug,B02598,40.76,-73.9,34
Aug,B02598,40.76,-73.89,29
Aug,B02598,40.76,-73.88,34
Aug,B02598,40.76,-73.87,22
Aug,B02598,40.76,-73.86,22
Aug,B02598,40.76,-73.85000000000001,12
Aug,B02598,40.76,-73.84,98
Aug,B02598,40.76,-73.83,126
Aug,B02598,40.76,-73.82000000000001,29
Aug,B02598,40.76,-73.81,12
Aug,B02598,40.76,-73.8,18
Aug,B02598,40.76,-73.79,9
Aug,B02598,40.76,-73.78,9
Aug,B02598,40.76,-73.77,36
Aug,B02598,40.76,-73.76,5
Aug,B02598,40.76,-73.75,1
Aug,B02598,40.76,-73.73,6
Aug,B02598,40.76,-73.72,2
Aug,B02598,40.76,-73.71000000000001,3
Aug,B02598,40.76,-73.7,1
Aug,B02598,40.77,-74.08,2
Aug,B02598,40.77,-74.06,4
Aug,B02598,40.77,-74.04,9
Aug,B02598,40.77,-74.03,24
Aug,B02598,40.77,-74.02,24
Aug,B02598,40.77,-74.01,3
Aug,B02598,40.77,-74,114
Aug,B02598,40.77,-73.99,2267
Aug,B02598,40.77,-73.98,3317
Aug,B02598,40.77,-73.97,1420
Aug,B02598,40.77,-73.96000000000001,3442
Aug,B02598,40.77,-73.95,1932
Aug,B02598,40.77,-73.94,68
Aug,B02598,40.77,-73.93,185
Aug,B02598,40.77,-73.92,346
Aug,B02598,40.77,-73.91,211
Aug,B02598,40.77,-73.9,83
Aug,B02598,40.77,-73.89,479
Aug,B02598,40.77,-73.88,122
Aug,B02598,40.77,-73.87,3303
Aug,B02598,40.77,-73.86,1422
Aug,B02598,40.77,-73.85000000000001,1
Aug,B02598,40.77,-73.84,5
Aug,B02598,40.77,-73.83,16
Aug,B02598,40.77,-73.82000000000001,9
Aug,B02598,40.77,-73.81,7
Aug,B02598,40.77,-73.8,4
Aug,B02598,40.77,-73.79,6
Aug,B02598,40.77,-73.78,4
Aug,B02598,40.77,-73.77,7
Aug,B02598,40.77,-73.75,4
Aug,B02598,40.77,-73.74,7
Aug,B02598,40.77,-73.73,1
Aug,B02598,40.77,-73.72,3
Aug,B02598,40.77,-73.71000000000001,3
Aug,B02598,40.77,-73.7,4
Aug,B02598,40.78,-74.14,1
Aug,B02598,40.78,-74.08,3
Aug,B02598,40.78,-74.07000000000001,8
Aug,B02598,40.78,-74.05,2
Aug,B02598,40.78,-74.04,2
Aug,B02598,40.78,-74.02,15
Aug,B02598,40.78,-74.01,24
Aug,B02598,40.78,-74,6
Aug,B02598,40.78,-73.99,717
Aug,B02598,40.78,-73.98,2860
Aug,B02598,40.78,-73.97,490
Aug,B02598,40.78,-73.96000000000001,2008
Aug,B02598,40.78,-73.95,2460
Aug,B02598,40.78,-73.94,127
Aug,B02598,40.78,-73.93,27
Aug,B02598,40.78,-73.92,89
Aug,B02598,40.78,-73.91,114
Aug,B02598,40.78,-73.9,23
Aug,B02598,40.78,-73.87,1
Aug,B02598,40.78,-73.86,1
Aug,B02598,40.78,-73.85000000000001,6
Aug,B02598,40.78,-73.84,9
Aug,B02598,40.78,-73.83,3
Aug,B02598,40.78,-73.82000000000001,6
Aug,B02598,40.78,-73.81,7
Aug,B02598,40.78,-73.8,7
Aug,B02598,40.78,-73.79,4
Aug,B02598,40.78,-73.78,13
Aug,B02598,40.78,-73.77,6
Aug,B02598,40.78,-73.75,3
Aug,B02598,40.78,-73.73,17
Aug,B02598,40.78,-73.72,3
Aug,B02598,40.78,-73.71000000000001,4
Aug,B02598,40.78,-73.7,3
Aug,B02598,40.79,-74.07000000000001,3
Aug,B02598,40.79,-74.06,5
Aug,B02598,40.79,-74.05,9
Aug,B02598,40.79,-74.04,21
Aug,B02598,40.79,-74.02,2
Aug,B02598,40.79,-74.01,4
Aug,B02598,40.79,-74,10
Aug,B02598,40.79,-73.98,1059
Aug,B02598,40.79,-73.97,1406
Aug,B02598,40.79,-73.96000000000001,174
Aug,B02598,40.79,-73.95,582
Aug,B02598,40.79,-73.94,234
Aug,B02598,40.79,-73.93,22
Aug,B02598,40.79,-73.92,55
Aug,B02598,40.79,-73.86,2
Aug,B02598,40.79,-73.85000000000001,2
Aug,B02598,40.79,-73.84,24
Aug,B02598,40.79,-73.83,6
Aug,B02598,40.79,-73.82000000000001,4
Aug,B02598,40.79,-73.81,7
Aug,B02598,40.79,-73.8,8
Aug,B02598,40.79,-73.79,4
Aug,B02598,40.79,-73.78,2
Aug,B02598,40.79,-73.74,4
Aug,B02598,40.79,-73.73,16
Aug,B02598,40.79,-73.72,6
Aug,B02598,40.79,-73.71000000000001,1
Aug,B02598,40.79,-73.7,2
Aug,B02598,40.800000000000004,-74.15,1
Aug,B02598,40.800000000000004,-74.14,1
Aug,B02598,40.800000000000004,-74.13,2
Aug,B02598,40.800000000000004,-74.12,1
Aug,B02598,40.800000000000004,-74.11,3
Aug,B02598,40.800000000000004,-74.10000000000001,1
Aug,B02598,40.800000000000004,-74.06,9
Aug,B02598,40.800000000000004,-74.05,1
Aug,B02598,40.800000000000004,-74.02,7
Aug,B02598,40.800000000000004,-74.01,3
Aug,B02598,40.800000000000004,-74,3
Aug,B02598,40.800000000000004,-73.99,2
Aug,B02598,40.800000000000004,-73.98,40
Aug,B02598,40.800000000000004,-73.97,764
Aug,B02598,40.800000000000004,-73.96000000000001,509
Aug,B02598,40.800000000000004,-73.95,374
Aug,B02598,40.800000000000004,-73.94,332
Aug,B02598,40.800000000000004,-73.93,160
Aug,B02598,40.800000000000004,-73.92,33
Aug,B02598,40.800000000000004,-73.91,10
Aug,B02598,40.800000000000004,-73.85000000000001,1
Aug,B02598,40.800000000000004,-73.82000000000001,5
Aug,B02598,40.800000000000004,-73.81,1
Aug,B02598,40.800000000000004,-73.74,4
Aug,B02598,40.800000000000004,-73.71000000000001,1
Aug,B02598,40.800000000000004,-73.7,1
Aug,B02598,40.81,-74.12,2
Aug,B02598,40.81,-74.11,1
Aug,B02598,40.81,-74.10000000000001,6
Aug,B02598,40.81,-74.08,16
Aug,B02598,40.81,-74.07000000000001,26
Aug,B02598,40.81,-74.01,4
Aug,B02598,40.81,-74,4
Aug,B02598,40.81,-73.99,10
Aug,B02598,40.81,-73.98,2
Aug,B02598,40.81,-73.97,81
Aug,B02598,40.81,-73.96000000000001,487
Aug,B02598,40.81,-73.95,444
Aug,B02598,40.81,-73.94,337
Aug,B02598,40.81,-73.93,38
Aug,B02598,40.81,-73.92,17
Aug,B02598,40.81,-73.91,9
Aug,B02598,40.81,-73.9,2
Aug,B02598,40.81,-73.89,1
Aug,B02598,40.81,-73.88,3
Aug,B02598,40.81,-73.87,2
Aug,B02598,40.81,-73.85000000000001,4
Aug,B02598,40.81,-73.83,2
Aug,B02598,40.81,-73.82000000000001,1
Aug,B02598,40.81,-73.81,4
Aug,B02598,40.81,-73.79,1
Aug,B02598,40.81,-73.76,2
Aug,B02598,40.81,-73.72,1
Aug,B02598,40.81,-73.71000000000001,1
Aug,B02598,40.82,-74.14,1
Aug,B02598,40.82,-74.11,1
Aug,B02598,40.82,-74.07000000000001,1
Aug,B02598,40.82,-74.06,2
Aug,B02598,40.82,-74.01,1
Aug,B02598,40.82,-73.98,4
Aug,B02598,40.82,-73.97,1
Aug,B02598,40.82,-73.96000000000001,158
Aug,B02598,40.82,-73.95,279
Aug,B02598,40.82,-73.94,285
Aug,B02598,40.82,-73.93,34
Aug,B02598,40.82,-73.92,20
Aug,B02598,40.82,-73.91,11
Aug,B02598,40.82,-73.9,6
Aug,B02598,40.82,-73.89,17
Aug,B02598,40.82,-73.88,7
Aug,B02598,40.82,-73.87,14
Aug,B02598,40.82,-73.86,4
Aug,B02598,40.82,-73.85000000000001,7
Aug,B02598,40.82,-73.84,3
Aug,B02598,40.82,-73.82000000000001,6
Aug,B02598,40.82,-73.81,2
Aug,B02598,40.82,-73.76,1
Aug,B02598,40.82,-73.73,1
Aug,B02598,40.82,-73.7,2
Aug,B02598,40.83,-74.14,1
Aug,B02598,40.83,-74.10000000000001,7
Aug,B02598,40.83,-74.08,4
Aug,B02598,40.83,-74.07000000000001,3
Aug,B02598,40.83,-74.05,1
Aug,B02598,40.83,-74.01,1
Aug,B02598,40.83,-74,3
Aug,B02598,40.83,-73.99,2
Aug,B02598,40.83,-73.98,3
Aug,B02598,40.83,-73.97,4
Aug,B02598,40.83,-73.96000000000001,4
Aug,B02598,40.83,-73.95,155
Aug,B02598,40.83,-73.94,224
Aug,B02598,40.83,-73.93,187
Aug,B02598,40.83,-73.92,64
Aug,B02598,40.83,-73.91,11
Aug,B02598,40.83,-73.9,11
Aug,B02598,40.83,-73.89,9
Aug,B02598,40.83,-73.88,10
Aug,B02598,40.83,-73.87,4
Aug,B02598,40.83,-73.86,10
Aug,B02598,40.83,-73.85000000000001,5
Aug,B02598,40.83,-73.84,3
Aug,B02598,40.83,-73.83,4
Aug,B02598,40.83,-73.82000000000001,6
Aug,B02598,40.84,-74.15,2
Aug,B02598,40.84,-74.13,1
Aug,B02598,40.84,-74.11,2
Aug,B02598,40.84,-74.10000000000001,1
Aug,B02598,40.84,-74.08,2
Aug,B02598,40.84,-74.07000000000001,4
Aug,B02598,40.84,-74.04,1
Aug,B02598,40.84,-73.99,1
Aug,B02598,40.84,-73.98,2
Aug,B02598,40.84,-73.97,2
Aug,B02598,40.84,-73.95,36
Aug,B02598,40.84,-73.94,278
Aug,B02598,40.84,-73.93,7
Aug,B02598,40.84,-73.92,12
Aug,B02598,40.84,-73.91,20
Aug,B02598,40.84,-73.9,14
Aug,B02598,40.84,-73.89,9
Aug,B02598,40.84,-73.88,17
Aug,B02598,40.84,-73.87,8
Aug,B02598,40.84,-73.86,14
Aug,B02598,40.84,-73.85000000000001,12
Aug,B02598,40.84,-73.84,8
Aug,B02598,40.84,-73.83,8
Aug,B02598,40.84,-73.82000000000001,7
Aug,B02598,40.84,-73.79,1
Aug,B02598,40.84,-73.78,2
Aug,B02598,40.84,-73.72,2
Aug,B02598,40.85,-74.13,1
Aug,B02598,40.85,-74.07000000000001,2
Aug,B02598,40.85,-74.02,2
Aug,B02598,40.85,-74.01,6
Aug,B02598,40.85,-74,2
Aug,B02598,40.85,-73.99,2
Aug,B02598,40.85,-73.98,1
Aug,B02598,40.85,-73.97,8
Aug,B02598,40.85,-73.96000000000001,1
Aug,B02598,40.85,-73.94,236
Aug,B02598,40.85,-73.93,120
Aug,B02598,40.85,-73.92,4
Aug,B02598,40.85,-73.91,16
Aug,B02598,40.85,-73.9,15
Aug,B02598,40.85,-73.89,32
Aug,B02598,40.85,-73.88,18
Aug,B02598,40.85,-73.87,8
Aug,B02598,40.85,-73.86,12
Aug,B02598,40.85,-73.85000000000001,23
Aug,B02598,40.85,-73.84,15
Aug,B02598,40.85,-73.83,16
Aug,B02598,40.85,-73.82000000000001,4
Aug,B02598,40.85,-73.79,6
Aug,B02598,40.85,-73.72,1
Aug,B02598,40.85,-73.71000000000001,4
Aug,B02598,40.86,-74.13,1
Aug,B02598,40.86,-74.09,1
Aug,B02598,40.86,-74.06,1
Aug,B02598,40.86,-73.98,2
Aug,B02598,40.86,-73.97,7
Aug,B02598,40.86,-73.96000000000001,2
Aug,B02598,40.86,-73.94,39
Aug,B02598,40.86,-73.93,97
Aug,B02598,40.86,-73.92,27
Aug,B02598,40.86,-73.91,17
Aug,B02598,40.86,-73.9,19
Aug,B02598,40.86,-73.89,46
Aug,B02598,40.86,-73.88,27
Aug,B02598,40.86,-73.87,21
Aug,B02598,40.86,-73.86,11
Aug,B02598,40.86,-73.85000000000001,7
Aug,B02598,40.86,-73.84,6
Aug,B02598,40.86,-73.83,3
Aug,B02598,40.86,-73.82000000000001,1
Aug,B02598,40.87,-74.09,1
Aug,B02598,40.87,-74.06,2
Aug,B02598,40.87,-74.03,2
Aug,B02598,40.87,-74.02,2
Aug,B02598,40.87,-74.01,1
Aug,B02598,40.87,-74,9
Aug,B02598,40.87,-73.98,1
Aug,B02598,40.87,-73.97,2
Aug,B02598,40.87,-73.96000000000001,4
Aug,B02598,40.87,-73.93,69
Aug,B02598,40.87,-73.92,78
Aug,B02598,40.87,-73.91,32
Aug,B02598,40.87,-73.9,18
Aug,B02598,40.87,-73.89,24
Aug,B02598,40.87,-73.88,32
Aug,B02598,40.87,-73.87,5
Aug,B02598,40.87,-73.86,5
Aug,B02598,40.87,-73.85000000000001,8
Aug,B02598,40.87,-73.84,4
Aug,B02598,40.87,-73.83,11
Aug,B02598,40.87,-73.82000000000001,4
Aug,B02598,40.87,-73.81,10
Aug,B02598,40.87,-73.8,2
Aug,B02598,40.88,-74.12,2
Aug,B02598,40.88,-74.11,1
Aug,B02598,40.88,-74.09,1
Aug,B02598,40.88,-74.08,1
Aug,B02598,40.88,-74.07000000000001,1
Aug,B02598,40.88,-74.06,3
Aug,B02598,40.88,-74.05,1
Aug,B02598,40.88,-74.03,1
Aug,B02598,40.88,-74.01,2
Aug,B02598,40.88,-74,2
Aug,B02598,40.88,-73.98,9
Aug,B02598,40.88,-73.96000000000001,1
Aug,B02598,40.88,-73.92,24
Aug,B02598,40.88,-73.91,59
Aug,B02598,40.88,-73.9,37
Aug,B02598,40.88,-73.89,9
Aug,B02598,40.88,-73.88,35
Aug,B02598,40.88,-73.87,6
Aug,B02598,40.88,-73.86,4
Aug,B02598,40.88,-73.85000000000001,4
Aug,B02598,40.88,-73.84,6
Aug,B02598,40.88,-73.83,9
Aug,B02598,40.88,-73.82000000000001,1
Aug,B02598,40.88,-73.8,1
Aug,B02598,40.89,-74.09,1
Aug,B02598,40.89,-74.08,1
Aug,B02598,40.89,-74.05,2
Aug,B02598,40.89,-73.99,1
Aug,B02598,40.89,-73.98,1
Aug,B02598,40.89,-73.97,8
Aug,B02598,40.89,-73.96000000000001,4
Aug,B02598,40.89,-73.95,4
Aug,B02598,40.89,-73.92,11
Aug,B02598,40.89,-73.91,85
Aug,B02598,40.89,-73.9,70
Aug,B02598,40.89,-73.89,15
Aug,B02598,40.89,-73.88,1
Aug,B02598,40.89,-73.86,10
Aug,B02598,40.89,-73.85000000000001,1
Aug,B02598,40.89,-73.84,2
Aug,B02598,40.89,-73.83,4
Aug,B02598,40.89,-73.82000000000001,1
Aug,B02598,40.89,-73.8,2
Aug,B02598,40.89,-73.79,7
Aug,B02598,40.89,-73.78,7
Aug,B02598,40.9,-74.10000000000001,3
Aug,B02598,40.9,-74.07000000000001,1
Aug,B02598,40.9,-74.06,1
Aug,B02598,40.9,-74.04,1
Aug,B02598,40.9,-74,1
Aug,B02598,40.9,-73.97,1
Aug,B02598,40.9,-73.96000000000001,2
Aug,B02598,40.9,-73.94,3
Aug,B02598,40.9,-73.91,15
Aug,B02598,40.9,-73.9,37
Aug,B02598,40.9,-73.88,1
Aug,B02598,40.9,-73.87,15
Aug,B02598,40.9,-73.86,6
Aug,B02598,40.9,-73.85000000000001,5
Aug,B02598,40.9,-73.84,3
Aug,B02598,40.9,-73.82000000000001,2
Aug,B02598,40.9,-73.81,4
Aug,B02598,40.9,-73.8,4
Aug,B02598,40.9,-73.79,1
Aug,B02598,40.910000000000004,-74.14,1
Aug,B02598,40.910000000000004,-74.12,1
Aug,B02598,40.910000000000004,-74.10000000000001,1
Aug,B02598,40.910000000000004,-74.05,2
Aug,B02598,40.910000000000004,-74.04,1
Aug,B02598,40.910000000000004,-74.03,4
Aug,B02598,40.910000000000004,-74,1
Aug,B02598,40.910000000000004,-73.98,2
Aug,B02598,40.910000000000004,-73.95,3
Aug,B02598,40.910000000000004,-73.91,7
Aug,B02598,40.910000000000004,-73.9,20
Aug,B02598,40.910000000000004,-73.89,1
Aug,B02598,40.910000000000004,-73.88,3
Aug,B02598,40.910000000000004,-73.87,2
Aug,B02598,40.910000000000004,-73.86,10
Aug,B02598,40.910000000000004,-73.85000000000001,5
Aug,B02598,40.910000000000004,-73.84,5
Aug,B02598,40.910000000000004,-73.83,4
Aug,B02598,40.910000000000004,-73.82000000000001,1
Aug,B02598,40.910000000000004,-73.81,3
Aug,B02598,40.910000000000004,-73.8,3
Aug,B02598,40.910000000000004,-73.79,4
Aug,B02598,40.910000000000004,-73.78,14
Aug,B02598,40.910000000000004,-73.77,2
Aug,B02598,40.92,-74.08,1
Aug,B02598,40.92,-74.05,1
Aug,B02598,40.92,-73.97,1
Aug,B02598,40.92,-73.86,2
Aug,B02598,40.92,-73.85000000000001,1
Aug,B02598,40.92,-73.84,1
Aug,B02598,40.92,-73.82000000000001,1
Aug,B02598,40.92,-73.81,1
Aug,B02617,40.58,-74.09,1
Aug,B02617,40.58,-74.01,1
Aug,B02617,40.58,-74,3
Aug,B02617,40.58,-73.99,12
Aug,B02617,40.58,-73.98,14
Aug,B02617,40.58,-73.97,31
Aug,B02617,40.58,-73.96000000000001,32
Aug,B02617,40.58,-73.95,26
Aug,B02617,40.58,-73.94,26
Aug,B02617,40.58,-73.93,9
Aug,B02617,40.58,-73.88,1
Aug,B02617,40.58,-73.85000000000001,2
Aug,B02617,40.58,-73.84,5
Aug,B02617,40.58,-73.83,1
Aug,B02617,40.58,-73.82000000000001,8
Aug,B02617,40.58,-73.81,1
Aug,B02617,40.59,-74.10000000000001,1
Aug,B02617,40.59,-74.08,1
Aug,B02617,40.59,-74.07000000000001,4
Aug,B02617,40.59,-74,5
Aug,B02617,40.59,-73.99,18
Aug,B02617,40.59,-73.98,18
Aug,B02617,40.59,-73.97,35
Aug,B02617,40.59,-73.96000000000001,24
Aug,B02617,40.59,-73.95,26
Aug,B02617,40.59,-73.94,19
Aug,B02617,40.59,-73.93,15
Aug,B02617,40.59,-73.92,1
Aug,B02617,40.59,-73.9,9
Aug,B02617,40.59,-73.82000000000001,7
Aug,B02617,40.59,-73.81,10
Aug,B02617,40.59,-73.8,5
Aug,B02617,40.59,-73.79,6
Aug,B02617,40.59,-73.78,1
Aug,B02617,40.59,-73.75,1
Aug,B02617,40.59,-73.74,1
Aug,B02617,40.59,-73.73,4
Aug,B02617,40.59,-73.72,6
Aug,B02617,40.59,-73.71000000000001,6
Aug,B02617,40.59,-73.7,1
Aug,B02617,40.6,-74.10000000000001,1
Aug,B02617,40.6,-74.09,3
Aug,B02617,40.6,-74.08,3
Aug,B02617,40.6,-74.07000000000001,2
Aug,B02617,40.6,-74.02,1
Aug,B02617,40.6,-74.01,19
Aug,B02617,40.6,-74,21
Aug,B02617,40.6,-73.99,38
Aug,B02617,40.6,-73.98,13
Aug,B02617,40.6,-73.97,34
Aug,B02617,40.6,-73.96000000000001,30
Aug,B02617,40.6,-73.95,35
Aug,B02617,40.6,-73.94,32
Aug,B02617,40.6,-73.93,9
Aug,B02617,40.6,-73.91,11
Aug,B02617,40.6,-73.78,1
Aug,B02617,40.6,-73.77,2
Aug,B02617,40.6,-73.76,2
Aug,B02617,40.6,-73.75,5
Aug,B02617,40.6,-73.74,7
Aug,B02617,40.6,-73.72,1
Aug,B02617,40.61,-74.12,3
Aug,B02617,40.61,-74.10000000000001,2
Aug,B02617,40.61,-74.09,5
Aug,B02617,40.61,-74.08,3
Aug,B02617,40.61,-74.06,4
Aug,B02617,40.61,-74.04,8
Aug,B02617,40.61,-74.03,29
Aug,B02617,40.61,-74.02,16
Aug,B02617,40.61,-74.01,35
Aug,B02617,40.61,-74,45
Aug,B02617,40.61,-73.99,14
Aug,B02617,40.61,-73.98,36
Aug,B02617,40.61,-73.97,50
Aug,B02617,40.61,-73.96000000000001,66
Aug,B02617,40.61,-73.95,47
Aug,B02617,40.61,-73.94,34
Aug,B02617,40.61,-73.93,23
Aug,B02617,40.61,-73.92,27
Aug,B02617,40.61,-73.91,14
Aug,B02617,40.61,-73.9,3
Aug,B02617,40.61,-73.75,1
Aug,B02617,40.61,-73.74,9
Aug,B02617,40.61,-73.73,8
Aug,B02617,40.61,-73.72,2
Aug,B02617,40.61,-73.71000000000001,5
Aug,B02617,40.62,-74.14,1
Aug,B02617,40.62,-74.12,2
Aug,B02617,40.62,-74.11,1
Aug,B02617,40.62,-74.10000000000001,4
Aug,B02617,40.62,-74.09,1
Aug,B02617,40.62,-74.08,3
Aug,B02617,40.62,-74.07000000000001,3
Aug,B02617,40.62,-74.04,51
Aug,B02617,40.62,-74.03,173
Aug,B02617,40.62,-74.02,91
Aug,B02617,40.62,-74.01,35
Aug,B02617,40.62,-74,29
Aug,B02617,40.62,-73.99,36
Aug,B02617,40.62,-73.98,15
Aug,B02617,40.62,-73.97,32
Aug,B02617,40.62,-73.96000000000001,33
Aug,B02617,40.62,-73.95,37
Aug,B02617,40.62,-73.94,35
Aug,B02617,40.62,-73.93,35
Aug,B02617,40.62,-73.92,35
Aug,B02617,40.62,-73.91,28
Aug,B02617,40.62,-73.9,2
Aug,B02617,40.62,-73.74,3
Aug,B02617,40.62,-73.73,9
Aug,B02617,40.62,-73.72,4
Aug,B02617,40.62,-73.71000000000001,2
Aug,B02617,40.63,-74.14,1
Aug,B02617,40.63,-74.11,4
Aug,B02617,40.63,-74.10000000000001,4
Aug,B02617,40.63,-74.09,2
Aug,B02617,40.63,-74.08,1
Aug,B02617,40.63,-74.04,12
Aug,B02617,40.63,-74.03,153
Aug,B02617,40.63,-74.02,87
Aug,B02617,40.63,-74.01,52
Aug,B02617,40.63,-74,30
Aug,B02617,40.63,-73.99,19
Aug,B02617,40.63,-73.98,28
Aug,B02617,40.63,-73.97,84
Aug,B02617,40.63,-73.96000000000001,99
Aug,B02617,40.63,-73.95,103
Aug,B02617,40.63,-73.94,61
Aug,B02617,40.63,-73.93,40
Aug,B02617,40.63,-73.92,35
Aug,B02617,40.63,-73.91,20
Aug,B02617,40.63,-73.9,22
Aug,B02617,40.63,-73.89,9
Aug,B02617,40.63,-73.75,1
Aug,B02617,40.63,-73.74,3
Aug,B02617,40.63,-73.73,4
Aug,B02617,40.63,-73.71000000000001,4
Aug,B02617,40.64,-74.13,2
Aug,B02617,40.64,-74.10000000000001,1
Aug,B02617,40.64,-74.08,5
Aug,B02617,40.64,-74.07000000000001,1
Aug,B02617,40.64,-74.04,20
Aug,B02617,40.64,-74.03,65
Aug,B02617,40.64,-74.02,68
Aug,B02617,40.64,-74.01,39
Aug,B02617,40.64,-74,64
Aug,B02617,40.64,-73.99,44
Aug,B02617,40.64,-73.98,82
Aug,B02617,40.64,-73.97,245
Aug,B02617,40.64,-73.96000000000001,158
Aug,B02617,40.64,-73.95,82
Aug,B02617,40.64,-73.94,33
Aug,B02617,40.64,-73.93,34
Aug,B02617,40.64,-73.92,41
Aug,B02617,40.64,-73.91,30
Aug,B02617,40.64,-73.9,23
Aug,B02617,40.64,-73.89,11
Aug,B02617,40.64,-73.88,2
Aug,B02617,40.64,-73.8,9
Aug,B02617,40.64,-73.79,1264
Aug,B02617,40.64,-73.78,3293
Aug,B02617,40.64,-73.74,6
Aug,B02617,40.64,-73.73,7
Aug,B02617,40.64,-73.72,2
Aug,B02617,40.64,-73.71000000000001,4
Aug,B02617,40.65,-74.14,1
Aug,B02617,40.65,-74.08,2
Aug,B02617,40.65,-74.07000000000001,1
Aug,B02617,40.65,-74.02,56
Aug,B02617,40.65,-74.01,99
Aug,B02617,40.65,-74,96
Aug,B02617,40.65,-73.99,8
Aug,B02617,40.65,-73.98,156
Aug,B02617,40.65,-73.97,196
Aug,B02617,40.65,-73.96000000000001,381
Aug,B02617,40.65,-73.95,118
Aug,B02617,40.65,-73.94,60
Aug,B02617,40.65,-73.93,40
Aug,B02617,40.65,-73.92,27
Aug,B02617,40.65,-73.91,48
Aug,B02617,40.65,-73.9,27
Aug,B02617,40.65,-73.89,11
Aug,B02617,40.65,-73.88,19
Aug,B02617,40.65,-73.87,11
Aug,B02617,40.65,-73.85000000000001,1
Aug,B02617,40.65,-73.84,18
Aug,B02617,40.65,-73.83,1
Aug,B02617,40.65,-73.81,13
Aug,B02617,40.65,-73.8,20
Aug,B02617,40.65,-73.79,1337
Aug,B02617,40.65,-73.78,2500
Aug,B02617,40.65,-73.76,4
Aug,B02617,40.65,-73.74,4
Aug,B02617,40.65,-73.73,5
Aug,B02617,40.65,-73.72,2
Aug,B02617,40.65,-73.71000000000001,1
Aug,B02617,40.660000000000004,-74.14,2
Aug,B02617,40.660000000000004,-74.13,1
Aug,B02617,40.660000000000004,-74.12,8
Aug,B02617,40.660000000000004,-74.10000000000001,2
Aug,B02617,40.660000000000004,-74.09,2
Aug,B02617,40.660000000000004,-74.07000000000001,1
Aug,B02617,40.660000000000004,-74.01,185
Aug,B02617,40.660000000000004,-74,200
Aug,B02617,40.660000000000004,-73.99,515
Aug,B02617,40.660000000000004,-73.98,531
Aug,B02617,40.660000000000004,-73.97,25
Aug,B02617,40.660000000000004,-73.96000000000001,424
Aug,B02617,40.660000000000004,-73.95,255
Aug,B02617,40.660000000000004,-73.94,190
Aug,B02617,40.660000000000004,-73.93,70
Aug,B02617,40.660000000000004,-73.92,53
Aug,B02617,40.660000000000004,-73.91,30
Aug,B02617,40.660000000000004,-73.9,14
Aug,B02617,40.660000000000004,-73.89,20
Aug,B02617,40.660000000000004,-73.88,12
Aug,B02617,40.660000000000004,-73.87,6
Aug,B02617,40.660000000000004,-73.86,4
Aug,B02617,40.660000000000004,-73.85000000000001,8
Aug,B02617,40.660000000000004,-73.84,23
Aug,B02617,40.660000000000004,-73.83,15
Aug,B02617,40.660000000000004,-73.82000000000001,6
Aug,B02617,40.660000000000004,-73.81,18
Aug,B02617,40.660000000000004,-73.8,46
Aug,B02617,40.660000000000004,-73.79,21
Aug,B02617,40.660000000000004,-73.78,6
Aug,B02617,40.660000000000004,-73.77,5
Aug,B02617,40.660000000000004,-73.76,5
Aug,B02617,40.660000000000004,-73.75,6
Aug,B02617,40.660000000000004,-73.74,6
Aug,B02617,40.660000000000004,-73.73,8
Aug,B02617,40.660000000000004,-73.72,10
Aug,B02617,40.660000000000004,-73.71000000000001,3
Aug,B02617,40.660000000000004,-73.7,2
Aug,B02617,40.67,-74.12,3
Aug,B02617,40.67,-74.11,5
Aug,B02617,40.67,-74.10000000000001,15
Aug,B02617,40.67,-74.08,1
Aug,B02617,40.67,-74.02,132
Aug,B02617,40.67,-74.01,383
Aug,B02617,40.67,-74,133
Aug,B02617,40.67,-73.99,766
Aug,B02617,40.67,-73.98,1241
Aug,B02617,40.67,-73.97,470
Aug,B02617,40.67,-73.96000000000001,906
Aug,B02617,40.67,-73.95,566
Aug,B02617,40.67,-73.94,326
Aug,B02617,40.67,-73.93,167
Aug,B02617,40.67,-73.92,69
Aug,B02617,40.67,-73.91,40
Aug,B02617,40.67,-73.9,20
Aug,B02617,40.67,-73.89,22
Aug,B02617,40.67,-73.88,23
Aug,B02617,40.67,-73.87,16
Aug,B02617,40.67,-73.86,11
Aug,B02617,40.67,-73.85000000000001,21
Aug,B02617,40.67,-73.84,8
Aug,B02617,40.67,-73.83,16
Aug,B02617,40.67,-73.82000000000001,13
Aug,B02617,40.67,-73.81,33
Aug,B02617,40.67,-73.8,67
Aug,B02617,40.67,-73.79,26
Aug,B02617,40.67,-73.78,31
Aug,B02617,40.67,-73.77,12
Aug,B02617,40.67,-73.76,8
Aug,B02617,40.67,-73.75,4
Aug,B02617,40.67,-73.74,7
Aug,B02617,40.67,-73.73,6
Aug,B02617,40.67,-73.72,1
Aug,B02617,40.67,-73.71000000000001,3
Aug,B02617,40.67,-73.7,2
Aug,B02617,40.68,-74.12,1
Aug,B02617,40.68,-74.11,4
Aug,B02617,40.68,-74.10000000000001,2
Aug,B02617,40.68,-74.09,1
Aug,B02617,40.68,-74.02,217
Aug,B02617,40.68,-74.01,327
Aug,B02617,40.68,-74,872
Aug,B02617,40.68,-73.99,850
Aug,B02617,40.68,-73.98,1728
Aug,B02617,40.68,-73.97,1252
Aug,B02617,40.68,-73.96000000000001,1370
Aug,B02617,40.68,-73.95,776
Aug,B02617,40.68,-73.94,420
Aug,B02617,40.68,-73.93,304
Aug,B02617,40.68,-73.92,161
Aug,B02617,40.68,-73.91,139
Aug,B02617,40.68,-73.9,32
Aug,B02617,40.68,-73.89,20
Aug,B02617,40.68,-73.88,19
Aug,B02617,40.68,-73.87,18
Aug,B02617,40.68,-73.86,20
Aug,B02617,40.68,-73.85000000000001,18
Aug,B02617,40.68,-73.84,27
Aug,B02617,40.68,-73.83,14
Aug,B02617,40.68,-73.82000000000001,15
Aug,B02617,40.68,-73.81,15
Aug,B02617,40.68,-73.8,31
Aug,B02617,40.68,-73.79,5
Aug,B02617,40.68,-73.78,7
Aug,B02617,40.68,-73.77,12
Aug,B02617,40.68,-73.76,4
Aug,B02617,40.68,-73.75,12
Aug,B02617,40.68,-73.74,6
Aug,B02617,40.68,-73.73,1
Aug,B02617,40.68,-73.72,4
Aug,B02617,40.68,-73.71000000000001,2
Aug,B02617,40.69,-74.11,4
Aug,B02617,40.69,-74.10000000000001,6
Aug,B02617,40.69,-74.09,3
Aug,B02617,40.69,-74.08,2
Aug,B02617,40.69,-74.07000000000001,3
Aug,B02617,40.69,-74.01,3
Aug,B02617,40.69,-74,1061
Aug,B02617,40.69,-73.99,2100
Aug,B02617,40.69,-73.98,1399
Aug,B02617,40.69,-73.97,1516
Aug,B02617,40.69,-73.96000000000001,1133
Aug,B02617,40.69,-73.95,743
Aug,B02617,40.69,-73.94,578
Aug,B02617,40.69,-73.93,413
Aug,B02617,40.69,-73.92,483
Aug,B02617,40.69,-73.91,331
Aug,B02617,40.69,-73.9,33
Aug,B02617,40.69,-73.89,1
Aug,B02617,40.69,-73.88,6
Aug,B02617,40.69,-73.87,14
Aug,B02617,40.69,-73.86,26
Aug,B02617,40.69,-73.85000000000001,26
Aug,B02617,40.69,-73.84,11
Aug,B02617,40.69,-73.83,31
Aug,B02617,40.69,-73.82000000000001,24
Aug,B02617,40.69,-73.81,22
Aug,B02617,40.69,-73.8,11
Aug,B02617,40.69,-73.79,1
Aug,B02617,40.69,-73.78,7
Aug,B02617,40.69,-73.77,2
Aug,B02617,40.69,-73.76,9
Aug,B02617,40.69,-73.75,13
Aug,B02617,40.69,-73.74,9
Aug,B02617,40.69,-73.73,5
Aug,B02617,40.69,-73.72,2
Aug,B02617,40.69,-73.7,1
Aug,B02617,40.7,-74.13,2
Aug,B02617,40.7,-74.12,1
Aug,B02617,40.7,-74.10000000000001,7
Aug,B02617,40.7,-74.09,4
Aug,B02617,40.7,-74.08,5
Aug,B02617,40.7,-74.07000000000001,12
Aug,B02617,40.7,-74.06,2
Aug,B02617,40.7,-74.02,140
Aug,B02617,40.7,-74.01,2186
Aug,B02617,40.7,-74,269
Aug,B02617,40.7,-73.99,2034
Aug,B02617,40.7,-73.98,756
Aug,B02617,40.7,-73.97,347
Aug,B02617,40.7,-73.96000000000001,241
Aug,B02617,40.7,-73.95,242
Aug,B02617,40.7,-73.94,507
Aug,B02617,40.7,-73.93,1143
Aug,B02617,40.7,-73.92,622
Aug,B02617,40.7,-73.91,248
Aug,B02617,40.7,-73.9,92
Aug,B02617,40.7,-73.89,29
Aug,B02617,40.7,-73.88,9
Aug,B02617,40.7,-73.87,24
Aug,B02617,40.7,-73.86,27
Aug,B02617,40.7,-73.85000000000001,13
Aug,B02617,40.7,-73.84,29
Aug,B02617,40.7,-73.83,50
Aug,B02617,40.7,-73.82000000000001,38
Aug,B02617,40.7,-73.81,111
Aug,B02617,40.7,-73.8,36
Aug,B02617,40.7,-73.79,6
Aug,B02617,40.7,-73.78,12
Aug,B02617,40.7,-73.77,12
Aug,B02617,40.7,-73.76,7
Aug,B02617,40.7,-73.75,17
Aug,B02617,40.7,-73.74,5
Aug,B02617,40.7,-73.73,5
Aug,B02617,40.7,-73.72,13
Aug,B02617,40.7,-73.71000000000001,4
Aug,B02617,40.71,-74.10000000000001,6
Aug,B02617,40.71,-74.09,12
Aug,B02617,40.71,-74.08,4
Aug,B02617,40.71,-74.07000000000001,4
Aug,B02617,40.71,-74.06,26
Aug,B02617,40.71,-74.05,3
Aug,B02617,40.71,-74.04,131
Aug,B02617,40.71,-74.03,22
Aug,B02617,40.71,-74.02,1901
Aug,B02617,40.71,-74.01,8096
Aug,B02617,40.71,-74,1723
Aug,B02617,40.71,-73.99,787
Aug,B02617,40.71,-73.98,251
Aug,B02617,40.71,-73.97,1000
Aug,B02617,40.71,-73.96000000000001,2607
Aug,B02617,40.71,-73.95,2044
Aug,B02617,40.71,-73.94,1409
Aug,B02617,40.71,-73.93,427
Aug,B02617,40.71,-73.92,426
Aug,B02617,40.71,-73.91,74
Aug,B02617,40.71,-73.9,64
Aug,B02617,40.71,-73.89,18
Aug,B02617,40.71,-73.88,25
Aug,B02617,40.71,-73.87,39
Aug,B02617,40.71,-73.86,44
Aug,B02617,40.71,-73.85000000000001,51
Aug,B02617,40.71,-73.84,34
Aug,B02617,40.71,-73.83,150
Aug,B02617,40.71,-73.82000000000001,87
Aug,B02617,40.71,-73.81,35
Aug,B02617,40.71,-73.8,45
Aug,B02617,40.71,-73.79,53
Aug,B02617,40.71,-73.78,29
Aug,B02617,40.71,-73.77,7
Aug,B02617,40.71,-73.76,7
Aug,B02617,40.71,-73.75,8
Aug,B02617,40.71,-73.74,8
Aug,B02617,40.71,-73.72,2
Aug,B02617,40.71,-73.71000000000001,1
Aug,B02617,40.72,-74.13,1
Aug,B02617,40.72,-74.10000000000001,3
Aug,B02617,40.72,-74.09,22
Aug,B02617,40.72,-74.08,21
Aug,B02617,40.72,-74.07000000000001,27
Aug,B02617,40.72,-74.06,32
Aug,B02617,40.72,-74.05,136
Aug,B02617,40.72,-74.04,364
Aug,B02617,40.72,-74.03,149
Aug,B02617,40.72,-74.02,765
Aug,B02617,40.72,-74.01,7337
Aug,B02617,40.72,-74,11743
Aug,B02617,40.72,-73.99,9275
Aug,B02617,40.72,-73.98,3423
Aug,B02617,40.72,-73.97,139
Aug,B02617,40.72,-73.96000000000001,4137
Aug,B02617,40.72,-73.95,2060
Aug,B02617,40.72,-73.94,934
Aug,B02617,40.72,-73.93,12
Aug,B02617,40.72,-73.92,4
Aug,B02617,40.72,-73.91,22
Aug,B02617,40.72,-73.9,45
Aug,B02617,40.72,-73.89,29
Aug,B02617,40.72,-73.88,36
Aug,B02617,40.72,-73.87,46
Aug,B02617,40.72,-73.86,89
Aug,B02617,40.72,-73.85000000000001,203
Aug,B02617,40.72,-73.84,238
Aug,B02617,40.72,-73.83,27
Aug,B02617,40.72,-73.82000000000001,39
Aug,B02617,40.72,-73.81,40
Aug,B02617,40.72,-73.8,58
Aug,B02617,40.72,-73.79,34
Aug,B02617,40.72,-73.78,22
Aug,B02617,40.72,-73.77,11
Aug,B02617,40.72,-73.76,6
Aug,B02617,40.72,-73.75,19
Aug,B02617,40.72,-73.74,20
Aug,B02617,40.72,-73.73,13
Aug,B02617,40.72,-73.72,5
Aug,B02617,40.72,-73.71000000000001,3
Aug,B02617,40.72,-73.7,4
Aug,B02617,40.730000000000004,-74.15,2
Aug,B02617,40.730000000000004,-74.14,3
Aug,B02617,40.730000000000004,-74.12,1
Aug,B02617,40.730000000000004,-74.08,11
Aug,B02617,40.730000000000004,-74.07000000000001,41
Aug,B02617,40.730000000000004,-74.06,69
Aug,B02617,40.730000000000004,-74.05,111
Aug,B02617,40.730000000000004,-74.04,217
Aug,B02617,40.730000000000004,-74.03,122
Aug,B02617,40.730000000000004,-74.01,5037
Aug,B02617,40.730000000000004,-74,11489
Aug,B02617,40.730000000000004,-73.99,10807
Aug,B02617,40.730000000000004,-73.98,6431
Aug,B02617,40.730000000000004,-73.97,231
Aug,B02617,40.730000000000004,-73.96000000000001,1103
Aug,B02617,40.730000000000004,-73.95,998
Aug,B02617,40.730000000000004,-73.94,433
Aug,B02617,40.730000000000004,-73.93,14
Aug,B02617,40.730000000000004,-73.92,15
Aug,B02617,40.730000000000004,-73.91,27
Aug,B02617,40.730000000000004,-73.9,45
Aug,B02617,40.730000000000004,-73.89,41
Aug,B02617,40.730000000000004,-73.88,50
Aug,B02617,40.730000000000004,-73.87,92
Aug,B02617,40.730000000000004,-73.86,170
Aug,B02617,40.730000000000004,-73.85000000000001,156
Aug,B02617,40.730000000000004,-73.84,10
Aug,B02617,40.730000000000004,-73.83,30
Aug,B02617,40.730000000000004,-73.82000000000001,27
Aug,B02617,40.730000000000004,-73.81,43
Aug,B02617,40.730000000000004,-73.8,13
Aug,B02617,40.730000000000004,-73.79,14
Aug,B02617,40.730000000000004,-73.78,16
Aug,B02617,40.730000000000004,-73.77,1
Aug,B02617,40.730000000000004,-73.76,2
Aug,B02617,40.730000000000004,-73.75,10
Aug,B02617,40.730000000000004,-73.74,4
Aug,B02617,40.730000000000004,-73.73,7
Aug,B02617,40.730000000000004,-73.72,4
Aug,B02617,40.730000000000004,-73.71000000000001,7
Aug,B02617,40.730000000000004,-73.7,4
Aug,B02617,40.74,-74.12,1
Aug,B02617,40.74,-74.08,4
Aug,B02617,40.74,-74.07000000000001,26
Aug,B02617,40.74,-74.06,41
Aug,B02617,40.74,-74.05,66
Aug,B02617,40.74,-74.04,314
Aug,B02617,40.74,-74.03,566
Aug,B02617,40.74,-74.01,7377
Aug,B02617,40.74,-74,9986
Aug,B02617,40.74,-73.99,13400
Aug,B02617,40.74,-73.98,7084
Aug,B02617,40.74,-73.97,1389
Aug,B02617,40.74,-73.96000000000001,505
Aug,B02617,40.74,-73.95,461
Aug,B02617,40.74,-73.94,131
Aug,B02617,40.74,-73.93,193
Aug,B02617,40.74,-73.92,352
Aug,B02617,40.74,-73.91,74
Aug,B02617,40.74,-73.9,89
Aug,B02617,40.74,-73.89,67
Aug,B02617,40.74,-73.88,97
Aug,B02617,40.74,-73.87,64
Aug,B02617,40.74,-73.86,86
Aug,B02617,40.74,-73.85000000000001,72
Aug,B02617,40.74,-73.84,305
Aug,B02617,40.74,-73.83,57
Aug,B02617,40.74,-73.82000000000001,15
Aug,B02617,40.74,-73.81,18
Aug,B02617,40.74,-73.8,10
Aug,B02617,40.74,-73.79,17
Aug,B02617,40.74,-73.78,18
Aug,B02617,40.74,-73.77,2
Aug,B02617,40.74,-73.76,11
Aug,B02617,40.74,-73.75,13
Aug,B02617,40.74,-73.73,3
Aug,B02617,40.74,-73.72,7
Aug,B02617,40.74,-73.71000000000001,2
Aug,B02617,40.74,-73.7,2
Aug,B02617,40.75,-74.14,4
Aug,B02617,40.75,-74.06,13
Aug,B02617,40.75,-74.05,26
Aug,B02617,40.75,-74.04,109
Aug,B02617,40.75,-74.03,493
Aug,B02617,40.75,-74.02,86
Aug,B02617,40.75,-74.01,2340
Aug,B02617,40.75,-74,5340
Aug,B02617,40.75,-73.99,12963
Aug,B02617,40.75,-73.98,11650
Aug,B02617,40.75,-73.97,5628
Aug,B02617,40.75,-73.96000000000001,657
Aug,B02617,40.75,-73.95,560
Aug,B02617,40.75,-73.94,850
Aug,B02617,40.75,-73.93,226
Aug,B02617,40.75,-73.92,214
Aug,B02617,40.75,-73.91,171
Aug,B02617,40.75,-73.9,120
Aug,B02617,40.75,-73.89,209
Aug,B02617,40.75,-73.88,108
Aug,B02617,40.75,-73.87,37
Aug,B02617,40.75,-73.86,35
Aug,B02617,40.75,-73.85000000000001,336
Aug,B02617,40.75,-73.84,84
Aug,B02617,40.75,-73.83,32
Aug,B02617,40.75,-73.82000000000001,44
Aug,B02617,40.75,-73.81,4
Aug,B02617,40.75,-73.8,8
Aug,B02617,40.75,-73.79,7
Aug,B02617,40.75,-73.78,5
Aug,B02617,40.75,-73.77,4
Aug,B02617,40.75,-73.76,5
Aug,B02617,40.75,-73.75,4
Aug,B02617,40.75,-73.74,5
Aug,B02617,40.75,-73.73,8
Aug,B02617,40.75,-73.72,8
Aug,B02617,40.75,-73.71000000000001,17
Aug,B02617,40.75,-73.7,2
Aug,B02617,40.76,-74.14,2
Aug,B02617,40.76,-74.08,12
Aug,B02617,40.76,-74.07000000000001,5
Aug,B02617,40.76,-74.05,10
Aug,B02617,40.76,-74.04,19
Aug,B02617,40.76,-74.03,72
Aug,B02617,40.76,-74.02,48
Aug,B02617,40.76,-74.01,7
Aug,B02617,40.76,-74,4613
Aug,B02617,40.76,-73.99,9454
Aug,B02617,40.76,-73.98,14383
Aug,B02617,40.76,-73.97,14142
Aug,B02617,40.76,-73.96000000000001,3401
Aug,B02617,40.76,-73.95,250
Aug,B02617,40.76,-73.94,78
Aug,B02617,40.76,-73.93,425
Aug,B02617,40.76,-73.92,684
Aug,B02617,40.76,-73.91,283
Aug,B02617,40.76,-73.9,66
Aug,B02617,40.76,-73.89,48
Aug,B02617,40.76,-73.88,51
Aug,B02617,40.76,-73.87,29
Aug,B02617,40.76,-73.86,40
Aug,B02617,40.76,-73.85000000000001,39
Aug,B02617,40.76,-73.84,143
Aug,B02617,40.76,-73.83,215
Aug,B02617,40.76,-73.82000000000001,35
Aug,B02617,40.76,-73.81,27
Aug,B02617,40.76,-73.8,30
Aug,B02617,40.76,-73.79,15
Aug,B02617,40.76,-73.78,14
Aug,B02617,40.76,-73.77,44
Aug,B02617,40.76,-73.76,9
Aug,B02617,40.76,-73.75,4
Aug,B02617,40.76,-73.74,4
Aug,B02617,40.76,-73.73,7
Aug,B02617,40.76,-73.72,2
Aug,B02617,40.76,-73.71000000000001,6
Aug,B02617,40.76,-73.7,3
Aug,B02617,40.77,-74.15,1
Aug,B02617,40.77,-74.07000000000001,1
Aug,B02617,40.77,-74.06,8
Aug,B02617,40.77,-74.05,1
Aug,B02617,40.77,-74.04,20
Aug,B02617,40.77,-74.03,47
Aug,B02617,40.77,-74.02,45
Aug,B02617,40.77,-74.01,9
Aug,B02617,40.77,-74,185
Aug,B02617,40.77,-73.99,3451
Aug,B02617,40.77,-73.98,5291
Aug,B02617,40.77,-73.97,2262
Aug,B02617,40.77,-73.96000000000001,5639
Aug,B02617,40.77,-73.95,3468
Aug,B02617,40.77,-73.94,128
Aug,B02617,40.77,-73.93,313
Aug,B02617,40.77,-73.92,661
Aug,B02617,40.77,-73.91,378
Aug,B02617,40.77,-73.9,170
Aug,B02617,40.77,-73.89,650
Aug,B02617,40.77,-73.88,171
Aug,B02617,40.77,-73.87,4761
Aug,B02617,40.77,-73.86,1977
Aug,B02617,40.77,-73.85000000000001,1
Aug,B02617,40.77,-73.84,11
Aug,B02617,40.77,-73.83,30
Aug,B02617,40.77,-73.82000000000001,22
Aug,B02617,40.77,-73.81,12
Aug,B02617,40.77,-73.8,7
Aug,B02617,40.77,-73.79,15
Aug,B02617,40.77,-73.78,8
Aug,B02617,40.77,-73.77,9
Aug,B02617,40.77,-73.76,1
Aug,B02617,40.77,-73.75,4
Aug,B02617,40.77,-73.74,10
Aug,B02617,40.77,-73.73,6
Aug,B02617,40.77,-73.72,4
Aug,B02617,40.77,-73.71000000000001,7
Aug,B02617,40.77,-73.7,7
Aug,B02617,40.78,-74.15,1
Aug,B02617,40.78,-74.13,1
Aug,B02617,40.78,-74.07000000000001,1
Aug,B02617,40.78,-74.06,3
Aug,B02617,40.78,-74.05,3
Aug,B02617,40.78,-74.04,4
Aug,B02617,40.78,-74.03,10
Aug,B02617,40.78,-74.02,26
Aug,B02617,40.78,-74.01,47
Aug,B02617,40.78,-74,7
Aug,B02617,40.78,-73.99,1079
Aug,B02617,40.78,-73.98,4850
Aug,B02617,40.78,-73.97,789
Aug,B02617,40.78,-73.96000000000001,3187
Aug,B02617,40.78,-73.95,4264
Aug,B02617,40.78,-73.94,227
Aug,B02617,40.78,-73.93,37
Aug,B02617,40.78,-73.92,210
Aug,B02617,40.78,-73.91,262
Aug,B02617,40.78,-73.9,63
Aug,B02617,40.78,-73.85000000000001,10
Aug,B02617,40.78,-73.84,16
Aug,B02617,40.78,-73.83,21
Aug,B02617,40.78,-73.82000000000001,20
Aug,B02617,40.78,-73.81,16
Aug,B02617,40.78,-73.8,10
Aug,B02617,40.78,-73.79,6
Aug,B02617,40.78,-73.78,16
Aug,B02617,40.78,-73.77,7
Aug,B02617,40.78,-73.75,8
Aug,B02617,40.78,-73.74,1
Aug,B02617,40.78,-73.73,9
Aug,B02617,40.78,-73.72,7
Aug,B02617,40.78,-73.71000000000001,8
Aug,B02617,40.78,-73.7,11
Aug,B02617,40.79,-74.15,1
Aug,B02617,40.79,-74.08,2
Aug,B02617,40.79,-74.07000000000001,3
Aug,B02617,40.79,-74.06,4
Aug,B02617,40.79,-74.05,12
Aug,B02617,40.79,-74.04,28
Aug,B02617,40.79,-74.03,4
Aug,B02617,40.79,-74.02,5
Aug,B02617,40.79,-74.01,22
Aug,B02617,40.79,-74,34
Aug,B02617,40.79,-73.99,3
Aug,B02617,40.79,-73.98,1848
Aug,B02617,40.79,-73.97,2561
Aug,B02617,40.79,-73.96000000000001,273
Aug,B02617,40.79,-73.95,921
Aug,B02617,40.79,-73.94,398
Aug,B02617,40.79,-73.93,40
Aug,B02617,40.79,-73.92,104
Aug,B02617,40.79,-73.86,1
Aug,B02617,40.79,-73.85000000000001,4
Aug,B02617,40.79,-73.84,34
Aug,B02617,40.79,-73.83,8
Aug,B02617,40.79,-73.82000000000001,9
Aug,B02617,40.79,-73.81,11
Aug,B02617,40.79,-73.8,17
Aug,B02617,40.79,-73.79,8
Aug,B02617,40.79,-73.78,2
Aug,B02617,40.79,-73.75,1
Aug,B02617,40.79,-73.74,1
Aug,B02617,40.79,-73.73,35
Aug,B02617,40.79,-73.72,9
Aug,B02617,40.79,-73.71000000000001,1
Aug,B02617,40.79,-73.7,2
Aug,B02617,40.800000000000004,-74.14,1
Aug,B02617,40.800000000000004,-74.13,2
Aug,B02617,40.800000000000004,-74.12,1
Aug,B02617,40.800000000000004,-74.11,3
Aug,B02617,40.800000000000004,-74.10000000000001,1
Aug,B02617,40.800000000000004,-74.07000000000001,7
Aug,B02617,40.800000000000004,-74.06,5
Aug,B02617,40.800000000000004,-74.05,3
Aug,B02617,40.800000000000004,-74.03,2
Aug,B02617,40.800000000000004,-74.02,5
Aug,B02617,40.800000000000004,-74.01,5
Aug,B02617,40.800000000000004,-74,9
Aug,B02617,40.800000000000004,-73.99,13
Aug,B02617,40.800000000000004,-73.98,66
Aug,B02617,40.800000000000004,-73.97,1318
Aug,B02617,40.800000000000004,-73.96000000000001,831
Aug,B02617,40.800000000000004,-73.95,649
Aug,B02617,40.800000000000004,-73.94,508
Aug,B02617,40.800000000000004,-73.93,274
Aug,B02617,40.800000000000004,-73.92,40
Aug,B02617,40.800000000000004,-73.91,20
Aug,B02617,40.800000000000004,-73.88,1
Aug,B02617,40.800000000000004,-73.87,1
Aug,B02617,40.800000000000004,-73.82000000000001,4
Aug,B02617,40.800000000000004,-73.8,1
Aug,B02617,40.800000000000004,-73.74,3
Aug,B02617,40.800000000000004,-73.73,2
Aug,B02617,40.800000000000004,-73.71000000000001,1
Aug,B02617,40.800000000000004,-73.7,1
Aug,B02617,40.81,-74.13,1
Aug,B02617,40.81,-74.11,5
Aug,B02617,40.81,-74.10000000000001,14
Aug,B02617,40.81,-74.09,2
Aug,B02617,40.81,-74.08,21
Aug,B02617,40.81,-74.07000000000001,26
Aug,B02617,40.81,-74.02,2
Aug,B02617,40.81,-74.01,6
Aug,B02617,40.81,-74,2
Aug,B02617,40.81,-73.99,14
Aug,B02617,40.81,-73.98,3
Aug,B02617,40.81,-73.97,193
Aug,B02617,40.81,-73.96000000000001,882
Aug,B02617,40.81,-73.95,739
Aug,B02617,40.81,-73.94,608
Aug,B02617,40.81,-73.93,89
Aug,B02617,40.81,-73.92,52
Aug,B02617,40.81,-73.91,11
Aug,B02617,40.81,-73.9,9
Aug,B02617,40.81,-73.89,10
Aug,B02617,40.81,-73.88,3
Aug,B02617,40.81,-73.87,3
Aug,B02617,40.81,-73.86,4
Aug,B02617,40.81,-73.85000000000001,6
Aug,B02617,40.81,-73.84,1
Aug,B02617,40.81,-73.83,1
Aug,B02617,40.81,-73.82000000000001,2
Aug,B02617,40.81,-73.8,2
Aug,B02617,40.81,-73.76,1
Aug,B02617,40.81,-73.73,2
Aug,B02617,40.81,-73.72,5
Aug,B02617,40.81,-73.7,3
Aug,B02617,40.82,-74.15,1
Aug,B02617,40.82,-74.14,1
Aug,B02617,40.82,-74.12,5
Aug,B02617,40.82,-74.11,6
Aug,B02617,40.82,-74.10000000000001,4
Aug,B02617,40.82,-74.09,4
Aug,B02617,40.82,-74.08,2
Aug,B02617,40.82,-74.07000000000001,3
Aug,B02617,40.82,-74.06,3
Aug,B02617,40.82,-74.05,1
Aug,B02617,40.82,-74.01,1
Aug,B02617,40.82,-74,2
Aug,B02617,40.82,-73.99,3
Aug,B02617,40.82,-73.98,9
Aug,B02617,40.82,-73.96000000000001,221
Aug,B02617,40.82,-73.95,401
Aug,B02617,40.82,-73.94,551
Aug,B02617,40.82,-73.93,74
Aug,B02617,40.82,-73.92,43
Aug,B02617,40.82,-73.91,37
Aug,B02617,40.82,-73.9,27
Aug,B02617,40.82,-73.89,51
Aug,B02617,40.82,-73.88,18
Aug,B02617,40.82,-73.87,19
Aug,B02617,40.82,-73.86,23
Aug,B02617,40.82,-73.85000000000001,29
Aug,B02617,40.82,-73.84,3
Aug,B02617,40.82,-73.83,1
Aug,B02617,40.82,-73.82000000000001,11
Aug,B02617,40.82,-73.81,4
Aug,B02617,40.82,-73.72,1
Aug,B02617,40.82,-73.7,2
Aug,B02617,40.83,-74.14,2
Aug,B02617,40.83,-74.13,2
Aug,B02617,40.83,-74.12,2
Aug,B02617,40.83,-74.11,4
Aug,B02617,40.83,-74.10000000000001,8
Aug,B02617,40.83,-74.09,2
Aug,B02617,40.83,-74.08,1
Aug,B02617,40.83,-74.06,4
Aug,B02617,40.83,-74.05,2
Aug,B02617,40.83,-73.99,8
Aug,B02617,40.83,-73.98,8
Aug,B02617,40.83,-73.97,9
Aug,B02617,40.83,-73.96000000000001,3
Aug,B02617,40.83,-73.95,267
Aug,B02617,40.83,-73.94,355
Aug,B02617,40.83,-73.93,309
Aug,B02617,40.83,-73.92,172
Aug,B02617,40.83,-73.91,18
Aug,B02617,40.83,-73.9,19
Aug,B02617,40.83,-73.89,20
Aug,B02617,40.83,-73.88,15
Aug,B02617,40.83,-73.87,14
Aug,B02617,40.83,-73.86,22
Aug,B02617,40.83,-73.85000000000001,22
Aug,B02617,40.83,-73.84,2
Aug,B02617,40.83,-73.83,11
Aug,B02617,40.83,-73.82000000000001,8
Aug,B02617,40.83,-73.81,1
Aug,B02617,40.83,-73.75,2
Aug,B02617,40.83,-73.74,1
Aug,B02617,40.83,-73.7,2
Aug,B02617,40.84,-74.15,3
Aug,B02617,40.84,-74.12,2
Aug,B02617,40.84,-74.11,2
Aug,B02617,40.84,-74.10000000000001,1
Aug,B02617,40.84,-74.09,2
Aug,B02617,40.84,-74.08,4
Aug,B02617,40.84,-74.07000000000001,8
Aug,B02617,40.84,-74.04,1
Aug,B02617,40.84,-74.02,1
Aug,B02617,40.84,-74.01,1
Aug,B02617,40.84,-74,4
Aug,B02617,40.84,-73.99,4
Aug,B02617,40.84,-73.98,10
Aug,B02617,40.84,-73.97,16
Aug,B02617,40.84,-73.95,72
Aug,B02617,40.84,-73.94,422
Aug,B02617,40.84,-73.93,14
Aug,B02617,40.84,-73.92,64
Aug,B02617,40.84,-73.91,41
Aug,B02617,40.84,-73.9,20
Aug,B02617,40.84,-73.89,29
Aug,B02617,40.84,-73.88,26
Aug,B02617,40.84,-73.87,25
Aug,B02617,40.84,-73.86,35
Aug,B02617,40.84,-73.85000000000001,37
Aug,B02617,40.84,-73.84,18
Aug,B02617,40.84,-73.83,22
Aug,B02617,40.84,-73.82000000000001,10
Aug,B02617,40.84,-73.79,1
Aug,B02617,40.84,-73.72,1
Aug,B02617,40.85,-74.14,2
Aug,B02617,40.85,-74.09,1
Aug,B02617,40.85,-74.08,2
Aug,B02617,40.85,-74.07000000000001,7
Aug,B02617,40.85,-74.05,1
Aug,B02617,40.85,-74.04,4
Aug,B02617,40.85,-74.03,3
Aug,B02617,40.85,-74.02,6
Aug,B02617,40.85,-74.01,5
Aug,B02617,40.85,-74,4
Aug,B02617,40.85,-73.99,5
Aug,B02617,40.85,-73.98,9
Aug,B02617,40.85,-73.97,30
Aug,B02617,40.85,-73.96000000000001,2
Aug,B02617,40.85,-73.94,374
Aug,B02617,40.85,-73.93,191
Aug,B02617,40.85,-73.92,11
Aug,B02617,40.85,-73.91,38
Aug,B02617,40.85,-73.9,30
Aug,B02617,40.85,-73.89,48
Aug,B02617,40.85,-73.88,31
Aug,B02617,40.85,-73.87,20
Aug,B02617,40.85,-73.86,44
Aug,B02617,40.85,-73.85000000000001,56
Aug,B02617,40.85,-73.84,23
Aug,B02617,40.85,-73.83,22
Aug,B02617,40.85,-73.82000000000001,2
Aug,B02617,40.85,-73.79,6
Aug,B02617,40.85,-73.72,2
Aug,B02617,40.86,-74.15,1
Aug,B02617,40.86,-74.13,2
Aug,B02617,40.86,-74.09,2
Aug,B02617,40.86,-74.08,1
Aug,B02617,40.86,-74.07000000000001,1
Aug,B02617,40.86,-74.06,2
Aug,B02617,40.86,-74.02,3
Aug,B02617,40.86,-74.01,2
Aug,B02617,40.86,-73.99,3
Aug,B02617,40.86,-73.98,7
Aug,B02617,40.86,-73.97,35
Aug,B02617,40.86,-73.96000000000001,2
Aug,B02617,40.86,-73.94,66
Aug,B02617,40.86,-73.93,183
Aug,B02617,40.86,-73.92,50
Aug,B02617,40.86,-73.91,36
Aug,B02617,40.86,-73.9,36
Aug,B02617,40.86,-73.89,76
Aug,B02617,40.86,-73.88,40
Aug,B02617,40.86,-73.87,30
Aug,B02617,40.86,-73.86,17
Aug,B02617,40.86,-73.85000000000001,14
Aug,B02617,40.86,-73.84,13
Aug,B02617,40.86,-73.83,10
Aug,B02617,40.86,-73.82000000000001,3
Aug,B02617,40.86,-73.79,1
Aug,B02617,40.87,-74.13,1
Aug,B02617,40.87,-74.11,1
Aug,B02617,40.87,-74.10000000000001,1
Aug,B02617,40.87,-74.08,1
Aug,B02617,40.87,-74.06,1
Aug,B02617,40.87,-74.05,1
Aug,B02617,40.87,-74.04,3
Aug,B02617,40.87,-74.03,1
Aug,B02617,40.87,-74.02,2
Aug,B02617,40.87,-74.01,3
Aug,B02617,40.87,-74,7
Aug,B02617,40.87,-73.99,2
Aug,B02617,40.87,-73.98,6
Aug,B02617,40.87,-73.97,8
Aug,B02617,40.87,-73.96000000000001,9
Aug,B02617,40.87,-73.95,2
Aug,B02617,40.87,-73.93,135
Aug,B02617,40.87,-73.92,126
Aug,B02617,40.87,-73.91,59
Aug,B02617,40.87,-73.9,30
Aug,B02617,40.87,-73.89,33
Aug,B02617,40.87,-73.88,34
Aug,B02617,40.87,-73.87,13
Aug,B02617,40.87,-73.86,16
Aug,B02617,40.87,-73.85000000000001,15
Aug,B02617,40.87,-73.84,9
Aug,B02617,40.87,-73.83,11
Aug,B02617,40.87,-73.82000000000001,6
Aug,B02617,40.87,-73.81,14
Aug,B02617,40.87,-73.8,3
Aug,B02617,40.88,-74.12,3
Aug,B02617,40.88,-74.09,1
Aug,B02617,40.88,-74.07000000000001,2
Aug,B02617,40.88,-74.06,2
Aug,B02617,40.88,-74.05,1
Aug,B02617,40.88,-74.04,4
Aug,B02617,40.88,-74.03,1
Aug,B02617,40.88,-74.01,3
Aug,B02617,40.88,-73.99,5
Aug,B02617,40.88,-73.98,8
Aug,B02617,40.88,-73.97,5
Aug,B02617,40.88,-73.96000000000001,3
Aug,B02617,40.88,-73.95,2
Aug,B02617,40.88,-73.92,51
Aug,B02617,40.88,-73.91,81
Aug,B02617,40.88,-73.9,53
Aug,B02617,40.88,-73.89,14
Aug,B02617,40.88,-73.88,44
Aug,B02617,40.88,-73.87,11
Aug,B02617,40.88,-73.86,13
Aug,B02617,40.88,-73.85000000000001,5
Aug,B02617,40.88,-73.84,10
Aug,B02617,40.88,-73.83,24
Aug,B02617,40.88,-73.79,1
Aug,B02617,40.89,-74.14,1
Aug,B02617,40.89,-74.12,1
Aug,B02617,40.89,-74.06,14
Aug,B02617,40.89,-74.05,3
Aug,B02617,40.89,-74.04,3
Aug,B02617,40.89,-74.03,1
Aug,B02617,40.89,-74.02,5
Aug,B02617,40.89,-74.01,1
Aug,B02617,40.89,-74,1
Aug,B02617,40.89,-73.98,3
Aug,B02617,40.89,-73.97,7
Aug,B02617,40.89,-73.96000000000001,5
Aug,B02617,40.89,-73.95,9
Aug,B02617,40.89,-73.94,2
Aug,B02617,40.89,-73.92,11
Aug,B02617,40.89,-73.91,116
Aug,B02617,40.89,-73.9,92
Aug,B02617,40.89,-73.89,12
Aug,B02617,40.89,-73.88,7
Aug,B02617,40.89,-73.86,12
Aug,B02617,40.89,-73.85000000000001,8
Aug,B02617,40.89,-73.84,6
Aug,B02617,40.89,-73.83,5
Aug,B02617,40.89,-73.82000000000001,4
Aug,B02617,40.89,-73.81,1
Aug,B02617,40.89,-73.8,4
Aug,B02617,40.89,-73.79,10
Aug,B02617,40.89,-73.78,10
Aug,B02617,40.9,-74.10000000000001,1
Aug,B02617,40.9,-74.09,1
Aug,B02617,40.9,-74.06,1
Aug,B02617,40.9,-74.05,3
Aug,B02617,40.9,-74.04,2
Aug,B02617,40.9,-74.03,3
Aug,B02617,40.9,-74.02,3
Aug,B02617,40.9,-74.01,3
Aug,B02617,40.9,-74,1
Aug,B02617,40.9,-73.98,3
Aug,B02617,40.9,-73.97,4
Aug,B02617,40.9,-73.96000000000001,3
Aug,B02617,40.9,-73.95,3
Aug,B02617,40.9,-73.94,5
Aug,B02617,40.9,-73.91,17
Aug,B02617,40.9,-73.9,32
Aug,B02617,40.9,-73.89,1
Aug,B02617,40.9,-73.87,6
Aug,B02617,40.9,-73.86,8
Aug,B02617,40.9,-73.85000000000001,4
Aug,B02617,40.9,-73.84,2
Aug,B02617,40.9,-73.83,2
Aug,B02617,40.9,-73.82000000000001,6
Aug,B02617,40.9,-73.81,5
Aug,B02617,40.9,-73.8,4
Aug,B02617,40.9,-73.79,2
Aug,B02617,40.9,-73.78,1
Aug,B02617,40.9,-73.77,2
Aug,B02617,40.910000000000004,-74.08,2
Aug,B02617,40.910000000000004,-74.07000000000001,2
Aug,B02617,40.910000000000004,-74.05,3
Aug,B02617,40.910000000000004,-74.04,1
Aug,B02617,40.910000000000004,-74.03,6
Aug,B02617,40.910000000000004,-74.02,2
Aug,B02617,40.910000000000004,-74,2
Aug,B02617,40.910000000000004,-73.99,2
Aug,B02617,40.910000000000004,-73.98,1
Aug,B02617,40.910000000000004,-73.96000000000001,6
Aug,B02617,40.910000000000004,-73.95,2
Aug,B02617,40.910000000000004,-73.94,1
Aug,B02617,40.910000000000004,-73.91,15
Aug,B02617,40.910000000000004,-73.9,30
Aug,B02617,40.910000000000004,-73.88,4
Aug,B02617,40.910000000000004,-73.87,2
Aug,B02617,40.910000000000004,-73.86,7
Aug,B02617,40.910000000000004,-73.85000000000001,5
Aug,B02617,40.910000000000004,-73.84,1
Aug,B02617,40.910000000000004,-73.83,3
Aug,B02617,40.910000000000004,-73.82000000000001,2
Aug,B02617,40.910000000000004,-73.81,3
Aug,B02617,40.910000000000004,-73.79,3
Aug,B02617,40.910000000000004,-73.78,21
Aug,B02617,40.92,-74.09,1
Aug,B02617,40.92,-74.08,1
Aug,B02617,40.92,-74.03,2
Aug,B02617,40.92,-73.96000000000001,2
Aug,B02617,40.92,-73.95,2
Aug,B02617,40.92,-73.9,5
Aug,B02617,40.92,-73.84,1
Aug,B02617,40.92,-73.83,1
Aug,B02617,40.92,-73.82000000000001,1
Aug,B02617,40.92,-73.81,1
Aug,B02617,40.92,-73.78,2
Aug,B02617,40.92,-73.77,2
Aug,B02682,40.58,-74,1
Aug,B02682,40.58,-73.99,6
Aug,B02682,40.58,-73.98,13
Aug,B02682,40.58,-73.97,8
Aug,B02682,40.58,-73.96000000000001,16
Aug,B02682,40.58,-73.95,21
Aug,B02682,40.58,-73.94,22
Aug,B02682,40.58,-73.93,9
Aug,B02682,40.58,-73.92,1
Aug,B02682,40.58,-73.89,1
Aug,B02682,40.58,-73.86,2
Aug,B02682,40.58,-73.84,3
Aug,B02682,40.58,-73.83,1
Aug,B02682,40.58,-73.82000000000001,9
Aug,B02682,40.59,-74.10000000000001,2
Aug,B02682,40.59,-74.08,1
Aug,B02682,40.59,-74.06,1
Aug,B02682,40.59,-74,5
Aug,B02682,40.59,-73.99,11
Aug,B02682,40.59,-73.98,11
Aug,B02682,40.59,-73.97,13
Aug,B02682,40.59,-73.96000000000001,14
Aug,B02682,40.59,-73.95,19
Aug,B02682,40.59,-73.94,9
Aug,B02682,40.59,-73.93,8
Aug,B02682,40.59,-73.92,2
Aug,B02682,40.59,-73.91,1
Aug,B02682,40.59,-73.9,3
Aug,B02682,40.59,-73.82000000000001,6
Aug,B02682,40.59,-73.81,8
Aug,B02682,40.59,-73.8,2
Aug,B02682,40.59,-73.79,1
Aug,B02682,40.59,-73.78,1
Aug,B02682,40.59,-73.74,4
Aug,B02682,40.59,-73.73,6
Aug,B02682,40.59,-73.72,6
Aug,B02682,40.59,-73.71000000000001,4
Aug,B02682,40.59,-73.7,1
Aug,B02682,40.6,-74.13,1
Aug,B02682,40.6,-74.11,3
Aug,B02682,40.6,-74.08,1
Aug,B02682,40.6,-74.06,2
Aug,B02682,40.6,-74.02,1
Aug,B02682,40.6,-74.01,4
Aug,B02682,40.6,-74,17
Aug,B02682,40.6,-73.99,19
Aug,B02682,40.6,-73.98,10
Aug,B02682,40.6,-73.97,26
Aug,B02682,40.6,-73.96000000000001,20
Aug,B02682,40.6,-73.95,18
Aug,B02682,40.6,-73.94,19
Aug,B02682,40.6,-73.93,1
Aug,B02682,40.6,-73.91,1
Aug,B02682,40.6,-73.9,1
Aug,B02682,40.6,-73.8,1
Aug,B02682,40.6,-73.79,1
Aug,B02682,40.6,-73.77,4
Aug,B02682,40.6,-73.76,1
Aug,B02682,40.6,-73.75,4
Aug,B02682,40.6,-73.74,2
Aug,B02682,40.6,-73.72,1
Aug,B02682,40.61,-74.13,2
Aug,B02682,40.61,-74.12,1
Aug,B02682,40.61,-74.09,1
Aug,B02682,40.61,-74.06,4
Aug,B02682,40.61,-74.04,4
Aug,B02682,40.61,-74.03,16
Aug,B02682,40.61,-74.02,14
Aug,B02682,40.61,-74.01,12
Aug,B02682,40.61,-74,25
Aug,B02682,40.61,-73.99,19
Aug,B02682,40.61,-73.98,27
Aug,B02682,40.61,-73.97,21
Aug,B02682,40.61,-73.96000000000001,40
Aug,B02682,40.61,-73.95,23
Aug,B02682,40.61,-73.94,11
Aug,B02682,40.61,-73.93,7
Aug,B02682,40.61,-73.92,16
Aug,B02682,40.61,-73.91,4
Aug,B02682,40.61,-73.9,1
Aug,B02682,40.61,-73.82000000000001,1
Aug,B02682,40.61,-73.75,1
Aug,B02682,40.61,-73.74,3
Aug,B02682,40.61,-73.71000000000001,7
Aug,B02682,40.62,-74.11,1
Aug,B02682,40.62,-74.10000000000001,1
Aug,B02682,40.62,-74.08,2
Aug,B02682,40.62,-74.07000000000001,1
Aug,B02682,40.62,-74.04,26
Aug,B02682,40.62,-74.03,76
Aug,B02682,40.62,-74.02,46
Aug,B02682,40.62,-74.01,17
Aug,B02682,40.62,-74,11
Aug,B02682,40.62,-73.99,18
Aug,B02682,40.62,-73.98,11
Aug,B02682,40.62,-73.97,27
Aug,B02682,40.62,-73.96000000000001,30
Aug,B02682,40.62,-73.95,12
Aug,B02682,40.62,-73.94,14
Aug,B02682,40.62,-73.93,9
Aug,B02682,40.62,-73.92,14
Aug,B02682,40.62,-73.91,6
Aug,B02682,40.62,-73.76,1
Aug,B02682,40.62,-73.75,2
Aug,B02682,40.62,-73.74,1
Aug,B02682,40.62,-73.73,5
Aug,B02682,40.62,-73.72,2
Aug,B02682,40.62,-73.71000000000001,1
Aug,B02682,40.63,-74.11,1
Aug,B02682,40.63,-74.09,1
Aug,B02682,40.63,-74.07000000000001,1
Aug,B02682,40.63,-74.04,14
Aug,B02682,40.63,-74.03,68
Aug,B02682,40.63,-74.02,51
Aug,B02682,40.63,-74.01,16
Aug,B02682,40.63,-74,16
Aug,B02682,40.63,-73.99,15
Aug,B02682,40.63,-73.98,24
Aug,B02682,40.63,-73.97,52
Aug,B02682,40.63,-73.96000000000001,63
Aug,B02682,40.63,-73.95,29
Aug,B02682,40.63,-73.94,18
Aug,B02682,40.63,-73.93,11
Aug,B02682,40.63,-73.92,12
Aug,B02682,40.63,-73.91,5
Aug,B02682,40.63,-73.9,9
Aug,B02682,40.63,-73.89,1
Aug,B02682,40.63,-73.88,1
Aug,B02682,40.63,-73.78,1
Aug,B02682,40.63,-73.74,1
Aug,B02682,40.63,-73.73,4
Aug,B02682,40.63,-73.72,1
Aug,B02682,40.63,-73.71000000000001,1
Aug,B02682,40.64,-74.04,4
Aug,B02682,40.64,-74.03,25
Aug,B02682,40.64,-74.02,38
Aug,B02682,40.64,-74.01,21
Aug,B02682,40.64,-74,31
Aug,B02682,40.64,-73.99,21
Aug,B02682,40.64,-73.98,46
Aug,B02682,40.64,-73.97,106
Aug,B02682,40.64,-73.96000000000001,89
Aug,B02682,40.64,-73.95,41
Aug,B02682,40.64,-73.94,10
Aug,B02682,40.64,-73.93,11
Aug,B02682,40.64,-73.92,8
Aug,B02682,40.64,-73.91,4
Aug,B02682,40.64,-73.9,7
Aug,B02682,40.64,-73.89,9
Aug,B02682,40.64,-73.88,2
Aug,B02682,40.64,-73.8,4
Aug,B02682,40.64,-73.79,647
Aug,B02682,40.64,-73.78,1686
Aug,B02682,40.64,-73.75,1
Aug,B02682,40.64,-73.74,2
Aug,B02682,40.64,-73.73,4
Aug,B02682,40.64,-73.72,4
Aug,B02682,40.64,-73.7,1
Aug,B02682,40.65,-74.12,1
Aug,B02682,40.65,-74.08,1
Aug,B02682,40.65,-74.03,1
Aug,B02682,40.65,-74.02,26
Aug,B02682,40.65,-74.01,61
Aug,B02682,40.65,-74,53
Aug,B02682,40.65,-73.99,4
Aug,B02682,40.65,-73.98,91
Aug,B02682,40.65,-73.97,87
Aug,B02682,40.65,-73.96000000000001,150
Aug,B02682,40.65,-73.95,48
Aug,B02682,40.65,-73.94,27
Aug,B02682,40.65,-73.93,14
Aug,B02682,40.65,-73.92,20
Aug,B02682,40.65,-73.91,11
Aug,B02682,40.65,-73.9,11
Aug,B02682,40.65,-73.89,5
Aug,B02682,40.65,-73.88,6
Aug,B02682,40.65,-73.87,8
Aug,B02682,40.65,-73.85000000000001,4
Aug,B02682,40.65,-73.84,2
Aug,B02682,40.65,-73.83,3
Aug,B02682,40.65,-73.81,4
Aug,B02682,40.65,-73.8,10
Aug,B02682,40.65,-73.79,743
Aug,B02682,40.65,-73.78,1582
Aug,B02682,40.65,-73.75,1
Aug,B02682,40.65,-73.73,5
Aug,B02682,40.65,-73.71000000000001,1
Aug,B02682,40.660000000000004,-74.09,1
Aug,B02682,40.660000000000004,-74.01,78
Aug,B02682,40.660000000000004,-74,91
Aug,B02682,40.660000000000004,-73.99,256
Aug,B02682,40.660000000000004,-73.98,291
Aug,B02682,40.660000000000004,-73.97,8
Aug,B02682,40.660000000000004,-73.96000000000001,183
Aug,B02682,40.660000000000004,-73.95,110
Aug,B02682,40.660000000000004,-73.94,61
Aug,B02682,40.660000000000004,-73.93,20
Aug,B02682,40.660000000000004,-73.92,22
Aug,B02682,40.660000000000004,-73.91,13
Aug,B02682,40.660000000000004,-73.9,7
Aug,B02682,40.660000000000004,-73.89,6
Aug,B02682,40.660000000000004,-73.88,5
Aug,B02682,40.660000000000004,-73.87,5
Aug,B02682,40.660000000000004,-73.86,1
Aug,B02682,40.660000000000004,-73.85000000000001,11
Aug,B02682,40.660000000000004,-73.84,9
Aug,B02682,40.660000000000004,-73.83,12
Aug,B02682,40.660000000000004,-73.82000000000001,3
Aug,B02682,40.660000000000004,-73.81,5
Aug,B02682,40.660000000000004,-73.8,24
Aug,B02682,40.660000000000004,-73.79,5
Aug,B02682,40.660000000000004,-73.78,3
Aug,B02682,40.660000000000004,-73.77,2
Aug,B02682,40.660000000000004,-73.76,1
Aug,B02682,40.660000000000004,-73.75,3
Aug,B02682,40.660000000000004,-73.74,4
Aug,B02682,40.660000000000004,-73.73,3
Aug,B02682,40.660000000000004,-73.72,1
Aug,B02682,40.660000000000004,-73.7,1
Aug,B02682,40.67,-74.12,2
Aug,B02682,40.67,-74.11,4
Aug,B02682,40.67,-74.10000000000001,3
Aug,B02682,40.67,-74.02,49
Aug,B02682,40.67,-74.01,171
Aug,B02682,40.67,-74,72
Aug,B02682,40.67,-73.99,452
Aug,B02682,40.67,-73.98,699
Aug,B02682,40.67,-73.97,248
Aug,B02682,40.67,-73.96000000000001,323
Aug,B02682,40.67,-73.95,233
Aug,B02682,40.67,-73.94,128
Aug,B02682,40.67,-73.93,75
Aug,B02682,40.67,-73.92,29
Aug,B02682,40.67,-73.91,16
Aug,B02682,40.67,-73.9,7
Aug,B02682,40.67,-73.89,13
Aug,B02682,40.67,-73.88,7
Aug,B02682,40.67,-73.87,10
Aug,B02682,40.67,-73.86,11
Aug,B02682,40.67,-73.85000000000001,8
Aug,B02682,40.67,-73.84,8
Aug,B02682,40.67,-73.83,8
Aug,B02682,40.67,-73.82000000000001,2
Aug,B02682,40.67,-73.81,20
Aug,B02682,40.67,-73.8,32
Aug,B02682,40.67,-73.79,13
Aug,B02682,40.67,-73.78,14
Aug,B02682,40.67,-73.77,6
Aug,B02682,40.67,-73.76,3
Aug,B02682,40.67,-73.75,2
Aug,B02682,40.67,-73.74,2
Aug,B02682,40.67,-73.73,2
Aug,B02682,40.67,-73.7,1
Aug,B02682,40.68,-74.11,2
Aug,B02682,40.68,-74.10000000000001,4
Aug,B02682,40.68,-74.02,88
Aug,B02682,40.68,-74.01,157
Aug,B02682,40.68,-74,475
Aug,B02682,40.68,-73.99,443
Aug,B02682,40.68,-73.98,830
Aug,B02682,40.68,-73.97,586
Aug,B02682,40.68,-73.96000000000001,487
Aug,B02682,40.68,-73.95,301
Aug,B02682,40.68,-73.94,176
Aug,B02682,40.68,-73.93,146
Aug,B02682,40.68,-73.92,93
Aug,B02682,40.68,-73.91,65
Aug,B02682,40.68,-73.9,25
Aug,B02682,40.68,-73.89,11
Aug,B02682,40.68,-73.88,3
Aug,B02682,40.68,-73.87,10
Aug,B02682,40.68,-73.86,5
Aug,B02682,40.68,-73.85000000000001,11
Aug,B02682,40.68,-73.84,14
Aug,B02682,40.68,-73.83,8
Aug,B02682,40.68,-73.82000000000001,7
Aug,B02682,40.68,-73.81,11
Aug,B02682,40.68,-73.8,11
Aug,B02682,40.68,-73.79,4
Aug,B02682,40.68,-73.78,3
Aug,B02682,40.68,-73.77,5
Aug,B02682,40.68,-73.76,3
Aug,B02682,40.68,-73.75,3
Aug,B02682,40.68,-73.74,1
Aug,B02682,40.68,-73.73,2
Aug,B02682,40.68,-73.71000000000001,1
Aug,B02682,40.69,-74.11,1
Aug,B02682,40.69,-74.10000000000001,1
Aug,B02682,40.69,-74.07000000000001,3
Aug,B02682,40.69,-74.01,2
Aug,B02682,40.69,-74,478
Aug,B02682,40.69,-73.99,1041
Aug,B02682,40.69,-73.98,654
Aug,B02682,40.69,-73.97,722
Aug,B02682,40.69,-73.96000000000001,554
Aug,B02682,40.69,-73.95,347
Aug,B02682,40.69,-73.94,240
Aug,B02682,40.69,-73.93,205
Aug,B02682,40.69,-73.92,215
Aug,B02682,40.69,-73.91,163
Aug,B02682,40.69,-73.9,20
Aug,B02682,40.69,-73.89,1
Aug,B02682,40.69,-73.88,2
Aug,B02682,40.69,-73.87,10
Aug,B02682,40.69,-73.86,15
Aug,B02682,40.69,-73.85000000000001,11
Aug,B02682,40.69,-73.84,8
Aug,B02682,40.69,-73.83,11
Aug,B02682,40.69,-73.82000000000001,15
Aug,B02682,40.69,-73.81,10
Aug,B02682,40.69,-73.8,7
Aug,B02682,40.69,-73.79,1
Aug,B02682,40.69,-73.78,5
Aug,B02682,40.69,-73.77,2
Aug,B02682,40.69,-73.76,2
Aug,B02682,40.69,-73.75,3
Aug,B02682,40.69,-73.74,6
Aug,B02682,40.69,-73.72,1
Aug,B02682,40.69,-73.7,2
Aug,B02682,40.7,-74.10000000000001,4
Aug,B02682,40.7,-74.09,3
Aug,B02682,40.7,-74.08,1
Aug,B02682,40.7,-74.07000000000001,6
Aug,B02682,40.7,-74.02,57
Aug,B02682,40.7,-74.01,1036
Aug,B02682,40.7,-74,164
Aug,B02682,40.7,-73.99,1039
Aug,B02682,40.7,-73.98,337
Aug,B02682,40.7,-73.97,205
Aug,B02682,40.7,-73.96000000000001,85
Aug,B02682,40.7,-73.95,124
Aug,B02682,40.7,-73.94,244
Aug,B02682,40.7,-73.93,571
Aug,B02682,40.7,-73.92,283
Aug,B02682,40.7,-73.91,115
Aug,B02682,40.7,-73.9,63
Aug,B02682,40.7,-73.89,23
Aug,B02682,40.7,-73.88,8
Aug,B02682,40.7,-73.87,16
Aug,B02682,40.7,-73.86,8
Aug,B02682,40.7,-73.85000000000001,8
Aug,B02682,40.7,-73.84,8
Aug,B02682,40.7,-73.83,23
Aug,B02682,40.7,-73.82000000000001,15
Aug,B02682,40.7,-73.81,45
Aug,B02682,40.7,-73.8,13
Aug,B02682,40.7,-73.79,2
Aug,B02682,40.7,-73.78,3
Aug,B02682,40.7,-73.77,9
Aug,B02682,40.7,-73.76,3
Aug,B02682,40.7,-73.75,3
Aug,B02682,40.7,-73.74,3
Aug,B02682,40.7,-73.73,2
Aug,B02682,40.7,-73.72,3
Aug,B02682,40.71,-74.11,2
Aug,B02682,40.71,-74.10000000000001,2
Aug,B02682,40.71,-74.09,6
Aug,B02682,40.71,-74.08,3
Aug,B02682,40.71,-74.06,8
Aug,B02682,40.71,-74.05,2
Aug,B02682,40.71,-74.04,43
Aug,B02682,40.71,-74.03,5
Aug,B02682,40.71,-74.02,818
Aug,B02682,40.71,-74.01,4140
Aug,B02682,40.71,-74,881
Aug,B02682,40.71,-73.99,408
Aug,B02682,40.71,-73.98,146
Aug,B02682,40.71,-73.97,550
Aug,B02682,40.71,-73.96000000000001,1216
Aug,B02682,40.71,-73.95,948
Aug,B02682,40.71,-73.94,709
Aug,B02682,40.71,-73.93,207
Aug,B02682,40.71,-73.92,179
Aug,B02682,40.71,-73.91,33
Aug,B02682,40.71,-73.9,45
Aug,B02682,40.71,-73.89,7
Aug,B02682,40.71,-73.88,10
Aug,B02682,40.71,-73.87,9
Aug,B02682,40.71,-73.86,13
Aug,B02682,40.71,-73.85000000000001,39
Aug,B02682,40.71,-73.84,8
Aug,B02682,40.71,-73.83,61
Aug,B02682,40.71,-73.82000000000001,18
Aug,B02682,40.71,-73.81,6
Aug,B02682,40.71,-73.8,16
Aug,B02682,40.71,-73.79,21
Aug,B02682,40.71,-73.78,17
Aug,B02682,40.71,-73.77,1
Aug,B02682,40.71,-73.76,3
Aug,B02682,40.71,-73.74,3
Aug,B02682,40.71,-73.72,2
Aug,B02682,40.71,-73.71000000000001,1
Aug,B02682,40.72,-74.15,1
Aug,B02682,40.72,-74.09,2
Aug,B02682,40.72,-74.08,5
Aug,B02682,40.72,-74.07000000000001,5
Aug,B02682,40.72,-74.06,10
Aug,B02682,40.72,-74.05,49
Aug,B02682,40.72,-74.04,108
Aug,B02682,40.72,-74.03,22
Aug,B02682,40.72,-74.02,411
Aug,B02682,40.72,-74.01,3626
Aug,B02682,40.72,-74,5889
Aug,B02682,40.72,-73.99,4497
Aug,B02682,40.72,-73.98,1704
Aug,B02682,40.72,-73.97,59
Aug,B02682,40.72,-73.96000000000001,2121
Aug,B02682,40.72,-73.95,1055
Aug,B02682,40.72,-73.94,448
Aug,B02682,40.72,-73.93,7
Aug,B02682,40.72,-73.92,1
Aug,B02682,40.72,-73.91,20
Aug,B02682,40.72,-73.9,28
Aug,B02682,40.72,-73.89,15
Aug,B02682,40.72,-73.88,20
Aug,B02682,40.72,-73.87,17
Aug,B02682,40.72,-73.86,32
Aug,B02682,40.72,-73.85000000000001,91
Aug,B02682,40.72,-73.84,81
Aug,B02682,40.72,-73.83,15
Aug,B02682,40.72,-73.82000000000001,13
Aug,B02682,40.72,-73.81,18
Aug,B02682,40.72,-73.8,28
Aug,B02682,40.72,-73.79,11
Aug,B02682,40.72,-73.78,11
Aug,B02682,40.72,-73.77,3
Aug,B02682,40.72,-73.76,7
Aug,B02682,40.72,-73.75,4
Aug,B02682,40.72,-73.74,7
Aug,B02682,40.72,-73.73,5
Aug,B02682,40.72,-73.72,1
Aug,B02682,40.72,-73.71000000000001,2
Aug,B02682,40.72,-73.7,3
Aug,B02682,40.730000000000004,-74.14,2
Aug,B02682,40.730000000000004,-74.09,1
Aug,B02682,40.730000000000004,-74.08,3
Aug,B02682,40.730000000000004,-74.07000000000001,16
Aug,B02682,40.730000000000004,-74.06,22
Aug,B02682,40.730000000000004,-74.05,40
Aug,B02682,40.730000000000004,-74.04,81
Aug,B02682,40.730000000000004,-74.03,37
Aug,B02682,40.730000000000004,-74.01,2531
Aug,B02682,40.730000000000004,-74,5629
Aug,B02682,40.730000000000004,-73.99,5257
Aug,B02682,40.730000000000004,-73.98,3492
Aug,B02682,40.730000000000004,-73.97,91
Aug,B02682,40.730000000000004,-73.96000000000001,581
Aug,B02682,40.730000000000004,-73.95,560
Aug,B02682,40.730000000000004,-73.94,193
Aug,B02682,40.730000000000004,-73.92,11
Aug,B02682,40.730000000000004,-73.91,11
Aug,B02682,40.730000000000004,-73.9,24
Aug,B02682,40.730000000000004,-73.89,18
Aug,B02682,40.730000000000004,-73.88,18
Aug,B02682,40.730000000000004,-73.87,32
Aug,B02682,40.730000000000004,-73.86,57
Aug,B02682,40.730000000000004,-73.85000000000001,91
Aug,B02682,40.730000000000004,-73.84,4
Aug,B02682,40.730000000000004,-73.83,9
Aug,B02682,40.730000000000004,-73.82000000000001,13
Aug,B02682,40.730000000000004,-73.81,20
Aug,B02682,40.730000000000004,-73.8,3
Aug,B02682,40.730000000000004,-73.79,12
Aug,B02682,40.730000000000004,-73.78,5
Aug,B02682,40.730000000000004,-73.76,5
Aug,B02682,40.730000000000004,-73.75,1
Aug,B02682,40.730000000000004,-73.74,3
Aug,B02682,40.730000000000004,-73.73,6
Aug,B02682,40.730000000000004,-73.72,3
Aug,B02682,40.730000000000004,-73.71000000000001,4
Aug,B02682,40.730000000000004,-73.7,2
Aug,B02682,40.74,-74.08,2
Aug,B02682,40.74,-74.07000000000001,4
Aug,B02682,40.74,-74.06,13
Aug,B02682,40.74,-74.05,18
Aug,B02682,40.74,-74.04,106
Aug,B02682,40.74,-74.03,189
Aug,B02682,40.74,-74.01,3555
Aug,B02682,40.74,-74,4960
Aug,B02682,40.74,-73.99,6685
Aug,B02682,40.74,-73.98,3218
Aug,B02682,40.74,-73.97,663
Aug,B02682,40.74,-73.96000000000001,225
Aug,B02682,40.74,-73.95,225
Aug,B02682,40.74,-73.94,59
Aug,B02682,40.74,-73.93,105
Aug,B02682,40.74,-73.92,170
Aug,B02682,40.74,-73.91,60
Aug,B02682,40.74,-73.9,42
Aug,B02682,40.74,-73.89,23
Aug,B02682,40.74,-73.88,51
Aug,B02682,40.74,-73.87,33
Aug,B02682,40.74,-73.86,41
Aug,B02682,40.74,-73.85000000000001,25
Aug,B02682,40.74,-73.84,190
Aug,B02682,40.74,-73.83,16
Aug,B02682,40.74,-73.82000000000001,6
Aug,B02682,40.74,-73.81,6
Aug,B02682,40.74,-73.8,9
Aug,B02682,40.74,-73.79,6
Aug,B02682,40.74,-73.78,9
Aug,B02682,40.74,-73.77,1
Aug,B02682,40.74,-73.76,6
Aug,B02682,40.74,-73.75,4
Aug,B02682,40.74,-73.74,5
Aug,B02682,40.74,-73.73,2
Aug,B02682,40.74,-73.72,5
Aug,B02682,40.74,-73.71000000000001,1
Aug,B02682,40.74,-73.7,1
Aug,B02682,40.75,-74.14,1
Aug,B02682,40.75,-74.06,5
Aug,B02682,40.75,-74.05,7
Aug,B02682,40.75,-74.04,34
Aug,B02682,40.75,-74.03,179
Aug,B02682,40.75,-74.02,29
Aug,B02682,40.75,-74.01,1111
Aug,B02682,40.75,-74,2460
Aug,B02682,40.75,-73.99,6143
Aug,B02682,40.75,-73.98,5582
Aug,B02682,40.75,-73.97,2444
Aug,B02682,40.75,-73.96000000000001,307
Aug,B02682,40.75,-73.95,225
Aug,B02682,40.75,-73.94,416
Aug,B02682,40.75,-73.93,95
Aug,B02682,40.75,-73.92,116
Aug,B02682,40.75,-73.91,78
Aug,B02682,40.75,-73.9,56
Aug,B02682,40.75,-73.89,85
Aug,B02682,40.75,-73.88,53
Aug,B02682,40.75,-73.87,13
Aug,B02682,40.75,-73.86,18
Aug,B02682,40.75,-73.85000000000001,170
Aug,B02682,40.75,-73.84,47
Aug,B02682,40.75,-73.83,9
Aug,B02682,40.75,-73.82000000000001,13
Aug,B02682,40.75,-73.8,2
Aug,B02682,40.75,-73.79,1
Aug,B02682,40.75,-73.78,2
Aug,B02682,40.75,-73.76,1
Aug,B02682,40.75,-73.75,6
Aug,B02682,40.75,-73.74,2
Aug,B02682,40.75,-73.73,1
Aug,B02682,40.75,-73.72,11
Aug,B02682,40.75,-73.71000000000001,8
Aug,B02682,40.75,-73.7,2
Aug,B02682,40.76,-74.15,1
Aug,B02682,40.76,-74.08,6
Aug,B02682,40.76,-74.07000000000001,5
Aug,B02682,40.76,-74.06,1
Aug,B02682,40.76,-74.05,4
Aug,B02682,40.76,-74.04,3
Aug,B02682,40.76,-74.03,31
Aug,B02682,40.76,-74.02,27
Aug,B02682,40.76,-74.01,1
Aug,B02682,40.76,-74,2119
Aug,B02682,40.76,-73.99,4694
Aug,B02682,40.76,-73.98,7071
Aug,B02682,40.76,-73.97,6589
Aug,B02682,40.76,-73.96000000000001,1604
Aug,B02682,40.76,-73.95,108
Aug,B02682,40.76,-73.94,33
Aug,B02682,40.76,-73.93,179
Aug,B02682,40.76,-73.92,364
Aug,B02682,40.76,-73.91,160
Aug,B02682,40.76,-73.9,47
Aug,B02682,40.76,-73.89,29
Aug,B02682,40.76,-73.88,27
Aug,B02682,40.76,-73.87,20
Aug,B02682,40.76,-73.86,17
Aug,B02682,40.76,-73.85000000000001,15
Aug,B02682,40.76,-73.84,67
Aug,B02682,40.76,-73.83,87
Aug,B02682,40.76,-73.82000000000001,10
Aug,B02682,40.76,-73.81,10
Aug,B02682,40.76,-73.8,5
Aug,B02682,40.76,-73.79,2
Aug,B02682,40.76,-73.78,9
Aug,B02682,40.76,-73.77,21
Aug,B02682,40.76,-73.76,2
Aug,B02682,40.76,-73.75,1
Aug,B02682,40.76,-73.74,1
Aug,B02682,40.76,-73.73,3
Aug,B02682,40.76,-73.71000000000001,4
Aug,B02682,40.77,-74.07000000000001,1
Aug,B02682,40.77,-74.06,2
Aug,B02682,40.77,-74.04,4
Aug,B02682,40.77,-74.03,18
Aug,B02682,40.77,-74.02,17
Aug,B02682,40.77,-74.01,1
Aug,B02682,40.77,-74,89
Aug,B02682,40.77,-73.99,1663
Aug,B02682,40.77,-73.98,2526
Aug,B02682,40.77,-73.97,1053
Aug,B02682,40.77,-73.96000000000001,2739
Aug,B02682,40.77,-73.95,1636
Aug,B02682,40.77,-73.94,64
Aug,B02682,40.77,-73.93,146
Aug,B02682,40.77,-73.92,294
Aug,B02682,40.77,-73.91,168
Aug,B02682,40.77,-73.9,63
Aug,B02682,40.77,-73.89,352
Aug,B02682,40.77,-73.88,106
Aug,B02682,40.77,-73.87,2482
Aug,B02682,40.77,-73.86,962
Aug,B02682,40.77,-73.85000000000001,1
Aug,B02682,40.77,-73.84,4
Aug,B02682,40.77,-73.83,9
Aug,B02682,40.77,-73.82000000000001,5
Aug,B02682,40.77,-73.81,5
Aug,B02682,40.77,-73.8,3
Aug,B02682,40.77,-73.79,3
Aug,B02682,40.77,-73.78,2
Aug,B02682,40.77,-73.75,1
Aug,B02682,40.77,-73.74,4
Aug,B02682,40.77,-73.73,2
Aug,B02682,40.77,-73.71000000000001,4
Aug,B02682,40.77,-73.7,2
Aug,B02682,40.78,-74.07000000000001,5
Aug,B02682,40.78,-74.06,1
Aug,B02682,40.78,-74.05,4
Aug,B02682,40.78,-74.04,1
Aug,B02682,40.78,-74.03,1
Aug,B02682,40.78,-74.02,11
Aug,B02682,40.78,-74.01,17
Aug,B02682,40.78,-74,3
Aug,B02682,40.78,-73.99,578
Aug,B02682,40.78,-73.98,2259
Aug,B02682,40.78,-73.97,435
Aug,B02682,40.78,-73.96000000000001,1631
Aug,B02682,40.78,-73.95,2085
Aug,B02682,40.78,-73.94,121
Aug,B02682,40.78,-73.93,24
Aug,B02682,40.78,-73.92,63
Aug,B02682,40.78,-73.91,93
Aug,B02682,40.78,-73.9,10
Aug,B02682,40.78,-73.87,1
Aug,B02682,40.78,-73.85000000000001,7
Aug,B02682,40.78,-73.84,8
Aug,B02682,40.78,-73.83,6
Aug,B02682,40.78,-73.82000000000001,8
Aug,B02682,40.78,-73.81,2
Aug,B02682,40.78,-73.8,3
Aug,B02682,40.78,-73.79,4
Aug,B02682,40.78,-73.78,5
Aug,B02682,40.78,-73.77,7
Aug,B02682,40.78,-73.75,1
Aug,B02682,40.78,-73.73,8
Aug,B02682,40.78,-73.72,4
Aug,B02682,40.78,-73.71000000000001,3
Aug,B02682,40.78,-73.7,5
Aug,B02682,40.79,-74.14,1
Aug,B02682,40.79,-74.13,2
Aug,B02682,40.79,-74.08,1
Aug,B02682,40.79,-74.07000000000001,4
Aug,B02682,40.79,-74.06,3
Aug,B02682,40.79,-74.05,7
Aug,B02682,40.79,-74.04,10
Aug,B02682,40.79,-74.02,3
Aug,B02682,40.79,-74.01,6
Aug,B02682,40.79,-74,12
Aug,B02682,40.79,-73.99,1
Aug,B02682,40.79,-73.98,957
Aug,B02682,40.79,-73.97,1279
Aug,B02682,40.79,-73.96000000000001,136
Aug,B02682,40.79,-73.95,440
Aug,B02682,40.79,-73.94,192
Aug,B02682,40.79,-73.93,19
Aug,B02682,40.79,-73.92,60
Aug,B02682,40.79,-73.85000000000001,3
Aug,B02682,40.79,-73.84,18
Aug,B02682,40.79,-73.83,1
Aug,B02682,40.79,-73.82000000000001,2
Aug,B02682,40.79,-73.81,8
Aug,B02682,40.79,-73.8,5
Aug,B02682,40.79,-73.79,6
Aug,B02682,40.79,-73.78,4
Aug,B02682,40.79,-73.74,3
Aug,B02682,40.79,-73.73,7
Aug,B02682,40.79,-73.72,2
Aug,B02682,40.79,-73.71000000000001,1
Aug,B02682,40.800000000000004,-74.13,1
Aug,B02682,40.800000000000004,-74.08,1
Aug,B02682,40.800000000000004,-74.07000000000001,2
Aug,B02682,40.800000000000004,-74.06,3
Aug,B02682,40.800000000000004,-74.05,2
Aug,B02682,40.800000000000004,-74.01,5
Aug,B02682,40.800000000000004,-74,9
Aug,B02682,40.800000000000004,-73.99,2
Aug,B02682,40.800000000000004,-73.98,31
Aug,B02682,40.800000000000004,-73.97,708
Aug,B02682,40.800000000000004,-73.96000000000001,438
Aug,B02682,40.800000000000004,-73.95,336
Aug,B02682,40.800000000000004,-73.94,252
Aug,B02682,40.800000000000004,-73.93,137
Aug,B02682,40.800000000000004,-73.92,25
Aug,B02682,40.800000000000004,-73.91,7
Aug,B02682,40.800000000000004,-73.82000000000001,3
Aug,B02682,40.800000000000004,-73.81,1
Aug,B02682,40.800000000000004,-73.74,1
Aug,B02682,40.800000000000004,-73.71000000000001,1
Aug,B02682,40.800000000000004,-73.7,1
Aug,B02682,40.81,-74.14,2
Aug,B02682,40.81,-74.10000000000001,4
Aug,B02682,40.81,-74.08,8
Aug,B02682,40.81,-74.07000000000001,10
Aug,B02682,40.81,-74.01,2
Aug,B02682,40.81,-74,4
Aug,B02682,40.81,-73.99,5
Aug,B02682,40.81,-73.98,4
Aug,B02682,40.81,-73.97,73
Aug,B02682,40.81,-73.96000000000001,381
Aug,B02682,40.81,-73.95,415
Aug,B02682,40.81,-73.94,359
Aug,B02682,40.81,-73.93,50
Aug,B02682,40.81,-73.92,20
Aug,B02682,40.81,-73.91,12
Aug,B02682,40.81,-73.9,2
Aug,B02682,40.81,-73.89,3
Aug,B02682,40.81,-73.88,2
Aug,B02682,40.81,-73.87,3
Aug,B02682,40.81,-73.86,4
Aug,B02682,40.81,-73.85000000000001,5
Aug,B02682,40.81,-73.82000000000001,2
Aug,B02682,40.81,-73.81,2
Aug,B02682,40.81,-73.8,3
Aug,B02682,40.81,-73.76,2
Aug,B02682,40.81,-73.73,1
Aug,B02682,40.81,-73.72,1
Aug,B02682,40.82,-74.13,1
Aug,B02682,40.82,-74.12,2
Aug,B02682,40.82,-74.11,1
Aug,B02682,40.82,-74.08,3
Aug,B02682,40.82,-74.07000000000001,3
Aug,B02682,40.82,-74.06,1
Aug,B02682,40.82,-74,1
Aug,B02682,40.82,-73.99,3
Aug,B02682,40.82,-73.98,4
Aug,B02682,40.82,-73.96000000000001,135
Aug,B02682,40.82,-73.95,226
Aug,B02682,40.82,-73.94,289
Aug,B02682,40.82,-73.93,28
Aug,B02682,40.82,-73.92,26
Aug,B02682,40.82,-73.91,12
Aug,B02682,40.82,-73.9,7
Aug,B02682,40.82,-73.89,21
Aug,B02682,40.82,-73.88,10
Aug,B02682,40.82,-73.87,9
Aug,B02682,40.82,-73.86,8
Aug,B02682,40.82,-73.85000000000001,9
Aug,B02682,40.82,-73.84,2
Aug,B02682,40.82,-73.83,1
Aug,B02682,40.82,-73.82000000000001,4
Aug,B02682,40.82,-73.81,3
Aug,B02682,40.83,-74.14,2
Aug,B02682,40.83,-74.10000000000001,2
Aug,B02682,40.83,-74.08,2
Aug,B02682,40.83,-74,1
Aug,B02682,40.83,-73.99,1
Aug,B02682,40.83,-73.98,5
Aug,B02682,40.83,-73.97,4
Aug,B02682,40.83,-73.96000000000001,2
Aug,B02682,40.83,-73.95,126
Aug,B02682,40.83,-73.94,188
Aug,B02682,40.83,-73.93,173
Aug,B02682,40.83,-73.92,70
Aug,B02682,40.83,-73.91,10
Aug,B02682,40.83,-73.9,11
Aug,B02682,40.83,-73.89,8
Aug,B02682,40.83,-73.88,8
Aug,B02682,40.83,-73.87,12
Aug,B02682,40.83,-73.86,8
Aug,B02682,40.83,-73.85000000000001,7
Aug,B02682,40.83,-73.84,1
Aug,B02682,40.83,-73.83,5
Aug,B02682,40.83,-73.82000000000001,2
Aug,B02682,40.83,-73.7,2
Aug,B02682,40.84,-74.15,1
Aug,B02682,40.84,-74.14,1
Aug,B02682,40.84,-74.09,2
Aug,B02682,40.84,-74.07000000000001,5
Aug,B02682,40.84,-74.02,1
Aug,B02682,40.84,-73.99,3
Aug,B02682,40.84,-73.98,4
Aug,B02682,40.84,-73.95,35
Aug,B02682,40.84,-73.94,256
Aug,B02682,40.84,-73.93,11
Aug,B02682,40.84,-73.92,20
Aug,B02682,40.84,-73.91,11
Aug,B02682,40.84,-73.9,10
Aug,B02682,40.84,-73.89,9
Aug,B02682,40.84,-73.88,18
Aug,B02682,40.84,-73.87,17
Aug,B02682,40.84,-73.86,16
Aug,B02682,40.84,-73.85000000000001,11
Aug,B02682,40.84,-73.84,10
Aug,B02682,40.84,-73.83,12
Aug,B02682,40.84,-73.82000000000001,3
Aug,B02682,40.84,-73.79,2
Aug,B02682,40.84,-73.78,1
Aug,B02682,40.85,-74.12,1
Aug,B02682,40.85,-74.09,1
Aug,B02682,40.85,-74.08,2
Aug,B02682,40.85,-74.07000000000001,4
Aug,B02682,40.85,-74.02,1
Aug,B02682,40.85,-74.01,1
Aug,B02682,40.85,-74,2
Aug,B02682,40.85,-73.98,1
Aug,B02682,40.85,-73.97,2
Aug,B02682,40.85,-73.96000000000001,1
Aug,B02682,40.85,-73.94,222
Aug,B02682,40.85,-73.93,116
Aug,B02682,40.85,-73.92,6
Aug,B02682,40.85,-73.91,7
Aug,B02682,40.85,-73.9,15
Aug,B02682,40.85,-73.89,30
Aug,B02682,40.85,-73.88,12
Aug,B02682,40.85,-73.87,11
Aug,B02682,40.85,-73.86,13
Aug,B02682,40.85,-73.85000000000001,21
Aug,B02682,40.85,-73.84,18
Aug,B02682,40.85,-73.83,13
Aug,B02682,40.85,-73.79,4
Aug,B02682,40.85,-73.78,1
Aug,B02682,40.85,-73.72,1
Aug,B02682,40.86,-74.08,1
Aug,B02682,40.86,-74.07000000000001,2
Aug,B02682,40.86,-74.06,2
Aug,B02682,40.86,-73.99,2
Aug,B02682,40.86,-73.98,3
Aug,B02682,40.86,-73.97,5
Aug,B02682,40.86,-73.96000000000001,1
Aug,B02682,40.86,-73.94,38
Aug,B02682,40.86,-73.93,94
Aug,B02682,40.86,-73.92,26
Aug,B02682,40.86,-73.91,13
Aug,B02682,40.86,-73.9,14
Aug,B02682,40.86,-73.89,65
Aug,B02682,40.86,-73.88,39
Aug,B02682,40.86,-73.87,14
Aug,B02682,40.86,-73.86,18
Aug,B02682,40.86,-73.85000000000001,5
Aug,B02682,40.86,-73.84,11
Aug,B02682,40.86,-73.83,4
Aug,B02682,40.86,-73.82000000000001,5
Aug,B02682,40.86,-73.79,2
Aug,B02682,40.87,-74.10000000000001,2
Aug,B02682,40.87,-74.09,1
Aug,B02682,40.87,-74.07000000000001,1
Aug,B02682,40.87,-74.06,7
Aug,B02682,40.87,-74.04,1
Aug,B02682,40.87,-74,4
Aug,B02682,40.87,-73.98,2
Aug,B02682,40.87,-73.97,2
Aug,B02682,40.87,-73.96000000000001,1
Aug,B02682,40.87,-73.95,1
Aug,B02682,40.87,-73.93,78
Aug,B02682,40.87,-73.92,71
Aug,B02682,40.87,-73.91,19
Aug,B02682,40.87,-73.9,11
Aug,B02682,40.87,-73.89,22
Aug,B02682,40.87,-73.88,32
Aug,B02682,40.87,-73.87,7
Aug,B02682,40.87,-73.86,22
Aug,B02682,40.87,-73.85000000000001,6
Aug,B02682,40.87,-73.84,4
Aug,B02682,40.87,-73.83,4
Aug,B02682,40.87,-73.82000000000001,1
Aug,B02682,40.87,-73.81,8
Aug,B02682,40.87,-73.8,3
Aug,B02682,40.88,-74.10000000000001,1
Aug,B02682,40.88,-74.09,1
Aug,B02682,40.88,-74.07000000000001,1
Aug,B02682,40.88,-74.06,3
Aug,B02682,40.88,-73.98,1
Aug,B02682,40.88,-73.95,1
Aug,B02682,40.88,-73.92,18
Aug,B02682,40.88,-73.91,47
Aug,B02682,40.88,-73.9,20
Aug,B02682,40.88,-73.89,9
Aug,B02682,40.88,-73.88,54
Aug,B02682,40.88,-73.87,12
Aug,B02682,40.88,-73.86,6
Aug,B02682,40.88,-73.85000000000001,6
Aug,B02682,40.88,-73.84,6
Aug,B02682,40.88,-73.83,13
Aug,B02682,40.88,-73.79,1
Aug,B02682,40.89,-74.12,1
Aug,B02682,40.89,-74.07000000000001,2
Aug,B02682,40.89,-74.06,3
Aug,B02682,40.89,-74.05,2
Aug,B02682,40.89,-74.03,1
Aug,B02682,40.89,-74.01,1
Aug,B02682,40.89,-73.95,4
Aug,B02682,40.89,-73.92,2
Aug,B02682,40.89,-73.91,43
Aug,B02682,40.89,-73.9,45
Aug,B02682,40.89,-73.89,17
Aug,B02682,40.89,-73.88,2
Aug,B02682,40.89,-73.86,7
Aug,B02682,40.89,-73.85000000000001,6
Aug,B02682,40.89,-73.84,3
Aug,B02682,40.89,-73.83,3
Aug,B02682,40.89,-73.82000000000001,2
Aug,B02682,40.89,-73.81,1
Aug,B02682,40.89,-73.8,2
Aug,B02682,40.89,-73.79,5
Aug,B02682,40.89,-73.78,1
Aug,B02682,40.9,-74.12,1
Aug,B02682,40.9,-74.07000000000001,1
Aug,B02682,40.9,-74.03,1
Aug,B02682,40.9,-73.97,2
Aug,B02682,40.9,-73.96000000000001,1
Aug,B02682,40.9,-73.95,1
Aug,B02682,40.9,-73.94,1
Aug,B02682,40.9,-73.91,7
Aug,B02682,40.9,-73.9,20
Aug,B02682,40.9,-73.89,1
Aug,B02682,40.9,-73.87,7
Aug,B02682,40.9,-73.86,5
Aug,B02682,40.9,-73.85000000000001,5
Aug,B02682,40.9,-73.84,2
Aug,B02682,40.9,-73.83,2
Aug,B02682,40.9,-73.82000000000001,3
Aug,B02682,40.9,-73.81,4
Aug,B02682,40.9,-73.8,4
Aug,B02682,40.9,-73.79,3
Aug,B02682,40.9,-73.78,3
Aug,B02682,40.9,-73.77,4
Aug,B02682,40.910000000000004,-74.14,1
Aug,B02682,40.910000000000004,-74.08,1
Aug,B02682,40.910000000000004,-74.06,1
Aug,B02682,40.910000000000004,-74.05,2
Aug,B02682,40.910000000000004,-74.04,1
Aug,B02682,40.910000000000004,-74.03,1
Aug,B02682,40.910000000000004,-74.01,2
Aug,B02682,40.910000000000004,-73.96000000000001,1
Aug,B02682,40.910000000000004,-73.95,2
Aug,B02682,40.910000000000004,-73.94,1
Aug,B02682,40.910000000000004,-73.91,8
Aug,B02682,40.910000000000004,-73.9,10
Aug,B02682,40.910000000000004,-73.89,2
Aug,B02682,40.910000000000004,-73.86,4
Aug,B02682,40.910000000000004,-73.85000000000001,1
Aug,B02682,40.910000000000004,-73.84,2
Aug,B02682,40.910000000000004,-73.83,3
Aug,B02682,40.910000000000004,-73.81,6
Aug,B02682,40.910000000000004,-73.8,1
Aug,B02682,40.910000000000004,-73.79,1
Aug,B02682,40.910000000000004,-73.78,12
Aug,B02682,40.910000000000004,-73.77,1
Aug,B02682,40.92,-74.09,1
Aug,B02682,40.92,-74.05,1
Aug,B02682,40.92,-73.96000000000001,1
Aug,B02682,40.92,-73.91,1
Aug,B02682,40.92,-73.89,2
Aug,B02682,40.92,-73.88,1
Aug,B02682,40.92,-73.83,1
Aug,B02682,40.92,-73.82000000000001,2
Aug,B02764,40.58,-73.99,1
Aug,B02764,40.58,-73.98,1
Aug,B02764,40.58,-73.97,5
Aug,B02764,40.58,-73.96000000000001,5
Aug,B02764,40.58,-73.95,7
Aug,B02764,40.58,-73.94,2
Aug,B02764,40.58,-73.93,1
Aug,B02764,40.58,-73.84,2
Aug,B02764,40.58,-73.83,1
Aug,B02764,40.58,-73.82000000000001,3
Aug,B02764,40.59,-74,1
Aug,B02764,40.59,-73.99,3
Aug,B02764,40.59,-73.98,6
Aug,B02764,40.59,-73.97,10
Aug,B02764,40.59,-73.96000000000001,9
Aug,B02764,40.59,-73.95,4
Aug,B02764,40.59,-73.94,2
Aug,B02764,40.59,-73.93,4
Aug,B02764,40.59,-73.81,4
Aug,B02764,40.59,-73.8,1
Aug,B02764,40.59,-73.73,1
Aug,B02764,40.59,-73.72,1
Aug,B02764,40.59,-73.71000000000001,2
Aug,B02764,40.59,-73.7,1
Aug,B02764,40.6,-74.09,1
Aug,B02764,40.6,-74.07000000000001,2
Aug,B02764,40.6,-74.02,1
Aug,B02764,40.6,-74.01,2
Aug,B02764,40.6,-74,2
Aug,B02764,40.6,-73.99,3
Aug,B02764,40.6,-73.98,5
Aug,B02764,40.6,-73.97,7
Aug,B02764,40.6,-73.96000000000001,2
Aug,B02764,40.6,-73.95,7
Aug,B02764,40.6,-73.94,6
Aug,B02764,40.6,-73.75,2
Aug,B02764,40.6,-73.74,2
Aug,B02764,40.61,-74.11,1
Aug,B02764,40.61,-74.10000000000001,2
Aug,B02764,40.61,-74.06,1
Aug,B02764,40.61,-74.04,3
Aug,B02764,40.61,-74.03,3
Aug,B02764,40.61,-74.02,4
Aug,B02764,40.61,-74.01,6
Aug,B02764,40.61,-74,4
Aug,B02764,40.61,-73.98,4
Aug,B02764,40.61,-73.97,7
Aug,B02764,40.61,-73.96000000000001,20
Aug,B02764,40.61,-73.95,12
Aug,B02764,40.61,-73.94,4
Aug,B02764,40.61,-73.93,2
Aug,B02764,40.61,-73.92,4
Aug,B02764,40.61,-73.91,1
Aug,B02764,40.61,-73.9,1
Aug,B02764,40.61,-73.76,1
Aug,B02764,40.61,-73.74,1
Aug,B02764,40.62,-74.04,9
Aug,B02764,40.62,-74.03,30
Aug,B02764,40.62,-74.02,14
Aug,B02764,40.62,-74.01,8
Aug,B02764,40.62,-74,5
Aug,B02764,40.62,-73.99,9
Aug,B02764,40.62,-73.98,7
Aug,B02764,40.62,-73.97,9
Aug,B02764,40.62,-73.96000000000001,3
Aug,B02764,40.62,-73.95,10
Aug,B02764,40.62,-73.94,6
Aug,B02764,40.62,-73.93,8
Aug,B02764,40.62,-73.92,11
Aug,B02764,40.62,-73.91,4
Aug,B02764,40.62,-73.9,1
Aug,B02764,40.62,-73.82000000000001,2
Aug,B02764,40.62,-73.73,2
Aug,B02764,40.63,-74.14,1
Aug,B02764,40.63,-74.10000000000001,1
Aug,B02764,40.63,-74.08,1
Aug,B02764,40.63,-74.04,4
Aug,B02764,40.63,-74.03,22
Aug,B02764,40.63,-74.02,17
Aug,B02764,40.63,-74.01,9
Aug,B02764,40.63,-74,4
Aug,B02764,40.63,-73.99,2
Aug,B02764,40.63,-73.98,2
Aug,B02764,40.63,-73.97,17
Aug,B02764,40.63,-73.96000000000001,18
Aug,B02764,40.63,-73.95,23
Aug,B02764,40.63,-73.94,11
Aug,B02764,40.63,-73.93,14
Aug,B02764,40.63,-73.92,4
Aug,B02764,40.63,-73.91,3
Aug,B02764,40.63,-73.9,6
Aug,B02764,40.63,-73.89,4
Aug,B02764,40.63,-73.73,4
Aug,B02764,40.63,-73.72,2
Aug,B02764,40.63,-73.71000000000001,1
Aug,B02764,40.64,-74.08,2
Aug,B02764,40.64,-74.04,2
Aug,B02764,40.64,-74.03,13
Aug,B02764,40.64,-74.02,13
Aug,B02764,40.64,-74.01,5
Aug,B02764,40.64,-74,15
Aug,B02764,40.64,-73.99,6
Aug,B02764,40.64,-73.98,25
Aug,B02764,40.64,-73.97,26
Aug,B02764,40.64,-73.96000000000001,27
Aug,B02764,40.64,-73.95,15
Aug,B02764,40.64,-73.94,8
Aug,B02764,40.64,-73.93,9
Aug,B02764,40.64,-73.92,8
Aug,B02764,40.64,-73.91,5
Aug,B02764,40.64,-73.9,3
Aug,B02764,40.64,-73.89,5
Aug,B02764,40.64,-73.88,2
Aug,B02764,40.64,-73.83,1
Aug,B02764,40.64,-73.8,1
Aug,B02764,40.64,-73.79,129
Aug,B02764,40.64,-73.78,364
Aug,B02764,40.64,-73.74,1
Aug,B02764,40.64,-73.72,2
Aug,B02764,40.64,-73.71000000000001,1
Aug,B02764,40.65,-74.02,12
Aug,B02764,40.65,-74.01,30
Aug,B02764,40.65,-74,16
Aug,B02764,40.65,-73.99,2
Aug,B02764,40.65,-73.98,38
Aug,B02764,40.65,-73.97,27
Aug,B02764,40.65,-73.96000000000001,76
Aug,B02764,40.65,-73.95,18
Aug,B02764,40.65,-73.94,5
Aug,B02764,40.65,-73.93,7
Aug,B02764,40.65,-73.92,6
Aug,B02764,40.65,-73.91,7
Aug,B02764,40.65,-73.9,6
Aug,B02764,40.65,-73.89,5
Aug,B02764,40.65,-73.88,7
Aug,B02764,40.65,-73.87,4
Aug,B02764,40.65,-73.84,3
Aug,B02764,40.65,-73.83,2
Aug,B02764,40.65,-73.81,4
Aug,B02764,40.65,-73.8,1
Aug,B02764,40.65,-73.79,131
Aug,B02764,40.65,-73.78,274
Aug,B02764,40.660000000000004,-74.13,1
Aug,B02764,40.660000000000004,-74.12,1
Aug,B02764,40.660000000000004,-74.01,37
Aug,B02764,40.660000000000004,-74,42
Aug,B02764,40.660000000000004,-73.99,81
Aug,B02764,40.660000000000004,-73.98,92
Aug,B02764,40.660000000000004,-73.97,5
Aug,B02764,40.660000000000004,-73.96000000000001,66
Aug,B02764,40.660000000000004,-73.95,45
Aug,B02764,40.660000000000004,-73.94,35
Aug,B02764,40.660000000000004,-73.93,13
Aug,B02764,40.660000000000004,-73.92,10
Aug,B02764,40.660000000000004,-73.91,5
Aug,B02764,40.660000000000004,-73.9,4
Aug,B02764,40.660000000000004,-73.89,6
Aug,B02764,40.660000000000004,-73.88,6
Aug,B02764,40.660000000000004,-73.87,1
Aug,B02764,40.660000000000004,-73.85000000000001,1
Aug,B02764,40.660000000000004,-73.84,2
Aug,B02764,40.660000000000004,-73.83,4
Aug,B02764,40.660000000000004,-73.82000000000001,1
Aug,B02764,40.660000000000004,-73.81,1
Aug,B02764,40.660000000000004,-73.8,8
Aug,B02764,40.660000000000004,-73.79,1
Aug,B02764,40.660000000000004,-73.78,1
Aug,B02764,40.660000000000004,-73.77,1
Aug,B02764,40.660000000000004,-73.76,1
Aug,B02764,40.660000000000004,-73.73,1
Aug,B02764,40.660000000000004,-73.72,4
Aug,B02764,40.67,-74.10000000000001,1
Aug,B02764,40.67,-74.02,20
Aug,B02764,40.67,-74.01,68
Aug,B02764,40.67,-74,24
Aug,B02764,40.67,-73.99,172
Aug,B02764,40.67,-73.98,228
Aug,B02764,40.67,-73.97,90
Aug,B02764,40.67,-73.96000000000001,132
Aug,B02764,40.67,-73.95,116
Aug,B02764,40.67,-73.94,62
Aug,B02764,40.67,-73.93,45
Aug,B02764,40.67,-73.92,12
Aug,B02764,40.67,-73.91,7
Aug,B02764,40.67,-73.9,8
Aug,B02764,40.67,-73.89,3
Aug,B02764,40.67,-73.88,9
Aug,B02764,40.67,-73.87,9
Aug,B02764,40.67,-73.86,4
Aug,B02764,40.67,-73.85000000000001,4
Aug,B02764,40.67,-73.84,2
Aug,B02764,40.67,-73.83,2
Aug,B02764,40.67,-73.82000000000001,4
Aug,B02764,40.67,-73.81,4
Aug,B02764,40.67,-73.8,7
Aug,B02764,40.67,-73.79,4
Aug,B02764,40.67,-73.78,6
Aug,B02764,40.67,-73.76,1
Aug,B02764,40.67,-73.75,2
Aug,B02764,40.67,-73.71000000000001,1
Aug,B02764,40.68,-74.11,1
Aug,B02764,40.68,-74.10000000000001,1
Aug,B02764,40.68,-74.02,26
Aug,B02764,40.68,-74.01,59
Aug,B02764,40.68,-74,131
Aug,B02764,40.68,-73.99,127
Aug,B02764,40.68,-73.98,278
Aug,B02764,40.68,-73.97,262
Aug,B02764,40.68,-73.96000000000001,224
Aug,B02764,40.68,-73.95,130
Aug,B02764,40.68,-73.94,87
Aug,B02764,40.68,-73.93,70
Aug,B02764,40.68,-73.92,41
Aug,B02764,40.68,-73.91,45
Aug,B02764,40.68,-73.9,10
Aug,B02764,40.68,-73.89,3
Aug,B02764,40.68,-73.88,6
Aug,B02764,40.68,-73.86,9
Aug,B02764,40.68,-73.85000000000001,4
Aug,B02764,40.68,-73.84,9
Aug,B02764,40.68,-73.83,6
Aug,B02764,40.68,-73.82000000000001,3
Aug,B02764,40.68,-73.81,4
Aug,B02764,40.68,-73.8,3
Aug,B02764,40.68,-73.77,2
Aug,B02764,40.68,-73.75,6
Aug,B02764,40.68,-73.72,1
Aug,B02764,40.69,-74.10000000000001,3
Aug,B02764,40.69,-74.08,1
Aug,B02764,40.69,-74.07000000000001,1
Aug,B02764,40.69,-74,163
Aug,B02764,40.69,-73.99,324
Aug,B02764,40.69,-73.98,248
Aug,B02764,40.69,-73.97,272
Aug,B02764,40.69,-73.96000000000001,229
Aug,B02764,40.69,-73.95,157
Aug,B02764,40.69,-73.94,131
Aug,B02764,40.69,-73.93,92
Aug,B02764,40.69,-73.92,113
Aug,B02764,40.69,-73.91,75
Aug,B02764,40.69,-73.9,11
Aug,B02764,40.69,-73.89,2
Aug,B02764,40.69,-73.87,4
Aug,B02764,40.69,-73.86,20
Aug,B02764,40.69,-73.85000000000001,10
Aug,B02764,40.69,-73.84,4
Aug,B02764,40.69,-73.83,3
Aug,B02764,40.69,-73.82000000000001,8
Aug,B02764,40.69,-73.81,2
Aug,B02764,40.69,-73.8,3
Aug,B02764,40.69,-73.78,3
Aug,B02764,40.69,-73.76,2
Aug,B02764,40.69,-73.75,1
Aug,B02764,40.69,-73.74,4
Aug,B02764,40.69,-73.73,2
Aug,B02764,40.7,-74.09,1
Aug,B02764,40.7,-74.07000000000001,1
Aug,B02764,40.7,-74.02,21
Aug,B02764,40.7,-74.01,224
Aug,B02764,40.7,-74,57
Aug,B02764,40.7,-73.99,290
Aug,B02764,40.7,-73.98,148
Aug,B02764,40.7,-73.97,81
Aug,B02764,40.7,-73.96000000000001,47
Aug,B02764,40.7,-73.95,62
Aug,B02764,40.7,-73.94,108
Aug,B02764,40.7,-73.93,239
Aug,B02764,40.7,-73.92,163
Aug,B02764,40.7,-73.91,66
Aug,B02764,40.7,-73.9,40
Aug,B02764,40.7,-73.89,13
Aug,B02764,40.7,-73.88,8
Aug,B02764,40.7,-73.87,4
Aug,B02764,40.7,-73.86,12
Aug,B02764,40.7,-73.85000000000001,4
Aug,B02764,40.7,-73.84,8
Aug,B02764,40.7,-73.83,15
Aug,B02764,40.7,-73.82000000000001,7
Aug,B02764,40.7,-73.81,27
Aug,B02764,40.7,-73.8,6
Aug,B02764,40.7,-73.79,1
Aug,B02764,40.7,-73.77,2
Aug,B02764,40.7,-73.75,2
Aug,B02764,40.7,-73.72,2
Aug,B02764,40.71,-74.11,2
Aug,B02764,40.71,-74.08,2
Aug,B02764,40.71,-74.07000000000001,4
Aug,B02764,40.71,-74.06,3
Aug,B02764,40.71,-74.05,1
Aug,B02764,40.71,-74.04,17
Aug,B02764,40.71,-74.03,3
Aug,B02764,40.71,-74.02,198
Aug,B02764,40.71,-74.01,982
Aug,B02764,40.71,-74,222
Aug,B02764,40.71,-73.99,102
Aug,B02764,40.71,-73.98,39
Aug,B02764,40.71,-73.97,198
Aug,B02764,40.71,-73.96000000000001,478
Aug,B02764,40.71,-73.95,381
Aug,B02764,40.71,-73.94,342
Aug,B02764,40.71,-73.93,102
Aug,B02764,40.71,-73.92,90
Aug,B02764,40.71,-73.91,34
Aug,B02764,40.71,-73.9,18
Aug,B02764,40.71,-73.89,5
Aug,B02764,40.71,-73.88,9
Aug,B02764,40.71,-73.87,6
Aug,B02764,40.71,-73.86,11
Aug,B02764,40.71,-73.85000000000001,13
Aug,B02764,40.71,-73.84,5
Aug,B02764,40.71,-73.83,33
Aug,B02764,40.71,-73.82000000000001,7
Aug,B02764,40.71,-73.81,5
Aug,B02764,40.71,-73.8,10
Aug,B02764,40.71,-73.79,6
Aug,B02764,40.71,-73.78,9
Aug,B02764,40.71,-73.76,2
Aug,B02764,40.72,-74.15,1
Aug,B02764,40.72,-74.09,1
Aug,B02764,40.72,-74.08,2
Aug,B02764,40.72,-74.07000000000001,5
Aug,B02764,40.72,-74.06,5
Aug,B02764,40.72,-74.05,30
Aug,B02764,40.72,-74.04,35
Aug,B02764,40.72,-74.03,9
Aug,B02764,40.72,-74.02,75
Aug,B02764,40.72,-74.01,917
Aug,B02764,40.72,-74,1546
Aug,B02764,40.72,-73.99,1209
Aug,B02764,40.72,-73.98,470
Aug,B02764,40.72,-73.97,27
Aug,B02764,40.72,-73.96000000000001,721
Aug,B02764,40.72,-73.95,380
Aug,B02764,40.72,-73.94,182
Aug,B02764,40.72,-73.93,4
Aug,B02764,40.72,-73.92,1
Aug,B02764,40.72,-73.91,6
Aug,B02764,40.72,-73.9,11
Aug,B02764,40.72,-73.89,5
Aug,B02764,40.72,-73.88,6
Aug,B02764,40.72,-73.87,11
Aug,B02764,40.72,-73.86,23
Aug,B02764,40.72,-73.85000000000001,40
Aug,B02764,40.72,-73.84,46
Aug,B02764,40.72,-73.83,7
Aug,B02764,40.72,-73.82000000000001,5
Aug,B02764,40.72,-73.81,10
Aug,B02764,40.72,-73.8,18
Aug,B02764,40.72,-73.79,6
Aug,B02764,40.72,-73.78,7
Aug,B02764,40.72,-73.77,2
Aug,B02764,40.72,-73.76,1
Aug,B02764,40.72,-73.75,1
Aug,B02764,40.72,-73.74,3
Aug,B02764,40.72,-73.73,2
Aug,B02764,40.72,-73.72,4
Aug,B02764,40.72,-73.7,2
Aug,B02764,40.730000000000004,-74.08,3
Aug,B02764,40.730000000000004,-74.07000000000001,6
Aug,B02764,40.730000000000004,-74.06,14
Aug,B02764,40.730000000000004,-74.05,19
Aug,B02764,40.730000000000004,-74.04,29
Aug,B02764,40.730000000000004,-74.03,23
Aug,B02764,40.730000000000004,-74.01,593
Aug,B02764,40.730000000000004,-74,1352
Aug,B02764,40.730000000000004,-73.99,1289
Aug,B02764,40.730000000000004,-73.98,779
Aug,B02764,40.730000000000004,-73.97,34
Aug,B02764,40.730000000000004,-73.96000000000001,198
Aug,B02764,40.730000000000004,-73.95,163
Aug,B02764,40.730000000000004,-73.94,56
Aug,B02764,40.730000000000004,-73.92,4
Aug,B02764,40.730000000000004,-73.91,6
Aug,B02764,40.730000000000004,-73.9,11
Aug,B02764,40.730000000000004,-73.89,6
Aug,B02764,40.730000000000004,-73.88,12
Aug,B02764,40.730000000000004,-73.87,14
Aug,B02764,40.730000000000004,-73.86,34
Aug,B02764,40.730000000000004,-73.85000000000001,25
Aug,B02764,40.730000000000004,-73.84,3
Aug,B02764,40.730000000000004,-73.83,6
Aug,B02764,40.730000000000004,-73.82000000000001,4
Aug,B02764,40.730000000000004,-73.81,9
Aug,B02764,40.730000000000004,-73.8,4
Aug,B02764,40.730000000000004,-73.79,9
Aug,B02764,40.730000000000004,-73.78,4
Aug,B02764,40.730000000000004,-73.77,1
Aug,B02764,40.730000000000004,-73.75,3
Aug,B02764,40.730000000000004,-73.74,2
Aug,B02764,40.730000000000004,-73.72,2
Aug,B02764,40.730000000000004,-73.7,2
Aug,B02764,40.74,-74.14,1
Aug,B02764,40.74,-74.08,1
Aug,B02764,40.74,-74.07000000000001,6
Aug,B02764,40.74,-74.06,9
Aug,B02764,40.74,-74.05,15
Aug,B02764,40.74,-74.04,69
Aug,B02764,40.74,-74.03,114
Aug,B02764,40.74,-74.01,730
Aug,B02764,40.74,-74,1128
Aug,B02764,40.74,-73.99,1516
Aug,B02764,40.74,-73.98,825
Aug,B02764,40.74,-73.97,215
Aug,B02764,40.74,-73.96000000000001,91
Aug,B02764,40.74,-73.95,77
Aug,B02764,40.74,-73.94,17
Aug,B02764,40.74,-73.93,33
Aug,B02764,40.74,-73.92,66
Aug,B02764,40.74,-73.91,17
Aug,B02764,40.74,-73.9,18
Aug,B02764,40.74,-73.89,18
Aug,B02764,40.74,-73.88,20
Aug,B02764,40.74,-73.87,17
Aug,B02764,40.74,-73.86,13
Aug,B02764,40.74,-73.85000000000001,11
Aug,B02764,40.74,-73.84,72
Aug,B02764,40.74,-73.83,15
Aug,B02764,40.74,-73.82000000000001,2
Aug,B02764,40.74,-73.81,6
Aug,B02764,40.74,-73.8,2
Aug,B02764,40.74,-73.79,3
Aug,B02764,40.74,-73.78,4
Aug,B02764,40.74,-73.76,3
Aug,B02764,40.74,-73.73,1
Aug,B02764,40.74,-73.72,1
Aug,B02764,40.74,-73.71000000000001,2
Aug,B02764,40.75,-74.14,1
Aug,B02764,40.75,-74.06,3
Aug,B02764,40.75,-74.05,4
Aug,B02764,40.75,-74.04,15
Aug,B02764,40.75,-74.03,67
Aug,B02764,40.75,-74.02,17
Aug,B02764,40.75,-74.01,288
Aug,B02764,40.75,-74,632
Aug,B02764,40.75,-73.99,1458
Aug,B02764,40.75,-73.98,1380
Aug,B02764,40.75,-73.97,738
Aug,B02764,40.75,-73.96000000000001,92
Aug,B02764,40.75,-73.95,88
Aug,B02764,40.75,-73.94,110
Aug,B02764,40.75,-73.93,27
Aug,B02764,40.75,-73.92,23
Aug,B02764,40.75,-73.91,36
Aug,B02764,40.75,-73.9,15
Aug,B02764,40.75,-73.89,33
Aug,B02764,40.75,-73.88,14
Aug,B02764,40.75,-73.87,8
Aug,B02764,40.75,-73.86,11
Aug,B02764,40.75,-73.85000000000001,78
Aug,B02764,40.75,-73.84,15
Aug,B02764,40.75,-73.83,9
Aug,B02764,40.75,-73.82000000000001,16
Aug,B02764,40.75,-73.81,1
Aug,B02764,40.75,-73.79,3
Aug,B02764,40.75,-73.77,2
Aug,B02764,40.75,-73.76,2
Aug,B02764,40.75,-73.75,3
Aug,B02764,40.75,-73.72,4
Aug,B02764,40.75,-73.71000000000001,1
Aug,B02764,40.76,-74.08,6
Aug,B02764,40.76,-74.07000000000001,2
Aug,B02764,40.76,-74.05,2
Aug,B02764,40.76,-74.04,1
Aug,B02764,40.76,-74.03,10
Aug,B02764,40.76,-74.02,5
Aug,B02764,40.76,-74,564
Aug,B02764,40.76,-73.99,1239
Aug,B02764,40.76,-73.98,1541
Aug,B02764,40.76,-73.97,1459
Aug,B02764,40.76,-73.96000000000001,444
Aug,B02764,40.76,-73.95,32
Aug,B02764,40.76,-73.94,14
Aug,B02764,40.76,-73.93,49
Aug,B02764,40.76,-73.92,125
Aug,B02764,40.76,-73.91,55
Aug,B02764,40.76,-73.9,10
Aug,B02764,40.76,-73.89,9
Aug,B02764,40.76,-73.88,15
Aug,B02764,40.76,-73.87,6
Aug,B02764,40.76,-73.86,7
Aug,B02764,40.76,-73.85000000000001,3
Aug,B02764,40.76,-73.84,37
Aug,B02764,40.76,-73.83,56
Aug,B02764,40.76,-73.82000000000001,10
Aug,B02764,40.76,-73.81,5
Aug,B02764,40.76,-73.8,7
Aug,B02764,40.76,-73.79,2
Aug,B02764,40.76,-73.78,2
Aug,B02764,40.76,-73.77,13
Aug,B02764,40.76,-73.76,1
Aug,B02764,40.76,-73.75,1
Aug,B02764,40.76,-73.71000000000001,4
Aug,B02764,40.76,-73.7,1
Aug,B02764,40.77,-74.04,3
Aug,B02764,40.77,-74.03,4
Aug,B02764,40.77,-74.02,6
Aug,B02764,40.77,-74,14
Aug,B02764,40.77,-73.99,433
Aug,B02764,40.77,-73.98,624
Aug,B02764,40.77,-73.97,239
Aug,B02764,40.77,-73.96000000000001,626
Aug,B02764,40.77,-73.95,475
Aug,B02764,40.77,-73.94,23
Aug,B02764,40.77,-73.93,40
Aug,B02764,40.77,-73.92,78
Aug,B02764,40.77,-73.91,55
Aug,B02764,40.77,-73.9,15
Aug,B02764,40.77,-73.89,66
Aug,B02764,40.77,-73.88,35
Aug,B02764,40.77,-73.87,462
Aug,B02764,40.77,-73.86,196
Aug,B02764,40.77,-73.84,2
Aug,B02764,40.77,-73.83,12
Aug,B02764,40.77,-73.82000000000001,5
Aug,B02764,40.77,-73.81,7
Aug,B02764,40.77,-73.8,2
Aug,B02764,40.77,-73.79,4
Aug,B02764,40.77,-73.78,1
Aug,B02764,40.77,-73.77,4
Aug,B02764,40.77,-73.75,2
Aug,B02764,40.77,-73.74,4
Aug,B02764,40.77,-73.73,1
Aug,B02764,40.77,-73.72,1
Aug,B02764,40.77,-73.7,3
Aug,B02764,40.78,-74.08,1
Aug,B02764,40.78,-74.07000000000001,2
Aug,B02764,40.78,-74.03,1
Aug,B02764,40.78,-74.02,1
Aug,B02764,40.78,-74.01,10
Aug,B02764,40.78,-74,2
Aug,B02764,40.78,-73.99,146
Aug,B02764,40.78,-73.98,638
Aug,B02764,40.78,-73.97,108
Aug,B02764,40.78,-73.96000000000001,361
Aug,B02764,40.78,-73.95,581
Aug,B02764,40.78,-73.94,29
Aug,B02764,40.78,-73.93,9
Aug,B02764,40.78,-73.92,24
Aug,B02764,40.78,-73.91,23
Aug,B02764,40.78,-73.9,12
Aug,B02764,40.78,-73.85000000000001,11
Aug,B02764,40.78,-73.84,7
Aug,B02764,40.78,-73.83,3
Aug,B02764,40.78,-73.82000000000001,6
Aug,B02764,40.78,-73.81,6
Aug,B02764,40.78,-73.8,2
Aug,B02764,40.78,-73.79,1
Aug,B02764,40.78,-73.78,2
Aug,B02764,40.78,-73.77,1
Aug,B02764,40.78,-73.73,4
Aug,B02764,40.78,-73.72,2
Aug,B02764,40.78,-73.7,2
Aug,B02764,40.79,-74.07000000000001,2
Aug,B02764,40.79,-74.06,1
Aug,B02764,40.79,-74.05,2
Aug,B02764,40.79,-74.04,5
Aug,B02764,40.79,-74.03,1
Aug,B02764,40.79,-74.02,1
Aug,B02764,40.79,-74.01,6
Aug,B02764,40.79,-74,3
Aug,B02764,40.79,-73.98,258
Aug,B02764,40.79,-73.97,319
Aug,B02764,40.79,-73.96000000000001,42
Aug,B02764,40.79,-73.95,136
Aug,B02764,40.79,-73.94,70
Aug,B02764,40.79,-73.93,5
Aug,B02764,40.79,-73.92,40
Aug,B02764,40.79,-73.86,1
Aug,B02764,40.79,-73.85000000000001,3
Aug,B02764,40.79,-73.84,16
Aug,B02764,40.79,-73.83,1
Aug,B02764,40.79,-73.82000000000001,1
Aug,B02764,40.79,-73.81,4
Aug,B02764,40.79,-73.8,1
Aug,B02764,40.79,-73.79,5
Aug,B02764,40.79,-73.73,6
Aug,B02764,40.79,-73.72,1
Aug,B02764,40.79,-73.71000000000001,2
Aug,B02764,40.800000000000004,-74.07000000000001,1
Aug,B02764,40.800000000000004,-74.01,1
Aug,B02764,40.800000000000004,-74,2
Aug,B02764,40.800000000000004,-73.98,13
Aug,B02764,40.800000000000004,-73.97,220
Aug,B02764,40.800000000000004,-73.96000000000001,129
Aug,B02764,40.800000000000004,-73.95,93
Aug,B02764,40.800000000000004,-73.94,74
Aug,B02764,40.800000000000004,-73.93,62
Aug,B02764,40.800000000000004,-73.92,7
Aug,B02764,40.800000000000004,-73.91,2
Aug,B02764,40.800000000000004,-73.82000000000001,1
Aug,B02764,40.800000000000004,-73.73,1
Aug,B02764,40.800000000000004,-73.7,2
Aug,B02764,40.81,-74.12,2
Aug,B02764,40.81,-74.10000000000001,2
Aug,B02764,40.81,-74.08,4
Aug,B02764,40.81,-74.07000000000001,4
Aug,B02764,40.81,-74.01,3
Aug,B02764,40.81,-74,2
Aug,B02764,40.81,-73.99,2
Aug,B02764,40.81,-73.97,27
Aug,B02764,40.81,-73.96000000000001,135
Aug,B02764,40.81,-73.95,129
Aug,B02764,40.81,-73.94,92
Aug,B02764,40.81,-73.93,17
Aug,B02764,40.81,-73.92,7
Aug,B02764,40.81,-73.91,3
Aug,B02764,40.81,-73.86,2
Aug,B02764,40.81,-73.85000000000001,1
Aug,B02764,40.81,-73.81,1
Aug,B02764,40.81,-73.76,1
Aug,B02764,40.81,-73.75,1
Aug,B02764,40.81,-73.71000000000001,1
Aug,B02764,40.82,-74.10000000000001,1
Aug,B02764,40.82,-73.98,2
Aug,B02764,40.82,-73.96000000000001,66
Aug,B02764,40.82,-73.95,88
Aug,B02764,40.82,-73.94,80
Aug,B02764,40.82,-73.93,13
Aug,B02764,40.82,-73.92,16
Aug,B02764,40.82,-73.91,5
Aug,B02764,40.82,-73.89,3
Aug,B02764,40.82,-73.88,1
Aug,B02764,40.82,-73.87,2
Aug,B02764,40.82,-73.86,1
Aug,B02764,40.82,-73.85000000000001,5
Aug,B02764,40.82,-73.82000000000001,2
Aug,B02764,40.82,-73.7,1
Aug,B02764,40.83,-74.14,1
Aug,B02764,40.83,-74.10000000000001,1
Aug,B02764,40.83,-74.08,1
Aug,B02764,40.83,-73.98,1
Aug,B02764,40.83,-73.97,1
Aug,B02764,40.83,-73.95,59
Aug,B02764,40.83,-73.94,79
Aug,B02764,40.83,-73.93,37
Aug,B02764,40.83,-73.92,32
Aug,B02764,40.83,-73.91,11
Aug,B02764,40.83,-73.9,6
Aug,B02764,40.83,-73.89,3
Aug,B02764,40.83,-73.88,5
Aug,B02764,40.83,-73.87,2
Aug,B02764,40.83,-73.86,3
Aug,B02764,40.83,-73.85000000000001,5
Aug,B02764,40.83,-73.83,1
Aug,B02764,40.83,-73.82000000000001,4
Aug,B02764,40.83,-73.75,1
Aug,B02764,40.83,-73.7,1
Aug,B02764,40.84,-74.02,1
Aug,B02764,40.84,-74,2
Aug,B02764,40.84,-73.99,2
Aug,B02764,40.84,-73.98,2
Aug,B02764,40.84,-73.95,17
Aug,B02764,40.84,-73.94,133
Aug,B02764,40.84,-73.93,7
Aug,B02764,40.84,-73.92,10
Aug,B02764,40.84,-73.91,12
Aug,B02764,40.84,-73.9,3
Aug,B02764,40.84,-73.89,4
Aug,B02764,40.84,-73.88,6
Aug,B02764,40.84,-73.87,2
Aug,B02764,40.84,-73.86,6
Aug,B02764,40.84,-73.85000000000001,5
Aug,B02764,40.84,-73.84,8
Aug,B02764,40.84,-73.83,5
Aug,B02764,40.84,-73.82000000000001,1
Aug,B02764,40.84,-73.79,2
Aug,B02764,40.85,-74.12,1
Aug,B02764,40.85,-74.04,1
Aug,B02764,40.85,-74.03,1
Aug,B02764,40.85,-74.02,1
Aug,B02764,40.85,-74.01,3
Aug,B02764,40.85,-74,6
Aug,B02764,40.85,-73.97,6
Aug,B02764,40.85,-73.94,134
Aug,B02764,40.85,-73.93,58
Aug,B02764,40.85,-73.92,9
Aug,B02764,40.85,-73.91,9
Aug,B02764,40.85,-73.9,7
Aug,B02764,40.85,-73.89,21
Aug,B02764,40.85,-73.88,6
Aug,B02764,40.85,-73.87,5
Aug,B02764,40.85,-73.86,6
Aug,B02764,40.85,-73.85000000000001,10
Aug,B02764,40.85,-73.84,9
Aug,B02764,40.85,-73.83,5
Aug,B02764,40.85,-73.82000000000001,1
Aug,B02764,40.85,-73.79,1
Aug,B02764,40.86,-74.09,1
Aug,B02764,40.86,-74.07000000000001,1
Aug,B02764,40.86,-74.04,1
Aug,B02764,40.86,-74.02,1
Aug,B02764,40.86,-73.99,2
Aug,B02764,40.86,-73.98,1
Aug,B02764,40.86,-73.97,5
Aug,B02764,40.86,-73.96000000000001,1
Aug,B02764,40.86,-73.94,12
Aug,B02764,40.86,-73.93,60
Aug,B02764,40.86,-73.92,8
Aug,B02764,40.86,-73.91,6
Aug,B02764,40.86,-73.9,11
Aug,B02764,40.86,-73.89,20
Aug,B02764,40.86,-73.88,11
Aug,B02764,40.86,-73.87,9
Aug,B02764,40.86,-73.86,5
Aug,B02764,40.86,-73.85000000000001,6
Aug,B02764,40.86,-73.84,4
Aug,B02764,40.86,-73.83,2
Aug,B02764,40.86,-73.79,1
Aug,B02764,40.87,-74.03,1
Aug,B02764,40.87,-74.01,3
Aug,B02764,40.87,-74,4
Aug,B02764,40.87,-73.99,2
Aug,B02764,40.87,-73.96000000000001,2
Aug,B02764,40.87,-73.93,30
Aug,B02764,40.87,-73.92,40
Aug,B02764,40.87,-73.91,12
Aug,B02764,40.87,-73.9,14
Aug,B02764,40.87,-73.89,8
Aug,B02764,40.87,-73.88,14
Aug,B02764,40.87,-73.87,4
Aug,B02764,40.87,-73.86,6
Aug,B02764,40.87,-73.85000000000001,4
Aug,B02764,40.87,-73.84,1
Aug,B02764,40.87,-73.83,7
Aug,B02764,40.87,-73.81,3
Aug,B02764,40.88,-74.12,1
Aug,B02764,40.88,-74.01,1
Aug,B02764,40.88,-73.95,2
Aug,B02764,40.88,-73.92,13
Aug,B02764,40.88,-73.91,33
Aug,B02764,40.88,-73.9,10
Aug,B02764,40.88,-73.89,3
Aug,B02764,40.88,-73.88,9
Aug,B02764,40.88,-73.87,5
Aug,B02764,40.88,-73.86,2
Aug,B02764,40.88,-73.85000000000001,1
Aug,B02764,40.88,-73.84,6
Aug,B02764,40.88,-73.83,2
Aug,B02764,40.89,-74.06,1
Aug,B02764,40.89,-74.04,1
Aug,B02764,40.89,-74.01,1
Aug,B02764,40.89,-73.97,1
Aug,B02764,40.89,-73.96000000000001,1
Aug,B02764,40.89,-73.95,1
Aug,B02764,40.89,-73.92,5
Aug,B02764,40.89,-73.91,54
Aug,B02764,40.89,-73.9,28
Aug,B02764,40.89,-73.89,4
Aug,B02764,40.89,-73.86,6
Aug,B02764,40.89,-73.85000000000001,1
Aug,B02764,40.89,-73.84,4
Aug,B02764,40.89,-73.83,10
Aug,B02764,40.89,-73.79,1
Aug,B02764,40.89,-73.78,4
Aug,B02764,40.9,-74.05,1
Aug,B02764,40.9,-74.02,1
Aug,B02764,40.9,-73.94,2
Aug,B02764,40.9,-73.91,7
Aug,B02764,40.9,-73.9,21
Aug,B02764,40.9,-73.88,2
Aug,B02764,40.9,-73.87,1
Aug,B02764,40.9,-73.86,4
Aug,B02764,40.9,-73.85000000000001,3
Aug,B02764,40.9,-73.82000000000001,4
Aug,B02764,40.9,-73.8,1
Aug,B02764,40.910000000000004,-74.04,1
Aug,B02764,40.910000000000004,-74.03,1
Aug,B02764,40.910000000000004,-73.98,1
Aug,B02764,40.910000000000004,-73.91,3
Aug,B02764,40.910000000000004,-73.9,16
Aug,B02764,40.910000000000004,-73.86,4
Aug,B02764,40.910000000000004,-73.84,1
Aug,B02764,40.910000000000004,-73.79,1
Aug,B02764,40.910000000000004,-73.78,5
Aug,B02764,40.92,-73.9,1
Aug,B02764,40.92,-73.84,1
Aug,B02764,40.92,-73.81,1
Sep,B02512,40.58,-73.98,1
Sep,B02512,40.58,-73.96000000000001,3
Sep,B02512,40.58,-73.94,1
Sep,B02512,40.59,-74.07000000000001,2
Sep,B02512,40.59,-74.06,1
Sep,B02512,40.59,-73.95,2
Sep,B02512,40.59,-73.94,1
Sep,B02512,40.59,-73.93,2
Sep,B02512,40.59,-73.9,3
Sep,B02512,40.59,-73.82000000000001,1
Sep,B02512,40.59,-73.81,1
Sep,B02512,40.59,-73.74,1
Sep,B02512,40.59,-73.72,1
Sep,B02512,40.59,-73.7,1
Sep,B02512,40.6,-74.11,1
Sep,B02512,40.6,-74.09,1
Sep,B02512,40.6,-74,1
Sep,B02512,40.6,-73.97,8
Sep,B02512,40.6,-73.96000000000001,4
Sep,B02512,40.6,-73.95,1
Sep,B02512,40.6,-73.94,1
Sep,B02512,40.6,-73.93,1
Sep,B02512,40.61,-74.07000000000001,1
Sep,B02512,40.61,-74.02,1
Sep,B02512,40.61,-74.01,2
Sep,B02512,40.61,-74,1
Sep,B02512,40.61,-73.99,3
Sep,B02512,40.61,-73.98,1
Sep,B02512,40.61,-73.96000000000001,2
Sep,B02512,40.61,-73.95,2
Sep,B02512,40.61,-73.94,1
Sep,B02512,40.61,-73.93,2
Sep,B02512,40.61,-73.9,2
Sep,B02512,40.61,-73.74,1
Sep,B02512,40.61,-73.72,1
Sep,B02512,40.62,-74.03,8
Sep,B02512,40.62,-74.02,2
Sep,B02512,40.62,-74.01,1
Sep,B02512,40.62,-74,1
Sep,B02512,40.62,-73.99,1
Sep,B02512,40.62,-73.97,2
Sep,B02512,40.62,-73.95,3
Sep,B02512,40.62,-73.94,2
Sep,B02512,40.62,-73.93,3
Sep,B02512,40.62,-73.92,1
Sep,B02512,40.62,-73.91,1
Sep,B02512,40.62,-73.72,1
Sep,B02512,40.63,-74.04,2
Sep,B02512,40.63,-74.03,2
Sep,B02512,40.63,-74.02,3
Sep,B02512,40.63,-74.01,4
Sep,B02512,40.63,-73.98,2
Sep,B02512,40.63,-73.97,5
Sep,B02512,40.63,-73.96000000000001,5
Sep,B02512,40.63,-73.95,6
Sep,B02512,40.63,-73.94,3
Sep,B02512,40.63,-73.93,3
Sep,B02512,40.63,-73.92,1
Sep,B02512,40.63,-73.91,1
Sep,B02512,40.64,-74.03,3
Sep,B02512,40.64,-74.02,2
Sep,B02512,40.64,-74.01,2
Sep,B02512,40.64,-74,2
Sep,B02512,40.64,-73.98,4
Sep,B02512,40.64,-73.97,8
Sep,B02512,40.64,-73.96000000000001,8
Sep,B02512,40.64,-73.95,4
Sep,B02512,40.64,-73.94,2
Sep,B02512,40.64,-73.93,3
Sep,B02512,40.64,-73.92,1
Sep,B02512,40.64,-73.9,1
Sep,B02512,40.64,-73.79,91
Sep,B02512,40.64,-73.78,245
Sep,B02512,40.64,-73.73,1
Sep,B02512,40.64,-73.71000000000001,2
Sep,B02512,40.64,-73.7,1
Sep,B02512,40.65,-74.02,4
Sep,B02512,40.65,-74.01,2
Sep,B02512,40.65,-74,1
Sep,B02512,40.65,-73.98,5
Sep,B02512,40.65,-73.97,6
Sep,B02512,40.65,-73.96000000000001,16
Sep,B02512,40.65,-73.95,9
Sep,B02512,40.65,-73.93,2
Sep,B02512,40.65,-73.92,2
Sep,B02512,40.65,-73.91,2
Sep,B02512,40.65,-73.9,2
Sep,B02512,40.65,-73.88,1
Sep,B02512,40.65,-73.84,2
Sep,B02512,40.65,-73.81,1
Sep,B02512,40.65,-73.8,3
Sep,B02512,40.65,-73.79,207
Sep,B02512,40.65,-73.78,220
Sep,B02512,40.65,-73.76,1
Sep,B02512,40.65,-73.73,1
Sep,B02512,40.65,-73.72,1
Sep,B02512,40.660000000000004,-74.12,1
Sep,B02512,40.660000000000004,-74.09,1
Sep,B02512,40.660000000000004,-74.01,4
Sep,B02512,40.660000000000004,-74,9
Sep,B02512,40.660000000000004,-73.99,11
Sep,B02512,40.660000000000004,-73.98,21
Sep,B02512,40.660000000000004,-73.97,1
Sep,B02512,40.660000000000004,-73.96000000000001,11
Sep,B02512,40.660000000000004,-73.95,14
Sep,B02512,40.660000000000004,-73.94,10
Sep,B02512,40.660000000000004,-73.93,4
Sep,B02512,40.660000000000004,-73.92,4
Sep,B02512,40.660000000000004,-73.91,1
Sep,B02512,40.660000000000004,-73.9,1
Sep,B02512,40.660000000000004,-73.89,1
Sep,B02512,40.660000000000004,-73.87,2
Sep,B02512,40.660000000000004,-73.85000000000001,2
Sep,B02512,40.660000000000004,-73.83,1
Sep,B02512,40.660000000000004,-73.82000000000001,1
Sep,B02512,40.660000000000004,-73.81,1
Sep,B02512,40.660000000000004,-73.8,1
Sep,B02512,40.660000000000004,-73.79,1
Sep,B02512,40.660000000000004,-73.78,2
Sep,B02512,40.660000000000004,-73.77,2
Sep,B02512,40.660000000000004,-73.76,1
Sep,B02512,40.660000000000004,-73.75,1
Sep,B02512,40.660000000000004,-73.74,3
Sep,B02512,40.660000000000004,-73.73,3
Sep,B02512,40.660000000000004,-73.72,1
Sep,B02512,40.660000000000004,-73.71000000000001,1
Sep,B02512,40.67,-74.11,2
Sep,B02512,40.67,-74.08,1
Sep,B02512,40.67,-74.02,3
Sep,B02512,40.67,-74.01,13
Sep,B02512,40.67,-74,6
Sep,B02512,40.67,-73.99,45
Sep,B02512,40.67,-73.98,44
Sep,B02512,40.67,-73.97,20
Sep,B02512,40.67,-73.96000000000001,44
Sep,B02512,40.67,-73.95,25
Sep,B02512,40.67,-73.94,17
Sep,B02512,40.67,-73.93,6
Sep,B02512,40.67,-73.92,5
Sep,B02512,40.67,-73.89,1
Sep,B02512,40.67,-73.88,1
Sep,B02512,40.67,-73.86,1
Sep,B02512,40.67,-73.84,1
Sep,B02512,40.67,-73.82000000000001,1
Sep,B02512,40.67,-73.81,3
Sep,B02512,40.67,-73.8,7
Sep,B02512,40.67,-73.79,2
Sep,B02512,40.67,-73.78,4
Sep,B02512,40.67,-73.75,1
Sep,B02512,40.67,-73.74,3
Sep,B02512,40.67,-73.73,2
Sep,B02512,40.67,-73.72,1
Sep,B02512,40.68,-74.11,3
Sep,B02512,40.68,-74.02,8
Sep,B02512,40.68,-74.01,17
Sep,B02512,40.68,-74,55
Sep,B02512,40.68,-73.99,38
Sep,B02512,40.68,-73.98,75
Sep,B02512,40.68,-73.97,61
Sep,B02512,40.68,-73.96000000000001,53
Sep,B02512,40.68,-73.95,34
Sep,B02512,40.68,-73.94,22
Sep,B02512,40.68,-73.93,17
Sep,B02512,40.68,-73.92,14
Sep,B02512,40.68,-73.91,4
Sep,B02512,40.68,-73.9,2
Sep,B02512,40.68,-73.88,1
Sep,B02512,40.68,-73.87,1
Sep,B02512,40.68,-73.84,2
Sep,B02512,40.68,-73.79,2
Sep,B02512,40.68,-73.77,2
Sep,B02512,40.68,-73.75,2
Sep,B02512,40.68,-73.74,1
Sep,B02512,40.68,-73.73,2
Sep,B02512,40.68,-73.72,3
Sep,B02512,40.69,-74,52
Sep,B02512,40.69,-73.99,139
Sep,B02512,40.69,-73.98,78
Sep,B02512,40.69,-73.97,67
Sep,B02512,40.69,-73.96000000000001,56
Sep,B02512,40.69,-73.95,25
Sep,B02512,40.69,-73.94,19
Sep,B02512,40.69,-73.93,5
Sep,B02512,40.69,-73.92,16
Sep,B02512,40.69,-73.91,14
Sep,B02512,40.69,-73.86,1
Sep,B02512,40.69,-73.85000000000001,1
Sep,B02512,40.69,-73.83,2
Sep,B02512,40.69,-73.82000000000001,2
Sep,B02512,40.69,-73.81,2
Sep,B02512,40.69,-73.8,1
Sep,B02512,40.69,-73.78,1
Sep,B02512,40.69,-73.77,2
Sep,B02512,40.69,-73.76,1
Sep,B02512,40.69,-73.75,1
Sep,B02512,40.69,-73.74,1
Sep,B02512,40.69,-73.72,1
Sep,B02512,40.7,-74.08,2
Sep,B02512,40.7,-74.07000000000001,4
Sep,B02512,40.7,-74.02,14
Sep,B02512,40.7,-74.01,149
Sep,B02512,40.7,-74,10
Sep,B02512,40.7,-73.99,98
Sep,B02512,40.7,-73.98,43
Sep,B02512,40.7,-73.97,12
Sep,B02512,40.7,-73.96000000000001,4
Sep,B02512,40.7,-73.95,11
Sep,B02512,40.7,-73.94,18
Sep,B02512,40.7,-73.93,37
Sep,B02512,40.7,-73.92,10
Sep,B02512,40.7,-73.91,1
Sep,B02512,40.7,-73.9,1
Sep,B02512,40.7,-73.89,1
Sep,B02512,40.7,-73.88,1
Sep,B02512,40.7,-73.86,1
Sep,B02512,40.7,-73.84,4
Sep,B02512,40.7,-73.83,3
Sep,B02512,40.7,-73.82000000000001,2
Sep,B02512,40.7,-73.81,8
Sep,B02512,40.7,-73.77,1
Sep,B02512,40.7,-73.76,2
Sep,B02512,40.7,-73.75,1
Sep,B02512,40.7,-73.74,3
Sep,B02512,40.7,-73.72,3
Sep,B02512,40.7,-73.71000000000001,1
Sep,B02512,40.71,-74.11,1
Sep,B02512,40.71,-74.09,2
Sep,B02512,40.71,-74.08,1
Sep,B02512,40.71,-74.07000000000001,2
Sep,B02512,40.71,-74.06,3
Sep,B02512,40.71,-74.05,2
Sep,B02512,40.71,-74.04,49
Sep,B02512,40.71,-74.03,13
Sep,B02512,40.71,-74.02,172
Sep,B02512,40.71,-74.01,681
Sep,B02512,40.71,-74,104
Sep,B02512,40.71,-73.99,45
Sep,B02512,40.71,-73.98,23
Sep,B02512,40.71,-73.97,44
Sep,B02512,40.71,-73.96000000000001,133
Sep,B02512,40.71,-73.95,86
Sep,B02512,40.71,-73.94,49
Sep,B02512,40.71,-73.93,19
Sep,B02512,40.71,-73.92,17
Sep,B02512,40.71,-73.91,5
Sep,B02512,40.71,-73.9,4
Sep,B02512,40.71,-73.85000000000001,2
Sep,B02512,40.71,-73.84,5
Sep,B02512,40.71,-73.83,7
Sep,B02512,40.71,-73.82000000000001,1
Sep,B02512,40.71,-73.81,1
Sep,B02512,40.71,-73.8,2
Sep,B02512,40.71,-73.79,2
Sep,B02512,40.71,-73.78,1
Sep,B02512,40.71,-73.76,1
Sep,B02512,40.71,-73.72,1
Sep,B02512,40.72,-74.09,1
Sep,B02512,40.72,-74.07000000000001,5
Sep,B02512,40.72,-74.06,4
Sep,B02512,40.72,-74.05,30
Sep,B02512,40.72,-74.04,119
Sep,B02512,40.72,-74.03,91
Sep,B02512,40.72,-74.02,94
Sep,B02512,40.72,-74.01,989
Sep,B02512,40.72,-74,1336
Sep,B02512,40.72,-73.99,722
Sep,B02512,40.72,-73.98,208
Sep,B02512,40.72,-73.97,6
Sep,B02512,40.72,-73.96000000000001,229
Sep,B02512,40.72,-73.95,97
Sep,B02512,40.72,-73.94,43
Sep,B02512,40.72,-73.9,3
Sep,B02512,40.72,-73.89,3
Sep,B02512,40.72,-73.88,4
Sep,B02512,40.72,-73.87,3
Sep,B02512,40.72,-73.86,4
Sep,B02512,40.72,-73.85000000000001,5
Sep,B02512,40.72,-73.84,19
Sep,B02512,40.72,-73.83,4
Sep,B02512,40.72,-73.82000000000001,4
Sep,B02512,40.72,-73.81,2
Sep,B02512,40.72,-73.8,6
Sep,B02512,40.72,-73.79,1
Sep,B02512,40.72,-73.78,1
Sep,B02512,40.72,-73.76,1
Sep,B02512,40.72,-73.75,2
Sep,B02512,40.730000000000004,-74.15,2
Sep,B02512,40.730000000000004,-74.12,1
Sep,B02512,40.730000000000004,-74.11,1
Sep,B02512,40.730000000000004,-74.07000000000001,4
Sep,B02512,40.730000000000004,-74.06,10
Sep,B02512,40.730000000000004,-74.05,10
Sep,B02512,40.730000000000004,-74.04,20
Sep,B02512,40.730000000000004,-74.03,10
Sep,B02512,40.730000000000004,-74.01,663
Sep,B02512,40.730000000000004,-74,1136
Sep,B02512,40.730000000000004,-73.99,1076
Sep,B02512,40.730000000000004,-73.98,340
Sep,B02512,40.730000000000004,-73.97,17
Sep,B02512,40.730000000000004,-73.96000000000001,47
Sep,B02512,40.730000000000004,-73.95,33
Sep,B02512,40.730000000000004,-73.94,14
Sep,B02512,40.730000000000004,-73.91,1
Sep,B02512,40.730000000000004,-73.9,5
Sep,B02512,40.730000000000004,-73.89,1
Sep,B02512,40.730000000000004,-73.88,3
Sep,B02512,40.730000000000004,-73.87,7
Sep,B02512,40.730000000000004,-73.86,10
Sep,B02512,40.730000000000004,-73.85000000000001,3
Sep,B02512,40.730000000000004,-73.84,1
Sep,B02512,40.730000000000004,-73.83,4
Sep,B02512,40.730000000000004,-73.78,2
Sep,B02512,40.730000000000004,-73.75,1
Sep,B02512,40.74,-74.07000000000001,1
Sep,B02512,40.74,-74.06,3
Sep,B02512,40.74,-74.05,5
Sep,B02512,40.74,-74.04,58
Sep,B02512,40.74,-74.03,87
Sep,B02512,40.74,-74.01,905
Sep,B02512,40.74,-74,1086
Sep,B02512,40.74,-73.99,1557
Sep,B02512,40.74,-73.98,731
Sep,B02512,40.74,-73.97,98
Sep,B02512,40.74,-73.96000000000001,32
Sep,B02512,40.74,-73.95,19
Sep,B02512,40.74,-73.94,8
Sep,B02512,40.74,-73.93,13
Sep,B02512,40.74,-73.92,25
Sep,B02512,40.74,-73.91,3
Sep,B02512,40.74,-73.9,4
Sep,B02512,40.74,-73.89,4
Sep,B02512,40.74,-73.88,8
Sep,B02512,40.74,-73.87,4
Sep,B02512,40.74,-73.86,5
Sep,B02512,40.74,-73.85000000000001,1
Sep,B02512,40.74,-73.84,44
Sep,B02512,40.74,-73.83,3
Sep,B02512,40.74,-73.82000000000001,3
Sep,B02512,40.74,-73.81,1
Sep,B02512,40.74,-73.79,1
Sep,B02512,40.74,-73.76,1
Sep,B02512,40.74,-73.75,1
Sep,B02512,40.74,-73.7,1
Sep,B02512,40.75,-74.05,5
Sep,B02512,40.75,-74.04,23
Sep,B02512,40.75,-74.03,62
Sep,B02512,40.75,-74.02,11
Sep,B02512,40.75,-74.01,277
Sep,B02512,40.75,-74,564
Sep,B02512,40.75,-73.99,1277
Sep,B02512,40.75,-73.98,1230
Sep,B02512,40.75,-73.97,441
Sep,B02512,40.75,-73.96000000000001,43
Sep,B02512,40.75,-73.95,27
Sep,B02512,40.75,-73.94,49
Sep,B02512,40.75,-73.93,20
Sep,B02512,40.75,-73.92,10
Sep,B02512,40.75,-73.91,8
Sep,B02512,40.75,-73.9,2
Sep,B02512,40.75,-73.89,10
Sep,B02512,40.75,-73.88,6
Sep,B02512,40.75,-73.87,5
Sep,B02512,40.75,-73.86,3
Sep,B02512,40.75,-73.85000000000001,63
Sep,B02512,40.75,-73.84,6
Sep,B02512,40.75,-73.83,5
Sep,B02512,40.75,-73.82000000000001,1
Sep,B02512,40.75,-73.79,1
Sep,B02512,40.75,-73.78,1
Sep,B02512,40.75,-73.77,1
Sep,B02512,40.75,-73.74,1
Sep,B02512,40.75,-73.72,1
Sep,B02512,40.75,-73.71000000000001,4
Sep,B02512,40.76,-74.05,4
Sep,B02512,40.76,-74.04,3
Sep,B02512,40.76,-74.03,5
Sep,B02512,40.76,-74.02,12
Sep,B02512,40.76,-74,397
Sep,B02512,40.76,-73.99,914
Sep,B02512,40.76,-73.98,1825
Sep,B02512,40.76,-73.97,1751
Sep,B02512,40.76,-73.96000000000001,365
Sep,B02512,40.76,-73.95,19
Sep,B02512,40.76,-73.94,6
Sep,B02512,40.76,-73.93,31
Sep,B02512,40.76,-73.92,34
Sep,B02512,40.76,-73.91,16
Sep,B02512,40.76,-73.9,6
Sep,B02512,40.76,-73.89,3
Sep,B02512,40.76,-73.88,6
Sep,B02512,40.76,-73.87,3
Sep,B02512,40.76,-73.86,1
Sep,B02512,40.76,-73.85000000000001,1
Sep,B02512,40.76,-73.84,7
Sep,B02512,40.76,-73.83,17
Sep,B02512,40.76,-73.82000000000001,3
Sep,B02512,40.76,-73.8,2
Sep,B02512,40.76,-73.79,1
Sep,B02512,40.76,-73.77,3
Sep,B02512,40.76,-73.76,2
Sep,B02512,40.76,-73.72,1
Sep,B02512,40.76,-73.71000000000001,1
Sep,B02512,40.76,-73.7,1
Sep,B02512,40.77,-74.04,1
Sep,B02512,40.77,-74.03,3
Sep,B02512,40.77,-74.02,4
Sep,B02512,40.77,-74.01,3
Sep,B02512,40.77,-74,20
Sep,B02512,40.77,-73.99,375
Sep,B02512,40.77,-73.98,841
Sep,B02512,40.77,-73.97,391
Sep,B02512,40.77,-73.96000000000001,749
Sep,B02512,40.77,-73.95,277
Sep,B02512,40.77,-73.94,10
Sep,B02512,40.77,-73.93,12
Sep,B02512,40.77,-73.92,38
Sep,B02512,40.77,-73.91,20
Sep,B02512,40.77,-73.9,13
Sep,B02512,40.77,-73.89,121
Sep,B02512,40.77,-73.88,19
Sep,B02512,40.77,-73.87,575
Sep,B02512,40.77,-73.86,205
Sep,B02512,40.77,-73.84,1
Sep,B02512,40.77,-73.83,1
Sep,B02512,40.77,-73.82000000000001,3
Sep,B02512,40.77,-73.8,1
Sep,B02512,40.77,-73.78,2
Sep,B02512,40.77,-73.77,2
Sep,B02512,40.77,-73.73,1
Sep,B02512,40.77,-73.72,1
Sep,B02512,40.78,-74.07000000000001,1
Sep,B02512,40.78,-74.06,2
Sep,B02512,40.78,-74.05,1
Sep,B02512,40.78,-74.04,3
Sep,B02512,40.78,-74.02,3
Sep,B02512,40.78,-74.01,7
Sep,B02512,40.78,-74,1
Sep,B02512,40.78,-73.99,126
Sep,B02512,40.78,-73.98,583
Sep,B02512,40.78,-73.97,123
Sep,B02512,40.78,-73.96000000000001,634
Sep,B02512,40.78,-73.95,382
Sep,B02512,40.78,-73.94,20
Sep,B02512,40.78,-73.93,1
Sep,B02512,40.78,-73.92,4
Sep,B02512,40.78,-73.91,12
Sep,B02512,40.78,-73.9,2
Sep,B02512,40.78,-73.85000000000001,1
Sep,B02512,40.78,-73.84,2
Sep,B02512,40.78,-73.83,1
Sep,B02512,40.78,-73.81,1
Sep,B02512,40.78,-73.78,3
Sep,B02512,40.78,-73.77,2
Sep,B02512,40.78,-73.71000000000001,1
Sep,B02512,40.78,-73.7,1
Sep,B02512,40.79,-74.06,1
Sep,B02512,40.79,-74.05,2
Sep,B02512,40.79,-74.04,10
Sep,B02512,40.79,-74.02,1
Sep,B02512,40.79,-74.01,1
Sep,B02512,40.79,-74,1
Sep,B02512,40.79,-73.98,194
Sep,B02512,40.79,-73.97,282
Sep,B02512,40.79,-73.96000000000001,57
Sep,B02512,40.79,-73.95,90
Sep,B02512,40.79,-73.94,18
Sep,B02512,40.79,-73.93,4
Sep,B02512,40.79,-73.92,7
Sep,B02512,40.79,-73.84,1
Sep,B02512,40.79,-73.83,2
Sep,B02512,40.79,-73.82000000000001,1
Sep,B02512,40.79,-73.81,1
Sep,B02512,40.79,-73.75,1
Sep,B02512,40.79,-73.73,2
Sep,B02512,40.79,-73.72,1
Sep,B02512,40.800000000000004,-74.13,3
Sep,B02512,40.800000000000004,-74.07000000000001,1
Sep,B02512,40.800000000000004,-74.06,1
Sep,B02512,40.800000000000004,-74.02,1
Sep,B02512,40.800000000000004,-74.01,1
Sep,B02512,40.800000000000004,-74,1
Sep,B02512,40.800000000000004,-73.99,2
Sep,B02512,40.800000000000004,-73.98,3
Sep,B02512,40.800000000000004,-73.97,134
Sep,B02512,40.800000000000004,-73.96000000000001,57
Sep,B02512,40.800000000000004,-73.95,43
Sep,B02512,40.800000000000004,-73.94,21
Sep,B02512,40.800000000000004,-73.93,14
Sep,B02512,40.800000000000004,-73.92,1
Sep,B02512,40.800000000000004,-73.91,2
Sep,B02512,40.800000000000004,-73.71000000000001,1
Sep,B02512,40.81,-74.15,1
Sep,B02512,40.81,-74.12,1
Sep,B02512,40.81,-74.10000000000001,6
Sep,B02512,40.81,-74.08,11
Sep,B02512,40.81,-74.07000000000001,20
Sep,B02512,40.81,-74.06,1
Sep,B02512,40.81,-74.01,2
Sep,B02512,40.81,-73.97,22
Sep,B02512,40.81,-73.96000000000001,66
Sep,B02512,40.81,-73.95,44
Sep,B02512,40.81,-73.94,34
Sep,B02512,40.81,-73.93,8
Sep,B02512,40.81,-73.92,2
Sep,B02512,40.81,-73.91,1
Sep,B02512,40.81,-73.9,1
Sep,B02512,40.81,-73.86,1
Sep,B02512,40.81,-73.81,1
Sep,B02512,40.81,-73.8,1
Sep,B02512,40.81,-73.75,1
Sep,B02512,40.82,-74.13,1
Sep,B02512,40.82,-74.08,3
Sep,B02512,40.82,-74.07000000000001,2
Sep,B02512,40.82,-73.97,1
Sep,B02512,40.82,-73.96000000000001,13
Sep,B02512,40.82,-73.95,33
Sep,B02512,40.82,-73.94,24
Sep,B02512,40.82,-73.93,2
Sep,B02512,40.82,-73.92,3
Sep,B02512,40.82,-73.91,3
Sep,B02512,40.82,-73.89,3
Sep,B02512,40.82,-73.88,1
Sep,B02512,40.82,-73.82000000000001,1
Sep,B02512,40.83,-74.14,4
Sep,B02512,40.83,-74.11,1
Sep,B02512,40.83,-74.10000000000001,1
Sep,B02512,40.83,-74.09,1
Sep,B02512,40.83,-73.98,1
Sep,B02512,40.83,-73.97,1
Sep,B02512,40.83,-73.95,19
Sep,B02512,40.83,-73.94,24
Sep,B02512,40.83,-73.93,40
Sep,B02512,40.83,-73.92,20
Sep,B02512,40.83,-73.9,1
Sep,B02512,40.83,-73.89,1
Sep,B02512,40.83,-73.88,1
Sep,B02512,40.83,-73.86,2
Sep,B02512,40.83,-73.83,1
Sep,B02512,40.83,-73.82000000000001,1
Sep,B02512,40.84,-74.15,2
Sep,B02512,40.84,-74.14,1
Sep,B02512,40.84,-74.07000000000001,1
Sep,B02512,40.84,-73.97,2
Sep,B02512,40.84,-73.95,4
Sep,B02512,40.84,-73.94,23
Sep,B02512,40.84,-73.93,3
Sep,B02512,40.84,-73.92,2
Sep,B02512,40.84,-73.91,1
Sep,B02512,40.84,-73.89,1
Sep,B02512,40.84,-73.88,2
Sep,B02512,40.84,-73.87,2
Sep,B02512,40.84,-73.86,1
Sep,B02512,40.84,-73.83,1
Sep,B02512,40.85,-74.08,1
Sep,B02512,40.85,-74.07000000000001,5
Sep,B02512,40.85,-74.01,1
Sep,B02512,40.85,-73.98,2
Sep,B02512,40.85,-73.97,2
Sep,B02512,40.85,-73.96000000000001,1
Sep,B02512,40.85,-73.94,20
Sep,B02512,40.85,-73.93,9
Sep,B02512,40.85,-73.92,1
Sep,B02512,40.85,-73.91,1
Sep,B02512,40.85,-73.89,2
Sep,B02512,40.85,-73.86,2
Sep,B02512,40.85,-73.84,1
Sep,B02512,40.85,-73.83,1
Sep,B02512,40.86,-74.05,1
Sep,B02512,40.86,-73.98,2
Sep,B02512,40.86,-73.97,1
Sep,B02512,40.86,-73.94,2
Sep,B02512,40.86,-73.93,8
Sep,B02512,40.86,-73.92,1
Sep,B02512,40.86,-73.91,1
Sep,B02512,40.86,-73.9,1
Sep,B02512,40.86,-73.89,6
Sep,B02512,40.86,-73.88,3
Sep,B02512,40.86,-73.87,2
Sep,B02512,40.86,-73.86,2
Sep,B02512,40.87,-74.05,1
Sep,B02512,40.87,-73.97,1
Sep,B02512,40.87,-73.93,3
Sep,B02512,40.87,-73.92,9
Sep,B02512,40.87,-73.91,4
Sep,B02512,40.87,-73.9,4
Sep,B02512,40.87,-73.87,1
Sep,B02512,40.88,-74.11,1
Sep,B02512,40.88,-74.04,2
Sep,B02512,40.88,-73.95,1
Sep,B02512,40.88,-73.92,1
Sep,B02512,40.88,-73.91,3
Sep,B02512,40.88,-73.9,2
Sep,B02512,40.88,-73.88,2
Sep,B02512,40.88,-73.87,1
Sep,B02512,40.88,-73.86,1
Sep,B02512,40.88,-73.85000000000001,1
Sep,B02512,40.89,-74.15,1
Sep,B02512,40.89,-74.14,1
Sep,B02512,40.89,-74.12,1
Sep,B02512,40.89,-73.95,1
Sep,B02512,40.89,-73.92,2
Sep,B02512,40.89,-73.91,18
Sep,B02512,40.89,-73.9,17
Sep,B02512,40.89,-73.89,1
Sep,B02512,40.89,-73.85000000000001,1
Sep,B02512,40.89,-73.78,2
Sep,B02512,40.9,-73.96000000000001,1
Sep,B02512,40.9,-73.91,2
Sep,B02512,40.9,-73.9,13
Sep,B02512,40.9,-73.87,2
Sep,B02512,40.9,-73.82000000000001,1
Sep,B02512,40.9,-73.81,1
Sep,B02512,40.9,-73.8,2
Sep,B02512,40.9,-73.78,1
Sep,B02512,40.910000000000004,-74.10000000000001,1
Sep,B02512,40.910000000000004,-74.08,1
Sep,B02512,40.910000000000004,-73.91,1
Sep,B02512,40.910000000000004,-73.9,4
Sep,B02512,40.910000000000004,-73.88,1
Sep,B02512,40.910000000000004,-73.83,1
Sep,B02512,40.910000000000004,-73.79,2
Sep,B02512,40.910000000000004,-73.78,1
Sep,B02512,40.910000000000004,-73.76,1
Sep,B02512,40.92,-74.08,1
Sep,B02512,40.92,-74.04,1
Sep,B02512,40.92,-73.9,2
Sep,B02512,40.92,-73.75,2
Sep,B02598,40.58,-74.11,1
Sep,B02598,40.58,-74.09,3
Sep,B02598,40.58,-74,3
Sep,B02598,40.58,-73.99,6
Sep,B02598,40.58,-73.98,7
Sep,B02598,40.58,-73.97,16
Sep,B02598,40.58,-73.96000000000001,17
Sep,B02598,40.58,-73.95,22
Sep,B02598,40.58,-73.94,21
Sep,B02598,40.58,-73.93,8
Sep,B02598,40.58,-73.84,1
Sep,B02598,40.58,-73.83,2
Sep,B02598,40.59,-74.11,3
Sep,B02598,40.59,-74.10000000000001,1
Sep,B02598,40.59,-74.09,2
Sep,B02598,40.59,-74.07000000000001,2
Sep,B02598,40.59,-74,7
Sep,B02598,40.59,-73.99,10
Sep,B02598,40.59,-73.98,5
Sep,B02598,40.59,-73.97,17
Sep,B02598,40.59,-73.96000000000001,8
Sep,B02598,40.59,-73.95,21
Sep,B02598,40.59,-73.94,11
Sep,B02598,40.59,-73.93,5
Sep,B02598,40.59,-73.9,26
Sep,B02598,40.59,-73.89,1
Sep,B02598,40.59,-73.88,2
Sep,B02598,40.59,-73.82000000000001,2
Sep,B02598,40.59,-73.81,3
Sep,B02598,40.59,-73.8,2
Sep,B02598,40.59,-73.76,1
Sep,B02598,40.59,-73.73,2
Sep,B02598,40.6,-74.15,1
Sep,B02598,40.6,-74.12,3
Sep,B02598,40.6,-74.11,1
Sep,B02598,40.6,-74.10000000000001,1
Sep,B02598,40.6,-74.09,2
Sep,B02598,40.6,-74.08,1
Sep,B02598,40.6,-74.07000000000001,6
Sep,B02598,40.6,-74.06,2
Sep,B02598,40.6,-74.02,1
Sep,B02598,40.6,-74.01,11
Sep,B02598,40.6,-74,25
Sep,B02598,40.6,-73.99,17
Sep,B02598,40.6,-73.98,16
Sep,B02598,40.6,-73.97,96
Sep,B02598,40.6,-73.96000000000001,26
Sep,B02598,40.6,-73.95,21
Sep,B02598,40.6,-73.94,16
Sep,B02598,40.6,-73.93,4
Sep,B02598,40.6,-73.92,1
Sep,B02598,40.6,-73.91,5
Sep,B02598,40.6,-73.77,1
Sep,B02598,40.6,-73.76,4
Sep,B02598,40.6,-73.75,4
Sep,B02598,40.6,-73.74,2
Sep,B02598,40.61,-74.12,1
Sep,B02598,40.61,-74.11,1
Sep,B02598,40.61,-74.08,3
Sep,B02598,40.61,-74.07000000000001,1
Sep,B02598,40.61,-74.06,10
Sep,B02598,40.61,-74.04,8
Sep,B02598,40.61,-74.03,34
Sep,B02598,40.61,-74.02,13
Sep,B02598,40.61,-74.01,26
Sep,B02598,40.61,-74,23
Sep,B02598,40.61,-73.99,15
Sep,B02598,40.61,-73.98,22
Sep,B02598,40.61,-73.97,46
Sep,B02598,40.61,-73.96000000000001,44
Sep,B02598,40.61,-73.95,30
Sep,B02598,40.61,-73.94,14
Sep,B02598,40.61,-73.93,10
Sep,B02598,40.61,-73.92,10
Sep,B02598,40.61,-73.91,9
Sep,B02598,40.61,-73.9,1
Sep,B02598,40.61,-73.75,2
Sep,B02598,40.61,-73.74,5
Sep,B02598,40.61,-73.73,6
Sep,B02598,40.61,-73.72,2
Sep,B02598,40.61,-73.71000000000001,1
Sep,B02598,40.62,-74.14,1
Sep,B02598,40.62,-74.13,1
Sep,B02598,40.62,-74.12,1
Sep,B02598,40.62,-74.11,1
Sep,B02598,40.62,-74.10000000000001,1
Sep,B02598,40.62,-74.08,3
Sep,B02598,40.62,-74.07000000000001,1
Sep,B02598,40.62,-74.06,2
Sep,B02598,40.62,-74.04,38
Sep,B02598,40.62,-74.03,151
Sep,B02598,40.62,-74.02,73
Sep,B02598,40.62,-74.01,33
Sep,B02598,40.62,-74,26
Sep,B02598,40.62,-73.99,16
Sep,B02598,40.62,-73.98,7
Sep,B02598,40.62,-73.97,48
Sep,B02598,40.62,-73.96000000000001,23
Sep,B02598,40.62,-73.95,24
Sep,B02598,40.62,-73.94,14
Sep,B02598,40.62,-73.93,16
Sep,B02598,40.62,-73.92,13
Sep,B02598,40.62,-73.91,12
Sep,B02598,40.62,-73.9,3
Sep,B02598,40.62,-73.76,2
Sep,B02598,40.62,-73.75,1
Sep,B02598,40.62,-73.73,5
Sep,B02598,40.62,-73.72,1
Sep,B02598,40.62,-73.71000000000001,2
Sep,B02598,40.63,-74.09,1
Sep,B02598,40.63,-74.08,1
Sep,B02598,40.63,-74.04,16
Sep,B02598,40.63,-74.03,84
Sep,B02598,40.63,-74.02,71
Sep,B02598,40.63,-74.01,40
Sep,B02598,40.63,-74,20
Sep,B02598,40.63,-73.99,7
Sep,B02598,40.63,-73.98,25
Sep,B02598,40.63,-73.97,72
Sep,B02598,40.63,-73.96000000000001,68
Sep,B02598,40.63,-73.95,64
Sep,B02598,40.63,-73.94,32
Sep,B02598,40.63,-73.93,15
Sep,B02598,40.63,-73.92,18
Sep,B02598,40.63,-73.91,10
Sep,B02598,40.63,-73.9,7
Sep,B02598,40.63,-73.89,2
Sep,B02598,40.63,-73.74,1
Sep,B02598,40.63,-73.72,1
Sep,B02598,40.64,-74.11,1
Sep,B02598,40.64,-74.09,1
Sep,B02598,40.64,-74.08,5
Sep,B02598,40.64,-74.04,11
Sep,B02598,40.64,-74.03,32
Sep,B02598,40.64,-74.02,52
Sep,B02598,40.64,-74.01,31
Sep,B02598,40.64,-74,41
Sep,B02598,40.64,-73.99,26
Sep,B02598,40.64,-73.98,57
Sep,B02598,40.64,-73.97,166
Sep,B02598,40.64,-73.96000000000001,135
Sep,B02598,40.64,-73.95,48
Sep,B02598,40.64,-73.94,20
Sep,B02598,40.64,-73.93,6
Sep,B02598,40.64,-73.92,21
Sep,B02598,40.64,-73.91,19
Sep,B02598,40.64,-73.9,10
Sep,B02598,40.64,-73.89,7
Sep,B02598,40.64,-73.88,1
Sep,B02598,40.64,-73.8,5
Sep,B02598,40.64,-73.79,798
Sep,B02598,40.64,-73.78,2123
Sep,B02598,40.64,-73.74,6
Sep,B02598,40.64,-73.73,7
Sep,B02598,40.64,-73.71000000000001,3
Sep,B02598,40.64,-73.7,1
Sep,B02598,40.65,-74.02,38
Sep,B02598,40.65,-74.01,74
Sep,B02598,40.65,-74,45
Sep,B02598,40.65,-73.99,1
Sep,B02598,40.65,-73.98,88
Sep,B02598,40.65,-73.97,163
Sep,B02598,40.65,-73.96000000000001,209
Sep,B02598,40.65,-73.95,71
Sep,B02598,40.65,-73.94,25
Sep,B02598,40.65,-73.93,24
Sep,B02598,40.65,-73.92,18
Sep,B02598,40.65,-73.91,26
Sep,B02598,40.65,-73.9,16
Sep,B02598,40.65,-73.89,13
Sep,B02598,40.65,-73.88,9
Sep,B02598,40.65,-73.87,6
Sep,B02598,40.65,-73.85000000000001,1
Sep,B02598,40.65,-73.84,9
Sep,B02598,40.65,-73.83,2
Sep,B02598,40.65,-73.81,1
Sep,B02598,40.65,-73.8,8
Sep,B02598,40.65,-73.79,1030
Sep,B02598,40.65,-73.78,2068
Sep,B02598,40.65,-73.76,1
Sep,B02598,40.65,-73.73,1
Sep,B02598,40.65,-73.72,1
Sep,B02598,40.660000000000004,-74.14,1
Sep,B02598,40.660000000000004,-74.13,3
Sep,B02598,40.660000000000004,-74.12,1
Sep,B02598,40.660000000000004,-74.10000000000001,1
Sep,B02598,40.660000000000004,-74.09,4
Sep,B02598,40.660000000000004,-74.01,70
Sep,B02598,40.660000000000004,-74,147
Sep,B02598,40.660000000000004,-73.99,304
Sep,B02598,40.660000000000004,-73.98,342
Sep,B02598,40.660000000000004,-73.97,16
Sep,B02598,40.660000000000004,-73.96000000000001,221
Sep,B02598,40.660000000000004,-73.95,130
Sep,B02598,40.660000000000004,-73.94,89
Sep,B02598,40.660000000000004,-73.93,26
Sep,B02598,40.660000000000004,-73.92,26
Sep,B02598,40.660000000000004,-73.91,21
Sep,B02598,40.660000000000004,-73.9,12
Sep,B02598,40.660000000000004,-73.89,13
Sep,B02598,40.660000000000004,-73.88,10
Sep,B02598,40.660000000000004,-73.87,4
Sep,B02598,40.660000000000004,-73.86,4
Sep,B02598,40.660000000000004,-73.85000000000001,6
Sep,B02598,40.660000000000004,-73.84,12
Sep,B02598,40.660000000000004,-73.83,9
Sep,B02598,40.660000000000004,-73.82000000000001,4
Sep,B02598,40.660000000000004,-73.81,6
Sep,B02598,40.660000000000004,-73.8,26
Sep,B02598,40.660000000000004,-73.79,6
Sep,B02598,40.660000000000004,-73.78,4
Sep,B02598,40.660000000000004,-73.77,6
Sep,B02598,40.660000000000004,-73.76,3
Sep,B02598,40.660000000000004,-73.75,1
Sep,B02598,40.660000000000004,-73.74,5
Sep,B02598,40.660000000000004,-73.73,2
Sep,B02598,40.660000000000004,-73.72,7
Sep,B02598,40.660000000000004,-73.71000000000001,3
Sep,B02598,40.660000000000004,-73.7,3
Sep,B02598,40.67,-74.13,1
Sep,B02598,40.67,-74.12,1
Sep,B02598,40.67,-74.02,40
Sep,B02598,40.67,-74.01,225
Sep,B02598,40.67,-74,91
Sep,B02598,40.67,-73.99,521
Sep,B02598,40.67,-73.98,795
Sep,B02598,40.67,-73.97,339
Sep,B02598,40.67,-73.96000000000001,492
Sep,B02598,40.67,-73.95,299
Sep,B02598,40.67,-73.94,161
Sep,B02598,40.67,-73.93,88
Sep,B02598,40.67,-73.92,38
Sep,B02598,40.67,-73.91,21
Sep,B02598,40.67,-73.9,11
Sep,B02598,40.67,-73.89,8
Sep,B02598,40.67,-73.88,15
Sep,B02598,40.67,-73.87,8
Sep,B02598,40.67,-73.86,2
Sep,B02598,40.67,-73.85000000000001,8
Sep,B02598,40.67,-73.84,7
Sep,B02598,40.67,-73.83,10
Sep,B02598,40.67,-73.82000000000001,10
Sep,B02598,40.67,-73.81,26
Sep,B02598,40.67,-73.8,27
Sep,B02598,40.67,-73.79,11
Sep,B02598,40.67,-73.78,27
Sep,B02598,40.67,-73.77,5
Sep,B02598,40.67,-73.76,1
Sep,B02598,40.67,-73.75,3
Sep,B02598,40.67,-73.74,4
Sep,B02598,40.67,-73.72,4
Sep,B02598,40.68,-74.11,1
Sep,B02598,40.68,-74.10000000000001,2
Sep,B02598,40.68,-74.09,2
Sep,B02598,40.68,-74.02,109
Sep,B02598,40.68,-74.01,306
Sep,B02598,40.68,-74,645
Sep,B02598,40.68,-73.99,609
Sep,B02598,40.68,-73.98,1023
Sep,B02598,40.68,-73.97,691
Sep,B02598,40.68,-73.96000000000001,680
Sep,B02598,40.68,-73.95,435
Sep,B02598,40.68,-73.94,269
Sep,B02598,40.68,-73.93,172
Sep,B02598,40.68,-73.92,91
Sep,B02598,40.68,-73.91,81
Sep,B02598,40.68,-73.9,28
Sep,B02598,40.68,-73.89,7
Sep,B02598,40.68,-73.88,12
Sep,B02598,40.68,-73.87,14
Sep,B02598,40.68,-73.86,10
Sep,B02598,40.68,-73.85000000000001,12
Sep,B02598,40.68,-73.84,14
Sep,B02598,40.68,-73.83,5
Sep,B02598,40.68,-73.82000000000001,4
Sep,B02598,40.68,-73.81,4
Sep,B02598,40.68,-73.8,8
Sep,B02598,40.68,-73.79,5
Sep,B02598,40.68,-73.78,8
Sep,B02598,40.68,-73.77,4
Sep,B02598,40.68,-73.76,2
Sep,B02598,40.68,-73.75,3
Sep,B02598,40.68,-73.74,1
Sep,B02598,40.68,-73.72,1
Sep,B02598,40.69,-74.11,3
Sep,B02598,40.69,-74.10000000000001,1
Sep,B02598,40.69,-74.09,3
Sep,B02598,40.69,-74.08,1
Sep,B02598,40.69,-74.07000000000001,4
Sep,B02598,40.69,-74,689
Sep,B02598,40.69,-73.99,1399
Sep,B02598,40.69,-73.98,938
Sep,B02598,40.69,-73.97,928
Sep,B02598,40.69,-73.96000000000001,678
Sep,B02598,40.69,-73.95,432
Sep,B02598,40.69,-73.94,293
Sep,B02598,40.69,-73.93,191
Sep,B02598,40.69,-73.92,244
Sep,B02598,40.69,-73.91,184
Sep,B02598,40.69,-73.9,20
Sep,B02598,40.69,-73.89,2
Sep,B02598,40.69,-73.88,1
Sep,B02598,40.69,-73.87,3
Sep,B02598,40.69,-73.86,7
Sep,B02598,40.69,-73.85000000000001,13
Sep,B02598,40.69,-73.84,8
Sep,B02598,40.69,-73.83,10
Sep,B02598,40.69,-73.82000000000001,13
Sep,B02598,40.69,-73.81,8
Sep,B02598,40.69,-73.8,5
Sep,B02598,40.69,-73.79,3
Sep,B02598,40.69,-73.78,3
Sep,B02598,40.69,-73.77,4
Sep,B02598,40.69,-73.76,1
Sep,B02598,40.69,-73.74,7
Sep,B02598,40.69,-73.73,3
Sep,B02598,40.69,-73.72,1
Sep,B02598,40.69,-73.71000000000001,3
Sep,B02598,40.7,-74.12,1
Sep,B02598,40.7,-74.10000000000001,4
Sep,B02598,40.7,-74.09,2
Sep,B02598,40.7,-74.08,1
Sep,B02598,40.7,-74.07000000000001,9
Sep,B02598,40.7,-74.06,1
Sep,B02598,40.7,-74.02,69
Sep,B02598,40.7,-74.01,1320
Sep,B02598,40.7,-74,203
Sep,B02598,40.7,-73.99,1360
Sep,B02598,40.7,-73.98,522
Sep,B02598,40.7,-73.97,252
Sep,B02598,40.7,-73.96000000000001,107
Sep,B02598,40.7,-73.95,177
Sep,B02598,40.7,-73.94,260
Sep,B02598,40.7,-73.93,608
Sep,B02598,40.7,-73.92,332
Sep,B02598,40.7,-73.91,116
Sep,B02598,40.7,-73.9,48
Sep,B02598,40.7,-73.89,25
Sep,B02598,40.7,-73.88,12
Sep,B02598,40.7,-73.87,12
Sep,B02598,40.7,-73.86,8
Sep,B02598,40.7,-73.85000000000001,5
Sep,B02598,40.7,-73.84,19
Sep,B02598,40.7,-73.83,31
Sep,B02598,40.7,-73.82000000000001,18
Sep,B02598,40.7,-73.81,40
Sep,B02598,40.7,-73.8,9
Sep,B02598,40.7,-73.79,3
Sep,B02598,40.7,-73.78,1
Sep,B02598,40.7,-73.77,3
Sep,B02598,40.7,-73.76,4
Sep,B02598,40.7,-73.75,5
Sep,B02598,40.7,-73.74,3
Sep,B02598,40.7,-73.73,4
Sep,B02598,40.71,-74.10000000000001,1
Sep,B02598,40.71,-74.09,5
Sep,B02598,40.71,-74.08,2
Sep,B02598,40.71,-74.07000000000001,3
Sep,B02598,40.71,-74.06,11
Sep,B02598,40.71,-74.05,3
Sep,B02598,40.71,-74.04,96
Sep,B02598,40.71,-74.03,17
Sep,B02598,40.71,-74.02,1035
Sep,B02598,40.71,-74.01,5528
Sep,B02598,40.71,-74,1039
Sep,B02598,40.71,-73.99,523
Sep,B02598,40.71,-73.98,229
Sep,B02598,40.71,-73.97,635
Sep,B02598,40.71,-73.96000000000001,1420
Sep,B02598,40.71,-73.95,1111
Sep,B02598,40.71,-73.94,797
Sep,B02598,40.71,-73.93,257
Sep,B02598,40.71,-73.92,298
Sep,B02598,40.71,-73.91,51
Sep,B02598,40.71,-73.9,43
Sep,B02598,40.71,-73.89,12
Sep,B02598,40.71,-73.88,12
Sep,B02598,40.71,-73.87,19
Sep,B02598,40.71,-73.86,23
Sep,B02598,40.71,-73.85000000000001,21
Sep,B02598,40.71,-73.84,20
Sep,B02598,40.71,-73.83,80
Sep,B02598,40.71,-73.82000000000001,34
Sep,B02598,40.71,-73.81,18
Sep,B02598,40.71,-73.8,22
Sep,B02598,40.71,-73.79,16
Sep,B02598,40.71,-73.78,13
Sep,B02598,40.71,-73.77,5
Sep,B02598,40.71,-73.76,5
Sep,B02598,40.71,-73.75,4
Sep,B02598,40.71,-73.74,1
Sep,B02598,40.71,-73.72,10
Sep,B02598,40.71,-73.71000000000001,2
Sep,B02598,40.72,-74.15,2
Sep,B02598,40.72,-74.14,1
Sep,B02598,40.72,-74.09,6
Sep,B02598,40.72,-74.08,9
Sep,B02598,40.72,-74.07000000000001,13
Sep,B02598,40.72,-74.06,24
Sep,B02598,40.72,-74.05,62
Sep,B02598,40.72,-74.04,129
Sep,B02598,40.72,-74.03,45
Sep,B02598,40.72,-74.02,452
Sep,B02598,40.72,-74.01,5670
Sep,B02598,40.72,-74,8585
Sep,B02598,40.72,-73.99,5716
Sep,B02598,40.72,-73.98,2085
Sep,B02598,40.72,-73.97,76
Sep,B02598,40.72,-73.96000000000001,2587
Sep,B02598,40.72,-73.95,1194
Sep,B02598,40.72,-73.94,565
Sep,B02598,40.72,-73.93,8
Sep,B02598,40.72,-73.92,3
Sep,B02598,40.72,-73.91,18
Sep,B02598,40.72,-73.9,27
Sep,B02598,40.72,-73.89,20
Sep,B02598,40.72,-73.88,23
Sep,B02598,40.72,-73.87,19
Sep,B02598,40.72,-73.86,42
Sep,B02598,40.72,-73.85000000000001,91
Sep,B02598,40.72,-73.84,119
Sep,B02598,40.72,-73.83,12
Sep,B02598,40.72,-73.82000000000001,20
Sep,B02598,40.72,-73.81,28
Sep,B02598,40.72,-73.8,27
Sep,B02598,40.72,-73.79,19
Sep,B02598,40.72,-73.78,7
Sep,B02598,40.72,-73.77,2
Sep,B02598,40.72,-73.76,6
Sep,B02598,40.72,-73.75,5
Sep,B02598,40.72,-73.74,3
Sep,B02598,40.72,-73.73,3
Sep,B02598,40.72,-73.72,2
Sep,B02598,40.72,-73.71000000000001,3
Sep,B02598,40.72,-73.7,3
Sep,B02598,40.730000000000004,-74.15,1
Sep,B02598,40.730000000000004,-74.08,6
Sep,B02598,40.730000000000004,-74.07000000000001,18
Sep,B02598,40.730000000000004,-74.06,37
Sep,B02598,40.730000000000004,-74.05,34
Sep,B02598,40.730000000000004,-74.04,98
Sep,B02598,40.730000000000004,-74.03,58
Sep,B02598,40.730000000000004,-74.01,3802
Sep,B02598,40.730000000000004,-74,8490
Sep,B02598,40.730000000000004,-73.99,7526
Sep,B02598,40.730000000000004,-73.98,3786
Sep,B02598,40.730000000000004,-73.97,131
Sep,B02598,40.730000000000004,-73.96000000000001,666
Sep,B02598,40.730000000000004,-73.95,554
Sep,B02598,40.730000000000004,-73.94,249
Sep,B02598,40.730000000000004,-73.93,5
Sep,B02598,40.730000000000004,-73.92,8
Sep,B02598,40.730000000000004,-73.91,27
Sep,B02598,40.730000000000004,-73.9,36
Sep,B02598,40.730000000000004,-73.89,33
Sep,B02598,40.730000000000004,-73.88,24
Sep,B02598,40.730000000000004,-73.87,56
Sep,B02598,40.730000000000004,-73.86,89
Sep,B02598,40.730000000000004,-73.85000000000001,73
Sep,B02598,40.730000000000004,-73.84,4
Sep,B02598,40.730000000000004,-73.83,10
Sep,B02598,40.730000000000004,-73.82000000000001,24
Sep,B02598,40.730000000000004,-73.81,39
Sep,B02598,40.730000000000004,-73.8,12
Sep,B02598,40.730000000000004,-73.79,20
Sep,B02598,40.730000000000004,-73.78,6
Sep,B02598,40.730000000000004,-73.77,5
Sep,B02598,40.730000000000004,-73.76,3
Sep,B02598,40.730000000000004,-73.75,2
Sep,B02598,40.730000000000004,-73.74,6
Sep,B02598,40.730000000000004,-73.73,3
Sep,B02598,40.730000000000004,-73.72,6
Sep,B02598,40.730000000000004,-73.71000000000001,4
Sep,B02598,40.730000000000004,-73.7,1
Sep,B02598,40.74,-74.08,1
Sep,B02598,40.74,-74.07000000000001,12
Sep,B02598,40.74,-74.06,14
Sep,B02598,40.74,-74.05,30
Sep,B02598,40.74,-74.04,153
Sep,B02598,40.74,-74.03,335
Sep,B02598,40.74,-74.02,1
Sep,B02598,40.74,-74.01,5100
Sep,B02598,40.74,-74,7180
Sep,B02598,40.74,-73.99,10211
Sep,B02598,40.74,-73.98,4608
Sep,B02598,40.74,-73.97,742
Sep,B02598,40.74,-73.96000000000001,264
Sep,B02598,40.74,-73.95,289
Sep,B02598,40.74,-73.94,97
Sep,B02598,40.74,-73.93,161
Sep,B02598,40.74,-73.92,204
Sep,B02598,40.74,-73.91,40
Sep,B02598,40.74,-73.9,47
Sep,B02598,40.74,-73.89,42
Sep,B02598,40.74,-73.88,64
Sep,B02598,40.74,-73.87,28
Sep,B02598,40.74,-73.86,48
Sep,B02598,40.74,-73.85000000000001,37
Sep,B02598,40.74,-73.84,253
Sep,B02598,40.74,-73.83,18
Sep,B02598,40.74,-73.82000000000001,17
Sep,B02598,40.74,-73.81,17
Sep,B02598,40.74,-73.8,5
Sep,B02598,40.74,-73.79,8
Sep,B02598,40.74,-73.78,17
Sep,B02598,40.74,-73.77,2
Sep,B02598,40.74,-73.76,10
Sep,B02598,40.74,-73.75,6
Sep,B02598,40.74,-73.74,1
Sep,B02598,40.74,-73.72,6
Sep,B02598,40.74,-73.71000000000001,1
Sep,B02598,40.74,-73.7,2
Sep,B02598,40.75,-74.12,1
Sep,B02598,40.75,-74.06,8
Sep,B02598,40.75,-74.05,9
Sep,B02598,40.75,-74.04,53
Sep,B02598,40.75,-74.03,217
Sep,B02598,40.75,-74.02,46
Sep,B02598,40.75,-74.01,1937
Sep,B02598,40.75,-74,3802
Sep,B02598,40.75,-73.99,9321
Sep,B02598,40.75,-73.98,7952
Sep,B02598,40.75,-73.97,3399
Sep,B02598,40.75,-73.96000000000001,385
Sep,B02598,40.75,-73.95,269
Sep,B02598,40.75,-73.94,461
Sep,B02598,40.75,-73.93,143
Sep,B02598,40.75,-73.92,90
Sep,B02598,40.75,-73.91,87
Sep,B02598,40.75,-73.9,68
Sep,B02598,40.75,-73.89,122
Sep,B02598,40.75,-73.88,66
Sep,B02598,40.75,-73.87,12
Sep,B02598,40.75,-73.86,20
Sep,B02598,40.75,-73.85000000000001,326
Sep,B02598,40.75,-73.84,30
Sep,B02598,40.75,-73.83,31
Sep,B02598,40.75,-73.82000000000001,14
Sep,B02598,40.75,-73.81,2
Sep,B02598,40.75,-73.8,4
Sep,B02598,40.75,-73.79,1
Sep,B02598,40.75,-73.78,5
Sep,B02598,40.75,-73.77,2
Sep,B02598,40.75,-73.76,6
Sep,B02598,40.75,-73.75,1
Sep,B02598,40.75,-73.74,4
Sep,B02598,40.75,-73.72,8
Sep,B02598,40.75,-73.71000000000001,12
Sep,B02598,40.76,-74.11,1
Sep,B02598,40.76,-74.08,8
Sep,B02598,40.76,-74.07000000000001,3
Sep,B02598,40.76,-74.05,3
Sep,B02598,40.76,-74.04,4
Sep,B02598,40.76,-74.03,30
Sep,B02598,40.76,-74.02,26
Sep,B02598,40.76,-74.01,2
Sep,B02598,40.76,-74,2699
Sep,B02598,40.76,-73.99,6133
Sep,B02598,40.76,-73.98,10701
Sep,B02598,40.76,-73.97,10307
Sep,B02598,40.76,-73.96000000000001,2228
Sep,B02598,40.76,-73.95,145
Sep,B02598,40.76,-73.94,42
Sep,B02598,40.76,-73.93,237
Sep,B02598,40.76,-73.92,370
Sep,B02598,40.76,-73.91,145
Sep,B02598,40.76,-73.9,42
Sep,B02598,40.76,-73.89,25
Sep,B02598,40.76,-73.88,29
Sep,B02598,40.76,-73.87,25
Sep,B02598,40.76,-73.86,24
Sep,B02598,40.76,-73.85000000000001,10
Sep,B02598,40.76,-73.84,68
Sep,B02598,40.76,-73.83,154
Sep,B02598,40.76,-73.82000000000001,18
Sep,B02598,40.76,-73.81,11
Sep,B02598,40.76,-73.8,11
Sep,B02598,40.76,-73.79,7
Sep,B02598,40.76,-73.78,9
Sep,B02598,40.76,-73.77,37
Sep,B02598,40.76,-73.76,14
Sep,B02598,40.76,-73.74,4
Sep,B02598,40.76,-73.73,2
Sep,B02598,40.76,-73.72,4
Sep,B02598,40.76,-73.71000000000001,1
Sep,B02598,40.76,-73.7,1
Sep,B02598,40.77,-74.14,1
Sep,B02598,40.77,-74.08,1
Sep,B02598,40.77,-74.04,6
Sep,B02598,40.77,-74.03,20
Sep,B02598,40.77,-74.02,23
Sep,B02598,40.77,-74.01,7
Sep,B02598,40.77,-74,161
Sep,B02598,40.77,-73.99,2458
Sep,B02598,40.77,-73.98,4292
Sep,B02598,40.77,-73.97,2029
Sep,B02598,40.77,-73.96000000000001,4567
Sep,B02598,40.77,-73.95,2313
Sep,B02598,40.77,-73.94,68
Sep,B02598,40.77,-73.93,167
Sep,B02598,40.77,-73.92,327
Sep,B02598,40.77,-73.91,189
Sep,B02598,40.77,-73.9,72
Sep,B02598,40.77,-73.89,606
Sep,B02598,40.77,-73.88,128
Sep,B02598,40.77,-73.87,3737
Sep,B02598,40.77,-73.86,1367
Sep,B02598,40.77,-73.84,5
Sep,B02598,40.77,-73.83,16
Sep,B02598,40.77,-73.82000000000001,11
Sep,B02598,40.77,-73.81,5
Sep,B02598,40.77,-73.8,4
Sep,B02598,40.77,-73.79,11
Sep,B02598,40.77,-73.78,12
Sep,B02598,40.77,-73.77,8
Sep,B02598,40.77,-73.76,4
Sep,B02598,40.77,-73.75,4
Sep,B02598,40.77,-73.74,5
Sep,B02598,40.77,-73.73,3
Sep,B02598,40.77,-73.72,1
Sep,B02598,40.77,-73.71000000000001,5
Sep,B02598,40.77,-73.7,4
Sep,B02598,40.78,-74.08,1
Sep,B02598,40.78,-74.07000000000001,1
Sep,B02598,40.78,-74.06,2
Sep,B02598,40.78,-74.05,3
Sep,B02598,40.78,-74.04,1
Sep,B02598,40.78,-74.03,8
Sep,B02598,40.78,-74.02,15
Sep,B02598,40.78,-74.01,20
Sep,B02598,40.78,-74,5
Sep,B02598,40.78,-73.99,805
Sep,B02598,40.78,-73.98,3345
Sep,B02598,40.78,-73.97,625
Sep,B02598,40.78,-73.96000000000001,3075
Sep,B02598,40.78,-73.95,2710
Sep,B02598,40.78,-73.94,187
Sep,B02598,40.78,-73.93,16
Sep,B02598,40.78,-73.92,73
Sep,B02598,40.78,-73.91,115
Sep,B02598,40.78,-73.9,23
Sep,B02598,40.78,-73.85000000000001,9
Sep,B02598,40.78,-73.84,12
Sep,B02598,40.78,-73.83,5
Sep,B02598,40.78,-73.82000000000001,4
Sep,B02598,40.78,-73.81,7
Sep,B02598,40.78,-73.8,1
Sep,B02598,40.78,-73.79,7
Sep,B02598,40.78,-73.78,16
Sep,B02598,40.78,-73.77,6
Sep,B02598,40.78,-73.75,5
Sep,B02598,40.78,-73.73,11
Sep,B02598,40.78,-73.72,8
Sep,B02598,40.78,-73.71000000000001,6
Sep,B02598,40.78,-73.7,3
Sep,B02598,40.79,-74.09,1
Sep,B02598,40.79,-74.07000000000001,1
Sep,B02598,40.79,-74.06,7
Sep,B02598,40.79,-74.05,19
Sep,B02598,40.79,-74.04,31
Sep,B02598,40.79,-74.02,6
Sep,B02598,40.79,-74.01,7
Sep,B02598,40.79,-74,8
Sep,B02598,40.79,-73.98,1287
Sep,B02598,40.79,-73.97,1705
Sep,B02598,40.79,-73.96000000000001,211
Sep,B02598,40.79,-73.95,619
Sep,B02598,40.79,-73.94,204
Sep,B02598,40.79,-73.93,32
Sep,B02598,40.79,-73.92,19
Sep,B02598,40.79,-73.85000000000001,4
Sep,B02598,40.79,-73.84,15
Sep,B02598,40.79,-73.83,3
Sep,B02598,40.79,-73.82000000000001,3
Sep,B02598,40.79,-73.81,7
Sep,B02598,40.79,-73.8,2
Sep,B02598,40.79,-73.79,14
Sep,B02598,40.79,-73.78,2
Sep,B02598,40.79,-73.75,2
Sep,B02598,40.79,-73.74,2
Sep,B02598,40.79,-73.73,13
Sep,B02598,40.79,-73.72,5
Sep,B02598,40.79,-73.71000000000001,1
Sep,B02598,40.79,-73.7,1
Sep,B02598,40.800000000000004,-74.11,2
Sep,B02598,40.800000000000004,-74.10000000000001,1
Sep,B02598,40.800000000000004,-74.07000000000001,3
Sep,B02598,40.800000000000004,-74.06,8
Sep,B02598,40.800000000000004,-74.05,1
Sep,B02598,40.800000000000004,-74.02,1
Sep,B02598,40.800000000000004,-74.01,3
Sep,B02598,40.800000000000004,-74,1
Sep,B02598,40.800000000000004,-73.99,2
Sep,B02598,40.800000000000004,-73.98,47
Sep,B02598,40.800000000000004,-73.97,912
Sep,B02598,40.800000000000004,-73.96000000000001,498
Sep,B02598,40.800000000000004,-73.95,369
Sep,B02598,40.800000000000004,-73.94,246
Sep,B02598,40.800000000000004,-73.93,115
Sep,B02598,40.800000000000004,-73.92,13
Sep,B02598,40.800000000000004,-73.91,3
Sep,B02598,40.800000000000004,-73.85000000000001,1
Sep,B02598,40.800000000000004,-73.82000000000001,2
Sep,B02598,40.800000000000004,-73.74,3
Sep,B02598,40.800000000000004,-73.73,1
Sep,B02598,40.81,-74.14,1
Sep,B02598,40.81,-74.12,2
Sep,B02598,40.81,-74.11,1
Sep,B02598,40.81,-74.10000000000001,3
Sep,B02598,40.81,-74.08,17
Sep,B02598,40.81,-74.07000000000001,25
Sep,B02598,40.81,-74.02,1
Sep,B02598,40.81,-74.01,3
Sep,B02598,40.81,-73.99,7
Sep,B02598,40.81,-73.98,2
Sep,B02598,40.81,-73.97,112
Sep,B02598,40.81,-73.96000000000001,622
Sep,B02598,40.81,-73.95,394
Sep,B02598,40.81,-73.94,327
Sep,B02598,40.81,-73.93,48
Sep,B02598,40.81,-73.92,14
Sep,B02598,40.81,-73.91,5
Sep,B02598,40.81,-73.9,3
Sep,B02598,40.81,-73.89,2
Sep,B02598,40.81,-73.86,4
Sep,B02598,40.81,-73.85000000000001,3
Sep,B02598,40.81,-73.83,1
Sep,B02598,40.81,-73.82000000000001,1
Sep,B02598,40.81,-73.81,6
Sep,B02598,40.81,-73.8,2
Sep,B02598,40.81,-73.76,1
Sep,B02598,40.81,-73.7,2
Sep,B02598,40.82,-74.15,1
Sep,B02598,40.82,-74.12,1
Sep,B02598,40.82,-74.11,2
Sep,B02598,40.82,-74.08,1
Sep,B02598,40.82,-74.07000000000001,3
Sep,B02598,40.82,-73.99,1
Sep,B02598,40.82,-73.98,1
Sep,B02598,40.82,-73.96000000000001,125
Sep,B02598,40.82,-73.95,234
Sep,B02598,40.82,-73.94,272
Sep,B02598,40.82,-73.93,30
Sep,B02598,40.82,-73.92,19
Sep,B02598,40.82,-73.91,8
Sep,B02598,40.82,-73.9,9
Sep,B02598,40.82,-73.89,8
Sep,B02598,40.82,-73.88,6
Sep,B02598,40.82,-73.87,8
Sep,B02598,40.82,-73.86,7
Sep,B02598,40.82,-73.85000000000001,5
Sep,B02598,40.82,-73.84,7
Sep,B02598,40.82,-73.83,1
Sep,B02598,40.82,-73.82000000000001,5
Sep,B02598,40.82,-73.81,2
Sep,B02598,40.82,-73.75,1
Sep,B02598,40.82,-73.7,2
Sep,B02598,40.83,-74.14,2
Sep,B02598,40.83,-74.11,2
Sep,B02598,40.83,-74.09,2
Sep,B02598,40.83,-74.08,1
Sep,B02598,40.83,-74.06,2
Sep,B02598,40.83,-74.01,1
Sep,B02598,40.83,-73.98,3
Sep,B02598,40.83,-73.97,4
Sep,B02598,40.83,-73.96000000000001,5
Sep,B02598,40.83,-73.95,154
Sep,B02598,40.83,-73.94,196
Sep,B02598,40.83,-73.93,182
Sep,B02598,40.83,-73.92,75
Sep,B02598,40.83,-73.91,15
Sep,B02598,40.83,-73.9,12
Sep,B02598,40.83,-73.89,8
Sep,B02598,40.83,-73.88,6
Sep,B02598,40.83,-73.87,7
Sep,B02598,40.83,-73.86,12
Sep,B02598,40.83,-73.85000000000001,12
Sep,B02598,40.83,-73.83,4
Sep,B02598,40.83,-73.82000000000001,8
Sep,B02598,40.83,-73.75,1
Sep,B02598,40.83,-73.7,2
Sep,B02598,40.84,-74.15,1
Sep,B02598,40.84,-74.11,2
Sep,B02598,40.84,-74.07000000000001,3
Sep,B02598,40.84,-74.05,1
Sep,B02598,40.84,-74.02,1
Sep,B02598,40.84,-74.01,1
Sep,B02598,40.84,-74,1
Sep,B02598,40.84,-73.99,2
Sep,B02598,40.84,-73.98,5
Sep,B02598,40.84,-73.97,8
Sep,B02598,40.84,-73.95,42
Sep,B02598,40.84,-73.94,270
Sep,B02598,40.84,-73.93,6
Sep,B02598,40.84,-73.92,26
Sep,B02598,40.84,-73.91,22
Sep,B02598,40.84,-73.9,11
Sep,B02598,40.84,-73.89,3
Sep,B02598,40.84,-73.88,4
Sep,B02598,40.84,-73.87,3
Sep,B02598,40.84,-73.86,7
Sep,B02598,40.84,-73.85000000000001,7
Sep,B02598,40.84,-73.84,10
Sep,B02598,40.84,-73.83,11
Sep,B02598,40.84,-73.82000000000001,2
Sep,B02598,40.84,-73.79,2
Sep,B02598,40.84,-73.75,1
Sep,B02598,40.84,-73.72,1
Sep,B02598,40.85,-74.07000000000001,4
Sep,B02598,40.85,-74.05,1
Sep,B02598,40.85,-74.04,1
Sep,B02598,40.85,-74.02,2
Sep,B02598,40.85,-74.01,4
Sep,B02598,40.85,-74,2
Sep,B02598,40.85,-73.98,2
Sep,B02598,40.85,-73.97,14
Sep,B02598,40.85,-73.96000000000001,1
Sep,B02598,40.85,-73.94,262
Sep,B02598,40.85,-73.93,127
Sep,B02598,40.85,-73.92,12
Sep,B02598,40.85,-73.91,15
Sep,B02598,40.85,-73.9,15
Sep,B02598,40.85,-73.89,26
Sep,B02598,40.85,-73.88,5
Sep,B02598,40.85,-73.87,8
Sep,B02598,40.85,-73.86,15
Sep,B02598,40.85,-73.85000000000001,21
Sep,B02598,40.85,-73.84,23
Sep,B02598,40.85,-73.83,15
Sep,B02598,40.85,-73.82000000000001,2
Sep,B02598,40.85,-73.79,2
Sep,B02598,40.86,-74.14,1
Sep,B02598,40.86,-74.08,1
Sep,B02598,40.86,-74.07000000000001,2
Sep,B02598,40.86,-74.06,2
Sep,B02598,40.86,-74.03,1
Sep,B02598,40.86,-74.02,1
Sep,B02598,40.86,-74,1
Sep,B02598,40.86,-73.98,6
Sep,B02598,40.86,-73.97,13
Sep,B02598,40.86,-73.96000000000001,1
Sep,B02598,40.86,-73.94,40
Sep,B02598,40.86,-73.93,104
Sep,B02598,40.86,-73.92,16
Sep,B02598,40.86,-73.91,11
Sep,B02598,40.86,-73.9,16
Sep,B02598,40.86,-73.89,60
Sep,B02598,40.86,-73.88,28
Sep,B02598,40.86,-73.87,13
Sep,B02598,40.86,-73.86,9
Sep,B02598,40.86,-73.85000000000001,9
Sep,B02598,40.86,-73.84,5
Sep,B02598,40.86,-73.83,6
Sep,B02598,40.87,-74.09,1
Sep,B02598,40.87,-74.06,1
Sep,B02598,40.87,-74.03,4
Sep,B02598,40.87,-74.01,2
Sep,B02598,40.87,-74,2
Sep,B02598,40.87,-73.98,2
Sep,B02598,40.87,-73.97,2
Sep,B02598,40.87,-73.96000000000001,1
Sep,B02598,40.87,-73.93,50
Sep,B02598,40.87,-73.92,53
Sep,B02598,40.87,-73.91,33
Sep,B02598,40.87,-73.9,24
Sep,B02598,40.87,-73.89,17
Sep,B02598,40.87,-73.88,16
Sep,B02598,40.87,-73.87,5
Sep,B02598,40.87,-73.86,8
Sep,B02598,40.87,-73.85000000000001,7
Sep,B02598,40.87,-73.84,3
Sep,B02598,40.87,-73.83,8
Sep,B02598,40.87,-73.82000000000001,4
Sep,B02598,40.87,-73.81,10
Sep,B02598,40.87,-73.79,1
Sep,B02598,40.88,-74.09,1
Sep,B02598,40.88,-74.07000000000001,2
Sep,B02598,40.88,-74.06,2
Sep,B02598,40.88,-74.05,1
Sep,B02598,40.88,-74.04,3
Sep,B02598,40.88,-73.99,3
Sep,B02598,40.88,-73.98,4
Sep,B02598,40.88,-73.97,4
Sep,B02598,40.88,-73.96000000000001,2
Sep,B02598,40.88,-73.95,3
Sep,B02598,40.88,-73.92,30
Sep,B02598,40.88,-73.91,48
Sep,B02598,40.88,-73.9,22
Sep,B02598,40.88,-73.89,12
Sep,B02598,40.88,-73.88,29
Sep,B02598,40.88,-73.87,6
Sep,B02598,40.88,-73.86,4
Sep,B02598,40.88,-73.85000000000001,9
Sep,B02598,40.88,-73.84,4
Sep,B02598,40.88,-73.83,7
Sep,B02598,40.89,-74.09,1
Sep,B02598,40.89,-74.07000000000001,1
Sep,B02598,40.89,-74.04,2
Sep,B02598,40.89,-74.02,1
Sep,B02598,40.89,-74.01,1
Sep,B02598,40.89,-74,1
Sep,B02598,40.89,-73.98,1
Sep,B02598,40.89,-73.97,4
Sep,B02598,40.89,-73.96000000000001,1
Sep,B02598,40.89,-73.95,3
Sep,B02598,40.89,-73.94,1
Sep,B02598,40.89,-73.92,5
Sep,B02598,40.89,-73.91,107
Sep,B02598,40.89,-73.9,119
Sep,B02598,40.89,-73.89,7
Sep,B02598,40.89,-73.88,2
Sep,B02598,40.89,-73.87,1
Sep,B02598,40.89,-73.86,6
Sep,B02598,40.89,-73.85000000000001,5
Sep,B02598,40.89,-73.84,3
Sep,B02598,40.89,-73.83,5
Sep,B02598,40.89,-73.81,3
Sep,B02598,40.89,-73.79,6
Sep,B02598,40.89,-73.78,8
Sep,B02598,40.9,-74.08,1
Sep,B02598,40.9,-74.06,1
Sep,B02598,40.9,-74.05,2
Sep,B02598,40.9,-74.04,3
Sep,B02598,40.9,-74.02,1
Sep,B02598,40.9,-74,1
Sep,B02598,40.9,-73.99,1
Sep,B02598,40.9,-73.97,2
Sep,B02598,40.9,-73.96000000000001,1
Sep,B02598,40.9,-73.91,14
Sep,B02598,40.9,-73.9,48
Sep,B02598,40.9,-73.89,1
Sep,B02598,40.9,-73.87,9
Sep,B02598,40.9,-73.86,6
Sep,B02598,40.9,-73.85000000000001,1
Sep,B02598,40.9,-73.84,1
Sep,B02598,40.9,-73.83,1
Sep,B02598,40.9,-73.81,2
Sep,B02598,40.9,-73.8,1
Sep,B02598,40.910000000000004,-74.10000000000001,1
Sep,B02598,40.910000000000004,-74.08,1
Sep,B02598,40.910000000000004,-74.05,4
Sep,B02598,40.910000000000004,-74.03,1
Sep,B02598,40.910000000000004,-73.97,1
Sep,B02598,40.910000000000004,-73.96000000000001,1
Sep,B02598,40.910000000000004,-73.95,1
Sep,B02598,40.910000000000004,-73.91,11
Sep,B02598,40.910000000000004,-73.9,28
Sep,B02598,40.910000000000004,-73.89,2
Sep,B02598,40.910000000000004,-73.88,2
Sep,B02598,40.910000000000004,-73.87,2
Sep,B02598,40.910000000000004,-73.86,3
Sep,B02598,40.910000000000004,-73.85000000000001,5
Sep,B02598,40.910000000000004,-73.84,2
Sep,B02598,40.910000000000004,-73.83,3
Sep,B02598,40.910000000000004,-73.82000000000001,1
Sep,B02598,40.910000000000004,-73.81,3
Sep,B02598,40.910000000000004,-73.8,1
Sep,B02598,40.910000000000004,-73.79,2
Sep,B02598,40.910000000000004,-73.78,14
Sep,B02598,40.910000000000004,-73.77,2
Sep,B02598,40.910000000000004,-73.76,1
Sep,B02598,40.92,-74.09,1
Sep,B02598,40.92,-74.08,1
Sep,B02598,40.92,-73.95,1
Sep,B02598,40.92,-73.9,3
Sep,B02598,40.92,-73.87,1
Sep,B02598,40.92,-73.85000000000001,2
Sep,B02598,40.92,-73.82000000000001,1
Sep,B02598,40.92,-73.81,1
Sep,B02598,40.92,-73.77,1
Sep,B02617,40.58,-74.09,1
Sep,B02617,40.58,-74.01,1
Sep,B02617,40.58,-74,2
Sep,B02617,40.58,-73.99,8
Sep,B02617,40.58,-73.98,10
Sep,B02617,40.58,-73.97,15
Sep,B02617,40.58,-73.96000000000001,20
Sep,B02617,40.58,-73.95,27
Sep,B02617,40.58,-73.94,22
Sep,B02617,40.58,-73.93,9
Sep,B02617,40.58,-73.82000000000001,2
Sep,B02617,40.58,-73.81,1
Sep,B02617,40.59,-74.11,2
Sep,B02617,40.59,-74.10000000000001,1
Sep,B02617,40.59,-74.09,2
Sep,B02617,40.59,-74.08,2
Sep,B02617,40.59,-74.07000000000001,2
Sep,B02617,40.59,-74,7
Sep,B02617,40.59,-73.99,12
Sep,B02617,40.59,-73.98,15
Sep,B02617,40.59,-73.97,28
Sep,B02617,40.59,-73.96000000000001,18
Sep,B02617,40.59,-73.95,50
Sep,B02617,40.59,-73.94,20
Sep,B02617,40.59,-73.93,10
Sep,B02617,40.59,-73.92,1
Sep,B02617,40.59,-73.9,25
Sep,B02617,40.59,-73.82000000000001,4
Sep,B02617,40.59,-73.81,5
Sep,B02617,40.59,-73.8,1
Sep,B02617,40.59,-73.79,2
Sep,B02617,40.59,-73.75,1
Sep,B02617,40.59,-73.73,2
Sep,B02617,40.59,-73.72,3
Sep,B02617,40.59,-73.71000000000001,4
Sep,B02617,40.59,-73.7,1
Sep,B02617,40.6,-74.14,1
Sep,B02617,40.6,-74.13,2
Sep,B02617,40.6,-74.12,1
Sep,B02617,40.6,-74.11,2
Sep,B02617,40.6,-74.10000000000001,3
Sep,B02617,40.6,-74.09,2
Sep,B02617,40.6,-74.07000000000001,4
Sep,B02617,40.6,-74.02,8
Sep,B02617,40.6,-74.01,16
Sep,B02617,40.6,-74,29
Sep,B02617,40.6,-73.99,95
Sep,B02617,40.6,-73.98,14
Sep,B02617,40.6,-73.97,111
Sep,B02617,40.6,-73.96000000000001,29
Sep,B02617,40.6,-73.95,32
Sep,B02617,40.6,-73.94,21
Sep,B02617,40.6,-73.93,5
Sep,B02617,40.6,-73.91,6
Sep,B02617,40.6,-73.75,4
Sep,B02617,40.6,-73.74,1
Sep,B02617,40.61,-74.12,4
Sep,B02617,40.61,-74.10000000000001,1
Sep,B02617,40.61,-74.09,2
Sep,B02617,40.61,-74.08,5
Sep,B02617,40.61,-74.07000000000001,1
Sep,B02617,40.61,-74.06,4
Sep,B02617,40.61,-74.04,10
Sep,B02617,40.61,-74.03,39
Sep,B02617,40.61,-74.02,20
Sep,B02617,40.61,-74.01,30
Sep,B02617,40.61,-74,31
Sep,B02617,40.61,-73.99,24
Sep,B02617,40.61,-73.98,43
Sep,B02617,40.61,-73.97,83
Sep,B02617,40.61,-73.96000000000001,75
Sep,B02617,40.61,-73.95,39
Sep,B02617,40.61,-73.94,21
Sep,B02617,40.61,-73.93,16
Sep,B02617,40.61,-73.92,20
Sep,B02617,40.61,-73.91,8
Sep,B02617,40.61,-73.9,3
Sep,B02617,40.61,-73.82000000000001,2
Sep,B02617,40.61,-73.74,4
Sep,B02617,40.61,-73.73,4
Sep,B02617,40.61,-73.72,1
Sep,B02617,40.61,-73.71000000000001,2
Sep,B02617,40.62,-74.10000000000001,4
Sep,B02617,40.62,-74.09,1
Sep,B02617,40.62,-74.08,3
Sep,B02617,40.62,-74.07000000000001,1
Sep,B02617,40.62,-74.06,2
Sep,B02617,40.62,-74.04,41
Sep,B02617,40.62,-74.03,169
Sep,B02617,40.62,-74.02,85
Sep,B02617,40.62,-74.01,25
Sep,B02617,40.62,-74,28
Sep,B02617,40.62,-73.99,27
Sep,B02617,40.62,-73.98,14
Sep,B02617,40.62,-73.97,79
Sep,B02617,40.62,-73.96000000000001,54
Sep,B02617,40.62,-73.95,50
Sep,B02617,40.62,-73.94,33
Sep,B02617,40.62,-73.93,37
Sep,B02617,40.62,-73.92,22
Sep,B02617,40.62,-73.91,20
Sep,B02617,40.62,-73.9,2
Sep,B02617,40.62,-73.75,2
Sep,B02617,40.62,-73.74,2
Sep,B02617,40.62,-73.73,2
Sep,B02617,40.62,-73.72,4
Sep,B02617,40.62,-73.71000000000001,3
Sep,B02617,40.63,-74.15,2
Sep,B02617,40.63,-74.11,6
Sep,B02617,40.63,-74.10000000000001,2
Sep,B02617,40.63,-74.09,2
Sep,B02617,40.63,-74.08,1
Sep,B02617,40.63,-74.04,23
Sep,B02617,40.63,-74.03,132
Sep,B02617,40.63,-74.02,125
Sep,B02617,40.63,-74.01,60
Sep,B02617,40.63,-74,26
Sep,B02617,40.63,-73.99,16
Sep,B02617,40.63,-73.98,31
Sep,B02617,40.63,-73.97,117
Sep,B02617,40.63,-73.96000000000001,104
Sep,B02617,40.63,-73.95,120
Sep,B02617,40.63,-73.94,41
Sep,B02617,40.63,-73.93,28
Sep,B02617,40.63,-73.92,32
Sep,B02617,40.63,-73.91,13
Sep,B02617,40.63,-73.9,8
Sep,B02617,40.63,-73.89,12
Sep,B02617,40.63,-73.88,1
Sep,B02617,40.63,-73.78,1
Sep,B02617,40.63,-73.74,2
Sep,B02617,40.63,-73.73,2
Sep,B02617,40.63,-73.72,6
Sep,B02617,40.63,-73.71000000000001,4
Sep,B02617,40.63,-73.7,1
Sep,B02617,40.64,-74.15,2
Sep,B02617,40.64,-74.10000000000001,2
Sep,B02617,40.64,-74.09,1
Sep,B02617,40.64,-74.08,6
Sep,B02617,40.64,-74.07000000000001,2
Sep,B02617,40.64,-74.04,9
Sep,B02617,40.64,-74.03,70
Sep,B02617,40.64,-74.02,73
Sep,B02617,40.64,-74.01,36
Sep,B02617,40.64,-74,75
Sep,B02617,40.64,-73.99,40
Sep,B02617,40.64,-73.98,85
Sep,B02617,40.64,-73.97,220
Sep,B02617,40.64,-73.96000000000001,191
Sep,B02617,40.64,-73.95,81
Sep,B02617,40.64,-73.94,34
Sep,B02617,40.64,-73.93,16
Sep,B02617,40.64,-73.92,27
Sep,B02617,40.64,-73.91,30
Sep,B02617,40.64,-73.9,13
Sep,B02617,40.64,-73.89,9
Sep,B02617,40.64,-73.88,5
Sep,B02617,40.64,-73.8,6
Sep,B02617,40.64,-73.79,1176
Sep,B02617,40.64,-73.78,3247
Sep,B02617,40.64,-73.74,5
Sep,B02617,40.64,-73.73,2
Sep,B02617,40.64,-73.72,4
Sep,B02617,40.64,-73.71000000000001,3
Sep,B02617,40.64,-73.7,2
Sep,B02617,40.65,-74.14,2
Sep,B02617,40.65,-74.13,1
Sep,B02617,40.65,-74.09,1
Sep,B02617,40.65,-74.08,2
Sep,B02617,40.65,-74.02,52
Sep,B02617,40.65,-74.01,116
Sep,B02617,40.65,-74,95
Sep,B02617,40.65,-73.99,4
Sep,B02617,40.65,-73.98,164
Sep,B02617,40.65,-73.97,205
Sep,B02617,40.65,-73.96000000000001,360
Sep,B02617,40.65,-73.95,129
Sep,B02617,40.65,-73.94,38
Sep,B02617,40.65,-73.93,22
Sep,B02617,40.65,-73.92,28
Sep,B02617,40.65,-73.91,31
Sep,B02617,40.65,-73.9,15
Sep,B02617,40.65,-73.89,12
Sep,B02617,40.65,-73.88,12
Sep,B02617,40.65,-73.87,6
Sep,B02617,40.65,-73.84,17
Sep,B02617,40.65,-73.81,10
Sep,B02617,40.65,-73.8,21
Sep,B02617,40.65,-73.79,1563
Sep,B02617,40.65,-73.78,2806
Sep,B02617,40.65,-73.77,2
Sep,B02617,40.65,-73.76,1
Sep,B02617,40.65,-73.74,2
Sep,B02617,40.65,-73.73,6
Sep,B02617,40.65,-73.72,2
Sep,B02617,40.65,-73.71000000000001,2
Sep,B02617,40.65,-73.7,4
Sep,B02617,40.660000000000004,-74.13,2
Sep,B02617,40.660000000000004,-74.12,2
Sep,B02617,40.660000000000004,-74.11,1
Sep,B02617,40.660000000000004,-74.10000000000001,1
Sep,B02617,40.660000000000004,-74.09,7
Sep,B02617,40.660000000000004,-74.01,121
Sep,B02617,40.660000000000004,-74,211
Sep,B02617,40.660000000000004,-73.99,466
Sep,B02617,40.660000000000004,-73.98,539
Sep,B02617,40.660000000000004,-73.97,31
Sep,B02617,40.660000000000004,-73.96000000000001,332
Sep,B02617,40.660000000000004,-73.95,243
Sep,B02617,40.660000000000004,-73.94,158
Sep,B02617,40.660000000000004,-73.93,77
Sep,B02617,40.660000000000004,-73.92,53
Sep,B02617,40.660000000000004,-73.91,28
Sep,B02617,40.660000000000004,-73.9,13
Sep,B02617,40.660000000000004,-73.89,23
Sep,B02617,40.660000000000004,-73.88,6
Sep,B02617,40.660000000000004,-73.87,6
Sep,B02617,40.660000000000004,-73.86,2
Sep,B02617,40.660000000000004,-73.85000000000001,8
Sep,B02617,40.660000000000004,-73.84,19
Sep,B02617,40.660000000000004,-73.83,18
Sep,B02617,40.660000000000004,-73.82000000000001,5
Sep,B02617,40.660000000000004,-73.81,15
Sep,B02617,40.660000000000004,-73.8,49
Sep,B02617,40.660000000000004,-73.79,14
Sep,B02617,40.660000000000004,-73.78,1
Sep,B02617,40.660000000000004,-73.77,8
Sep,B02617,40.660000000000004,-73.76,4
Sep,B02617,40.660000000000004,-73.75,4
Sep,B02617,40.660000000000004,-73.74,7
Sep,B02617,40.660000000000004,-73.73,7
Sep,B02617,40.660000000000004,-73.72,9
Sep,B02617,40.660000000000004,-73.71000000000001,1
Sep,B02617,40.660000000000004,-73.7,3
Sep,B02617,40.67,-74.12,6
Sep,B02617,40.67,-74.11,5
Sep,B02617,40.67,-74.10000000000001,8
Sep,B02617,40.67,-74.08,1
Sep,B02617,40.67,-74.02,70
Sep,B02617,40.67,-74.01,283
Sep,B02617,40.67,-74,166
Sep,B02617,40.67,-73.99,785
Sep,B02617,40.67,-73.98,1226
Sep,B02617,40.67,-73.97,552
Sep,B02617,40.67,-73.96000000000001,830
Sep,B02617,40.67,-73.95,454
Sep,B02617,40.67,-73.94,229
Sep,B02617,40.67,-73.93,130
Sep,B02617,40.67,-73.92,74
Sep,B02617,40.67,-73.91,31
Sep,B02617,40.67,-73.9,15
Sep,B02617,40.67,-73.89,17
Sep,B02617,40.67,-73.88,14
Sep,B02617,40.67,-73.87,21
Sep,B02617,40.67,-73.86,12
Sep,B02617,40.67,-73.85000000000001,17
Sep,B02617,40.67,-73.84,20
Sep,B02617,40.67,-73.83,12
Sep,B02617,40.67,-73.82000000000001,12
Sep,B02617,40.67,-73.81,38
Sep,B02617,40.67,-73.8,60
Sep,B02617,40.67,-73.79,27
Sep,B02617,40.67,-73.78,33
Sep,B02617,40.67,-73.77,5
Sep,B02617,40.67,-73.76,8
Sep,B02617,40.67,-73.75,7
Sep,B02617,40.67,-73.74,2
Sep,B02617,40.67,-73.73,6
Sep,B02617,40.67,-73.71000000000001,2
Sep,B02617,40.68,-74.11,4
Sep,B02617,40.68,-74.10000000000001,2
Sep,B02617,40.68,-74.09,4
Sep,B02617,40.68,-74.02,179
Sep,B02617,40.68,-74.01,417
Sep,B02617,40.68,-74,871
Sep,B02617,40.68,-73.99,848
Sep,B02617,40.68,-73.98,1578
Sep,B02617,40.68,-73.97,1149
Sep,B02617,40.68,-73.96000000000001,1229
Sep,B02617,40.68,-73.95,681
Sep,B02617,40.68,-73.94,445
Sep,B02617,40.68,-73.93,298
Sep,B02617,40.68,-73.92,164
Sep,B02617,40.68,-73.91,135
Sep,B02617,40.68,-73.9,41
Sep,B02617,40.68,-73.89,19
Sep,B02617,40.68,-73.88,19
Sep,B02617,40.68,-73.87,24
Sep,B02617,40.68,-73.86,21
Sep,B02617,40.68,-73.85000000000001,25
Sep,B02617,40.68,-73.84,27
Sep,B02617,40.68,-73.83,9
Sep,B02617,40.68,-73.82000000000001,10
Sep,B02617,40.68,-73.81,8
Sep,B02617,40.68,-73.8,15
Sep,B02617,40.68,-73.79,8
Sep,B02617,40.68,-73.78,11
Sep,B02617,40.68,-73.77,8
Sep,B02617,40.68,-73.76,3
Sep,B02617,40.68,-73.75,6
Sep,B02617,40.68,-73.74,6
Sep,B02617,40.68,-73.73,7
Sep,B02617,40.68,-73.71000000000001,1
Sep,B02617,40.69,-74.11,1
Sep,B02617,40.69,-74.10000000000001,1
Sep,B02617,40.69,-74.09,2
Sep,B02617,40.69,-74.07000000000001,7
Sep,B02617,40.69,-74.06,1
Sep,B02617,40.69,-74.02,1
Sep,B02617,40.69,-74.01,1
Sep,B02617,40.69,-74,1117
Sep,B02617,40.69,-73.99,2121
Sep,B02617,40.69,-73.98,1438
Sep,B02617,40.69,-73.97,1473
Sep,B02617,40.69,-73.96000000000001,1064
Sep,B02617,40.69,-73.95,631
Sep,B02617,40.69,-73.94,488
Sep,B02617,40.69,-73.93,380
Sep,B02617,40.69,-73.92,454
Sep,B02617,40.69,-73.91,302
Sep,B02617,40.69,-73.9,16
Sep,B02617,40.69,-73.88,3
Sep,B02617,40.69,-73.87,10
Sep,B02617,40.69,-73.86,17
Sep,B02617,40.69,-73.85000000000001,26
Sep,B02617,40.69,-73.84,7
Sep,B02617,40.69,-73.83,22
Sep,B02617,40.69,-73.82000000000001,23
Sep,B02617,40.69,-73.81,19
Sep,B02617,40.69,-73.8,16
Sep,B02617,40.69,-73.79,5
Sep,B02617,40.69,-73.78,9
Sep,B02617,40.69,-73.77,3
Sep,B02617,40.69,-73.76,7
Sep,B02617,40.69,-73.75,4
Sep,B02617,40.69,-73.74,14
Sep,B02617,40.69,-73.73,1
Sep,B02617,40.69,-73.72,4
Sep,B02617,40.69,-73.71000000000001,4
Sep,B02617,40.7,-74.12,1
Sep,B02617,40.7,-74.10000000000001,4
Sep,B02617,40.7,-74.09,4
Sep,B02617,40.7,-74.08,3
Sep,B02617,40.7,-74.07000000000001,6
Sep,B02617,40.7,-74.06,1
Sep,B02617,40.7,-74.02,114
Sep,B02617,40.7,-74.01,2008
Sep,B02617,40.7,-74,338
Sep,B02617,40.7,-73.99,2029
Sep,B02617,40.7,-73.98,630
Sep,B02617,40.7,-73.97,368
Sep,B02617,40.7,-73.96000000000001,167
Sep,B02617,40.7,-73.95,255
Sep,B02617,40.7,-73.94,460
Sep,B02617,40.7,-73.93,1043
Sep,B02617,40.7,-73.92,599
Sep,B02617,40.7,-73.91,208
Sep,B02617,40.7,-73.9,78
Sep,B02617,40.7,-73.89,30
Sep,B02617,40.7,-73.88,25
Sep,B02617,40.7,-73.87,14
Sep,B02617,40.7,-73.86,14
Sep,B02617,40.7,-73.85000000000001,18
Sep,B02617,40.7,-73.84,14
Sep,B02617,40.7,-73.83,33
Sep,B02617,40.7,-73.82000000000001,31
Sep,B02617,40.7,-73.81,89
Sep,B02617,40.7,-73.8,27
Sep,B02617,40.7,-73.79,1
Sep,B02617,40.7,-73.78,3
Sep,B02617,40.7,-73.77,4
Sep,B02617,40.7,-73.76,6
Sep,B02617,40.7,-73.75,9
Sep,B02617,40.7,-73.74,9
Sep,B02617,40.7,-73.73,4
Sep,B02617,40.7,-73.72,12
Sep,B02617,40.7,-73.71000000000001,5
Sep,B02617,40.71,-74.15,1
Sep,B02617,40.71,-74.11,1
Sep,B02617,40.71,-74.10000000000001,3
Sep,B02617,40.71,-74.09,9
Sep,B02617,40.71,-74.08,3
Sep,B02617,40.71,-74.07000000000001,5
Sep,B02617,40.71,-74.06,26
Sep,B02617,40.71,-74.05,3
Sep,B02617,40.71,-74.04,99
Sep,B02617,40.71,-74.03,27
Sep,B02617,40.71,-74.02,1776
Sep,B02617,40.71,-74.01,8141
Sep,B02617,40.71,-74,1571
Sep,B02617,40.71,-73.99,797
Sep,B02617,40.71,-73.98,356
Sep,B02617,40.71,-73.97,928
Sep,B02617,40.71,-73.96000000000001,2280
Sep,B02617,40.71,-73.95,1827
Sep,B02617,40.71,-73.94,1278
Sep,B02617,40.71,-73.93,428
Sep,B02617,40.71,-73.92,423
Sep,B02617,40.71,-73.91,67
Sep,B02617,40.71,-73.9,55
Sep,B02617,40.71,-73.89,11
Sep,B02617,40.71,-73.88,16
Sep,B02617,40.71,-73.87,22
Sep,B02617,40.71,-73.86,19
Sep,B02617,40.71,-73.85000000000001,46
Sep,B02617,40.71,-73.84,37
Sep,B02617,40.71,-73.83,139
Sep,B02617,40.71,-73.82000000000001,82
Sep,B02617,40.71,-73.81,27
Sep,B02617,40.71,-73.8,47
Sep,B02617,40.71,-73.79,38
Sep,B02617,40.71,-73.78,23
Sep,B02617,40.71,-73.77,9
Sep,B02617,40.71,-73.76,9
Sep,B02617,40.71,-73.75,7
Sep,B02617,40.71,-73.74,7
Sep,B02617,40.71,-73.73,2
Sep,B02617,40.71,-73.72,8
Sep,B02617,40.71,-73.71000000000001,2
Sep,B02617,40.72,-74.14,3
Sep,B02617,40.72,-74.13,1
Sep,B02617,40.72,-74.10000000000001,1
Sep,B02617,40.72,-74.09,19
Sep,B02617,40.72,-74.08,20
Sep,B02617,40.72,-74.07000000000001,30
Sep,B02617,40.72,-74.06,36
Sep,B02617,40.72,-74.05,134
Sep,B02617,40.72,-74.04,285
Sep,B02617,40.72,-74.03,136
Sep,B02617,40.72,-74.02,740
Sep,B02617,40.72,-74.01,8761
Sep,B02617,40.72,-74,13243
Sep,B02617,40.72,-73.99,9606
Sep,B02617,40.72,-73.98,3276
Sep,B02617,40.72,-73.97,114
Sep,B02617,40.72,-73.96000000000001,3919
Sep,B02617,40.72,-73.95,1814
Sep,B02617,40.72,-73.94,873
Sep,B02617,40.72,-73.93,10
Sep,B02617,40.72,-73.92,7
Sep,B02617,40.72,-73.91,35
Sep,B02617,40.72,-73.9,42
Sep,B02617,40.72,-73.89,16
Sep,B02617,40.72,-73.88,27
Sep,B02617,40.72,-73.87,33
Sep,B02617,40.72,-73.86,66
Sep,B02617,40.72,-73.85000000000001,178
Sep,B02617,40.72,-73.84,208
Sep,B02617,40.72,-73.83,29
Sep,B02617,40.72,-73.82000000000001,43
Sep,B02617,40.72,-73.81,49
Sep,B02617,40.72,-73.8,82
Sep,B02617,40.72,-73.79,43
Sep,B02617,40.72,-73.78,13
Sep,B02617,40.72,-73.77,3
Sep,B02617,40.72,-73.76,4
Sep,B02617,40.72,-73.75,6
Sep,B02617,40.72,-73.74,10
Sep,B02617,40.72,-73.73,6
Sep,B02617,40.72,-73.72,5
Sep,B02617,40.72,-73.71000000000001,1
Sep,B02617,40.72,-73.7,3
Sep,B02617,40.730000000000004,-74.15,1
Sep,B02617,40.730000000000004,-74.14,2
Sep,B02617,40.730000000000004,-74.13,1
Sep,B02617,40.730000000000004,-74.11,2
Sep,B02617,40.730000000000004,-74.10000000000001,1
Sep,B02617,40.730000000000004,-74.09,1
Sep,B02617,40.730000000000004,-74.08,15
Sep,B02617,40.730000000000004,-74.07000000000001,61
Sep,B02617,40.730000000000004,-74.06,68
Sep,B02617,40.730000000000004,-74.05,95
Sep,B02617,40.730000000000004,-74.04,162
Sep,B02617,40.730000000000004,-74.03,124
Sep,B02617,40.730000000000004,-74.01,5704
Sep,B02617,40.730000000000004,-74,12869
Sep,B02617,40.730000000000004,-73.99,11951
Sep,B02617,40.730000000000004,-73.98,5943
Sep,B02617,40.730000000000004,-73.97,204
Sep,B02617,40.730000000000004,-73.96000000000001,1038
Sep,B02617,40.730000000000004,-73.95,874
Sep,B02617,40.730000000000004,-73.94,382
Sep,B02617,40.730000000000004,-73.93,3
Sep,B02617,40.730000000000004,-73.92,15
Sep,B02617,40.730000000000004,-73.91,22
Sep,B02617,40.730000000000004,-73.9,45
Sep,B02617,40.730000000000004,-73.89,25
Sep,B02617,40.730000000000004,-73.88,42
Sep,B02617,40.730000000000004,-73.87,74
Sep,B02617,40.730000000000004,-73.86,148
Sep,B02617,40.730000000000004,-73.85000000000001,139
Sep,B02617,40.730000000000004,-73.84,9
Sep,B02617,40.730000000000004,-73.83,20
Sep,B02617,40.730000000000004,-73.82000000000001,41
Sep,B02617,40.730000000000004,-73.81,42
Sep,B02617,40.730000000000004,-73.8,16
Sep,B02617,40.730000000000004,-73.79,26
Sep,B02617,40.730000000000004,-73.78,14
Sep,B02617,40.730000000000004,-73.77,4
Sep,B02617,40.730000000000004,-73.76,3
Sep,B02617,40.730000000000004,-73.75,4
Sep,B02617,40.730000000000004,-73.74,9
Sep,B02617,40.730000000000004,-73.73,7
Sep,B02617,40.730000000000004,-73.72,10
Sep,B02617,40.730000000000004,-73.71000000000001,8
Sep,B02617,40.730000000000004,-73.7,2
Sep,B02617,40.74,-74.15,1
Sep,B02617,40.74,-74.13,1
Sep,B02617,40.74,-74.12,2
Sep,B02617,40.74,-74.08,3
Sep,B02617,40.74,-74.07000000000001,25
Sep,B02617,40.74,-74.06,32
Sep,B02617,40.74,-74.05,67
Sep,B02617,40.74,-74.04,325
Sep,B02617,40.74,-74.03,608
Sep,B02617,40.74,-74.01,7911
Sep,B02617,40.74,-74,11133
Sep,B02617,40.74,-73.99,15328
Sep,B02617,40.74,-73.98,7275
Sep,B02617,40.74,-73.97,1232
Sep,B02617,40.74,-73.96000000000001,479
Sep,B02617,40.74,-73.95,478
Sep,B02617,40.74,-73.94,165
Sep,B02617,40.74,-73.93,210
Sep,B02617,40.74,-73.92,351
Sep,B02617,40.74,-73.91,63
Sep,B02617,40.74,-73.9,77
Sep,B02617,40.74,-73.89,91
Sep,B02617,40.74,-73.88,84
Sep,B02617,40.74,-73.87,51
Sep,B02617,40.74,-73.86,71
Sep,B02617,40.74,-73.85000000000001,47
Sep,B02617,40.74,-73.84,360
Sep,B02617,40.74,-73.83,27
Sep,B02617,40.74,-73.82000000000001,20
Sep,B02617,40.74,-73.81,26
Sep,B02617,40.74,-73.8,9
Sep,B02617,40.74,-73.79,13
Sep,B02617,40.74,-73.78,10
Sep,B02617,40.74,-73.77,3
Sep,B02617,40.74,-73.76,9
Sep,B02617,40.74,-73.75,9
Sep,B02617,40.74,-73.74,2
Sep,B02617,40.74,-73.72,9
Sep,B02617,40.74,-73.71000000000001,10
Sep,B02617,40.74,-73.7,1
Sep,B02617,40.75,-74.15,2
Sep,B02617,40.75,-74.06,5
Sep,B02617,40.75,-74.05,28
Sep,B02617,40.75,-74.04,103
Sep,B02617,40.75,-74.03,478
Sep,B02617,40.75,-74.02,67
Sep,B02617,40.75,-74.01,2871
Sep,B02617,40.75,-74,6048
Sep,B02617,40.75,-73.99,14784
Sep,B02617,40.75,-73.98,12605
Sep,B02617,40.75,-73.97,5699
Sep,B02617,40.75,-73.96000000000001,644
Sep,B02617,40.75,-73.95,509
Sep,B02617,40.75,-73.94,779
Sep,B02617,40.75,-73.93,233
Sep,B02617,40.75,-73.92,187
Sep,B02617,40.75,-73.91,162
Sep,B02617,40.75,-73.9,105
Sep,B02617,40.75,-73.89,198
Sep,B02617,40.75,-73.88,120
Sep,B02617,40.75,-73.87,34
Sep,B02617,40.75,-73.86,48
Sep,B02617,40.75,-73.85000000000001,452
Sep,B02617,40.75,-73.84,74
Sep,B02617,40.75,-73.83,45
Sep,B02617,40.75,-73.82000000000001,32
Sep,B02617,40.75,-73.81,4
Sep,B02617,40.75,-73.8,6
Sep,B02617,40.75,-73.79,7
Sep,B02617,40.75,-73.78,3
Sep,B02617,40.75,-73.77,5
Sep,B02617,40.75,-73.76,10
Sep,B02617,40.75,-73.75,6
Sep,B02617,40.75,-73.74,3
Sep,B02617,40.75,-73.73,2
Sep,B02617,40.75,-73.72,21
Sep,B02617,40.75,-73.71000000000001,19
Sep,B02617,40.75,-73.7,3
Sep,B02617,40.76,-74.08,15
Sep,B02617,40.76,-74.07000000000001,4
Sep,B02617,40.76,-74.06,1
Sep,B02617,40.76,-74.05,6
Sep,B02617,40.76,-74.04,10
Sep,B02617,40.76,-74.03,60
Sep,B02617,40.76,-74.02,56
Sep,B02617,40.76,-74.01,7
Sep,B02617,40.76,-74,4621
Sep,B02617,40.76,-73.99,9547
Sep,B02617,40.76,-73.98,16243
Sep,B02617,40.76,-73.97,16034
Sep,B02617,40.76,-73.96000000000001,3517
Sep,B02617,40.76,-73.95,289
Sep,B02617,40.76,-73.94,87
Sep,B02617,40.76,-73.93,387
Sep,B02617,40.76,-73.92,619
Sep,B02617,40.76,-73.91,289
Sep,B02617,40.76,-73.9,66
Sep,B02617,40.76,-73.89,63
Sep,B02617,40.76,-73.88,47
Sep,B02617,40.76,-73.87,23
Sep,B02617,40.76,-73.86,36
Sep,B02617,40.76,-73.85000000000001,18
Sep,B02617,40.76,-73.84,85
Sep,B02617,40.76,-73.83,225
Sep,B02617,40.76,-73.82000000000001,26
Sep,B02617,40.76,-73.81,22
Sep,B02617,40.76,-73.8,15
Sep,B02617,40.76,-73.79,16
Sep,B02617,40.76,-73.78,14
Sep,B02617,40.76,-73.77,44
Sep,B02617,40.76,-73.76,15
Sep,B02617,40.76,-73.75,4
Sep,B02617,40.76,-73.74,2
Sep,B02617,40.76,-73.73,5
Sep,B02617,40.76,-73.72,3
Sep,B02617,40.76,-73.71000000000001,7
Sep,B02617,40.76,-73.7,5
Sep,B02617,40.77,-74.14,1
Sep,B02617,40.77,-74.08,1
Sep,B02617,40.77,-74.06,4
Sep,B02617,40.77,-74.05,1
Sep,B02617,40.77,-74.04,16
Sep,B02617,40.77,-74.03,28
Sep,B02617,40.77,-74.02,36
Sep,B02617,40.77,-74.01,7
Sep,B02617,40.77,-74,219
Sep,B02617,40.77,-73.99,3818
Sep,B02617,40.77,-73.98,6707
Sep,B02617,40.77,-73.97,3064
Sep,B02617,40.77,-73.96000000000001,7161
Sep,B02617,40.77,-73.95,3902
Sep,B02617,40.77,-73.94,116
Sep,B02617,40.77,-73.93,286
Sep,B02617,40.77,-73.92,575
Sep,B02617,40.77,-73.91,350
Sep,B02617,40.77,-73.9,126
Sep,B02617,40.77,-73.89,855
Sep,B02617,40.77,-73.88,200
Sep,B02617,40.77,-73.87,5135
Sep,B02617,40.77,-73.86,2009
Sep,B02617,40.77,-73.85000000000001,1
Sep,B02617,40.77,-73.84,15
Sep,B02617,40.77,-73.83,30
Sep,B02617,40.77,-73.82000000000001,18
Sep,B02617,40.77,-73.81,7
Sep,B02617,40.77,-73.8,4
Sep,B02617,40.77,-73.79,3
Sep,B02617,40.77,-73.78,13
Sep,B02617,40.77,-73.77,10
Sep,B02617,40.77,-73.76,1
Sep,B02617,40.77,-73.75,9
Sep,B02617,40.77,-73.74,6
Sep,B02617,40.77,-73.73,3
Sep,B02617,40.77,-73.72,5
Sep,B02617,40.77,-73.71000000000001,3
Sep,B02617,40.77,-73.7,7
Sep,B02617,40.78,-74.08,1
Sep,B02617,40.78,-74.07000000000001,5
Sep,B02617,40.78,-74.06,3
Sep,B02617,40.78,-74.05,4
Sep,B02617,40.78,-74.04,3
Sep,B02617,40.78,-74.03,5
Sep,B02617,40.78,-74.02,21
Sep,B02617,40.78,-74.01,35
Sep,B02617,40.78,-74,5
Sep,B02617,40.78,-73.99,1267
Sep,B02617,40.78,-73.98,5448
Sep,B02617,40.78,-73.97,961
Sep,B02617,40.78,-73.96000000000001,4569
Sep,B02617,40.78,-73.95,4653
Sep,B02617,40.78,-73.94,309
Sep,B02617,40.78,-73.93,43
Sep,B02617,40.78,-73.92,131
Sep,B02617,40.78,-73.91,264
Sep,B02617,40.78,-73.9,49
Sep,B02617,40.78,-73.86,1
Sep,B02617,40.78,-73.85000000000001,10
Sep,B02617,40.78,-73.84,14
Sep,B02617,40.78,-73.83,9
Sep,B02617,40.78,-73.82000000000001,9
Sep,B02617,40.78,-73.81,12
Sep,B02617,40.78,-73.8,6
Sep,B02617,40.78,-73.79,13
Sep,B02617,40.78,-73.78,23
Sep,B02617,40.78,-73.77,6
Sep,B02617,40.78,-73.75,1
Sep,B02617,40.78,-73.73,5
Sep,B02617,40.78,-73.72,6
Sep,B02617,40.78,-73.71000000000001,7
Sep,B02617,40.78,-73.7,10
Sep,B02617,40.79,-74.15,1
Sep,B02617,40.79,-74.14,2
Sep,B02617,40.79,-74.10000000000001,1
Sep,B02617,40.79,-74.07000000000001,5
Sep,B02617,40.79,-74.06,2
Sep,B02617,40.79,-74.05,8
Sep,B02617,40.79,-74.04,36
Sep,B02617,40.79,-74.02,8
Sep,B02617,40.79,-74.01,13
Sep,B02617,40.79,-74,19
Sep,B02617,40.79,-73.99,1
Sep,B02617,40.79,-73.98,2133
Sep,B02617,40.79,-73.97,2919
Sep,B02617,40.79,-73.96000000000001,396
Sep,B02617,40.79,-73.95,1022
Sep,B02617,40.79,-73.94,342
Sep,B02617,40.79,-73.93,47
Sep,B02617,40.79,-73.92,51
Sep,B02617,40.79,-73.85000000000001,2
Sep,B02617,40.79,-73.84,23
Sep,B02617,40.79,-73.83,7
Sep,B02617,40.79,-73.82000000000001,8
Sep,B02617,40.79,-73.81,8
Sep,B02617,40.79,-73.8,14
Sep,B02617,40.79,-73.79,8
Sep,B02617,40.79,-73.78,2
Sep,B02617,40.79,-73.77,1
Sep,B02617,40.79,-73.74,1
Sep,B02617,40.79,-73.73,29
Sep,B02617,40.79,-73.72,2
Sep,B02617,40.79,-73.71000000000001,2
Sep,B02617,40.79,-73.7,3
Sep,B02617,40.800000000000004,-74.15,1
Sep,B02617,40.800000000000004,-74.13,1
Sep,B02617,40.800000000000004,-74.11,1
Sep,B02617,40.800000000000004,-74.10000000000001,4
Sep,B02617,40.800000000000004,-74.07000000000001,5
Sep,B02617,40.800000000000004,-74.06,9
Sep,B02617,40.800000000000004,-74.03,2
Sep,B02617,40.800000000000004,-74.02,2
Sep,B02617,40.800000000000004,-74.01,7
Sep,B02617,40.800000000000004,-74,11
Sep,B02617,40.800000000000004,-73.99,12
Sep,B02617,40.800000000000004,-73.98,92
Sep,B02617,40.800000000000004,-73.97,1534
Sep,B02617,40.800000000000004,-73.96000000000001,785
Sep,B02617,40.800000000000004,-73.95,581
Sep,B02617,40.800000000000004,-73.94,425
Sep,B02617,40.800000000000004,-73.93,216
Sep,B02617,40.800000000000004,-73.92,19
Sep,B02617,40.800000000000004,-73.91,15
Sep,B02617,40.800000000000004,-73.87,1
Sep,B02617,40.800000000000004,-73.85000000000001,3
Sep,B02617,40.800000000000004,-73.82000000000001,3
Sep,B02617,40.800000000000004,-73.81,1
Sep,B02617,40.800000000000004,-73.75,1
Sep,B02617,40.800000000000004,-73.74,1
Sep,B02617,40.800000000000004,-73.73,1
Sep,B02617,40.800000000000004,-73.72,2
Sep,B02617,40.800000000000004,-73.71000000000001,3
Sep,B02617,40.800000000000004,-73.7,1
Sep,B02617,40.81,-74.15,1
Sep,B02617,40.81,-74.14,3
Sep,B02617,40.81,-74.12,5
Sep,B02617,40.81,-74.11,2
Sep,B02617,40.81,-74.10000000000001,14
Sep,B02617,40.81,-74.09,1
Sep,B02617,40.81,-74.08,35
Sep,B02617,40.81,-74.07000000000001,55
Sep,B02617,40.81,-74.01,6
Sep,B02617,40.81,-74,5
Sep,B02617,40.81,-73.99,24
Sep,B02617,40.81,-73.98,2
Sep,B02617,40.81,-73.97,183
Sep,B02617,40.81,-73.96000000000001,995
Sep,B02617,40.81,-73.95,715
Sep,B02617,40.81,-73.94,580
Sep,B02617,40.81,-73.93,93
Sep,B02617,40.81,-73.92,53
Sep,B02617,40.81,-73.91,21
Sep,B02617,40.81,-73.9,10
Sep,B02617,40.81,-73.89,9
Sep,B02617,40.81,-73.86,10
Sep,B02617,40.81,-73.85000000000001,5
Sep,B02617,40.81,-73.84,1
Sep,B02617,40.81,-73.83,2
Sep,B02617,40.81,-73.82000000000001,1
Sep,B02617,40.81,-73.81,3
Sep,B02617,40.81,-73.8,2
Sep,B02617,40.81,-73.76,1
Sep,B02617,40.81,-73.75,1
Sep,B02617,40.81,-73.73,1
Sep,B02617,40.81,-73.7,1
Sep,B02617,40.82,-74.15,1
Sep,B02617,40.82,-74.14,2
Sep,B02617,40.82,-74.12,5
Sep,B02617,40.82,-74.09,1
Sep,B02617,40.82,-74.08,4
Sep,B02617,40.82,-74.07000000000001,5
Sep,B02617,40.82,-74.03,1
Sep,B02617,40.82,-74.02,1
Sep,B02617,40.82,-74.01,2
Sep,B02617,40.82,-73.99,5
Sep,B02617,40.82,-73.98,6
Sep,B02617,40.82,-73.97,3
Sep,B02617,40.82,-73.96000000000001,235
Sep,B02617,40.82,-73.95,430
Sep,B02617,40.82,-73.94,542
Sep,B02617,40.82,-73.93,80
Sep,B02617,40.82,-73.92,54
Sep,B02617,40.82,-73.91,38
Sep,B02617,40.82,-73.9,22
Sep,B02617,40.82,-73.89,20
Sep,B02617,40.82,-73.88,14
Sep,B02617,40.82,-73.87,8
Sep,B02617,40.82,-73.86,18
Sep,B02617,40.82,-73.85000000000001,8
Sep,B02617,40.82,-73.84,5
Sep,B02617,40.82,-73.82000000000001,8
Sep,B02617,40.82,-73.81,2
Sep,B02617,40.82,-73.8,1
Sep,B02617,40.82,-73.75,1
Sep,B02617,40.82,-73.73,2
Sep,B02617,40.82,-73.7,1
Sep,B02617,40.83,-74.14,6
Sep,B02617,40.83,-74.13,4
Sep,B02617,40.83,-74.11,5
Sep,B02617,40.83,-74.10000000000001,14
Sep,B02617,40.83,-74.09,2
Sep,B02617,40.83,-74.08,3
Sep,B02617,40.83,-74.06,5
Sep,B02617,40.83,-74.05,1
Sep,B02617,40.83,-74.04,1
Sep,B02617,40.83,-74,1
Sep,B02617,40.83,-73.98,13
Sep,B02617,40.83,-73.97,6
Sep,B02617,40.83,-73.96000000000001,2
Sep,B02617,40.83,-73.95,240
Sep,B02617,40.83,-73.94,338
Sep,B02617,40.83,-73.93,353
Sep,B02617,40.83,-73.92,168
Sep,B02617,40.83,-73.91,17
Sep,B02617,40.83,-73.9,27
Sep,B02617,40.83,-73.89,16
Sep,B02617,40.83,-73.88,9
Sep,B02617,40.83,-73.87,19
Sep,B02617,40.83,-73.86,22
Sep,B02617,40.83,-73.85000000000001,13
Sep,B02617,40.83,-73.84,2
Sep,B02617,40.83,-73.83,8
Sep,B02617,40.83,-73.82000000000001,6
Sep,B02617,40.83,-73.81,1
Sep,B02617,40.83,-73.75,1
Sep,B02617,40.84,-74.15,3
Sep,B02617,40.84,-74.13,2
Sep,B02617,40.84,-74.12,1
Sep,B02617,40.84,-74.11,3
Sep,B02617,40.84,-74.10000000000001,2
Sep,B02617,40.84,-74.09,2
Sep,B02617,40.84,-74.08,2
Sep,B02617,40.84,-74.07000000000001,5
Sep,B02617,40.84,-74.05,1
Sep,B02617,40.84,-74.01,1
Sep,B02617,40.84,-74,2
Sep,B02617,40.84,-73.99,6
Sep,B02617,40.84,-73.98,12
Sep,B02617,40.84,-73.97,19
Sep,B02617,40.84,-73.95,74
Sep,B02617,40.84,-73.94,419
Sep,B02617,40.84,-73.93,21
Sep,B02617,40.84,-73.92,44
Sep,B02617,40.84,-73.91,28
Sep,B02617,40.84,-73.9,20
Sep,B02617,40.84,-73.89,15
Sep,B02617,40.84,-73.88,21
Sep,B02617,40.84,-73.87,19
Sep,B02617,40.84,-73.86,28
Sep,B02617,40.84,-73.85000000000001,16
Sep,B02617,40.84,-73.84,12
Sep,B02617,40.84,-73.83,14
Sep,B02617,40.84,-73.82000000000001,7
Sep,B02617,40.84,-73.79,3
Sep,B02617,40.84,-73.78,4
Sep,B02617,40.84,-73.75,1
Sep,B02617,40.85,-74.15,1
Sep,B02617,40.85,-74.13,1
Sep,B02617,40.85,-74.12,2
Sep,B02617,40.85,-74.11,2
Sep,B02617,40.85,-74.10000000000001,1
Sep,B02617,40.85,-74.08,3
Sep,B02617,40.85,-74.07000000000001,9
Sep,B02617,40.85,-74.05,1
Sep,B02617,40.85,-74.03,2
Sep,B02617,40.85,-74.02,3
Sep,B02617,40.85,-74.01,6
Sep,B02617,40.85,-74,3
Sep,B02617,40.85,-73.99,4
Sep,B02617,40.85,-73.98,19
Sep,B02617,40.85,-73.97,26
Sep,B02617,40.85,-73.95,1
Sep,B02617,40.85,-73.94,377
Sep,B02617,40.85,-73.93,222
Sep,B02617,40.85,-73.92,12
Sep,B02617,40.85,-73.91,21
Sep,B02617,40.85,-73.9,17
Sep,B02617,40.85,-73.89,52
Sep,B02617,40.85,-73.88,13
Sep,B02617,40.85,-73.87,18
Sep,B02617,40.85,-73.86,32
Sep,B02617,40.85,-73.85000000000001,29
Sep,B02617,40.85,-73.84,29
Sep,B02617,40.85,-73.83,24
Sep,B02617,40.85,-73.82000000000001,3
Sep,B02617,40.85,-73.79,4
Sep,B02617,40.85,-73.71000000000001,1
Sep,B02617,40.86,-74.13,1
Sep,B02617,40.86,-74.09,1
Sep,B02617,40.86,-74.08,1
Sep,B02617,40.86,-74.07000000000001,1
Sep,B02617,40.86,-74.06,5
Sep,B02617,40.86,-74.03,2
Sep,B02617,40.86,-74.02,3
Sep,B02617,40.86,-74.01,1
Sep,B02617,40.86,-74,1
Sep,B02617,40.86,-73.99,2
Sep,B02617,40.86,-73.98,13
Sep,B02617,40.86,-73.97,29
Sep,B02617,40.86,-73.96000000000001,3
Sep,B02617,40.86,-73.94,53
Sep,B02617,40.86,-73.93,158
Sep,B02617,40.86,-73.92,37
Sep,B02617,40.86,-73.91,36
Sep,B02617,40.86,-73.9,27
Sep,B02617,40.86,-73.89,105
Sep,B02617,40.86,-73.88,50
Sep,B02617,40.86,-73.87,23
Sep,B02617,40.86,-73.86,10
Sep,B02617,40.86,-73.85000000000001,6
Sep,B02617,40.86,-73.84,9
Sep,B02617,40.86,-73.83,3
Sep,B02617,40.86,-73.82000000000001,1
Sep,B02617,40.86,-73.81,1
Sep,B02617,40.86,-73.79,1
Sep,B02617,40.86,-73.7,1
Sep,B02617,40.87,-74.12,1
Sep,B02617,40.87,-74.11,1
Sep,B02617,40.87,-74.09,1
Sep,B02617,40.87,-74.06,2
Sep,B02617,40.87,-74.02,1
Sep,B02617,40.87,-74.01,6
Sep,B02617,40.87,-74,5
Sep,B02617,40.87,-73.99,1
Sep,B02617,40.87,-73.98,3
Sep,B02617,40.87,-73.97,10
Sep,B02617,40.87,-73.96000000000001,11
Sep,B02617,40.87,-73.95,1
Sep,B02617,40.87,-73.93,84
Sep,B02617,40.87,-73.92,109
Sep,B02617,40.87,-73.91,47
Sep,B02617,40.87,-73.9,35
Sep,B02617,40.87,-73.89,21
Sep,B02617,40.87,-73.88,32
Sep,B02617,40.87,-73.87,5
Sep,B02617,40.87,-73.86,14
Sep,B02617,40.87,-73.85000000000001,15
Sep,B02617,40.87,-73.84,4
Sep,B02617,40.87,-73.83,13
Sep,B02617,40.87,-73.82000000000001,3
Sep,B02617,40.87,-73.81,12
Sep,B02617,40.87,-73.8,1
Sep,B02617,40.88,-74.13,1
Sep,B02617,40.88,-74.12,6
Sep,B02617,40.88,-74.09,2
Sep,B02617,40.88,-74.08,1
Sep,B02617,40.88,-74.07000000000001,3
Sep,B02617,40.88,-74.06,7
Sep,B02617,40.88,-74.04,2
Sep,B02617,40.88,-74.03,2
Sep,B02617,40.88,-74.01,1
Sep,B02617,40.88,-73.99,7
Sep,B02617,40.88,-73.98,9
Sep,B02617,40.88,-73.97,1
Sep,B02617,40.88,-73.96000000000001,1
Sep,B02617,40.88,-73.95,2
Sep,B02617,40.88,-73.92,38
Sep,B02617,40.88,-73.91,62
Sep,B02617,40.88,-73.9,52
Sep,B02617,40.88,-73.89,24
Sep,B02617,40.88,-73.88,40
Sep,B02617,40.88,-73.87,11
Sep,B02617,40.88,-73.86,9
Sep,B02617,40.88,-73.85000000000001,9
Sep,B02617,40.88,-73.84,18
Sep,B02617,40.88,-73.83,16
Sep,B02617,40.89,-74.11,1
Sep,B02617,40.89,-74.06,3
Sep,B02617,40.89,-74.05,2
Sep,B02617,40.89,-74.04,3
Sep,B02617,40.89,-74.03,1
Sep,B02617,40.89,-74.02,7
Sep,B02617,40.89,-74.01,2
Sep,B02617,40.89,-74,2
Sep,B02617,40.89,-73.99,1
Sep,B02617,40.89,-73.98,5
Sep,B02617,40.89,-73.97,8
Sep,B02617,40.89,-73.96000000000001,6
Sep,B02617,40.89,-73.95,11
Sep,B02617,40.89,-73.94,1
Sep,B02617,40.89,-73.92,9
Sep,B02617,40.89,-73.91,170
Sep,B02617,40.89,-73.9,163
Sep,B02617,40.89,-73.89,10
Sep,B02617,40.89,-73.88,8
Sep,B02617,40.89,-73.87,2
Sep,B02617,40.89,-73.86,9
Sep,B02617,40.89,-73.85000000000001,3
Sep,B02617,40.89,-73.84,6
Sep,B02617,40.89,-73.83,3
Sep,B02617,40.89,-73.81,1
Sep,B02617,40.89,-73.8,1
Sep,B02617,40.89,-73.79,5
Sep,B02617,40.89,-73.78,5
Sep,B02617,40.9,-74.14,1
Sep,B02617,40.9,-74.10000000000001,1
Sep,B02617,40.9,-74.09,1
Sep,B02617,40.9,-74.07000000000001,1
Sep,B02617,40.9,-74.05,1
Sep,B02617,40.9,-74.04,6
Sep,B02617,40.9,-74.03,5
Sep,B02617,40.9,-74,4
Sep,B02617,40.9,-73.99,1
Sep,B02617,40.9,-73.97,2
Sep,B02617,40.9,-73.96000000000001,6
Sep,B02617,40.9,-73.94,3
Sep,B02617,40.9,-73.91,34
Sep,B02617,40.9,-73.9,78
Sep,B02617,40.9,-73.89,4
Sep,B02617,40.9,-73.88,4
Sep,B02617,40.9,-73.87,11
Sep,B02617,40.9,-73.86,7
Sep,B02617,40.9,-73.85000000000001,4
Sep,B02617,40.9,-73.83,2
Sep,B02617,40.9,-73.82000000000001,2
Sep,B02617,40.9,-73.81,4
Sep,B02617,40.9,-73.79,1
Sep,B02617,40.9,-73.78,4
Sep,B02617,40.910000000000004,-74.12,1
Sep,B02617,40.910000000000004,-74.08,2
Sep,B02617,40.910000000000004,-74.06,1
Sep,B02617,40.910000000000004,-74.05,1
Sep,B02617,40.910000000000004,-74.04,2
Sep,B02617,40.910000000000004,-74.03,7
Sep,B02617,40.910000000000004,-74.01,3
Sep,B02617,40.910000000000004,-73.97,2
Sep,B02617,40.910000000000004,-73.96000000000001,4
Sep,B02617,40.910000000000004,-73.95,1
Sep,B02617,40.910000000000004,-73.91,15
Sep,B02617,40.910000000000004,-73.9,33
Sep,B02617,40.910000000000004,-73.89,5
Sep,B02617,40.910000000000004,-73.88,4
Sep,B02617,40.910000000000004,-73.87,3
Sep,B02617,40.910000000000004,-73.86,4
Sep,B02617,40.910000000000004,-73.85000000000001,5
Sep,B02617,40.910000000000004,-73.84,3
Sep,B02617,40.910000000000004,-73.83,2
Sep,B02617,40.910000000000004,-73.82000000000001,2
Sep,B02617,40.910000000000004,-73.81,5
Sep,B02617,40.910000000000004,-73.8,1
Sep,B02617,40.910000000000004,-73.79,2
Sep,B02617,40.910000000000004,-73.78,27
Sep,B02617,40.910000000000004,-73.77,2
Sep,B02617,40.92,-73.95,7
Sep,B02617,40.92,-73.9,4
Sep,B02617,40.92,-73.88,1
Sep,B02617,40.92,-73.85000000000001,1
Sep,B02617,40.92,-73.81,1
Sep,B02617,40.92,-73.8,1
Sep,B02617,40.92,-73.78,1
Sep,B02682,40.58,-74,1
Sep,B02682,40.58,-73.99,1
Sep,B02682,40.58,-73.98,9
Sep,B02682,40.58,-73.97,12
Sep,B02682,40.58,-73.96000000000001,15
Sep,B02682,40.58,-73.95,17
Sep,B02682,40.58,-73.94,25
Sep,B02682,40.58,-73.93,2
Sep,B02682,40.58,-73.85000000000001,1
Sep,B02682,40.58,-73.83,1
Sep,B02682,40.58,-73.82000000000001,2
Sep,B02682,40.59,-74.08,2
Sep,B02682,40.59,-74.07000000000001,3
Sep,B02682,40.59,-74,3
Sep,B02682,40.59,-73.99,10
Sep,B02682,40.59,-73.98,5
Sep,B02682,40.59,-73.97,19
Sep,B02682,40.59,-73.96000000000001,24
Sep,B02682,40.59,-73.95,23
Sep,B02682,40.59,-73.94,10
Sep,B02682,40.59,-73.93,7
Sep,B02682,40.59,-73.92,2
Sep,B02682,40.59,-73.9,16
Sep,B02682,40.59,-73.89,2
Sep,B02682,40.59,-73.82000000000001,5
Sep,B02682,40.59,-73.81,2
Sep,B02682,40.59,-73.8,4
Sep,B02682,40.59,-73.73,1
Sep,B02682,40.6,-74.13,1
Sep,B02682,40.6,-74.11,1
Sep,B02682,40.6,-74.09,1
Sep,B02682,40.6,-74.08,2
Sep,B02682,40.6,-74.01,9
Sep,B02682,40.6,-74,17
Sep,B02682,40.6,-73.99,34
Sep,B02682,40.6,-73.98,15
Sep,B02682,40.6,-73.97,87
Sep,B02682,40.6,-73.96000000000001,20
Sep,B02682,40.6,-73.95,12
Sep,B02682,40.6,-73.94,14
Sep,B02682,40.6,-73.93,2
Sep,B02682,40.6,-73.91,3
Sep,B02682,40.6,-73.8,1
Sep,B02682,40.6,-73.78,1
Sep,B02682,40.6,-73.76,1
Sep,B02682,40.6,-73.75,3
Sep,B02682,40.6,-73.74,2
Sep,B02682,40.6,-73.72,1
Sep,B02682,40.61,-74.14,1
Sep,B02682,40.61,-74.12,2
Sep,B02682,40.61,-74.11,1
Sep,B02682,40.61,-74.09,1
Sep,B02682,40.61,-74.07000000000001,2
Sep,B02682,40.61,-74.06,1
Sep,B02682,40.61,-74.04,5
Sep,B02682,40.61,-74.03,15
Sep,B02682,40.61,-74.02,9
Sep,B02682,40.61,-74.01,14
Sep,B02682,40.61,-74,16
Sep,B02682,40.61,-73.99,13
Sep,B02682,40.61,-73.98,29
Sep,B02682,40.61,-73.97,60
Sep,B02682,40.61,-73.96000000000001,46
Sep,B02682,40.61,-73.95,25
Sep,B02682,40.61,-73.94,8
Sep,B02682,40.61,-73.93,5
Sep,B02682,40.61,-73.92,10
Sep,B02682,40.61,-73.91,8
Sep,B02682,40.61,-73.9,1
Sep,B02682,40.61,-73.82000000000001,1
Sep,B02682,40.61,-73.75,1
Sep,B02682,40.61,-73.73,4
Sep,B02682,40.62,-74.15,1
Sep,B02682,40.62,-74.11,2
Sep,B02682,40.62,-74.10000000000001,2
Sep,B02682,40.62,-74.07000000000001,1
Sep,B02682,40.62,-74.04,25
Sep,B02682,40.62,-74.03,101
Sep,B02682,40.62,-74.02,46
Sep,B02682,40.62,-74.01,21
Sep,B02682,40.62,-74,30
Sep,B02682,40.62,-73.99,17
Sep,B02682,40.62,-73.98,19
Sep,B02682,40.62,-73.97,45
Sep,B02682,40.62,-73.96000000000001,25
Sep,B02682,40.62,-73.95,18
Sep,B02682,40.62,-73.94,4
Sep,B02682,40.62,-73.93,19
Sep,B02682,40.62,-73.92,7
Sep,B02682,40.62,-73.91,8
Sep,B02682,40.62,-73.76,1
Sep,B02682,40.62,-73.75,1
Sep,B02682,40.62,-73.73,6
Sep,B02682,40.62,-73.72,2
Sep,B02682,40.62,-73.71000000000001,1
Sep,B02682,40.62,-73.7,1
Sep,B02682,40.63,-74.14,1
Sep,B02682,40.63,-74.11,2
Sep,B02682,40.63,-74.10000000000001,1
Sep,B02682,40.63,-74.09,1
Sep,B02682,40.63,-74.04,10
Sep,B02682,40.63,-74.03,61
Sep,B02682,40.63,-74.02,68
Sep,B02682,40.63,-74.01,29
Sep,B02682,40.63,-74,13
Sep,B02682,40.63,-73.99,7
Sep,B02682,40.63,-73.98,17
Sep,B02682,40.63,-73.97,59
Sep,B02682,40.63,-73.96000000000001,64
Sep,B02682,40.63,-73.95,47
Sep,B02682,40.63,-73.94,12
Sep,B02682,40.63,-73.93,6
Sep,B02682,40.63,-73.92,8
Sep,B02682,40.63,-73.91,9
Sep,B02682,40.63,-73.9,5
Sep,B02682,40.63,-73.89,4
Sep,B02682,40.63,-73.75,2
Sep,B02682,40.63,-73.74,1
Sep,B02682,40.63,-73.73,2
Sep,B02682,40.63,-73.72,2
Sep,B02682,40.63,-73.71000000000001,2
Sep,B02682,40.63,-73.7,1
Sep,B02682,40.64,-74.15,1
Sep,B02682,40.64,-74.10000000000001,1
Sep,B02682,40.64,-74.08,2
Sep,B02682,40.64,-74.04,7
Sep,B02682,40.64,-74.03,34
Sep,B02682,40.64,-74.02,34
Sep,B02682,40.64,-74.01,19
Sep,B02682,40.64,-74,34
Sep,B02682,40.64,-73.99,16
Sep,B02682,40.64,-73.98,50
Sep,B02682,40.64,-73.97,135
Sep,B02682,40.64,-73.96000000000001,92
Sep,B02682,40.64,-73.95,22
Sep,B02682,40.64,-73.94,10
Sep,B02682,40.64,-73.93,10
Sep,B02682,40.64,-73.92,9
Sep,B02682,40.64,-73.91,6
Sep,B02682,40.64,-73.9,7
Sep,B02682,40.64,-73.89,1
Sep,B02682,40.64,-73.8,1
Sep,B02682,40.64,-73.79,614
Sep,B02682,40.64,-73.78,1493
Sep,B02682,40.64,-73.74,2
Sep,B02682,40.64,-73.73,2
Sep,B02682,40.64,-73.71000000000001,2
Sep,B02682,40.64,-73.7,5
Sep,B02682,40.65,-74.08,2
Sep,B02682,40.65,-74.02,19
Sep,B02682,40.65,-74.01,71
Sep,B02682,40.65,-74,53
Sep,B02682,40.65,-73.99,4
Sep,B02682,40.65,-73.98,75
Sep,B02682,40.65,-73.97,100
Sep,B02682,40.65,-73.96000000000001,176
Sep,B02682,40.65,-73.95,38
Sep,B02682,40.65,-73.94,12
Sep,B02682,40.65,-73.93,8
Sep,B02682,40.65,-73.92,11
Sep,B02682,40.65,-73.91,6
Sep,B02682,40.65,-73.9,7
Sep,B02682,40.65,-73.89,2
Sep,B02682,40.65,-73.88,5
Sep,B02682,40.65,-73.87,5
Sep,B02682,40.65,-73.85000000000001,1
Sep,B02682,40.65,-73.84,10
Sep,B02682,40.65,-73.81,4
Sep,B02682,40.65,-73.8,8
Sep,B02682,40.65,-73.79,817
Sep,B02682,40.65,-73.78,1798
Sep,B02682,40.65,-73.76,2
Sep,B02682,40.65,-73.75,2
Sep,B02682,40.65,-73.73,1
Sep,B02682,40.65,-73.72,1
Sep,B02682,40.65,-73.71000000000001,2
Sep,B02682,40.660000000000004,-74.12,1
Sep,B02682,40.660000000000004,-74.11,1
Sep,B02682,40.660000000000004,-74.10000000000001,1
Sep,B02682,40.660000000000004,-74.09,1
Sep,B02682,40.660000000000004,-74.01,83
Sep,B02682,40.660000000000004,-74,103
Sep,B02682,40.660000000000004,-73.99,264
Sep,B02682,40.660000000000004,-73.98,281
Sep,B02682,40.660000000000004,-73.97,14
Sep,B02682,40.660000000000004,-73.96000000000001,143
Sep,B02682,40.660000000000004,-73.95,94
Sep,B02682,40.660000000000004,-73.94,57
Sep,B02682,40.660000000000004,-73.93,22
Sep,B02682,40.660000000000004,-73.92,22
Sep,B02682,40.660000000000004,-73.91,6
Sep,B02682,40.660000000000004,-73.9,4
Sep,B02682,40.660000000000004,-73.89,6
Sep,B02682,40.660000000000004,-73.88,6
Sep,B02682,40.660000000000004,-73.87,1
Sep,B02682,40.660000000000004,-73.86,1
Sep,B02682,40.660000000000004,-73.85000000000001,4
Sep,B02682,40.660000000000004,-73.84,9
Sep,B02682,40.660000000000004,-73.83,12
Sep,B02682,40.660000000000004,-73.82000000000001,4
Sep,B02682,40.660000000000004,-73.81,6
Sep,B02682,40.660000000000004,-73.8,20
Sep,B02682,40.660000000000004,-73.79,1
Sep,B02682,40.660000000000004,-73.77,4
Sep,B02682,40.660000000000004,-73.76,3
Sep,B02682,40.660000000000004,-73.75,1
Sep,B02682,40.660000000000004,-73.74,2
Sep,B02682,40.660000000000004,-73.73,4
Sep,B02682,40.660000000000004,-73.72,6
Sep,B02682,40.660000000000004,-73.71000000000001,1
Sep,B02682,40.660000000000004,-73.7,2
Sep,B02682,40.67,-74.12,1
Sep,B02682,40.67,-74.11,1
Sep,B02682,40.67,-74.10000000000001,2
Sep,B02682,40.67,-74.02,42
Sep,B02682,40.67,-74.01,176
Sep,B02682,40.67,-74,82
Sep,B02682,40.67,-73.99,459
Sep,B02682,40.67,-73.98,668
Sep,B02682,40.67,-73.97,268
Sep,B02682,40.67,-73.96000000000001,361
Sep,B02682,40.67,-73.95,195
Sep,B02682,40.67,-73.94,92
Sep,B02682,40.67,-73.93,62
Sep,B02682,40.67,-73.92,34
Sep,B02682,40.67,-73.91,14
Sep,B02682,40.67,-73.9,7
Sep,B02682,40.67,-73.89,12
Sep,B02682,40.67,-73.88,9
Sep,B02682,40.67,-73.87,6
Sep,B02682,40.67,-73.86,9
Sep,B02682,40.67,-73.85000000000001,9
Sep,B02682,40.67,-73.84,3
Sep,B02682,40.67,-73.83,12
Sep,B02682,40.67,-73.82000000000001,9
Sep,B02682,40.67,-73.81,25
Sep,B02682,40.67,-73.8,36
Sep,B02682,40.67,-73.79,14
Sep,B02682,40.67,-73.78,12
Sep,B02682,40.67,-73.77,4
Sep,B02682,40.67,-73.76,2
Sep,B02682,40.67,-73.75,1
Sep,B02682,40.67,-73.73,4
Sep,B02682,40.67,-73.72,1
Sep,B02682,40.67,-73.71000000000001,1
Sep,B02682,40.68,-74.11,3
Sep,B02682,40.68,-74.10000000000001,2
Sep,B02682,40.68,-74.02,95
Sep,B02682,40.68,-74.01,202
Sep,B02682,40.68,-74,533
Sep,B02682,40.68,-73.99,499
Sep,B02682,40.68,-73.98,807
Sep,B02682,40.68,-73.97,542
Sep,B02682,40.68,-73.96000000000001,532
Sep,B02682,40.68,-73.95,275
Sep,B02682,40.68,-73.94,185
Sep,B02682,40.68,-73.93,138
Sep,B02682,40.68,-73.92,69
Sep,B02682,40.68,-73.91,59
Sep,B02682,40.68,-73.9,21
Sep,B02682,40.68,-73.89,3
Sep,B02682,40.68,-73.88,8
Sep,B02682,40.68,-73.87,8
Sep,B02682,40.68,-73.86,15
Sep,B02682,40.68,-73.85000000000001,8
Sep,B02682,40.68,-73.84,12
Sep,B02682,40.68,-73.83,4
Sep,B02682,40.68,-73.82000000000001,3
Sep,B02682,40.68,-73.81,5
Sep,B02682,40.68,-73.8,3
Sep,B02682,40.68,-73.79,4
Sep,B02682,40.68,-73.78,2
Sep,B02682,40.68,-73.77,2
Sep,B02682,40.68,-73.75,2
Sep,B02682,40.68,-73.74,4
Sep,B02682,40.68,-73.73,2
Sep,B02682,40.68,-73.72,1
Sep,B02682,40.69,-74.10000000000001,1
Sep,B02682,40.69,-74.09,1
Sep,B02682,40.69,-74.07000000000001,2
Sep,B02682,40.69,-74,568
Sep,B02682,40.69,-73.99,1040
Sep,B02682,40.69,-73.98,719
Sep,B02682,40.69,-73.97,747
Sep,B02682,40.69,-73.96000000000001,522
Sep,B02682,40.69,-73.95,295
Sep,B02682,40.69,-73.94,216
Sep,B02682,40.69,-73.93,167
Sep,B02682,40.69,-73.92,225
Sep,B02682,40.69,-73.91,132
Sep,B02682,40.69,-73.9,13
Sep,B02682,40.69,-73.89,1
Sep,B02682,40.69,-73.88,3
Sep,B02682,40.69,-73.87,9
Sep,B02682,40.69,-73.86,12
Sep,B02682,40.69,-73.85000000000001,26
Sep,B02682,40.69,-73.84,6
Sep,B02682,40.69,-73.83,10
Sep,B02682,40.69,-73.82000000000001,14
Sep,B02682,40.69,-73.81,7
Sep,B02682,40.69,-73.8,4
Sep,B02682,40.69,-73.79,3
Sep,B02682,40.69,-73.78,2
Sep,B02682,40.69,-73.77,4
Sep,B02682,40.69,-73.76,2
Sep,B02682,40.69,-73.74,4
Sep,B02682,40.69,-73.73,4
Sep,B02682,40.69,-73.71000000000001,1
Sep,B02682,40.7,-74.14,1
Sep,B02682,40.7,-74.09,3
Sep,B02682,40.7,-74.08,1
Sep,B02682,40.7,-74.07000000000001,1
Sep,B02682,40.7,-74.02,66
Sep,B02682,40.7,-74.01,979
Sep,B02682,40.7,-74,131
Sep,B02682,40.7,-73.99,1014
Sep,B02682,40.7,-73.98,381
Sep,B02682,40.7,-73.97,187
Sep,B02682,40.7,-73.96000000000001,90
Sep,B02682,40.7,-73.95,135
Sep,B02682,40.7,-73.94,259
Sep,B02682,40.7,-73.93,492
Sep,B02682,40.7,-73.92,247
Sep,B02682,40.7,-73.91,106
Sep,B02682,40.7,-73.9,48
Sep,B02682,40.7,-73.89,19
Sep,B02682,40.7,-73.88,15
Sep,B02682,40.7,-73.87,6
Sep,B02682,40.7,-73.86,3
Sep,B02682,40.7,-73.85000000000001,9
Sep,B02682,40.7,-73.84,16
Sep,B02682,40.7,-73.83,24
Sep,B02682,40.7,-73.82000000000001,11
Sep,B02682,40.7,-73.81,30
Sep,B02682,40.7,-73.8,16
Sep,B02682,40.7,-73.79,1
Sep,B02682,40.7,-73.78,2
Sep,B02682,40.7,-73.77,4
Sep,B02682,40.7,-73.76,1
Sep,B02682,40.7,-73.75,3
Sep,B02682,40.7,-73.74,3
Sep,B02682,40.7,-73.73,4
Sep,B02682,40.7,-73.72,4
Sep,B02682,40.71,-74.15,1
Sep,B02682,40.71,-74.10000000000001,1
Sep,B02682,40.71,-74.09,3
Sep,B02682,40.71,-74.08,3
Sep,B02682,40.71,-74.07000000000001,6
Sep,B02682,40.71,-74.06,11
Sep,B02682,40.71,-74.05,1
Sep,B02682,40.71,-74.04,32
Sep,B02682,40.71,-74.03,11
Sep,B02682,40.71,-74.02,916
Sep,B02682,40.71,-74.01,4367
Sep,B02682,40.71,-74,848
Sep,B02682,40.71,-73.99,446
Sep,B02682,40.71,-73.98,189
Sep,B02682,40.71,-73.97,535
Sep,B02682,40.71,-73.96000000000001,1205
Sep,B02682,40.71,-73.95,986
Sep,B02682,40.71,-73.94,662
Sep,B02682,40.71,-73.93,227
Sep,B02682,40.71,-73.92,227
Sep,B02682,40.71,-73.91,37
Sep,B02682,40.71,-73.9,38
Sep,B02682,40.71,-73.89,10
Sep,B02682,40.71,-73.88,16
Sep,B02682,40.71,-73.87,11
Sep,B02682,40.71,-73.86,20
Sep,B02682,40.71,-73.85000000000001,15
Sep,B02682,40.71,-73.84,20
Sep,B02682,40.71,-73.83,65
Sep,B02682,40.71,-73.82000000000001,37
Sep,B02682,40.71,-73.81,12
Sep,B02682,40.71,-73.8,20
Sep,B02682,40.71,-73.79,18
Sep,B02682,40.71,-73.78,20
Sep,B02682,40.71,-73.77,7
Sep,B02682,40.71,-73.76,1
Sep,B02682,40.71,-73.75,2
Sep,B02682,40.71,-73.74,1
Sep,B02682,40.71,-73.73,2
Sep,B02682,40.71,-73.72,9
Sep,B02682,40.71,-73.7,1
Sep,B02682,40.72,-74.10000000000001,1
Sep,B02682,40.72,-74.09,3
Sep,B02682,40.72,-74.08,6
Sep,B02682,40.72,-74.07000000000001,6
Sep,B02682,40.72,-74.06,13
Sep,B02682,40.72,-74.05,52
Sep,B02682,40.72,-74.04,95
Sep,B02682,40.72,-74.03,36
Sep,B02682,40.72,-74.02,414
Sep,B02682,40.72,-74.01,4686
Sep,B02682,40.72,-74,7013
Sep,B02682,40.72,-73.99,4943
Sep,B02682,40.72,-73.98,1848
Sep,B02682,40.72,-73.97,58
Sep,B02682,40.72,-73.96000000000001,2126
Sep,B02682,40.72,-73.95,1075
Sep,B02682,40.72,-73.94,534
Sep,B02682,40.72,-73.93,9
Sep,B02682,40.72,-73.92,3
Sep,B02682,40.72,-73.91,13
Sep,B02682,40.72,-73.9,14
Sep,B02682,40.72,-73.89,15
Sep,B02682,40.72,-73.88,22
Sep,B02682,40.72,-73.87,16
Sep,B02682,40.72,-73.86,29
Sep,B02682,40.72,-73.85000000000001,87
Sep,B02682,40.72,-73.84,92
Sep,B02682,40.72,-73.83,13
Sep,B02682,40.72,-73.82000000000001,13
Sep,B02682,40.72,-73.81,21
Sep,B02682,40.72,-73.8,41
Sep,B02682,40.72,-73.79,16
Sep,B02682,40.72,-73.78,10
Sep,B02682,40.72,-73.76,3
Sep,B02682,40.72,-73.75,3
Sep,B02682,40.72,-73.74,8
Sep,B02682,40.72,-73.73,5
Sep,B02682,40.72,-73.72,1
Sep,B02682,40.72,-73.71000000000001,1
Sep,B02682,40.72,-73.7,2
Sep,B02682,40.730000000000004,-74.15,1
Sep,B02682,40.730000000000004,-74.14,1
Sep,B02682,40.730000000000004,-74.13,1
Sep,B02682,40.730000000000004,-74.12,1
Sep,B02682,40.730000000000004,-74.08,3
Sep,B02682,40.730000000000004,-74.07000000000001,9
Sep,B02682,40.730000000000004,-74.06,19
Sep,B02682,40.730000000000004,-74.05,34
Sep,B02682,40.730000000000004,-74.04,76
Sep,B02682,40.730000000000004,-74.03,53
Sep,B02682,40.730000000000004,-74.01,3203
Sep,B02682,40.730000000000004,-74,6762
Sep,B02682,40.730000000000004,-73.99,6404
Sep,B02682,40.730000000000004,-73.98,3467
Sep,B02682,40.730000000000004,-73.97,150
Sep,B02682,40.730000000000004,-73.96000000000001,578
Sep,B02682,40.730000000000004,-73.95,563
Sep,B02682,40.730000000000004,-73.94,198
Sep,B02682,40.730000000000004,-73.93,3
Sep,B02682,40.730000000000004,-73.92,3
Sep,B02682,40.730000000000004,-73.91,14
Sep,B02682,40.730000000000004,-73.9,25
Sep,B02682,40.730000000000004,-73.89,18
Sep,B02682,40.730000000000004,-73.88,23
Sep,B02682,40.730000000000004,-73.87,47
Sep,B02682,40.730000000000004,-73.86,85
Sep,B02682,40.730000000000004,-73.85000000000001,64
Sep,B02682,40.730000000000004,-73.84,5
Sep,B02682,40.730000000000004,-73.83,10
Sep,B02682,40.730000000000004,-73.82000000000001,8
Sep,B02682,40.730000000000004,-73.81,19
Sep,B02682,40.730000000000004,-73.8,7
Sep,B02682,40.730000000000004,-73.79,9
Sep,B02682,40.730000000000004,-73.78,9
Sep,B02682,40.730000000000004,-73.76,2
Sep,B02682,40.730000000000004,-73.75,2
Sep,B02682,40.730000000000004,-73.74,4
Sep,B02682,40.730000000000004,-73.73,3
Sep,B02682,40.730000000000004,-73.72,3
Sep,B02682,40.730000000000004,-73.71000000000001,1
Sep,B02682,40.730000000000004,-73.7,2
Sep,B02682,40.74,-74.08,1
Sep,B02682,40.74,-74.07000000000001,11
Sep,B02682,40.74,-74.06,11
Sep,B02682,40.74,-74.05,24
Sep,B02682,40.74,-74.04,117
Sep,B02682,40.74,-74.03,254
Sep,B02682,40.74,-74.01,4392
Sep,B02682,40.74,-74,6072
Sep,B02682,40.74,-73.99,8402
Sep,B02682,40.74,-73.98,3763
Sep,B02682,40.74,-73.97,583
Sep,B02682,40.74,-73.96000000000001,249
Sep,B02682,40.74,-73.95,250
Sep,B02682,40.74,-73.94,84
Sep,B02682,40.74,-73.93,116
Sep,B02682,40.74,-73.92,180
Sep,B02682,40.74,-73.91,37
Sep,B02682,40.74,-73.9,29
Sep,B02682,40.74,-73.89,36
Sep,B02682,40.74,-73.88,42
Sep,B02682,40.74,-73.87,28
Sep,B02682,40.74,-73.86,29
Sep,B02682,40.74,-73.85000000000001,23
Sep,B02682,40.74,-73.84,207
Sep,B02682,40.74,-73.83,15
Sep,B02682,40.74,-73.82000000000001,12
Sep,B02682,40.74,-73.81,8
Sep,B02682,40.74,-73.8,4
Sep,B02682,40.74,-73.79,4
Sep,B02682,40.74,-73.78,6
Sep,B02682,40.74,-73.76,1
Sep,B02682,40.74,-73.75,1
Sep,B02682,40.74,-73.74,2
Sep,B02682,40.74,-73.73,2
Sep,B02682,40.74,-73.72,6
Sep,B02682,40.74,-73.71000000000001,4
Sep,B02682,40.74,-73.7,2
Sep,B02682,40.75,-74.12,2
Sep,B02682,40.75,-74.06,3
Sep,B02682,40.75,-74.05,9
Sep,B02682,40.75,-74.04,54
Sep,B02682,40.75,-74.03,213
Sep,B02682,40.75,-74.02,44
Sep,B02682,40.75,-74.01,1529
Sep,B02682,40.75,-74,3205
Sep,B02682,40.75,-73.99,7359
Sep,B02682,40.75,-73.98,6619
Sep,B02682,40.75,-73.97,2657
Sep,B02682,40.75,-73.96000000000001,318
Sep,B02682,40.75,-73.95,265
Sep,B02682,40.75,-73.94,403
Sep,B02682,40.75,-73.93,117
Sep,B02682,40.75,-73.92,103
Sep,B02682,40.75,-73.91,104
Sep,B02682,40.75,-73.9,52
Sep,B02682,40.75,-73.89,92
Sep,B02682,40.75,-73.88,48
Sep,B02682,40.75,-73.87,4
Sep,B02682,40.75,-73.86,26
Sep,B02682,40.75,-73.85000000000001,227
Sep,B02682,40.75,-73.84,28
Sep,B02682,40.75,-73.83,24
Sep,B02682,40.75,-73.82000000000001,7
Sep,B02682,40.75,-73.81,4
Sep,B02682,40.75,-73.79,1
Sep,B02682,40.75,-73.78,1
Sep,B02682,40.75,-73.77,1
Sep,B02682,40.75,-73.76,8
Sep,B02682,40.75,-73.75,6
Sep,B02682,40.75,-73.74,1
Sep,B02682,40.75,-73.73,1
Sep,B02682,40.75,-73.72,6
Sep,B02682,40.75,-73.71000000000001,6
Sep,B02682,40.76,-74.15,1
Sep,B02682,40.76,-74.08,7
Sep,B02682,40.76,-74.07000000000001,5
Sep,B02682,40.76,-74.05,2
Sep,B02682,40.76,-74.04,3
Sep,B02682,40.76,-74.03,32
Sep,B02682,40.76,-74.02,24
Sep,B02682,40.76,-74.01,4
Sep,B02682,40.76,-74,2307
Sep,B02682,40.76,-73.99,4929
Sep,B02682,40.76,-73.98,8505
Sep,B02682,40.76,-73.97,8155
Sep,B02682,40.76,-73.96000000000001,1775
Sep,B02682,40.76,-73.95,118
Sep,B02682,40.76,-73.94,28
Sep,B02682,40.76,-73.93,191
Sep,B02682,40.76,-73.92,305
Sep,B02682,40.76,-73.91,148
Sep,B02682,40.76,-73.9,33
Sep,B02682,40.76,-73.89,21
Sep,B02682,40.76,-73.88,30
Sep,B02682,40.76,-73.87,16
Sep,B02682,40.76,-73.86,8
Sep,B02682,40.76,-73.85000000000001,12
Sep,B02682,40.76,-73.84,45
Sep,B02682,40.76,-73.83,96
Sep,B02682,40.76,-73.82000000000001,14
Sep,B02682,40.76,-73.81,8
Sep,B02682,40.76,-73.8,8
Sep,B02682,40.76,-73.79,4
Sep,B02682,40.76,-73.78,4
Sep,B02682,40.76,-73.77,22
Sep,B02682,40.76,-73.76,7
Sep,B02682,40.76,-73.74,2
Sep,B02682,40.76,-73.73,4
Sep,B02682,40.76,-73.72,3
Sep,B02682,40.76,-73.71000000000001,3
Sep,B02682,40.76,-73.7,2
Sep,B02682,40.77,-74.05,1
Sep,B02682,40.77,-74.04,10
Sep,B02682,40.77,-74.03,8
Sep,B02682,40.77,-74.02,18
Sep,B02682,40.77,-74,132
Sep,B02682,40.77,-73.99,2031
Sep,B02682,40.77,-73.98,3513
Sep,B02682,40.77,-73.97,1590
Sep,B02682,40.77,-73.96000000000001,3731
Sep,B02682,40.77,-73.95,2015
Sep,B02682,40.77,-73.94,45
Sep,B02682,40.77,-73.93,113
Sep,B02682,40.77,-73.92,248
Sep,B02682,40.77,-73.91,176
Sep,B02682,40.77,-73.9,60
Sep,B02682,40.77,-73.89,444
Sep,B02682,40.77,-73.88,103
Sep,B02682,40.77,-73.87,2673
Sep,B02682,40.77,-73.86,998
Sep,B02682,40.77,-73.85000000000001,1
Sep,B02682,40.77,-73.84,5
Sep,B02682,40.77,-73.83,6
Sep,B02682,40.77,-73.82000000000001,5
Sep,B02682,40.77,-73.81,1
Sep,B02682,40.77,-73.8,2
Sep,B02682,40.77,-73.79,2
Sep,B02682,40.77,-73.78,1
Sep,B02682,40.77,-73.77,3
Sep,B02682,40.77,-73.75,3
Sep,B02682,40.77,-73.74,3
Sep,B02682,40.77,-73.73,2
Sep,B02682,40.77,-73.72,1
Sep,B02682,40.77,-73.71000000000001,1
Sep,B02682,40.77,-73.7,2
Sep,B02682,40.78,-74.14,2
Sep,B02682,40.78,-74.07000000000001,1
Sep,B02682,40.78,-74.05,1
Sep,B02682,40.78,-74.04,2
Sep,B02682,40.78,-74.03,3
Sep,B02682,40.78,-74.02,9
Sep,B02682,40.78,-74.01,17
Sep,B02682,40.78,-74,2
Sep,B02682,40.78,-73.99,651
Sep,B02682,40.78,-73.98,2797
Sep,B02682,40.78,-73.97,480
Sep,B02682,40.78,-73.96000000000001,2496
Sep,B02682,40.78,-73.95,2343
Sep,B02682,40.78,-73.94,176
Sep,B02682,40.78,-73.93,25
Sep,B02682,40.78,-73.92,76
Sep,B02682,40.78,-73.91,94
Sep,B02682,40.78,-73.9,22
Sep,B02682,40.78,-73.86,1
Sep,B02682,40.78,-73.85000000000001,4
Sep,B02682,40.78,-73.84,4
Sep,B02682,40.78,-73.83,4
Sep,B02682,40.78,-73.82000000000001,2
Sep,B02682,40.78,-73.81,6
Sep,B02682,40.78,-73.8,5
Sep,B02682,40.78,-73.78,9
Sep,B02682,40.78,-73.77,2
Sep,B02682,40.78,-73.75,1
Sep,B02682,40.78,-73.74,2
Sep,B02682,40.78,-73.73,7
Sep,B02682,40.78,-73.71000000000001,1
Sep,B02682,40.78,-73.7,2
Sep,B02682,40.79,-74.15,1
Sep,B02682,40.79,-74.14,2
Sep,B02682,40.79,-74.08,1
Sep,B02682,40.79,-74.06,4
Sep,B02682,40.79,-74.04,8
Sep,B02682,40.79,-74.02,1
Sep,B02682,40.79,-74.01,13
Sep,B02682,40.79,-74,10
Sep,B02682,40.79,-73.98,1131
Sep,B02682,40.79,-73.97,1590
Sep,B02682,40.79,-73.96000000000001,191
Sep,B02682,40.79,-73.95,559
Sep,B02682,40.79,-73.94,167
Sep,B02682,40.79,-73.93,24
Sep,B02682,40.79,-73.92,28
Sep,B02682,40.79,-73.84,11
Sep,B02682,40.79,-73.83,1
Sep,B02682,40.79,-73.82000000000001,2
Sep,B02682,40.79,-73.81,3
Sep,B02682,40.79,-73.8,2
Sep,B02682,40.79,-73.79,2
Sep,B02682,40.79,-73.73,13
Sep,B02682,40.79,-73.72,1
Sep,B02682,40.79,-73.7,2
Sep,B02682,40.800000000000004,-74.11,1
Sep,B02682,40.800000000000004,-74.10000000000001,1
Sep,B02682,40.800000000000004,-74.06,1
Sep,B02682,40.800000000000004,-74.02,5
Sep,B02682,40.800000000000004,-74,6
Sep,B02682,40.800000000000004,-73.99,3
Sep,B02682,40.800000000000004,-73.98,47
Sep,B02682,40.800000000000004,-73.97,831
Sep,B02682,40.800000000000004,-73.96000000000001,455
Sep,B02682,40.800000000000004,-73.95,286
Sep,B02682,40.800000000000004,-73.94,223
Sep,B02682,40.800000000000004,-73.93,102
Sep,B02682,40.800000000000004,-73.92,16
Sep,B02682,40.800000000000004,-73.91,8
Sep,B02682,40.800000000000004,-73.85000000000001,1
Sep,B02682,40.800000000000004,-73.82000000000001,3
Sep,B02682,40.800000000000004,-73.81,2
Sep,B02682,40.800000000000004,-73.74,1
Sep,B02682,40.800000000000004,-73.73,1
Sep,B02682,40.800000000000004,-73.71000000000001,1
Sep,B02682,40.800000000000004,-73.7,1
Sep,B02682,40.81,-74.14,1
Sep,B02682,40.81,-74.11,1
Sep,B02682,40.81,-74.10000000000001,3
Sep,B02682,40.81,-74.09,1
Sep,B02682,40.81,-74.08,12
Sep,B02682,40.81,-74.07000000000001,18
Sep,B02682,40.81,-74,1
Sep,B02682,40.81,-73.99,2
Sep,B02682,40.81,-73.98,2
Sep,B02682,40.81,-73.97,98
Sep,B02682,40.81,-73.96000000000001,489
Sep,B02682,40.81,-73.95,391
Sep,B02682,40.81,-73.94,339
Sep,B02682,40.81,-73.93,45
Sep,B02682,40.81,-73.92,18
Sep,B02682,40.81,-73.91,12
Sep,B02682,40.81,-73.9,7
Sep,B02682,40.81,-73.89,2
Sep,B02682,40.81,-73.87,1
Sep,B02682,40.81,-73.86,3
Sep,B02682,40.81,-73.85000000000001,2
Sep,B02682,40.81,-73.84,1
Sep,B02682,40.81,-73.81,3
Sep,B02682,40.81,-73.76,1
Sep,B02682,40.81,-73.73,1
Sep,B02682,40.81,-73.7,2
Sep,B02682,40.82,-74.15,1
Sep,B02682,40.82,-74.14,2
Sep,B02682,40.82,-74.11,2
Sep,B02682,40.82,-74.10000000000001,1
Sep,B02682,40.82,-74.08,6
Sep,B02682,40.82,-74.07000000000001,2
Sep,B02682,40.82,-74.01,1
Sep,B02682,40.82,-74,1
Sep,B02682,40.82,-73.99,3
Sep,B02682,40.82,-73.98,3
Sep,B02682,40.82,-73.96000000000001,98
Sep,B02682,40.82,-73.95,204
Sep,B02682,40.82,-73.94,290
Sep,B02682,40.82,-73.93,43
Sep,B02682,40.82,-73.92,20
Sep,B02682,40.82,-73.91,13
Sep,B02682,40.82,-73.9,11
Sep,B02682,40.82,-73.89,6
Sep,B02682,40.82,-73.88,5
Sep,B02682,40.82,-73.87,2
Sep,B02682,40.82,-73.86,4
Sep,B02682,40.82,-73.85000000000001,4
Sep,B02682,40.82,-73.84,5
Sep,B02682,40.82,-73.82000000000001,9
Sep,B02682,40.82,-73.81,4
Sep,B02682,40.82,-73.72,1
Sep,B02682,40.83,-74.14,2
Sep,B02682,40.83,-74.12,1
Sep,B02682,40.83,-74.11,3
Sep,B02682,40.83,-74.10000000000001,5
Sep,B02682,40.83,-74.09,4
Sep,B02682,40.83,-74.07000000000001,1
Sep,B02682,40.83,-74.06,1
Sep,B02682,40.83,-74.05,1
Sep,B02682,40.83,-74.01,2
Sep,B02682,40.83,-74,2
Sep,B02682,40.83,-73.98,1
Sep,B02682,40.83,-73.97,3
Sep,B02682,40.83,-73.96000000000001,2
Sep,B02682,40.83,-73.95,141
Sep,B02682,40.83,-73.94,201
Sep,B02682,40.83,-73.93,224
Sep,B02682,40.83,-73.92,106
Sep,B02682,40.83,-73.91,11
Sep,B02682,40.83,-73.9,12
Sep,B02682,40.83,-73.89,3
Sep,B02682,40.83,-73.88,6
Sep,B02682,40.83,-73.87,3
Sep,B02682,40.83,-73.86,7
Sep,B02682,40.83,-73.85000000000001,10
Sep,B02682,40.83,-73.84,5
Sep,B02682,40.83,-73.83,5
Sep,B02682,40.83,-73.82000000000001,2
Sep,B02682,40.83,-73.7,1
Sep,B02682,40.84,-74.15,1
Sep,B02682,40.84,-74.07000000000001,11
Sep,B02682,40.84,-74.05,1
Sep,B02682,40.84,-74,1
Sep,B02682,40.84,-73.97,4
Sep,B02682,40.84,-73.95,31
Sep,B02682,40.84,-73.94,252
Sep,B02682,40.84,-73.93,7
Sep,B02682,40.84,-73.92,25
Sep,B02682,40.84,-73.91,12
Sep,B02682,40.84,-73.9,6
Sep,B02682,40.84,-73.89,10
Sep,B02682,40.84,-73.88,8
Sep,B02682,40.84,-73.87,6
Sep,B02682,40.84,-73.86,22
Sep,B02682,40.84,-73.85000000000001,11
Sep,B02682,40.84,-73.84,11
Sep,B02682,40.84,-73.83,12
Sep,B02682,40.84,-73.82000000000001,2
Sep,B02682,40.84,-73.71000000000001,1
Sep,B02682,40.84,-73.7,1
Sep,B02682,40.85,-74.13,1
Sep,B02682,40.85,-74.11,1
Sep,B02682,40.85,-74.08,1
Sep,B02682,40.85,-74.07000000000001,3
Sep,B02682,40.85,-74.02,2
Sep,B02682,40.85,-74.01,2
Sep,B02682,40.85,-73.99,1
Sep,B02682,40.85,-73.98,1
Sep,B02682,40.85,-73.97,6
Sep,B02682,40.85,-73.94,234
Sep,B02682,40.85,-73.93,122
Sep,B02682,40.85,-73.92,8
Sep,B02682,40.85,-73.91,14
Sep,B02682,40.85,-73.9,13
Sep,B02682,40.85,-73.89,32
Sep,B02682,40.85,-73.88,12
Sep,B02682,40.85,-73.87,10
Sep,B02682,40.85,-73.86,12
Sep,B02682,40.85,-73.85000000000001,16
Sep,B02682,40.85,-73.84,10
Sep,B02682,40.85,-73.83,13
Sep,B02682,40.85,-73.82000000000001,1
Sep,B02682,40.85,-73.79,2
Sep,B02682,40.86,-74.12,1
Sep,B02682,40.86,-74.10000000000001,1
Sep,B02682,40.86,-74.08,1
Sep,B02682,40.86,-74.06,2
Sep,B02682,40.86,-74.02,3
Sep,B02682,40.86,-73.99,1
Sep,B02682,40.86,-73.98,1
Sep,B02682,40.86,-73.97,5
Sep,B02682,40.86,-73.94,27
Sep,B02682,40.86,-73.93,90
Sep,B02682,40.86,-73.92,24
Sep,B02682,40.86,-73.91,9
Sep,B02682,40.86,-73.9,11
Sep,B02682,40.86,-73.89,85
Sep,B02682,40.86,-73.88,39
Sep,B02682,40.86,-73.87,21
Sep,B02682,40.86,-73.86,5
Sep,B02682,40.86,-73.85000000000001,4
Sep,B02682,40.86,-73.84,7
Sep,B02682,40.86,-73.83,3
Sep,B02682,40.87,-74.10000000000001,1
Sep,B02682,40.87,-74.09,4
Sep,B02682,40.87,-74.06,3
Sep,B02682,40.87,-74.02,4
Sep,B02682,40.87,-74.01,1
Sep,B02682,40.87,-74,2
Sep,B02682,40.87,-73.98,1
Sep,B02682,40.87,-73.97,3
Sep,B02682,40.87,-73.96000000000001,1
Sep,B02682,40.87,-73.95,1
Sep,B02682,40.87,-73.93,53
Sep,B02682,40.87,-73.92,59
Sep,B02682,40.87,-73.91,26
Sep,B02682,40.87,-73.9,13
Sep,B02682,40.87,-73.89,24
Sep,B02682,40.87,-73.88,34
Sep,B02682,40.87,-73.87,10
Sep,B02682,40.87,-73.86,11
Sep,B02682,40.87,-73.85000000000001,5
Sep,B02682,40.87,-73.84,2
Sep,B02682,40.87,-73.83,8
Sep,B02682,40.87,-73.81,4
Sep,B02682,40.88,-74.12,2
Sep,B02682,40.88,-74.09,1
Sep,B02682,40.88,-74.07000000000001,2
Sep,B02682,40.88,-74.06,1
Sep,B02682,40.88,-74.05,1
Sep,B02682,40.88,-74.04,1
Sep,B02682,40.88,-74.03,2
Sep,B02682,40.88,-74,1
Sep,B02682,40.88,-73.99,2
Sep,B02682,40.88,-73.98,5
Sep,B02682,40.88,-73.97,1
Sep,B02682,40.88,-73.96000000000001,1
Sep,B02682,40.88,-73.92,23
Sep,B02682,40.88,-73.91,29
Sep,B02682,40.88,-73.9,21
Sep,B02682,40.88,-73.89,8
Sep,B02682,40.88,-73.88,48
Sep,B02682,40.88,-73.87,5
Sep,B02682,40.88,-73.86,3
Sep,B02682,40.88,-73.85000000000001,4
Sep,B02682,40.88,-73.84,16
Sep,B02682,40.88,-73.83,12
Sep,B02682,40.89,-74.15,1
Sep,B02682,40.89,-74.12,2
Sep,B02682,40.89,-74.06,1
Sep,B02682,40.89,-74.04,1
Sep,B02682,40.89,-73.99,1
Sep,B02682,40.89,-73.98,2
Sep,B02682,40.89,-73.97,3
Sep,B02682,40.89,-73.96000000000001,4
Sep,B02682,40.89,-73.95,4
Sep,B02682,40.89,-73.94,1
Sep,B02682,40.89,-73.92,4
Sep,B02682,40.89,-73.91,71
Sep,B02682,40.89,-73.9,66
Sep,B02682,40.89,-73.89,7
Sep,B02682,40.89,-73.88,5
Sep,B02682,40.89,-73.87,3
Sep,B02682,40.89,-73.86,8
Sep,B02682,40.89,-73.85000000000001,4
Sep,B02682,40.89,-73.84,3
Sep,B02682,40.89,-73.83,3
Sep,B02682,40.89,-73.82000000000001,1
Sep,B02682,40.89,-73.81,1
Sep,B02682,40.89,-73.8,1
Sep,B02682,40.89,-73.79,2
Sep,B02682,40.89,-73.78,6
Sep,B02682,40.9,-74.10000000000001,4
Sep,B02682,40.9,-74.09,2
Sep,B02682,40.9,-74.07000000000001,1
Sep,B02682,40.9,-74.06,1
Sep,B02682,40.9,-74.05,1
Sep,B02682,40.9,-74.03,1
Sep,B02682,40.9,-74,2
Sep,B02682,40.9,-73.99,1
Sep,B02682,40.9,-73.96000000000001,1
Sep,B02682,40.9,-73.95,1
Sep,B02682,40.9,-73.91,10
Sep,B02682,40.9,-73.9,34
Sep,B02682,40.9,-73.89,2
Sep,B02682,40.9,-73.87,18
Sep,B02682,40.9,-73.86,8
Sep,B02682,40.9,-73.85000000000001,3
Sep,B02682,40.9,-73.84,1
Sep,B02682,40.9,-73.82000000000001,2
Sep,B02682,40.9,-73.81,4
Sep,B02682,40.9,-73.8,2
Sep,B02682,40.910000000000004,-74.12,1
Sep,B02682,40.910000000000004,-74.06,1
Sep,B02682,40.910000000000004,-74.05,3
Sep,B02682,40.910000000000004,-74.04,1
Sep,B02682,40.910000000000004,-74.03,4
Sep,B02682,40.910000000000004,-73.97,1
Sep,B02682,40.910000000000004,-73.95,1
Sep,B02682,40.910000000000004,-73.91,4
Sep,B02682,40.910000000000004,-73.9,18
Sep,B02682,40.910000000000004,-73.89,1
Sep,B02682,40.910000000000004,-73.88,2
Sep,B02682,40.910000000000004,-73.87,1
Sep,B02682,40.910000000000004,-73.86,6
Sep,B02682,40.910000000000004,-73.85000000000001,5
Sep,B02682,40.910000000000004,-73.84,3
Sep,B02682,40.910000000000004,-73.83,1
Sep,B02682,40.910000000000004,-73.82000000000001,1
Sep,B02682,40.910000000000004,-73.81,3
Sep,B02682,40.910000000000004,-73.8,2
Sep,B02682,40.910000000000004,-73.78,7
Sep,B02682,40.910000000000004,-73.76,1
Sep,B02682,40.92,-74.07000000000001,1
Sep,B02682,40.92,-74.04,1
Sep,B02682,40.92,-73.9,1
Sep,B02682,40.92,-73.89,1
Sep,B02682,40.92,-73.82000000000001,1
Sep,B02682,40.92,-73.8,1
Sep,B02682,40.92,-73.78,1
Sep,B02682,40.92,-73.77,1
Sep,B02682,40.92,-73.75,1
Sep,B02764,40.58,-74.13,1
Sep,B02764,40.58,-74,2
Sep,B02764,40.58,-73.99,2
Sep,B02764,40.58,-73.98,10
Sep,B02764,40.58,-73.97,17
Sep,B02764,40.58,-73.96000000000001,17
Sep,B02764,40.58,-73.95,23
Sep,B02764,40.58,-73.94,26
Sep,B02764,40.58,-73.93,1
Sep,B02764,40.58,-73.84,1
Sep,B02764,40.58,-73.83,1
Sep,B02764,40.58,-73.81,1
Sep,B02764,40.59,-74.13,1
Sep,B02764,40.59,-74.11,4
Sep,B02764,40.59,-74.09,2
Sep,B02764,40.59,-74,2
Sep,B02764,40.59,-73.99,7
Sep,B02764,40.59,-73.98,6
Sep,B02764,40.59,-73.97,17
Sep,B02764,40.59,-73.96000000000001,14
Sep,B02764,40.59,-73.95,30
Sep,B02764,40.59,-73.94,16
Sep,B02764,40.59,-73.93,4
Sep,B02764,40.59,-73.92,1
Sep,B02764,40.59,-73.9,20
Sep,B02764,40.59,-73.89,1
Sep,B02764,40.59,-73.82000000000001,1
Sep,B02764,40.59,-73.81,1
Sep,B02764,40.59,-73.73,1
Sep,B02764,40.59,-73.72,2
Sep,B02764,40.59,-73.7,3
Sep,B02764,40.6,-74.12,1
Sep,B02764,40.6,-74.11,1
Sep,B02764,40.6,-74.09,1
Sep,B02764,40.6,-74.07000000000001,4
Sep,B02764,40.6,-74.06,1
Sep,B02764,40.6,-74.02,2
Sep,B02764,40.6,-74.01,7
Sep,B02764,40.6,-74,24
Sep,B02764,40.6,-73.99,21
Sep,B02764,40.6,-73.98,13
Sep,B02764,40.6,-73.97,62
Sep,B02764,40.6,-73.96000000000001,21
Sep,B02764,40.6,-73.95,9
Sep,B02764,40.6,-73.94,9
Sep,B02764,40.6,-73.93,1
Sep,B02764,40.6,-73.92,4
Sep,B02764,40.6,-73.91,1
Sep,B02764,40.6,-73.76,3
Sep,B02764,40.6,-73.75,3
Sep,B02764,40.6,-73.74,1
Sep,B02764,40.61,-74.15,1
Sep,B02764,40.61,-74.14,1
Sep,B02764,40.61,-74.13,1
Sep,B02764,40.61,-74.11,1
Sep,B02764,40.61,-74.09,1
Sep,B02764,40.61,-74.08,1
Sep,B02764,40.61,-74.07000000000001,2
Sep,B02764,40.61,-74.06,4
Sep,B02764,40.61,-74.05,1
Sep,B02764,40.61,-74.04,4
Sep,B02764,40.61,-74.03,14
Sep,B02764,40.61,-74.02,19
Sep,B02764,40.61,-74.01,14
Sep,B02764,40.61,-74,19
Sep,B02764,40.61,-73.99,17
Sep,B02764,40.61,-73.98,34
Sep,B02764,40.61,-73.97,55
Sep,B02764,40.61,-73.96000000000001,39
Sep,B02764,40.61,-73.95,24
Sep,B02764,40.61,-73.94,8
Sep,B02764,40.61,-73.93,7
Sep,B02764,40.61,-73.92,24
Sep,B02764,40.61,-73.91,13
Sep,B02764,40.61,-73.9,2
Sep,B02764,40.61,-73.75,1
Sep,B02764,40.61,-73.74,2
Sep,B02764,40.61,-73.73,4
Sep,B02764,40.61,-73.72,2
Sep,B02764,40.61,-73.71000000000001,1
Sep,B02764,40.62,-74.15,1
Sep,B02764,40.62,-74.14,2
Sep,B02764,40.62,-74.12,1
Sep,B02764,40.62,-74.11,1
Sep,B02764,40.62,-74.10000000000001,3
Sep,B02764,40.62,-74.08,2
Sep,B02764,40.62,-74.07000000000001,1
Sep,B02764,40.62,-74.06,1
Sep,B02764,40.62,-74.04,32
Sep,B02764,40.62,-74.03,93
Sep,B02764,40.62,-74.02,42
Sep,B02764,40.62,-74.01,19
Sep,B02764,40.62,-74,22
Sep,B02764,40.62,-73.99,8
Sep,B02764,40.62,-73.98,5
Sep,B02764,40.62,-73.97,27
Sep,B02764,40.62,-73.96000000000001,27
Sep,B02764,40.62,-73.95,20
Sep,B02764,40.62,-73.94,18
Sep,B02764,40.62,-73.93,23
Sep,B02764,40.62,-73.92,25
Sep,B02764,40.62,-73.91,14
Sep,B02764,40.62,-73.76,1
Sep,B02764,40.62,-73.75,1
Sep,B02764,40.62,-73.73,2
Sep,B02764,40.62,-73.72,2
Sep,B02764,40.62,-73.71000000000001,1
Sep,B02764,40.63,-74.13,2
Sep,B02764,40.63,-74.11,3
Sep,B02764,40.63,-74.10000000000001,1
Sep,B02764,40.63,-74.04,6
Sep,B02764,40.63,-74.03,38
Sep,B02764,40.63,-74.02,45
Sep,B02764,40.63,-74.01,32
Sep,B02764,40.63,-74,26
Sep,B02764,40.63,-73.99,14
Sep,B02764,40.63,-73.98,18
Sep,B02764,40.63,-73.97,65
Sep,B02764,40.63,-73.96000000000001,69
Sep,B02764,40.63,-73.95,64
Sep,B02764,40.63,-73.94,27
Sep,B02764,40.63,-73.93,16
Sep,B02764,40.63,-73.92,17
Sep,B02764,40.63,-73.91,7
Sep,B02764,40.63,-73.9,10
Sep,B02764,40.63,-73.89,4
Sep,B02764,40.63,-73.88,2
Sep,B02764,40.63,-73.74,1
Sep,B02764,40.63,-73.73,2
Sep,B02764,40.63,-73.72,1
Sep,B02764,40.63,-73.71000000000001,2
Sep,B02764,40.63,-73.7,1
Sep,B02764,40.64,-74.10000000000001,1
Sep,B02764,40.64,-74.08,4
Sep,B02764,40.64,-74.04,7
Sep,B02764,40.64,-74.03,28
Sep,B02764,40.64,-74.02,41
Sep,B02764,40.64,-74.01,30
Sep,B02764,40.64,-74,54
Sep,B02764,40.64,-73.99,29
Sep,B02764,40.64,-73.98,75
Sep,B02764,40.64,-73.97,106
Sep,B02764,40.64,-73.96000000000001,120
Sep,B02764,40.64,-73.95,46
Sep,B02764,40.64,-73.94,21
Sep,B02764,40.64,-73.93,12
Sep,B02764,40.64,-73.92,21
Sep,B02764,40.64,-73.91,16
Sep,B02764,40.64,-73.9,12
Sep,B02764,40.64,-73.89,5
Sep,B02764,40.64,-73.88,2
Sep,B02764,40.64,-73.8,2
Sep,B02764,40.64,-73.79,394
Sep,B02764,40.64,-73.78,1137
Sep,B02764,40.64,-73.74,2
Sep,B02764,40.64,-73.73,1
Sep,B02764,40.64,-73.71000000000001,3
Sep,B02764,40.65,-74.14,1
Sep,B02764,40.65,-74.13,1
Sep,B02764,40.65,-74.02,22
Sep,B02764,40.65,-74.01,69
Sep,B02764,40.65,-74,99
Sep,B02764,40.65,-73.99,4
Sep,B02764,40.65,-73.98,90
Sep,B02764,40.65,-73.97,107
Sep,B02764,40.65,-73.96000000000001,196
Sep,B02764,40.65,-73.95,58
Sep,B02764,40.65,-73.94,26
Sep,B02764,40.65,-73.93,20
Sep,B02764,40.65,-73.92,12
Sep,B02764,40.65,-73.91,24
Sep,B02764,40.65,-73.9,11
Sep,B02764,40.65,-73.89,18
Sep,B02764,40.65,-73.88,6
Sep,B02764,40.65,-73.87,8
Sep,B02764,40.65,-73.85000000000001,1
Sep,B02764,40.65,-73.84,8
Sep,B02764,40.65,-73.81,3
Sep,B02764,40.65,-73.8,8
Sep,B02764,40.65,-73.79,421
Sep,B02764,40.65,-73.78,1047
Sep,B02764,40.65,-73.77,1
Sep,B02764,40.65,-73.76,3
Sep,B02764,40.65,-73.75,1
Sep,B02764,40.65,-73.74,2
Sep,B02764,40.65,-73.73,2
Sep,B02764,40.65,-73.72,2
Sep,B02764,40.65,-73.7,1
Sep,B02764,40.660000000000004,-74.13,1
Sep,B02764,40.660000000000004,-74.11,1
Sep,B02764,40.660000000000004,-74.09,1
Sep,B02764,40.660000000000004,-74.01,77
Sep,B02764,40.660000000000004,-74,105
Sep,B02764,40.660000000000004,-73.99,273
Sep,B02764,40.660000000000004,-73.98,294
Sep,B02764,40.660000000000004,-73.97,9
Sep,B02764,40.660000000000004,-73.96000000000001,153
Sep,B02764,40.660000000000004,-73.95,121
Sep,B02764,40.660000000000004,-73.94,71
Sep,B02764,40.660000000000004,-73.93,47
Sep,B02764,40.660000000000004,-73.92,24
Sep,B02764,40.660000000000004,-73.91,15
Sep,B02764,40.660000000000004,-73.9,8
Sep,B02764,40.660000000000004,-73.89,16
Sep,B02764,40.660000000000004,-73.88,8
Sep,B02764,40.660000000000004,-73.87,6
Sep,B02764,40.660000000000004,-73.85000000000001,5
Sep,B02764,40.660000000000004,-73.84,8
Sep,B02764,40.660000000000004,-73.83,12
Sep,B02764,40.660000000000004,-73.82000000000001,3
Sep,B02764,40.660000000000004,-73.81,7
Sep,B02764,40.660000000000004,-73.8,22
Sep,B02764,40.660000000000004,-73.79,1
Sep,B02764,40.660000000000004,-73.78,3
Sep,B02764,40.660000000000004,-73.77,6
Sep,B02764,40.660000000000004,-73.76,2
Sep,B02764,40.660000000000004,-73.75,3
Sep,B02764,40.660000000000004,-73.74,8
Sep,B02764,40.660000000000004,-73.73,6
Sep,B02764,40.660000000000004,-73.72,4
Sep,B02764,40.660000000000004,-73.71000000000001,2
Sep,B02764,40.660000000000004,-73.7,2
Sep,B02764,40.67,-74.13,1
Sep,B02764,40.67,-74.12,1
Sep,B02764,40.67,-74.10000000000001,1
Sep,B02764,40.67,-74.02,40
Sep,B02764,40.67,-74.01,212
Sep,B02764,40.67,-74,81
Sep,B02764,40.67,-73.99,479
Sep,B02764,40.67,-73.98,746
Sep,B02764,40.67,-73.97,344
Sep,B02764,40.67,-73.96000000000001,426
Sep,B02764,40.67,-73.95,275
Sep,B02764,40.67,-73.94,175
Sep,B02764,40.67,-73.93,92
Sep,B02764,40.67,-73.92,43
Sep,B02764,40.67,-73.91,27
Sep,B02764,40.67,-73.9,9
Sep,B02764,40.67,-73.89,8
Sep,B02764,40.67,-73.88,11
Sep,B02764,40.67,-73.87,8
Sep,B02764,40.67,-73.86,4
Sep,B02764,40.67,-73.85000000000001,12
Sep,B02764,40.67,-73.84,6
Sep,B02764,40.67,-73.83,12
Sep,B02764,40.67,-73.82000000000001,9
Sep,B02764,40.67,-73.81,24
Sep,B02764,40.67,-73.8,30
Sep,B02764,40.67,-73.79,12
Sep,B02764,40.67,-73.78,16
Sep,B02764,40.67,-73.77,4
Sep,B02764,40.67,-73.76,3
Sep,B02764,40.67,-73.75,3
Sep,B02764,40.67,-73.74,3
Sep,B02764,40.67,-73.73,2
Sep,B02764,40.67,-73.72,1
Sep,B02764,40.68,-74.11,1
Sep,B02764,40.68,-74.10000000000001,4
Sep,B02764,40.68,-74.02,100
Sep,B02764,40.68,-74.01,265
Sep,B02764,40.68,-74,485
Sep,B02764,40.68,-73.99,484
Sep,B02764,40.68,-73.98,983
Sep,B02764,40.68,-73.97,713
Sep,B02764,40.68,-73.96000000000001,565
Sep,B02764,40.68,-73.95,335
Sep,B02764,40.68,-73.94,269
Sep,B02764,40.68,-73.93,174
Sep,B02764,40.68,-73.92,96
Sep,B02764,40.68,-73.91,80
Sep,B02764,40.68,-73.9,31
Sep,B02764,40.68,-73.89,22
Sep,B02764,40.68,-73.88,10
Sep,B02764,40.68,-73.87,22
Sep,B02764,40.68,-73.86,21
Sep,B02764,40.68,-73.85000000000001,8
Sep,B02764,40.68,-73.84,21
Sep,B02764,40.68,-73.83,6
Sep,B02764,40.68,-73.82000000000001,10
Sep,B02764,40.68,-73.81,3
Sep,B02764,40.68,-73.8,16
Sep,B02764,40.68,-73.79,1
Sep,B02764,40.68,-73.78,3
Sep,B02764,40.68,-73.77,6
Sep,B02764,40.68,-73.76,5
Sep,B02764,40.68,-73.75,1
Sep,B02764,40.68,-73.74,3
Sep,B02764,40.68,-73.72,1
Sep,B02764,40.69,-74.11,4
Sep,B02764,40.69,-74.09,4
Sep,B02764,40.69,-74.07000000000001,3
Sep,B02764,40.69,-74.06,1
Sep,B02764,40.69,-74.01,1
Sep,B02764,40.69,-74,569
Sep,B02764,40.69,-73.99,1186
Sep,B02764,40.69,-73.98,799
Sep,B02764,40.69,-73.97,807
Sep,B02764,40.69,-73.96000000000001,635
Sep,B02764,40.69,-73.95,349
Sep,B02764,40.69,-73.94,311
Sep,B02764,40.69,-73.93,248
Sep,B02764,40.69,-73.92,283
Sep,B02764,40.69,-73.91,244
Sep,B02764,40.69,-73.9,21
Sep,B02764,40.69,-73.88,2
Sep,B02764,40.69,-73.87,5
Sep,B02764,40.69,-73.86,20
Sep,B02764,40.69,-73.85000000000001,21
Sep,B02764,40.69,-73.84,6
Sep,B02764,40.69,-73.83,9
Sep,B02764,40.69,-73.82000000000001,23
Sep,B02764,40.69,-73.81,6
Sep,B02764,40.69,-73.8,5
Sep,B02764,40.69,-73.79,3
Sep,B02764,40.69,-73.78,2
Sep,B02764,40.69,-73.76,2
Sep,B02764,40.69,-73.75,1
Sep,B02764,40.69,-73.74,8
Sep,B02764,40.69,-73.73,1
Sep,B02764,40.69,-73.71000000000001,1
Sep,B02764,40.7,-74.10000000000001,3
Sep,B02764,40.7,-74.09,2
Sep,B02764,40.7,-74.08,3
Sep,B02764,40.7,-74.07000000000001,3
Sep,B02764,40.7,-74.06,3
Sep,B02764,40.7,-74.02,55
Sep,B02764,40.7,-74.01,921
Sep,B02764,40.7,-74,134
Sep,B02764,40.7,-73.99,1029
Sep,B02764,40.7,-73.98,363
Sep,B02764,40.7,-73.97,227
Sep,B02764,40.7,-73.96000000000001,143
Sep,B02764,40.7,-73.95,168
Sep,B02764,40.7,-73.94,353
Sep,B02764,40.7,-73.93,725
Sep,B02764,40.7,-73.92,414
Sep,B02764,40.7,-73.91,192
Sep,B02764,40.7,-73.9,96
Sep,B02764,40.7,-73.89,48
Sep,B02764,40.7,-73.88,11
Sep,B02764,40.7,-73.87,14
Sep,B02764,40.7,-73.86,8
Sep,B02764,40.7,-73.85000000000001,16
Sep,B02764,40.7,-73.84,26
Sep,B02764,40.7,-73.83,30
Sep,B02764,40.7,-73.82000000000001,26
Sep,B02764,40.7,-73.81,47
Sep,B02764,40.7,-73.8,22
Sep,B02764,40.7,-73.79,2
Sep,B02764,40.7,-73.78,4
Sep,B02764,40.7,-73.77,5
Sep,B02764,40.7,-73.76,1
Sep,B02764,40.7,-73.75,7
Sep,B02764,40.7,-73.74,7
Sep,B02764,40.7,-73.73,2
Sep,B02764,40.7,-73.72,5
Sep,B02764,40.7,-73.7,1
Sep,B02764,40.71,-74.14,1
Sep,B02764,40.71,-74.11,1
Sep,B02764,40.71,-74.10000000000001,3
Sep,B02764,40.71,-74.09,4
Sep,B02764,40.71,-74.08,1
Sep,B02764,40.71,-74.07000000000001,5
Sep,B02764,40.71,-74.06,15
Sep,B02764,40.71,-74.04,48
Sep,B02764,40.71,-74.03,8
Sep,B02764,40.71,-74.02,734
Sep,B02764,40.71,-74.01,3511
Sep,B02764,40.71,-74,686
Sep,B02764,40.71,-73.99,466
Sep,B02764,40.71,-73.98,169
Sep,B02764,40.71,-73.97,542
Sep,B02764,40.71,-73.96000000000001,1417
Sep,B02764,40.71,-73.95,1353
Sep,B02764,40.71,-73.94,883
Sep,B02764,40.71,-73.93,305
Sep,B02764,40.71,-73.92,336
Sep,B02764,40.71,-73.91,80
Sep,B02764,40.71,-73.9,65
Sep,B02764,40.71,-73.89,9
Sep,B02764,40.71,-73.88,23
Sep,B02764,40.71,-73.87,13
Sep,B02764,40.71,-73.86,30
Sep,B02764,40.71,-73.85000000000001,34
Sep,B02764,40.71,-73.84,16
Sep,B02764,40.71,-73.83,93
Sep,B02764,40.71,-73.82000000000001,53
Sep,B02764,40.71,-73.81,9
Sep,B02764,40.71,-73.8,26
Sep,B02764,40.71,-73.79,32
Sep,B02764,40.71,-73.78,18
Sep,B02764,40.71,-73.77,6
Sep,B02764,40.71,-73.76,2
Sep,B02764,40.71,-73.75,3
Sep,B02764,40.71,-73.74,5
Sep,B02764,40.71,-73.73,1
Sep,B02764,40.71,-73.72,4
Sep,B02764,40.71,-73.71000000000001,1
Sep,B02764,40.72,-74.10000000000001,3
Sep,B02764,40.72,-74.09,7
Sep,B02764,40.72,-74.08,8
Sep,B02764,40.72,-74.07000000000001,14
Sep,B02764,40.72,-74.06,13
Sep,B02764,40.72,-74.05,78
Sep,B02764,40.72,-74.04,153
Sep,B02764,40.72,-74.03,52
Sep,B02764,40.72,-74.02,272
Sep,B02764,40.72,-74.01,3687
Sep,B02764,40.72,-74,5972
Sep,B02764,40.72,-73.99,4799
Sep,B02764,40.72,-73.98,1616
Sep,B02764,40.72,-73.97,70
Sep,B02764,40.72,-73.96000000000001,2213
Sep,B02764,40.72,-73.95,1083
Sep,B02764,40.72,-73.94,554
Sep,B02764,40.72,-73.93,5
Sep,B02764,40.72,-73.92,4
Sep,B02764,40.72,-73.91,13
Sep,B02764,40.72,-73.9,28
Sep,B02764,40.72,-73.89,21
Sep,B02764,40.72,-73.88,33
Sep,B02764,40.72,-73.87,24
Sep,B02764,40.72,-73.86,49
Sep,B02764,40.72,-73.85000000000001,100
Sep,B02764,40.72,-73.84,121
Sep,B02764,40.72,-73.83,22
Sep,B02764,40.72,-73.82000000000001,17
Sep,B02764,40.72,-73.81,31
Sep,B02764,40.72,-73.8,49
Sep,B02764,40.72,-73.79,25
Sep,B02764,40.72,-73.78,8
Sep,B02764,40.72,-73.77,2
Sep,B02764,40.72,-73.76,7
Sep,B02764,40.72,-73.75,4
Sep,B02764,40.72,-73.74,2
Sep,B02764,40.72,-73.72,1
Sep,B02764,40.72,-73.71000000000001,2
Sep,B02764,40.72,-73.7,3
Sep,B02764,40.730000000000004,-74.14,1
Sep,B02764,40.730000000000004,-74.12,2
Sep,B02764,40.730000000000004,-74.10000000000001,2
Sep,B02764,40.730000000000004,-74.08,6
Sep,B02764,40.730000000000004,-74.07000000000001,13
Sep,B02764,40.730000000000004,-74.06,35
Sep,B02764,40.730000000000004,-74.05,54
Sep,B02764,40.730000000000004,-74.04,113
Sep,B02764,40.730000000000004,-74.03,53
Sep,B02764,40.730000000000004,-74.01,2582
Sep,B02764,40.730000000000004,-74,5720
Sep,B02764,40.730000000000004,-73.99,5343
Sep,B02764,40.730000000000004,-73.98,2617
Sep,B02764,40.730000000000004,-73.97,88
Sep,B02764,40.730000000000004,-73.96000000000001,594
Sep,B02764,40.730000000000004,-73.95,524
Sep,B02764,40.730000000000004,-73.94,177
Sep,B02764,40.730000000000004,-73.93,4
Sep,B02764,40.730000000000004,-73.92,10
Sep,B02764,40.730000000000004,-73.91,20
Sep,B02764,40.730000000000004,-73.9,35
Sep,B02764,40.730000000000004,-73.89,35
Sep,B02764,40.730000000000004,-73.88,28
Sep,B02764,40.730000000000004,-73.87,62
Sep,B02764,40.730000000000004,-73.86,113
Sep,B02764,40.730000000000004,-73.85000000000001,93
Sep,B02764,40.730000000000004,-73.84,3
Sep,B02764,40.730000000000004,-73.83,5
Sep,B02764,40.730000000000004,-73.82000000000001,18
Sep,B02764,40.730000000000004,-73.81,24
Sep,B02764,40.730000000000004,-73.8,14
Sep,B02764,40.730000000000004,-73.79,12
Sep,B02764,40.730000000000004,-73.78,3
Sep,B02764,40.730000000000004,-73.77,1
Sep,B02764,40.730000000000004,-73.76,3
Sep,B02764,40.730000000000004,-73.75,6
Sep,B02764,40.730000000000004,-73.74,1
Sep,B02764,40.730000000000004,-73.73,3
Sep,B02764,40.730000000000004,-73.72,3
Sep,B02764,40.730000000000004,-73.71000000000001,2
Sep,B02764,40.730000000000004,-73.7,2
Sep,B02764,40.74,-74.09,1
Sep,B02764,40.74,-74.08,3
Sep,B02764,40.74,-74.07000000000001,8
Sep,B02764,40.74,-74.06,25
Sep,B02764,40.74,-74.05,36
Sep,B02764,40.74,-74.04,180
Sep,B02764,40.74,-74.03,405
Sep,B02764,40.74,-74.01,3422
Sep,B02764,40.74,-74,4721
Sep,B02764,40.74,-73.99,6527
Sep,B02764,40.74,-73.98,3309
Sep,B02764,40.74,-73.97,649
Sep,B02764,40.74,-73.96000000000001,241
Sep,B02764,40.74,-73.95,277
Sep,B02764,40.74,-73.94,78
Sep,B02764,40.74,-73.93,155
Sep,B02764,40.74,-73.92,208
Sep,B02764,40.74,-73.91,50
Sep,B02764,40.74,-73.9,77
Sep,B02764,40.74,-73.89,58
Sep,B02764,40.74,-73.88,84
Sep,B02764,40.74,-73.87,41
Sep,B02764,40.74,-73.86,49
Sep,B02764,40.74,-73.85000000000001,33
Sep,B02764,40.74,-73.84,106
Sep,B02764,40.74,-73.83,10
Sep,B02764,40.74,-73.82000000000001,7
Sep,B02764,40.74,-73.81,20
Sep,B02764,40.74,-73.8,9
Sep,B02764,40.74,-73.79,8
Sep,B02764,40.74,-73.78,10
Sep,B02764,40.74,-73.77,3
Sep,B02764,40.74,-73.76,6
Sep,B02764,40.74,-73.75,3
Sep,B02764,40.74,-73.73,2
Sep,B02764,40.74,-73.72,2
Sep,B02764,40.74,-73.71000000000001,2
Sep,B02764,40.75,-74.15,1
Sep,B02764,40.75,-74.14,2
Sep,B02764,40.75,-74.06,8
Sep,B02764,40.75,-74.05,16
Sep,B02764,40.75,-74.04,78
Sep,B02764,40.75,-74.03,268
Sep,B02764,40.75,-74.02,35
Sep,B02764,40.75,-74.01,1268
Sep,B02764,40.75,-74,2714
Sep,B02764,40.75,-73.99,6342
Sep,B02764,40.75,-73.98,5656
Sep,B02764,40.75,-73.97,2576
Sep,B02764,40.75,-73.96000000000001,359
Sep,B02764,40.75,-73.95,330
Sep,B02764,40.75,-73.94,454
Sep,B02764,40.75,-73.93,139
Sep,B02764,40.75,-73.92,107
Sep,B02764,40.75,-73.91,118
Sep,B02764,40.75,-73.9,72
Sep,B02764,40.75,-73.89,121
Sep,B02764,40.75,-73.88,59
Sep,B02764,40.75,-73.87,19
Sep,B02764,40.75,-73.86,35
Sep,B02764,40.75,-73.85000000000001,203
Sep,B02764,40.75,-73.84,25
Sep,B02764,40.75,-73.83,29
Sep,B02764,40.75,-73.82000000000001,14
Sep,B02764,40.75,-73.81,1
Sep,B02764,40.75,-73.8,2
Sep,B02764,40.75,-73.79,6
Sep,B02764,40.75,-73.78,6
Sep,B02764,40.75,-73.77,7
Sep,B02764,40.75,-73.76,5
Sep,B02764,40.75,-73.75,4
Sep,B02764,40.75,-73.74,3
Sep,B02764,40.75,-73.73,1
Sep,B02764,40.75,-73.72,5
Sep,B02764,40.75,-73.71000000000001,6
Sep,B02764,40.76,-74.15,1
Sep,B02764,40.76,-74.08,11
Sep,B02764,40.76,-74.07000000000001,5
Sep,B02764,40.76,-74.05,3
Sep,B02764,40.76,-74.04,10
Sep,B02764,40.76,-74.03,26
Sep,B02764,40.76,-74.02,30
Sep,B02764,40.76,-74.01,4
Sep,B02764,40.76,-74,2031
Sep,B02764,40.76,-73.99,4526
Sep,B02764,40.76,-73.98,6502
Sep,B02764,40.76,-73.97,6255
Sep,B02764,40.76,-73.96000000000001,1707
Sep,B02764,40.76,-73.95,125
Sep,B02764,40.76,-73.94,47
Sep,B02764,40.76,-73.93,221
Sep,B02764,40.76,-73.92,348
Sep,B02764,40.76,-73.91,145
Sep,B02764,40.76,-73.9,33
Sep,B02764,40.76,-73.89,34
Sep,B02764,40.76,-73.88,29
Sep,B02764,40.76,-73.87,28
Sep,B02764,40.76,-73.86,31
Sep,B02764,40.76,-73.85000000000001,10
Sep,B02764,40.76,-73.84,35
Sep,B02764,40.76,-73.83,171
Sep,B02764,40.76,-73.82000000000001,20
Sep,B02764,40.76,-73.81,10
Sep,B02764,40.76,-73.8,8
Sep,B02764,40.76,-73.79,12
Sep,B02764,40.76,-73.78,4
Sep,B02764,40.76,-73.77,24
Sep,B02764,40.76,-73.76,9
Sep,B02764,40.76,-73.75,2
Sep,B02764,40.76,-73.74,1
Sep,B02764,40.76,-73.73,1
Sep,B02764,40.76,-73.72,1
Sep,B02764,40.76,-73.71000000000001,6
Sep,B02764,40.77,-74.15,1
Sep,B02764,40.77,-74.07000000000001,6
Sep,B02764,40.77,-74.06,2
Sep,B02764,40.77,-74.05,1
Sep,B02764,40.77,-74.04,5
Sep,B02764,40.77,-74.03,17
Sep,B02764,40.77,-74.02,33
Sep,B02764,40.77,-74.01,3
Sep,B02764,40.77,-74,85
Sep,B02764,40.77,-73.99,1719
Sep,B02764,40.77,-73.98,2689
Sep,B02764,40.77,-73.97,1177
Sep,B02764,40.77,-73.96000000000001,3379
Sep,B02764,40.77,-73.95,2031
Sep,B02764,40.77,-73.94,43
Sep,B02764,40.77,-73.93,138
Sep,B02764,40.77,-73.92,327
Sep,B02764,40.77,-73.91,189
Sep,B02764,40.77,-73.9,60
Sep,B02764,40.77,-73.89,287
Sep,B02764,40.77,-73.88,120
Sep,B02764,40.77,-73.87,1836
Sep,B02764,40.77,-73.86,648
Sep,B02764,40.77,-73.84,9
Sep,B02764,40.77,-73.83,10
Sep,B02764,40.77,-73.82000000000001,13
Sep,B02764,40.77,-73.81,4
Sep,B02764,40.77,-73.8,6
Sep,B02764,40.77,-73.79,8
Sep,B02764,40.77,-73.78,7
Sep,B02764,40.77,-73.77,2
Sep,B02764,40.77,-73.76,1
Sep,B02764,40.77,-73.75,6
Sep,B02764,40.77,-73.74,9
Sep,B02764,40.77,-73.73,7
Sep,B02764,40.77,-73.72,2
Sep,B02764,40.77,-73.71000000000001,2
Sep,B02764,40.77,-73.7,4
Sep,B02764,40.78,-74.07000000000001,3
Sep,B02764,40.78,-74.06,2
Sep,B02764,40.78,-74.05,2
Sep,B02764,40.78,-74.04,1
Sep,B02764,40.78,-74.03,2
Sep,B02764,40.78,-74.02,11
Sep,B02764,40.78,-74.01,20
Sep,B02764,40.78,-74,3
Sep,B02764,40.78,-73.99,583
Sep,B02764,40.78,-73.98,2500
Sep,B02764,40.78,-73.97,471
Sep,B02764,40.78,-73.96000000000001,1994
Sep,B02764,40.78,-73.95,2093
Sep,B02764,40.78,-73.94,156
Sep,B02764,40.78,-73.93,26
Sep,B02764,40.78,-73.92,87
Sep,B02764,40.78,-73.91,120
Sep,B02764,40.78,-73.9,28
Sep,B02764,40.78,-73.89,1
Sep,B02764,40.78,-73.85000000000001,8
Sep,B02764,40.78,-73.84,11
Sep,B02764,40.78,-73.83,5
Sep,B02764,40.78,-73.82000000000001,8
Sep,B02764,40.78,-73.81,5
Sep,B02764,40.78,-73.8,4
Sep,B02764,40.78,-73.79,4
Sep,B02764,40.78,-73.78,8
Sep,B02764,40.78,-73.77,5
Sep,B02764,40.78,-73.75,4
Sep,B02764,40.78,-73.73,6
Sep,B02764,40.78,-73.72,1
Sep,B02764,40.78,-73.71000000000001,4
Sep,B02764,40.78,-73.7,9
Sep,B02764,40.79,-74.15,1
Sep,B02764,40.79,-74.08,2
Sep,B02764,40.79,-74.07000000000001,2
Sep,B02764,40.79,-74.06,1
Sep,B02764,40.79,-74.05,4
Sep,B02764,40.79,-74.04,15
Sep,B02764,40.79,-74.03,1
Sep,B02764,40.79,-74.02,1
Sep,B02764,40.79,-74.01,5
Sep,B02764,40.79,-74,17
Sep,B02764,40.79,-73.99,2
Sep,B02764,40.79,-73.98,1042
Sep,B02764,40.79,-73.97,1422
Sep,B02764,40.79,-73.96000000000001,166
Sep,B02764,40.79,-73.95,481
Sep,B02764,40.79,-73.94,189
Sep,B02764,40.79,-73.93,38
Sep,B02764,40.79,-73.92,25
Sep,B02764,40.79,-73.85000000000001,4
Sep,B02764,40.79,-73.84,19
Sep,B02764,40.79,-73.83,1
Sep,B02764,40.79,-73.82000000000001,6
Sep,B02764,40.79,-73.81,5
Sep,B02764,40.79,-73.8,9
Sep,B02764,40.79,-73.79,9
Sep,B02764,40.79,-73.78,1
Sep,B02764,40.79,-73.75,2
Sep,B02764,40.79,-73.74,3
Sep,B02764,40.79,-73.73,11
Sep,B02764,40.79,-73.72,2
Sep,B02764,40.79,-73.71000000000001,1
Sep,B02764,40.79,-73.7,3
Sep,B02764,40.800000000000004,-74.12,1
Sep,B02764,40.800000000000004,-74.07000000000001,2
Sep,B02764,40.800000000000004,-74.06,3
Sep,B02764,40.800000000000004,-74.03,1
Sep,B02764,40.800000000000004,-74,4
Sep,B02764,40.800000000000004,-73.99,1
Sep,B02764,40.800000000000004,-73.98,33
Sep,B02764,40.800000000000004,-73.97,724
Sep,B02764,40.800000000000004,-73.96000000000001,417
Sep,B02764,40.800000000000004,-73.95,332
Sep,B02764,40.800000000000004,-73.94,231
Sep,B02764,40.800000000000004,-73.93,117
Sep,B02764,40.800000000000004,-73.92,20
Sep,B02764,40.800000000000004,-73.91,6
Sep,B02764,40.800000000000004,-73.88,1
Sep,B02764,40.800000000000004,-73.82000000000001,2
Sep,B02764,40.800000000000004,-73.81,1
Sep,B02764,40.800000000000004,-73.75,2
Sep,B02764,40.800000000000004,-73.73,2
Sep,B02764,40.800000000000004,-73.72,1
Sep,B02764,40.800000000000004,-73.71000000000001,1
Sep,B02764,40.800000000000004,-73.7,2
Sep,B02764,40.81,-74.15,1
Sep,B02764,40.81,-74.10000000000001,2
Sep,B02764,40.81,-74.09,1
Sep,B02764,40.81,-74.08,11
Sep,B02764,40.81,-74.07000000000001,23
Sep,B02764,40.81,-74.06,1
Sep,B02764,40.81,-74.02,2
Sep,B02764,40.81,-74.01,1
Sep,B02764,40.81,-74,2
Sep,B02764,40.81,-73.99,5
Sep,B02764,40.81,-73.98,3
Sep,B02764,40.81,-73.97,94
Sep,B02764,40.81,-73.96000000000001,548
Sep,B02764,40.81,-73.95,383
Sep,B02764,40.81,-73.94,333
Sep,B02764,40.81,-73.93,41
Sep,B02764,40.81,-73.92,24
Sep,B02764,40.81,-73.91,15
Sep,B02764,40.81,-73.9,3
Sep,B02764,40.81,-73.89,1
Sep,B02764,40.81,-73.88,1
Sep,B02764,40.81,-73.87,4
Sep,B02764,40.81,-73.86,5
Sep,B02764,40.81,-73.85000000000001,1
Sep,B02764,40.81,-73.83,1
Sep,B02764,40.81,-73.81,6
Sep,B02764,40.81,-73.8,1
Sep,B02764,40.81,-73.76,1
Sep,B02764,40.81,-73.74,1
Sep,B02764,40.81,-73.73,1
Sep,B02764,40.81,-73.71000000000001,1
Sep,B02764,40.81,-73.7,1
Sep,B02764,40.82,-74.14,1
Sep,B02764,40.82,-74.12,1
Sep,B02764,40.82,-74.08,4
Sep,B02764,40.82,-74.07000000000001,7
Sep,B02764,40.82,-74.06,1
Sep,B02764,40.82,-74,2
Sep,B02764,40.82,-73.98,3
Sep,B02764,40.82,-73.96000000000001,145
Sep,B02764,40.82,-73.95,229
Sep,B02764,40.82,-73.94,329
Sep,B02764,40.82,-73.93,62
Sep,B02764,40.82,-73.92,28
Sep,B02764,40.82,-73.91,26
Sep,B02764,40.82,-73.9,11
Sep,B02764,40.82,-73.89,12
Sep,B02764,40.82,-73.88,9
Sep,B02764,40.82,-73.87,2
Sep,B02764,40.82,-73.86,11
Sep,B02764,40.82,-73.85000000000001,10
Sep,B02764,40.82,-73.84,6
Sep,B02764,40.82,-73.82000000000001,7
Sep,B02764,40.82,-73.81,4
Sep,B02764,40.82,-73.75,2
Sep,B02764,40.83,-74.14,3
Sep,B02764,40.83,-74.10000000000001,1
Sep,B02764,40.83,-74.08,1
Sep,B02764,40.83,-74.07000000000001,2
Sep,B02764,40.83,-73.98,4
Sep,B02764,40.83,-73.97,3
Sep,B02764,40.83,-73.96000000000001,1
Sep,B02764,40.83,-73.95,176
Sep,B02764,40.83,-73.94,227
Sep,B02764,40.83,-73.93,173
Sep,B02764,40.83,-73.92,99
Sep,B02764,40.83,-73.91,21
Sep,B02764,40.83,-73.9,25
Sep,B02764,40.83,-73.89,13
Sep,B02764,40.83,-73.88,6
Sep,B02764,40.83,-73.87,11
Sep,B02764,40.83,-73.86,21
Sep,B02764,40.83,-73.85000000000001,19
Sep,B02764,40.83,-73.84,2
Sep,B02764,40.83,-73.83,12
Sep,B02764,40.83,-73.82000000000001,8
Sep,B02764,40.83,-73.75,1
Sep,B02764,40.83,-73.7,2
Sep,B02764,40.84,-74.15,3
Sep,B02764,40.84,-74.12,4
Sep,B02764,40.84,-74.09,2
Sep,B02764,40.84,-74.08,1
Sep,B02764,40.84,-74.07000000000001,1
Sep,B02764,40.84,-74.02,2
Sep,B02764,40.84,-73.99,1
Sep,B02764,40.84,-73.97,6
Sep,B02764,40.84,-73.95,46
Sep,B02764,40.84,-73.94,318
Sep,B02764,40.84,-73.93,21
Sep,B02764,40.84,-73.92,40
Sep,B02764,40.84,-73.91,41
Sep,B02764,40.84,-73.9,22
Sep,B02764,40.84,-73.89,11
Sep,B02764,40.84,-73.88,12
Sep,B02764,40.84,-73.87,23
Sep,B02764,40.84,-73.86,27
Sep,B02764,40.84,-73.85000000000001,8
Sep,B02764,40.84,-73.84,20
Sep,B02764,40.84,-73.83,18
Sep,B02764,40.84,-73.82000000000001,5
Sep,B02764,40.84,-73.78,1
Sep,B02764,40.84,-73.72,1
Sep,B02764,40.84,-73.7,3
Sep,B02764,40.85,-74.15,1
Sep,B02764,40.85,-74.13,1
Sep,B02764,40.85,-74.07000000000001,2
Sep,B02764,40.85,-74.04,2
Sep,B02764,40.85,-74.03,1
Sep,B02764,40.85,-74.01,5
Sep,B02764,40.85,-73.99,2
Sep,B02764,40.85,-73.98,4
Sep,B02764,40.85,-73.97,8
Sep,B02764,40.85,-73.96000000000001,1
Sep,B02764,40.85,-73.95,1
Sep,B02764,40.85,-73.94,283
Sep,B02764,40.85,-73.93,177
Sep,B02764,40.85,-73.92,16
Sep,B02764,40.85,-73.91,25
Sep,B02764,40.85,-73.9,18
Sep,B02764,40.85,-73.89,49
Sep,B02764,40.85,-73.88,12
Sep,B02764,40.85,-73.87,19
Sep,B02764,40.85,-73.86,26
Sep,B02764,40.85,-73.85000000000001,39
Sep,B02764,40.85,-73.84,22
Sep,B02764,40.85,-73.83,27
Sep,B02764,40.85,-73.82000000000001,1
Sep,B02764,40.85,-73.79,7
Sep,B02764,40.85,-73.72,2
Sep,B02764,40.86,-74.13,1
Sep,B02764,40.86,-74.09,1
Sep,B02764,40.86,-74.07000000000001,1
Sep,B02764,40.86,-74.06,2
Sep,B02764,40.86,-73.99,3
Sep,B02764,40.86,-73.98,5
Sep,B02764,40.86,-73.97,14
Sep,B02764,40.86,-73.96000000000001,3
Sep,B02764,40.86,-73.94,50
Sep,B02764,40.86,-73.93,133
Sep,B02764,40.86,-73.92,36
Sep,B02764,40.86,-73.91,22
Sep,B02764,40.86,-73.9,45
Sep,B02764,40.86,-73.89,116
Sep,B02764,40.86,-73.88,49
Sep,B02764,40.86,-73.87,25
Sep,B02764,40.86,-73.86,18
Sep,B02764,40.86,-73.85000000000001,15
Sep,B02764,40.86,-73.84,11
Sep,B02764,40.86,-73.83,7
Sep,B02764,40.86,-73.82000000000001,2
Sep,B02764,40.86,-73.79,1
Sep,B02764,40.86,-73.71000000000001,1
Sep,B02764,40.87,-74.13,1
Sep,B02764,40.87,-74.12,2
Sep,B02764,40.87,-74.09,1
Sep,B02764,40.87,-74.08,1
Sep,B02764,40.87,-74.06,2
Sep,B02764,40.87,-74.03,1
Sep,B02764,40.87,-74,4
Sep,B02764,40.87,-73.98,2
Sep,B02764,40.87,-73.96000000000001,1
Sep,B02764,40.87,-73.95,2
Sep,B02764,40.87,-73.93,68
Sep,B02764,40.87,-73.92,99
Sep,B02764,40.87,-73.91,42
Sep,B02764,40.87,-73.9,29
Sep,B02764,40.87,-73.89,25
Sep,B02764,40.87,-73.88,17
Sep,B02764,40.87,-73.87,14
Sep,B02764,40.87,-73.86,9
Sep,B02764,40.87,-73.85000000000001,10
Sep,B02764,40.87,-73.84,4
Sep,B02764,40.87,-73.83,9
Sep,B02764,40.87,-73.82000000000001,2
Sep,B02764,40.87,-73.81,5
Sep,B02764,40.88,-74.07000000000001,1
Sep,B02764,40.88,-74.05,1
Sep,B02764,40.88,-74.01,1
Sep,B02764,40.88,-73.99,1
Sep,B02764,40.88,-73.98,5
Sep,B02764,40.88,-73.96000000000001,3
Sep,B02764,40.88,-73.92,33
Sep,B02764,40.88,-73.91,53
Sep,B02764,40.88,-73.9,49
Sep,B02764,40.88,-73.89,17
Sep,B02764,40.88,-73.88,35
Sep,B02764,40.88,-73.87,16
Sep,B02764,40.88,-73.86,5
Sep,B02764,40.88,-73.85000000000001,3
Sep,B02764,40.88,-73.84,4
Sep,B02764,40.88,-73.83,6
Sep,B02764,40.88,-73.82000000000001,3
Sep,B02764,40.89,-74.14,2
Sep,B02764,40.89,-74.09,1
Sep,B02764,40.89,-74.08,1
Sep,B02764,40.89,-74.06,1
Sep,B02764,40.89,-74.05,1
Sep,B02764,40.89,-74.03,1
Sep,B02764,40.89,-74.01,2
Sep,B02764,40.89,-73.98,2
Sep,B02764,40.89,-73.97,3
Sep,B02764,40.89,-73.96000000000001,9
Sep,B02764,40.89,-73.95,5
Sep,B02764,40.89,-73.94,1
Sep,B02764,40.89,-73.92,10
Sep,B02764,40.89,-73.91,121
Sep,B02764,40.89,-73.9,114
Sep,B02764,40.89,-73.89,12
Sep,B02764,40.89,-73.88,4
Sep,B02764,40.89,-73.86,7
Sep,B02764,40.89,-73.85000000000001,3
Sep,B02764,40.89,-73.84,1
Sep,B02764,40.89,-73.83,4
Sep,B02764,40.89,-73.82000000000001,1
Sep,B02764,40.89,-73.8,4
Sep,B02764,40.89,-73.79,4
Sep,B02764,40.89,-73.78,6
Sep,B02764,40.9,-74.15,1
Sep,B02764,40.9,-74.10000000000001,1
Sep,B02764,40.9,-74.04,3
Sep,B02764,40.9,-74.03,1
Sep,B02764,40.9,-73.98,1
Sep,B02764,40.9,-73.96000000000001,3
Sep,B02764,40.9,-73.95,2
Sep,B02764,40.9,-73.92,1
Sep,B02764,40.9,-73.91,15
Sep,B02764,40.9,-73.9,36
Sep,B02764,40.9,-73.88,2
Sep,B02764,40.9,-73.87,9
Sep,B02764,40.9,-73.86,11
Sep,B02764,40.9,-73.85000000000001,2
Sep,B02764,40.9,-73.83,1
Sep,B02764,40.9,-73.82000000000001,2
Sep,B02764,40.9,-73.81,1
Sep,B02764,40.9,-73.8,2
Sep,B02764,40.9,-73.79,3
Sep,B02764,40.9,-73.78,1
Sep,B02764,40.9,-73.77,3
Sep,B02764,40.910000000000004,-74.07000000000001,1
Sep,B02764,40.910000000000004,-74.05,2
Sep,B02764,40.910000000000004,-74.04,3
Sep,B02764,40.910000000000004,-74.03,2
Sep,B02764,40.910000000000004,-74.01,1
Sep,B02764,40.910000000000004,-73.99,1
Sep,B02764,40.910000000000004,-73.97,1
Sep,B02764,40.910000000000004,-73.95,3
Sep,B02764,40.910000000000004,-73.91,6
Sep,B02764,40.910000000000004,-73.9,18
Sep,B02764,40.910000000000004,-73.88,6
Sep,B02764,40.910000000000004,-73.87,3
Sep,B02764,40.910000000000004,-73.86,5
Sep,B02764,40.910000000000004,-73.85000000000001,5
Sep,B02764,40.910000000000004,-73.84,1
Sep,B02764,40.910000000000004,-73.83,3
Sep,B02764,40.910000000000004,-73.82000000000001,2
Sep,B02764,40.910000000000004,-73.81,3
Sep,B02764,40.910000000000004,-73.78,11
Sep,B02764,40.92,-74.08,1
Sep,B02764,40.92,-74.06,2
Sep,B02764,40.92,-73.98,1
Sep,B02764,40.92,-73.96000000000001,1
Sep,B02764,40.92,-73.9,1
Sep,B02764,40.92,-73.88,1
Sep,B02764,40.92,-73.85000000000001,1
Sep,B02764,40.92,-73.79,1
