Date,Month,Weekday,DayType,Hour,Base,Total_Trips
2014-04-01,Apr,Tue,Weekday,0,B02512,9
2014-04-01,Apr,Tue,Weekday,0,B02598,35
2014-04-01,Apr,Tue,Weekday,0,B02617,29
2014-04-01,Apr,Tue,Weekday,0,B02682,60
2014-04-01,Apr,Tue,Weekday,0,B02764,5
2014-04-01,Apr,Tue,Weekday,1,B02512,4
2014-04-01,Apr,Tue,Weekday,1,B02598,18
2014-04-01,Apr,Tue,Weekday,1,B02617,18
2014-04-01,Apr,Tue,Weekday,1,B02682,22
2014-04-01,Apr,Tue,Weekday,1,B02764,4
2014-04-01,Apr,Tue,Weekday,2,B02512,4
2014-04-01,Apr,Tue,Weekday,2,B02598,15
2014-04-01,Apr,Tue,Weekday,2,B02617,9
2014-04-01,Apr,Tue,Weekday,2,B02682,24
2014-04-01,Apr,Tue,Weekday,2,B02764,1
2014-04-01,Apr,Tue,Weekday,3,B02512,4
2014-04-01,Apr,Tue,Weekday,3,B02598,24
2014-04-01,Apr,Tue,Weekday,3,B02617,18
2014-04-01,Apr,Tue,Weekday,3,B02682,46
2014-04-01,Apr,Tue,Weekday,3,B02764,1
2014-04-01,Apr,Tue,Weekday,4,B02512,9
2014-04-01,Apr,Tue,Weekday,4,B02598,45
2014-04-01,Apr,Tue,Weekday,4,B02617,33
2014-04-01,Apr,Tue,Weekday,4,B02682,73
2014-04-01,Apr,Tue,Weekday,4,B02764,6
2014-04-01,Apr,Tue,Weekday,5,B02512,24
2014-04-01,Apr,Tue,Weekday,5,B02598,87
2014-04-01,Apr,Tue,Weekday,5,B02617,67
2014-04-01,Apr,Tue,Weekday,5,B02682,146
2014-04-01,Apr,Tue,Weekday,5,B02764,9
2014-04-01,Apr,Tue,Weekday,6,B02512,45
2014-04-01,Apr,Tue,Weekday,6,B02598,174
2014-04-01,Apr,Tue,Weekday,6,B02617,183
2014-04-01,Apr,Tue,Weekday,6,B02682,306
2014-04-01,Apr,Tue,Weekday,6,B02764,14
2014-04-01,Apr,Tue,Weekday,7,B02512,63
2014-04-01,Apr,Tue,Weekday,7,B02598,231
2014-04-01,Apr,Tue,Weekday,7,B02617,241
2014-04-01,Apr,Tue,Weekday,7,B02682,446
2014-04-01,Apr,Tue,Weekday,7,B02764,20
2014-04-01,Apr,Tue,Weekday,8,B02512,50
2014-04-01,Apr,Tue,Weekday,8,B02598,174
2014-04-01,Apr,Tue,Weekday,8,B02617,202
2014-04-01,Apr,Tue,Weekday,8,B02682,341
2014-04-01,Apr,Tue,Weekday,8,B02764,13
2014-04-01,Apr,Tue,Weekday,9,B02512,35
2014-04-01,Apr,Tue,Weekday,9,B02598,133
2014-04-01,Apr,Tue,Weekday,9,B02617,114
2014-04-01,Apr,Tue,Weekday,9,B02682,239
2014-04-01,Apr,Tue,Weekday,9,B02764,11
2014-04-01,Apr,Tue,Weekday,10,B02512,42
2014-04-01,Apr,Tue,Weekday,10,B02598,120
2014-04-01,Apr,Tue,Weekday,10,B02617,104
2014-04-01,Apr,Tue,Weekday,10,B02682,202
2014-04-01,Apr,Tue,Weekday,10,B02764,9
2014-04-01,Apr,Tue,Weekday,11,B02512,55
2014-04-01,Apr,Tue,Weekday,11,B02598,155
2014-04-01,Apr,Tue,Weekday,11,B02617,115
2014-04-01,Apr,Tue,Weekday,11,B02682,208
2014-04-01,Apr,Tue,Weekday,11,B02764,14
2014-04-01,Apr,Tue,Weekday,12,B02512,49
2014-04-01,Apr,Tue,Weekday,12,B02598,122
2014-04-01,Apr,Tue,Weekday,12,B02617,95
2014-04-01,Apr,Tue,Weekday,12,B02682,190
2014-04-01,Apr,Tue,Weekday,12,B02764,13
2014-04-01,Apr,Tue,Weekday,13,B02512,53
2014-04-01,Apr,Tue,Weekday,13,B02598,152
2014-04-01,Apr,Tue,Weekday,13,B02617,118
2014-04-01,Apr,Tue,Weekday,13,B02682,257
2014-04-01,Apr,Tue,Weekday,13,B02764,11
2014-04-01,Apr,Tue,Weekday,14,B02512,51
2014-04-01,Apr,Tue,Weekday,14,B02598,192
2014-04-01,Apr,Tue,Weekday,14,B02617,174
2014-04-01,Apr,Tue,Weekday,14,B02682,299
2014-04-01,Apr,Tue,Weekday,14,B02764,20
2014-04-01,Apr,Tue,Weekday,15,B02512,61
2014-04-01,Apr,Tue,Weekday,15,B02598,238
2014-04-01,Apr,Tue,Weekday,15,B02617,220
2014-04-01,Apr,Tue,Weekday,15,B02682,426
2014-04-01,Apr,Tue,Weekday,15,B02764,22
2014-04-01,Apr,Tue,Weekday,16,B02512,76
2014-04-01,Apr,Tue,Weekday,16,B02598,296
2014-04-01,Apr,Tue,Weekday,16,B02617,238
2014-04-01,Apr,Tue,Weekday,16,B02682,515
2014-04-01,Apr,Tue,Weekday,16,B02764,27
2014-04-01,Apr,Tue,Weekday,17,B02512,83
2014-04-01,Apr,Tue,Weekday,17,B02598,336
2014-04-01,Apr,Tue,Weekday,17,B02617,297
2014-04-01,Apr,Tue,Weekday,17,B02682,515
2014-04-01,Apr,Tue,Weekday,17,B02764,31
2014-04-01,Apr,Tue,Weekday,18,B02512,67
2014-04-01,Apr,Tue,Weekday,18,B02598,314
2014-04-01,Apr,Tue,Weekday,18,B02617,238
2014-04-01,Apr,Tue,Weekday,18,B02682,484
2014-04-01,Apr,Tue,Weekday,18,B02764,19
2014-04-01,Apr,Tue,Weekday,19,B02512,72
2014-04-01,Apr,Tue,Weekday,19,B02598,270
2014-04-01,Apr,Tue,Weekday,19,B02617,202
2014-04-01,Apr,Tue,Weekday,19,B02682,451
2014-04-01,Apr,Tue,Weekday,19,B02764,23
2014-04-01,Apr,Tue,Weekday,20,B02512,50
2014-04-01,Apr,Tue,Weekday,20,B02598,168
2014-04-01,Apr,Tue,Weekday,20,B02617,123
2014-04-01,Apr,Tue,Weekday,20,B02682,242
2014-04-01,Apr,Tue,Weekday,20,B02764,14
2014-04-01,Apr,Tue,Weekday,21,B02512,56
2014-04-01,Apr,Tue,Weekday,21,B02598,226
2014-04-01,Apr,Tue,Weekday,21,B02617,193
2014-04-01,Apr,Tue,Weekday,21,B02682,383
2014-04-01,Apr,Tue,Weekday,21,B02764,20
2014-04-01,Apr,Tue,Weekday,22,B02512,34
2014-04-01,Apr,Tue,Weekday,22,B02598,142
2014-04-01,Apr,Tue,Weekday,22,B02617,115
2014-04-01,Apr,Tue,Weekday,22,B02682,229
2014-04-01,Apr,Tue,Weekday,22,B02764,9
2014-04-01,Apr,Tue,Weekday,23,B02512,15
2014-04-01,Apr,Tue,Weekday,23,B02598,71
2014-04-01,Apr,Tue,Weekday,23,B02617,73
2014-04-01,Apr,Tue,Weekday,23,B02682,151
2014-04-01,Apr,Tue,Weekday,23,B02764,7
2014-04-02,Apr,Wed,Weekday,0,B02512,9
2014-04-02,Apr,Wed,Weekday,0,B02598,35
2014-04-02,Apr,Wed,Weekday,0,B02617,34
2014-04-02,Apr,Wed,Weekday,0,B02682,80
2014-04-02,Apr,Wed,Weekday,0,B02764,3
2014-04-02,Apr,Wed,Weekday,1,B02512,4
2014-04-02,Apr,Wed,Weekday,1,B02598,25
2014-04-02,Apr,Wed,Weekday,1,B02617,19
2014-04-02,Apr,Wed,Weekday,1,B02682,31
2014-04-02,Apr,Wed,Weekday,1,B02764,3
2014-04-02,Apr,Wed,Weekday,2,B02512,3
2014-04-02,Apr,Wed,Weekday,2,B02598,16
2014-04-02,Apr,Wed,Weekday,2,B02617,14
2014-04-02,Apr,Wed,Weekday,2,B02682,25
2014-04-02,Apr,Wed,Weekday,2,B02764,1
2014-04-02,Apr,Wed,Weekday,3,B02512,5
2014-04-02,Apr,Wed,Weekday,3,B02598,17
2014-04-02,Apr,Wed,Weekday,3,B02617,23
2014-04-02,Apr,Wed,Weekday,3,B02682,33
2014-04-02,Apr,Wed,Weekday,3,B02764,2
2014-04-02,Apr,Wed,Weekday,4,B02512,10
2014-04-02,Apr,Wed,Weekday,4,B02598,64
2014-04-02,Apr,Wed,Weekday,4,B02617,38
2014-04-02,Apr,Wed,Weekday,4,B02682,80
2014-04-02,Apr,Wed,Weekday,4,B02764,4
2014-04-02,Apr,Wed,Weekday,5,B02512,22
2014-04-02,Apr,Wed,Weekday,5,B02598,90
2014-04-02,Apr,Wed,Weekday,5,B02617,70
2014-04-02,Apr,Wed,Weekday,5,B02682,157
2014-04-02,Apr,Wed,Weekday,5,B02764,5
2014-04-02,Apr,Wed,Weekday,6,B02512,65
2014-04-02,Apr,Wed,Weekday,6,B02598,203
2014-04-02,Apr,Wed,Weekday,6,B02617,173
2014-04-02,Apr,Wed,Weekday,6,B02682,334
2014-04-02,Apr,Wed,Weekday,6,B02764,10
2014-04-02,Apr,Wed,Weekday,7,B02512,77
2014-04-02,Apr,Wed,Weekday,7,B02598,282
2014-04-02,Apr,Wed,Weekday,7,B02617,251
2014-04-02,Apr,Wed,Weekday,7,B02682,468
2014-04-02,Apr,Wed,Weekday,7,B02764,21
2014-04-02,Apr,Wed,Weekday,8,B02512,70
2014-04-02,Apr,Wed,Weekday,8,B02598,240
2014-04-02,Apr,Wed,Weekday,8,B02617,200
2014-04-02,Apr,Wed,Weekday,8,B02682,401
2014-04-02,Apr,Wed,Weekday,8,B02764,16
2014-04-02,Apr,Wed,Weekday,9,B02512,49
2014-04-02,Apr,Wed,Weekday,9,B02598,185
2014-04-02,Apr,Wed,Weekday,9,B02617,141
2014-04-02,Apr,Wed,Weekday,9,B02682,269
2014-04-02,Apr,Wed,Weekday,9,B02764,12
2014-04-02,Apr,Wed,Weekday,10,B02512,59
2014-04-02,Apr,Wed,Weekday,10,B02598,163
2014-04-02,Apr,Wed,Weekday,10,B02617,145
2014-04-02,Apr,Wed,Weekday,10,B02682,274
2014-04-02,Apr,Wed,Weekday,10,B02764,17
2014-04-02,Apr,Wed,Weekday,11,B02512,52
2014-04-02,Apr,Wed,Weekday,11,B02598,177
2014-04-02,Apr,Wed,Weekday,11,B02617,145
2014-04-02,Apr,Wed,Weekday,11,B02682,324
2014-04-02,Apr,Wed,Weekday,11,B02764,8
2014-04-02,Apr,Wed,Weekday,12,B02512,48
2014-04-02,Apr,Wed,Weekday,12,B02598,170
2014-04-02,Apr,Wed,Weekday,12,B02617,128
2014-04-02,Apr,Wed,Weekday,12,B02682,273
2014-04-02,Apr,Wed,Weekday,12,B02764,13
2014-04-02,Apr,Wed,Weekday,13,B02512,54
2014-04-02,Apr,Wed,Weekday,13,B02598,174
2014-04-02,Apr,Wed,Weekday,13,B02617,156
2014-04-02,Apr,Wed,Weekday,13,B02682,306
2014-04-02,Apr,Wed,Weekday,13,B02764,19
2014-04-02,Apr,Wed,Weekday,14,B02512,86
2014-04-02,Apr,Wed,Weekday,14,B02598,216
2014-04-02,Apr,Wed,Weekday,14,B02617,184
2014-04-02,Apr,Wed,Weekday,14,B02682,362
2014-04-02,Apr,Wed,Weekday,14,B02764,20
2014-04-02,Apr,Wed,Weekday,15,B02512,102
2014-04-02,Apr,Wed,Weekday,15,B02598,278
2014-04-02,Apr,Wed,Weekday,15,B02617,234
2014-04-02,Apr,Wed,Weekday,15,B02682,497
2014-04-02,Apr,Wed,Weekday,15,B02764,27
2014-04-02,Apr,Wed,Weekday,16,B02512,110
2014-04-02,Apr,Wed,Weekday,16,B02598,325
2014-04-02,Apr,Wed,Weekday,16,B02617,289
2014-04-02,Apr,Wed,Weekday,16,B02682,568
2014-04-02,Apr,Wed,Weekday,16,B02764,21
2014-04-02,Apr,Wed,Weekday,17,B02512,128
2014-04-02,Apr,Wed,Weekday,17,B02598,428
2014-04-02,Apr,Wed,Weekday,17,B02617,350
2014-04-02,Apr,Wed,Weekday,17,B02682,663
2014-04-02,Apr,Wed,Weekday,17,B02764,31
2014-04-02,Apr,Wed,Weekday,18,B02512,97
2014-04-02,Apr,Wed,Weekday,18,B02598,324
2014-04-02,Apr,Wed,Weekday,18,B02617,257
2014-04-02,Apr,Wed,Weekday,18,B02682,546
2014-04-02,Apr,Wed,Weekday,18,B02764,28
2014-04-02,Apr,Wed,Weekday,19,B02512,73
2014-04-02,Apr,Wed,Weekday,19,B02598,300
2014-04-02,Apr,Wed,Weekday,19,B02617,233
2014-04-02,Apr,Wed,Weekday,19,B02682,465
2014-04-02,Apr,Wed,Weekday,19,B02764,15
2014-04-02,Apr,Wed,Weekday,20,B02512,78
2014-04-02,Apr,Wed,Weekday,20,B02598,286
2014-04-02,Apr,Wed,Weekday,20,B02617,243
2014-04-02,Apr,Wed,Weekday,20,B02682,512
2014-04-02,Apr,Wed,Weekday,20,B02764,24
2014-04-02,Apr,Wed,Weekday,21,B02512,71
2014-04-02,Apr,Wed,Weekday,21,B02598,276
2014-04-02,Apr,Wed,Weekday,21,B02617,210
2014-04-02,Apr,Wed,Weekday,21,B02682,410
2014-04-02,Apr,Wed,Weekday,21,B02764,27
2014-04-02,Apr,Wed,Weekday,22,B02512,44
2014-04-02,Apr,Wed,Weekday,22,B02598,155
2014-04-02,Apr,Wed,Weekday,22,B02617,153
2014-04-02,Apr,Wed,Weekday,22,B02682,272
2014-04-02,Apr,Wed,Weekday,22,B02764,14
2014-04-02,Apr,Wed,Weekday,23,B02512,20
2014-04-02,Apr,Wed,Weekday,23,B02598,97
2014-04-02,Apr,Wed,Weekday,23,B02617,62
2014-04-02,Apr,Wed,Weekday,23,B02682,165
2014-04-02,Apr,Wed,Weekday,23,B02764,4
2014-04-03,Apr,Thu,Weekday,0,B02512,17
2014-04-03,Apr,Thu,Weekday,0,B02598,49
2014-04-03,Apr,Thu,Weekday,0,B02617,37
2014-04-03,Apr,Thu,Weekday,0,B02682,88
2014-04-03,Apr,Thu,Weekday,0,B02764,3
2014-04-03,Apr,Thu,Weekday,1,B02512,7
2014-04-03,Apr,Thu,Weekday,1,B02598,30
2014-04-03,Apr,Thu,Weekday,1,B02617,23
2014-04-03,Apr,Thu,Weekday,1,B02682,45
2014-04-03,Apr,Thu,Weekday,1,B02764,1
2014-04-03,Apr,Thu,Weekday,2,B02512,4
2014-04-03,Apr,Thu,Weekday,2,B02598,11
2014-04-03,Apr,Thu,Weekday,2,B02617,11
2014-04-03,Apr,Thu,Weekday,2,B02682,37
2014-04-03,Apr,Thu,Weekday,2,B02764,3
2014-04-03,Apr,Thu,Weekday,3,B02512,5
2014-04-03,Apr,Thu,Weekday,3,B02598,37
2014-04-03,Apr,Thu,Weekday,3,B02617,19
2014-04-03,Apr,Thu,Weekday,3,B02682,68
2014-04-03,Apr,Thu,Weekday,3,B02764,1
2014-04-03,Apr,Thu,Weekday,4,B02512,7
2014-04-03,Apr,Thu,Weekday,4,B02598,49
2014-04-03,Apr,Thu,Weekday,4,B02617,36
2014-04-03,Apr,Thu,Weekday,4,B02682,97
2014-04-03,Apr,Thu,Weekday,4,B02764,4
2014-04-03,Apr,Thu,Weekday,5,B02512,17
2014-04-03,Apr,Thu,Weekday,5,B02598,104
2014-04-03,Apr,Thu,Weekday,5,B02617,58
2014-04-03,Apr,Thu,Weekday,5,B02682,170
2014-04-03,Apr,Thu,Weekday,5,B02764,5
2014-04-03,Apr,Thu,Weekday,6,B02512,58
2014-04-03,Apr,Thu,Weekday,6,B02598,187
2014-04-03,Apr,Thu,Weekday,6,B02617,170
2014-04-03,Apr,Thu,Weekday,6,B02682,324
2014-04-03,Apr,Thu,Weekday,6,B02764,11
2014-04-03,Apr,Thu,Weekday,7,B02512,74
2014-04-03,Apr,Thu,Weekday,7,B02598,279
2014-04-03,Apr,Thu,Weekday,7,B02617,210
2014-04-03,Apr,Thu,Weekday,7,B02682,445
2014-04-03,Apr,Thu,Weekday,7,B02764,14
2014-04-03,Apr,Thu,Weekday,8,B02512,59
2014-04-03,Apr,Thu,Weekday,8,B02598,234
2014-04-03,Apr,Thu,Weekday,8,B02617,185
2014-04-03,Apr,Thu,Weekday,8,B02682,374
2014-04-03,Apr,Thu,Weekday,8,B02764,12
2014-04-03,Apr,Thu,Weekday,9,B02512,39
2014-04-03,Apr,Thu,Weekday,9,B02598,160
2014-04-03,Apr,Thu,Weekday,9,B02617,121
2014-04-03,Apr,Thu,Weekday,9,B02682,260
2014-04-03,Apr,Thu,Weekday,9,B02764,11
2014-04-03,Apr,Thu,Weekday,10,B02512,44
2014-04-03,Apr,Thu,Weekday,10,B02598,134
2014-04-03,Apr,Thu,Weekday,10,B02617,120
2014-04-03,Apr,Thu,Weekday,10,B02682,249
2014-04-03,Apr,Thu,Weekday,10,B02764,11
2014-04-03,Apr,Thu,Weekday,11,B02512,51
2014-04-03,Apr,Thu,Weekday,11,B02598,137
2014-04-03,Apr,Thu,Weekday,11,B02617,114
2014-04-03,Apr,Thu,Weekday,11,B02682,238
2014-04-03,Apr,Thu,Weekday,11,B02764,9
2014-04-03,Apr,Thu,Weekday,12,B02512,55
2014-04-03,Apr,Thu,Weekday,12,B02598,167
2014-04-03,Apr,Thu,Weekday,12,B02617,121
2014-04-03,Apr,Thu,Weekday,12,B02682,262
2014-04-03,Apr,Thu,Weekday,12,B02764,14
2014-04-03,Apr,Thu,Weekday,13,B02512,65
2014-04-03,Apr,Thu,Weekday,13,B02598,207
2014-04-03,Apr,Thu,Weekday,13,B02617,153
2014-04-03,Apr,Thu,Weekday,13,B02682,325
2014-04-03,Apr,Thu,Weekday,13,B02764,16
2014-04-03,Apr,Thu,Weekday,14,B02512,60
2014-04-03,Apr,Thu,Weekday,14,B02598,238
2014-04-03,Apr,Thu,Weekday,14,B02617,194
2014-04-03,Apr,Thu,Weekday,14,B02682,419
2014-04-03,Apr,Thu,Weekday,14,B02764,23
2014-04-03,Apr,Thu,Weekday,15,B02512,95
2014-04-03,Apr,Thu,Weekday,15,B02598,305
2014-04-03,Apr,Thu,Weekday,15,B02617,272
2014-04-03,Apr,Thu,Weekday,15,B02682,548
2014-04-03,Apr,Thu,Weekday,15,B02764,27
2014-04-03,Apr,Thu,Weekday,16,B02512,115
2014-04-03,Apr,Thu,Weekday,16,B02598,391
2014-04-03,Apr,Thu,Weekday,16,B02617,264
2014-04-03,Apr,Thu,Weekday,16,B02682,635
2014-04-03,Apr,Thu,Weekday,16,B02764,33
2014-04-03,Apr,Thu,Weekday,17,B02512,121
2014-04-03,Apr,Thu,Weekday,17,B02598,437
2014-04-03,Apr,Thu,Weekday,17,B02617,334
2014-04-03,Apr,Thu,Weekday,17,B02682,713
2014-04-03,Apr,Thu,Weekday,17,B02764,35
2014-04-03,Apr,Thu,Weekday,18,B02512,107
2014-04-03,Apr,Thu,Weekday,18,B02598,450
2014-04-03,Apr,Thu,Weekday,18,B02617,311
2014-04-03,Apr,Thu,Weekday,18,B02682,728
2014-04-03,Apr,Thu,Weekday,18,B02764,32
2014-04-03,Apr,Thu,Weekday,19,B02512,100
2014-04-03,Apr,Thu,Weekday,19,B02598,357
2014-04-03,Apr,Thu,Weekday,19,B02617,285
2014-04-03,Apr,Thu,Weekday,19,B02682,606
2014-04-03,Apr,Thu,Weekday,19,B02764,26
2014-04-03,Apr,Thu,Weekday,20,B02512,120
2014-04-03,Apr,Thu,Weekday,20,B02598,419
2014-04-03,Apr,Thu,Weekday,20,B02617,347
2014-04-03,Apr,Thu,Weekday,20,B02682,666
2014-04-03,Apr,Thu,Weekday,20,B02764,39
2014-04-03,Apr,Thu,Weekday,21,B02512,112
2014-04-03,Apr,Thu,Weekday,21,B02598,450
2014-04-03,Apr,Thu,Weekday,21,B02617,358
2014-04-03,Apr,Thu,Weekday,21,B02682,762
2014-04-03,Apr,Thu,Weekday,21,B02764,32
2014-04-03,Apr,Thu,Weekday,22,B02512,108
2014-04-03,Apr,Thu,Weekday,22,B02598,436
2014-04-03,Apr,Thu,Weekday,22,B02617,360
2014-04-03,Apr,Thu,Weekday,22,B02682,650
2014-04-03,Apr,Thu,Weekday,22,B02764,26
2014-04-03,Apr,Thu,Weekday,23,B02512,42
2014-04-03,Apr,Thu,Weekday,23,B02598,231
2014-04-03,Apr,Thu,Weekday,23,B02617,151
2014-04-03,Apr,Thu,Weekday,23,B02682,352
2014-04-03,Apr,Thu,Weekday,23,B02764,17
2014-04-04,Apr,Fri,Weekday,0,B02512,14
2014-04-04,Apr,Fri,Weekday,0,B02598,85
2014-04-04,Apr,Fri,Weekday,0,B02617,60
2014-04-04,Apr,Fri,Weekday,0,B02682,163
2014-04-04,Apr,Fri,Weekday,0,B02764,7
2014-04-04,Apr,Fri,Weekday,1,B02512,12
2014-04-04,Apr,Fri,Weekday,1,B02598,52
2014-04-04,Apr,Fri,Weekday,1,B02617,30
2014-04-04,Apr,Fri,Weekday,1,B02682,87
2014-04-04,Apr,Fri,Weekday,1,B02764,3
2014-04-04,Apr,Fri,Weekday,2,B02512,3
2014-04-04,Apr,Fri,Weekday,2,B02598,36
2014-04-04,Apr,Fri,Weekday,2,B02617,15
2014-04-04,Apr,Fri,Weekday,2,B02682,60
2014-04-04,Apr,Fri,Weekday,2,B02764,3
2014-04-04,Apr,Fri,Weekday,3,B02512,7
2014-04-04,Apr,Fri,Weekday,3,B02598,41
2014-04-04,Apr,Fri,Weekday,3,B02617,34
2014-04-04,Apr,Fri,Weekday,3,B02682,70
2014-04-04,Apr,Fri,Weekday,3,B02764,2
2014-04-04,Apr,Fri,Weekday,4,B02512,14
2014-04-04,Apr,Fri,Weekday,4,B02598,63
2014-04-04,Apr,Fri,Weekday,4,B02617,43
2014-04-04,Apr,Fri,Weekday,4,B02682,114
2014-04-04,Apr,Fri,Weekday,4,B02764,4
2014-04-04,Apr,Fri,Weekday,5,B02512,21
2014-04-04,Apr,Fri,Weekday,5,B02598,90
2014-04-04,Apr,Fri,Weekday,5,B02617,72
2014-04-04,Apr,Fri,Weekday,5,B02682,193
2014-04-04,Apr,Fri,Weekday,5,B02764,5
2014-04-04,Apr,Fri,Weekday,6,B02512,67
2014-04-04,Apr,Fri,Weekday,6,B02598,218
2014-04-04,Apr,Fri,Weekday,6,B02617,169
2014-04-04,Apr,Fri,Weekday,6,B02682,376
2014-04-04,Apr,Fri,Weekday,6,B02764,9
2014-04-04,Apr,Fri,Weekday,7,B02512,88
2014-04-04,Apr,Fri,Weekday,7,B02598,294
2014-04-04,Apr,Fri,Weekday,7,B02617,238
2014-04-04,Apr,Fri,Weekday,7,B02682,558
2014-04-04,Apr,Fri,Weekday,7,B02764,24
2014-04-04,Apr,Fri,Weekday,8,B02512,68
2014-04-04,Apr,Fri,Weekday,8,B02598,254
2014-04-04,Apr,Fri,Weekday,8,B02617,217
2014-04-04,Apr,Fri,Weekday,8,B02682,505
2014-04-04,Apr,Fri,Weekday,8,B02764,21
2014-04-04,Apr,Fri,Weekday,9,B02512,61
2014-04-04,Apr,Fri,Weekday,9,B02598,177
2014-04-04,Apr,Fri,Weekday,9,B02617,168
2014-04-04,Apr,Fri,Weekday,9,B02682,349
2014-04-04,Apr,Fri,Weekday,9,B02764,14
2014-04-04,Apr,Fri,Weekday,10,B02512,61
2014-04-04,Apr,Fri,Weekday,10,B02598,193
2014-04-04,Apr,Fri,Weekday,10,B02617,161
2014-04-04,Apr,Fri,Weekday,10,B02682,336
2014-04-04,Apr,Fri,Weekday,10,B02764,8
2014-04-04,Apr,Fri,Weekday,11,B02512,58
2014-04-04,Apr,Fri,Weekday,11,B02598,236
2014-04-04,Apr,Fri,Weekday,11,B02617,143
2014-04-04,Apr,Fri,Weekday,11,B02682,370
2014-04-04,Apr,Fri,Weekday,11,B02764,12
2014-04-04,Apr,Fri,Weekday,12,B02512,58
2014-04-04,Apr,Fri,Weekday,12,B02598,229
2014-04-04,Apr,Fri,Weekday,12,B02617,186
2014-04-04,Apr,Fri,Weekday,12,B02682,346
2014-04-04,Apr,Fri,Weekday,12,B02764,8
2014-04-04,Apr,Fri,Weekday,13,B02512,79
2014-04-04,Apr,Fri,Weekday,13,B02598,297
2014-04-04,Apr,Fri,Weekday,13,B02617,215
2014-04-04,Apr,Fri,Weekday,13,B02682,388
2014-04-04,Apr,Fri,Weekday,13,B02764,15
2014-04-04,Apr,Fri,Weekday,14,B02512,94
2014-04-04,Apr,Fri,Weekday,14,B02598,320
2014-04-04,Apr,Fri,Weekday,14,B02617,240
2014-04-04,Apr,Fri,Weekday,14,B02682,511
2014-04-04,Apr,Fri,Weekday,14,B02764,25
2014-04-04,Apr,Fri,Weekday,15,B02512,121
2014-04-04,Apr,Fri,Weekday,15,B02598,389
2014-04-04,Apr,Fri,Weekday,15,B02617,318
2014-04-04,Apr,Fri,Weekday,15,B02682,647
2014-04-04,Apr,Fri,Weekday,15,B02764,29
2014-04-04,Apr,Fri,Weekday,16,B02512,124
2014-04-04,Apr,Fri,Weekday,16,B02598,491
2014-04-04,Apr,Fri,Weekday,16,B02617,412
2014-04-04,Apr,Fri,Weekday,16,B02682,808
2014-04-04,Apr,Fri,Weekday,16,B02764,30
2014-04-04,Apr,Fri,Weekday,17,B02512,161
2014-04-04,Apr,Fri,Weekday,17,B02598,624
2014-04-04,Apr,Fri,Weekday,17,B02617,452
2014-04-04,Apr,Fri,Weekday,17,B02682,999
2014-04-04,Apr,Fri,Weekday,17,B02764,44
2014-04-04,Apr,Fri,Weekday,18,B02512,172
2014-04-04,Apr,Fri,Weekday,18,B02598,650
2014-04-04,Apr,Fri,Weekday,18,B02617,497
2014-04-04,Apr,Fri,Weekday,18,B02682,1090
2014-04-04,Apr,Fri,Weekday,18,B02764,40
2014-04-04,Apr,Fri,Weekday,19,B02512,139
2014-04-04,Apr,Fri,Weekday,19,B02598,599
2014-04-04,Apr,Fri,Weekday,19,B02617,418
2014-04-04,Apr,Fri,Weekday,19,B02682,946
2014-04-04,Apr,Fri,Weekday,19,B02764,31
2014-04-04,Apr,Fri,Weekday,20,B02512,92
2014-04-04,Apr,Fri,Weekday,20,B02598,401
2014-04-04,Apr,Fri,Weekday,20,B02617,285
2014-04-04,Apr,Fri,Weekday,20,B02682,675
2014-04-04,Apr,Fri,Weekday,20,B02764,36
2014-04-04,Apr,Fri,Weekday,21,B02512,112
2014-04-04,Apr,Fri,Weekday,21,B02598,543
2014-04-04,Apr,Fri,Weekday,21,B02617,389
2014-04-04,Apr,Fri,Weekday,21,B02682,836
2014-04-04,Apr,Fri,Weekday,21,B02764,49
2014-04-04,Apr,Fri,Weekday,22,B02512,110
2014-04-04,Apr,Fri,Weekday,22,B02598,506
2014-04-04,Apr,Fri,Weekday,22,B02617,360
2014-04-04,Apr,Fri,Weekday,22,B02682,845
2014-04-04,Apr,Fri,Weekday,22,B02764,38
2014-04-04,Apr,Fri,Weekday,23,B02512,91
2014-04-04,Apr,Fri,Weekday,23,B02598,363
2014-04-04,Apr,Fri,Weekday,23,B02617,265
2014-04-04,Apr,Fri,Weekday,23,B02682,593
2014-04-04,Apr,Fri,Weekday,23,B02764,27
2014-04-05,Apr,Sat,Weekend,0,B02512,45
2014-04-05,Apr,Sat,Weekend,0,B02598,205
2014-04-05,Apr,Sat,Weekend,0,B02617,126
2014-04-05,Apr,Sat,Weekend,0,B02682,330
2014-04-05,Apr,Sat,Weekend,0,B02764,17
2014-04-05,Apr,Sat,Weekend,1,B02512,31
2014-04-05,Apr,Sat,Weekend,1,B02598,105
2014-04-05,Apr,Sat,Weekend,1,B02617,77
2014-04-05,Apr,Sat,Weekend,1,B02682,194
2014-04-05,Apr,Sat,Weekend,1,B02764,9
2014-04-05,Apr,Sat,Weekend,2,B02512,17
2014-04-05,Apr,Sat,Weekend,2,B02598,59
2014-04-05,Apr,Sat,Weekend,2,B02617,34
2014-04-05,Apr,Sat,Weekend,2,B02682,102
2014-04-05,Apr,Sat,Weekend,2,B02764,3
2014-04-05,Apr,Sat,Weekend,3,B02512,10
2014-04-05,Apr,Sat,Weekend,3,B02598,49
2014-04-05,Apr,Sat,Weekend,3,B02617,33
2014-04-05,Apr,Sat,Weekend,3,B02682,86
2014-04-05,Apr,Sat,Weekend,3,B02764,3
2014-04-05,Apr,Sat,Weekend,4,B02512,7
2014-04-05,Apr,Sat,Weekend,4,B02598,44
2014-04-05,Apr,Sat,Weekend,4,B02617,15
2014-04-05,Apr,Sat,Weekend,4,B02682,86
2014-04-05,Apr,Sat,Weekend,4,B02764,1
2014-04-05,Apr,Sat,Weekend,5,B02512,12
2014-04-05,Apr,Sat,Weekend,5,B02598,57
2014-04-05,Apr,Sat,Weekend,5,B02617,20
2014-04-05,Apr,Sat,Weekend,5,B02682,86
2014-04-05,Apr,Sat,Weekend,5,B02764,2
2014-04-05,Apr,Sat,Weekend,6,B02512,12
2014-04-05,Apr,Sat,Weekend,6,B02598,61
2014-04-05,Apr,Sat,Weekend,6,B02617,37
2014-04-05,Apr,Sat,Weekend,6,B02682,92
2014-04-05,Apr,Sat,Weekend,6,B02764,4
2014-04-05,Apr,Sat,Weekend,7,B02512,13
2014-04-05,Apr,Sat,Weekend,7,B02598,81
2014-04-05,Apr,Sat,Weekend,7,B02617,46
2014-04-05,Apr,Sat,Weekend,7,B02682,133
2014-04-05,Apr,Sat,Weekend,7,B02764,6
2014-04-05,Apr,Sat,Weekend,8,B02512,21
2014-04-05,Apr,Sat,Weekend,8,B02598,93
2014-04-05,Apr,Sat,Weekend,8,B02617,68
2014-04-05,Apr,Sat,Weekend,8,B02682,149
2014-04-05,Apr,Sat,Weekend,8,B02764,9
2014-04-05,Apr,Sat,Weekend,9,B02512,38
2014-04-05,Apr,Sat,Weekend,9,B02598,114
2014-04-05,Apr,Sat,Weekend,9,B02617,91
2014-04-05,Apr,Sat,Weekend,9,B02682,196
2014-04-05,Apr,Sat,Weekend,9,B02764,11
2014-04-05,Apr,Sat,Weekend,10,B02512,45
2014-04-05,Apr,Sat,Weekend,10,B02598,130
2014-04-05,Apr,Sat,Weekend,10,B02617,105
2014-04-05,Apr,Sat,Weekend,10,B02682,243
2014-04-05,Apr,Sat,Weekend,10,B02764,7
2014-04-05,Apr,Sat,Weekend,11,B02512,52
2014-04-05,Apr,Sat,Weekend,11,B02598,140
2014-04-05,Apr,Sat,Weekend,11,B02617,103
2014-04-05,Apr,Sat,Weekend,11,B02682,237
2014-04-05,Apr,Sat,Weekend,11,B02764,10
2014-04-05,Apr,Sat,Weekend,12,B02512,46
2014-04-05,Apr,Sat,Weekend,12,B02598,185
2014-04-05,Apr,Sat,Weekend,12,B02617,136
2014-04-05,Apr,Sat,Weekend,12,B02682,280
2014-04-05,Apr,Sat,Weekend,12,B02764,10
2014-04-05,Apr,Sat,Weekend,13,B02512,55
2014-04-05,Apr,Sat,Weekend,13,B02598,183
2014-04-05,Apr,Sat,Weekend,13,B02617,134
2014-04-05,Apr,Sat,Weekend,13,B02682,264
2014-04-05,Apr,Sat,Weekend,13,B02764,11
2014-04-05,Apr,Sat,Weekend,14,B02512,50
2014-04-05,Apr,Sat,Weekend,14,B02598,196
2014-04-05,Apr,Sat,Weekend,14,B02617,139
2014-04-05,Apr,Sat,Weekend,14,B02682,303
2014-04-05,Apr,Sat,Weekend,14,B02764,16
2014-04-05,Apr,Sat,Weekend,15,B02512,81
2014-04-05,Apr,Sat,Weekend,15,B02598,309
2014-04-05,Apr,Sat,Weekend,15,B02617,209
2014-04-05,Apr,Sat,Weekend,15,B02682,458
2014-04-05,Apr,Sat,Weekend,15,B02764,21
2014-04-05,Apr,Sat,Weekend,16,B02512,102
2014-04-05,Apr,Sat,Weekend,16,B02598,361
2014-04-05,Apr,Sat,Weekend,16,B02617,252
2014-04-05,Apr,Sat,Weekend,16,B02682,571
2014-04-05,Apr,Sat,Weekend,16,B02764,27
2014-04-05,Apr,Sat,Weekend,17,B02512,104
2014-04-05,Apr,Sat,Weekend,17,B02598,409
2014-04-05,Apr,Sat,Weekend,17,B02617,268
2014-04-05,Apr,Sat,Weekend,17,B02682,633
2014-04-05,Apr,Sat,Weekend,17,B02764,31
2014-04-05,Apr,Sat,Weekend,18,B02512,96
2014-04-05,Apr,Sat,Weekend,18,B02598,458
2014-04-05,Apr,Sat,Weekend,18,B02617,289
2014-04-05,Apr,Sat,Weekend,18,B02682,699
2014-04-05,Apr,Sat,Weekend,18,B02764,33
2014-04-05,Apr,Sat,Weekend,19,B02512,99
2014-04-05,Apr,Sat,Weekend,19,B02598,414
2014-04-05,Apr,Sat,Weekend,19,B02617,284
2014-04-05,Apr,Sat,Weekend,19,B02682,617
2014-04-05,Apr,Sat,Weekend,19,B02764,26
2014-04-05,Apr,Sat,Weekend,20,B02512,75
2014-04-05,Apr,Sat,Weekend,20,B02598,405
2014-04-05,Apr,Sat,Weekend,20,B02617,245
2014-04-05,Apr,Sat,Weekend,20,B02682,597
2014-04-05,Apr,Sat,Weekend,20,B02764,26
2014-04-05,Apr,Sat,Weekend,21,B02512,92
2014-04-05,Apr,Sat,Weekend,21,B02598,440
2014-04-05,Apr,Sat,Weekend,21,B02617,290
2014-04-05,Apr,Sat,Weekend,21,B02682,725
2014-04-05,Apr,Sat,Weekend,21,B02764,25
2014-04-05,Apr,Sat,Weekend,22,B02512,121
2014-04-05,Apr,Sat,Weekend,22,B02598,522
2014-04-05,Apr,Sat,Weekend,22,B02617,358
2014-04-05,Apr,Sat,Weekend,22,B02682,797
2014-04-05,Apr,Sat,Weekend,22,B02764,32
2014-04-05,Apr,Sat,Weekend,23,B02512,85
2014-04-05,Apr,Sat,Weekend,23,B02598,488
2014-04-05,Apr,Sat,Weekend,23,B02617,332
2014-04-05,Apr,Sat,Weekend,23,B02682,762
2014-04-05,Apr,Sat,Weekend,23,B02764,33
2014-04-06,Apr,Sun,Weekend,0,B02512,64
2014-04-06,Apr,Sun,Weekend,0,B02598,446
2014-04-06,Apr,Sun,Weekend,0,B02617,277
2014-04-06,Apr,Sun,Weekend,0,B02682,676
2014-04-06,Apr,Sun,Weekend,0,B02764,22
2014-04-06,Apr,Sun,Weekend,1,B02512,47
2014-04-06,Apr,Sun,Weekend,1,B02598,279
2014-04-06,Apr,Sun,Weekend,1,B02617,172
2014-04-06,Apr,Sun,Weekend,1,B02682,427
2014-04-06,Apr,Sun,Weekend,1,B02764,15
2014-04-06,Apr,Sun,Weekend,2,B02512,24
2014-04-06,Apr,Sun,Weekend,2,B02598,138
2014-04-06,Apr,Sun,Weekend,2,B02617,98
2014-04-06,Apr,Sun,Weekend,2,B02682,237
2014-04-06,Apr,Sun,Weekend,2,B02764,4
2014-04-06,Apr,Sun,Weekend,3,B02512,11
2014-04-06,Apr,Sun,Weekend,3,B02598,96
2014-04-06,Apr,Sun,Weekend,3,B02617,59
2014-04-06,Apr,Sun,Weekend,3,B02682,147
2014-04-06,Apr,Sun,Weekend,3,B02764,2
2014-04-06,Apr,Sun,Weekend,4,B02512,10
2014-04-06,Apr,Sun,Weekend,4,B02598,67
2014-04-06,Apr,Sun,Weekend,4,B02617,34
2014-04-06,Apr,Sun,Weekend,4,B02682,88
2014-04-06,Apr,Sun,Weekend,4,B02764,2
2014-04-06,Apr,Sun,Weekend,5,B02512,9
2014-04-06,Apr,Sun,Weekend,5,B02598,51
2014-04-06,Apr,Sun,Weekend,5,B02617,26
2014-04-06,Apr,Sun,Weekend,5,B02682,88
2014-04-06,Apr,Sun,Weekend,5,B02764,3
2014-04-06,Apr,Sun,Weekend,6,B02512,11
2014-04-06,Apr,Sun,Weekend,6,B02598,53
2014-04-06,Apr,Sun,Weekend,6,B02617,32
2014-04-06,Apr,Sun,Weekend,6,B02682,77
2014-04-06,Apr,Sun,Weekend,6,B02764,1
2014-04-06,Apr,Sun,Weekend,7,B02512,17
2014-04-06,Apr,Sun,Weekend,7,B02598,60
2014-04-06,Apr,Sun,Weekend,7,B02617,45
2014-04-06,Apr,Sun,Weekend,7,B02682,100
2014-04-06,Apr,Sun,Weekend,7,B02764,4
2014-04-06,Apr,Sun,Weekend,8,B02512,25
2014-04-06,Apr,Sun,Weekend,8,B02598,91
2014-04-06,Apr,Sun,Weekend,8,B02617,61
2014-04-06,Apr,Sun,Weekend,8,B02682,134
2014-04-06,Apr,Sun,Weekend,8,B02764,2
2014-04-06,Apr,Sun,Weekend,9,B02512,21
2014-04-06,Apr,Sun,Weekend,9,B02598,124
2014-04-06,Apr,Sun,Weekend,9,B02617,104
2014-04-06,Apr,Sun,Weekend,9,B02682,187
2014-04-06,Apr,Sun,Weekend,9,B02764,5
2014-04-06,Apr,Sun,Weekend,10,B02512,31
2014-04-06,Apr,Sun,Weekend,10,B02598,143
2014-04-06,Apr,Sun,Weekend,10,B02617,130
2014-04-06,Apr,Sun,Weekend,10,B02682,236
2014-04-06,Apr,Sun,Weekend,10,B02764,7
2014-04-06,Apr,Sun,Weekend,11,B02512,46
2014-04-06,Apr,Sun,Weekend,11,B02598,138
2014-04-06,Apr,Sun,Weekend,11,B02617,134
2014-04-06,Apr,Sun,Weekend,11,B02682,238
2014-04-06,Apr,Sun,Weekend,11,B02764,7
2014-04-06,Apr,Sun,Weekend,12,B02512,53
2014-04-06,Apr,Sun,Weekend,12,B02598,160
2014-04-06,Apr,Sun,Weekend,12,B02617,148
2014-04-06,Apr,Sun,Weekend,12,B02682,223
2014-04-06,Apr,Sun,Weekend,12,B02764,10
2014-04-06,Apr,Sun,Weekend,13,B02512,55
2014-04-06,Apr,Sun,Weekend,13,B02598,176
2014-04-06,Apr,Sun,Weekend,13,B02617,161
2014-04-06,Apr,Sun,Weekend,13,B02682,272
2014-04-06,Apr,Sun,Weekend,13,B02764,13
2014-04-06,Apr,Sun,Weekend,14,B02512,56
2014-04-06,Apr,Sun,Weekend,14,B02598,190
2014-04-06,Apr,Sun,Weekend,14,B02617,150
2014-04-06,Apr,Sun,Weekend,14,B02682,291
2014-04-06,Apr,Sun,Weekend,14,B02764,11
2014-04-06,Apr,Sun,Weekend,15,B02512,72
2014-04-06,Apr,Sun,Weekend,15,B02598,225
2014-04-06,Apr,Sun,Weekend,15,B02617,173
2014-04-06,Apr,Sun,Weekend,15,B02682,360
2014-04-06,Apr,Sun,Weekend,15,B02764,17
2014-04-06,Apr,Sun,Weekend,16,B02512,46
2014-04-06,Apr,Sun,Weekend,16,B02598,238
2014-04-06,Apr,Sun,Weekend,16,B02617,177
2014-04-06,Apr,Sun,Weekend,16,B02682,333
2014-04-06,Apr,Sun,Weekend,16,B02764,12
2014-04-06,Apr,Sun,Weekend,17,B02512,49
2014-04-06,Apr,Sun,Weekend,17,B02598,237
2014-04-06,Apr,Sun,Weekend,17,B02617,150
2014-04-06,Apr,Sun,Weekend,17,B02682,355
2014-04-06,Apr,Sun,Weekend,17,B02764,8
2014-04-06,Apr,Sun,Weekend,18,B02512,43
2014-04-06,Apr,Sun,Weekend,18,B02598,216
2014-04-06,Apr,Sun,Weekend,18,B02617,157
2014-04-06,Apr,Sun,Weekend,18,B02682,334
2014-04-06,Apr,Sun,Weekend,18,B02764,17
2014-04-06,Apr,Sun,Weekend,19,B02512,47
2014-04-06,Apr,Sun,Weekend,19,B02598,191
2014-04-06,Apr,Sun,Weekend,19,B02617,110
2014-04-06,Apr,Sun,Weekend,19,B02682,277
2014-04-06,Apr,Sun,Weekend,19,B02764,16
2014-04-06,Apr,Sun,Weekend,20,B02512,28
2014-04-06,Apr,Sun,Weekend,20,B02598,160
2014-04-06,Apr,Sun,Weekend,20,B02617,98
2014-04-06,Apr,Sun,Weekend,20,B02682,222
2014-04-06,Apr,Sun,Weekend,20,B02764,8
2014-04-06,Apr,Sun,Weekend,21,B02512,25
2014-04-06,Apr,Sun,Weekend,21,B02598,176
2014-04-06,Apr,Sun,Weekend,21,B02617,113
2014-04-06,Apr,Sun,Weekend,21,B02682,246
2014-04-06,Apr,Sun,Weekend,21,B02764,11
2014-04-06,Apr,Sun,Weekend,22,B02512,19
2014-04-06,Apr,Sun,Weekend,22,B02598,104
2014-04-06,Apr,Sun,Weekend,22,B02617,91
2014-04-06,Apr,Sun,Weekend,22,B02682,166
2014-04-06,Apr,Sun,Weekend,22,B02764,10
2014-04-06,Apr,Sun,Weekend,23,B02512,11
2014-04-06,Apr,Sun,Weekend,23,B02598,69
2014-04-06,Apr,Sun,Weekend,23,B02617,47
2014-04-06,Apr,Sun,Weekend,23,B02682,126
2014-04-06,Apr,Sun,Weekend,23,B02764,3
2014-04-07,Apr,Mon,Weekday,0,B02512,4
2014-04-07,Apr,Mon,Weekday,0,B02598,27
2014-04-07,Apr,Mon,Weekday,0,B02617,19
2014-04-07,Apr,Mon,Weekday,0,B02682,51
2014-04-07,Apr,Mon,Weekday,0,B02764,1
2014-04-07,Apr,Mon,Weekday,1,B02512,1
2014-04-07,Apr,Mon,Weekday,1,B02598,19
2014-04-07,Apr,Mon,Weekday,1,B02617,17
2014-04-07,Apr,Mon,Weekday,1,B02682,25
2014-04-07,Apr,Mon,Weekday,1,B02764,1
2014-04-07,Apr,Mon,Weekday,2,B02512,3
2014-04-07,Apr,Mon,Weekday,2,B02598,17
2014-04-07,Apr,Mon,Weekday,2,B02617,13
2014-04-07,Apr,Mon,Weekday,2,B02682,24
2014-04-07,Apr,Mon,Weekday,3,B02512,7
2014-04-07,Apr,Mon,Weekday,3,B02598,44
2014-04-07,Apr,Mon,Weekday,3,B02617,30
2014-04-07,Apr,Mon,Weekday,3,B02682,73
2014-04-07,Apr,Mon,Weekday,4,B02512,15
2014-04-07,Apr,Mon,Weekday,4,B02598,66
2014-04-07,Apr,Mon,Weekday,4,B02617,48
2014-04-07,Apr,Mon,Weekday,4,B02682,141
2014-04-07,Apr,Mon,Weekday,4,B02764,1
2014-04-07,Apr,Mon,Weekday,5,B02512,23
2014-04-07,Apr,Mon,Weekday,5,B02598,118
2014-04-07,Apr,Mon,Weekday,5,B02617,68
2014-04-07,Apr,Mon,Weekday,5,B02682,177
2014-04-07,Apr,Mon,Weekday,5,B02764,2
2014-04-07,Apr,Mon,Weekday,6,B02512,47
2014-04-07,Apr,Mon,Weekday,6,B02598,238
2014-04-07,Apr,Mon,Weekday,6,B02617,182
2014-04-07,Apr,Mon,Weekday,6,B02682,368
2014-04-07,Apr,Mon,Weekday,6,B02764,7
2014-04-07,Apr,Mon,Weekday,7,B02512,62
2014-04-07,Apr,Mon,Weekday,7,B02598,303
2014-04-07,Apr,Mon,Weekday,7,B02617,219
2014-04-07,Apr,Mon,Weekday,7,B02682,462
2014-04-07,Apr,Mon,Weekday,7,B02764,11
2014-04-07,Apr,Mon,Weekday,8,B02512,42
2014-04-07,Apr,Mon,Weekday,8,B02598,241
2014-04-07,Apr,Mon,Weekday,8,B02617,174
2014-04-07,Apr,Mon,Weekday,8,B02682,373
2014-04-07,Apr,Mon,Weekday,8,B02764,6
2014-04-07,Apr,Mon,Weekday,9,B02512,37
2014-04-07,Apr,Mon,Weekday,9,B02598,157
2014-04-07,Apr,Mon,Weekday,9,B02617,137
2014-04-07,Apr,Mon,Weekday,9,B02682,244
2014-04-07,Apr,Mon,Weekday,9,B02764,10
2014-04-07,Apr,Mon,Weekday,10,B02512,47
2014-04-07,Apr,Mon,Weekday,10,B02598,135
2014-04-07,Apr,Mon,Weekday,10,B02617,106
2014-04-07,Apr,Mon,Weekday,10,B02682,209
2014-04-07,Apr,Mon,Weekday,10,B02764,12
2014-04-07,Apr,Mon,Weekday,11,B02512,53
2014-04-07,Apr,Mon,Weekday,11,B02598,122
2014-04-07,Apr,Mon,Weekday,11,B02617,97
2014-04-07,Apr,Mon,Weekday,11,B02682,204
2014-04-07,Apr,Mon,Weekday,11,B02764,9
2014-04-07,Apr,Mon,Weekday,12,B02512,33
2014-04-07,Apr,Mon,Weekday,12,B02598,122
2014-04-07,Apr,Mon,Weekday,12,B02617,104
2014-04-07,Apr,Mon,Weekday,12,B02682,195
2014-04-07,Apr,Mon,Weekday,12,B02764,9
2014-04-07,Apr,Mon,Weekday,13,B02512,45
2014-04-07,Apr,Mon,Weekday,13,B02598,158
2014-04-07,Apr,Mon,Weekday,13,B02617,112
2014-04-07,Apr,Mon,Weekday,13,B02682,250
2014-04-07,Apr,Mon,Weekday,13,B02764,13
2014-04-07,Apr,Mon,Weekday,14,B02512,53
2014-04-07,Apr,Mon,Weekday,14,B02598,255
2014-04-07,Apr,Mon,Weekday,14,B02617,169
2014-04-07,Apr,Mon,Weekday,14,B02682,368
2014-04-07,Apr,Mon,Weekday,14,B02764,16
2014-04-07,Apr,Mon,Weekday,15,B02512,79
2014-04-07,Apr,Mon,Weekday,15,B02598,292
2014-04-07,Apr,Mon,Weekday,15,B02617,209
2014-04-07,Apr,Mon,Weekday,15,B02682,465
2014-04-07,Apr,Mon,Weekday,15,B02764,16
2014-04-07,Apr,Mon,Weekday,16,B02512,136
2014-04-07,Apr,Mon,Weekday,16,B02598,462
2014-04-07,Apr,Mon,Weekday,16,B02617,379
2014-04-07,Apr,Mon,Weekday,16,B02682,750
2014-04-07,Apr,Mon,Weekday,16,B02764,29
2014-04-07,Apr,Mon,Weekday,17,B02512,166
2014-04-07,Apr,Mon,Weekday,17,B02598,559
2014-04-07,Apr,Mon,Weekday,17,B02617,484
2014-04-07,Apr,Mon,Weekday,17,B02682,944
2014-04-07,Apr,Mon,Weekday,17,B02764,38
2014-04-07,Apr,Mon,Weekday,18,B02512,160
2014-04-07,Apr,Mon,Weekday,18,B02598,579
2014-04-07,Apr,Mon,Weekday,18,B02617,443
2014-04-07,Apr,Mon,Weekday,18,B02682,928
2014-04-07,Apr,Mon,Weekday,18,B02764,27
2014-04-07,Apr,Mon,Weekday,19,B02512,147
2014-04-07,Apr,Mon,Weekday,19,B02598,568
2014-04-07,Apr,Mon,Weekday,19,B02617,409
2014-04-07,Apr,Mon,Weekday,19,B02682,888
2014-04-07,Apr,Mon,Weekday,19,B02764,23
2014-04-07,Apr,Mon,Weekday,20,B02512,81
2014-04-07,Apr,Mon,Weekday,20,B02598,328
2014-04-07,Apr,Mon,Weekday,20,B02617,220
2014-04-07,Apr,Mon,Weekday,20,B02682,526
2014-04-07,Apr,Mon,Weekday,20,B02764,21
2014-04-07,Apr,Mon,Weekday,21,B02512,81
2014-04-07,Apr,Mon,Weekday,21,B02598,285
2014-04-07,Apr,Mon,Weekday,21,B02617,203
2014-04-07,Apr,Mon,Weekday,21,B02682,473
2014-04-07,Apr,Mon,Weekday,21,B02764,17
2014-04-07,Apr,Mon,Weekday,22,B02512,39
2014-04-07,Apr,Mon,Weekday,22,B02598,180
2014-04-07,Apr,Mon,Weekday,22,B02617,124
2014-04-07,Apr,Mon,Weekday,22,B02682,284
2014-04-07,Apr,Mon,Weekday,22,B02764,19
2014-04-07,Apr,Mon,Weekday,23,B02512,15
2014-04-07,Apr,Mon,Weekday,23,B02598,61
2014-04-07,Apr,Mon,Weekday,23,B02617,43
2014-04-07,Apr,Mon,Weekday,23,B02682,115
2014-04-07,Apr,Mon,Weekday,23,B02764,4
2014-04-08,Apr,Tue,Weekday,0,B02512,11
2014-04-08,Apr,Tue,Weekday,0,B02598,43
2014-04-08,Apr,Tue,Weekday,0,B02617,37
2014-04-08,Apr,Tue,Weekday,0,B02682,92
2014-04-08,Apr,Tue,Weekday,0,B02764,4
2014-04-08,Apr,Tue,Weekday,1,B02512,1
2014-04-08,Apr,Tue,Weekday,1,B02598,17
2014-04-08,Apr,Tue,Weekday,1,B02617,11
2014-04-08,Apr,Tue,Weekday,1,B02682,43
2014-04-08,Apr,Tue,Weekday,2,B02512,6
2014-04-08,Apr,Tue,Weekday,2,B02598,16
2014-04-08,Apr,Tue,Weekday,2,B02617,14
2014-04-08,Apr,Tue,Weekday,2,B02682,27
2014-04-08,Apr,Tue,Weekday,3,B02512,6
2014-04-08,Apr,Tue,Weekday,3,B02598,30
2014-04-08,Apr,Tue,Weekday,3,B02617,30
2014-04-08,Apr,Tue,Weekday,3,B02682,53
2014-04-08,Apr,Tue,Weekday,4,B02512,10
2014-04-08,Apr,Tue,Weekday,4,B02598,43
2014-04-08,Apr,Tue,Weekday,4,B02617,33
2014-04-08,Apr,Tue,Weekday,4,B02682,97
2014-04-08,Apr,Tue,Weekday,4,B02764,1
2014-04-08,Apr,Tue,Weekday,5,B02512,23
2014-04-08,Apr,Tue,Weekday,5,B02598,116
2014-04-08,Apr,Tue,Weekday,5,B02617,76
2014-04-08,Apr,Tue,Weekday,5,B02682,208
2014-04-08,Apr,Tue,Weekday,5,B02764,4
2014-04-08,Apr,Tue,Weekday,6,B02512,53
2014-04-08,Apr,Tue,Weekday,6,B02598,239
2014-04-08,Apr,Tue,Weekday,6,B02617,208
2014-04-08,Apr,Tue,Weekday,6,B02682,380
2014-04-08,Apr,Tue,Weekday,6,B02764,9
2014-04-08,Apr,Tue,Weekday,7,B02512,73
2014-04-08,Apr,Tue,Weekday,7,B02598,330
2014-04-08,Apr,Tue,Weekday,7,B02617,254
2014-04-08,Apr,Tue,Weekday,7,B02682,488
2014-04-08,Apr,Tue,Weekday,7,B02764,14
2014-04-08,Apr,Tue,Weekday,8,B02512,55
2014-04-08,Apr,Tue,Weekday,8,B02598,327
2014-04-08,Apr,Tue,Weekday,8,B02617,219
2014-04-08,Apr,Tue,Weekday,8,B02682,453
2014-04-08,Apr,Tue,Weekday,8,B02764,15
2014-04-08,Apr,Tue,Weekday,9,B02512,26
2014-04-08,Apr,Tue,Weekday,9,B02598,171
2014-04-08,Apr,Tue,Weekday,9,B02617,147
2014-04-08,Apr,Tue,Weekday,9,B02682,257
2014-04-08,Apr,Tue,Weekday,9,B02764,10
2014-04-08,Apr,Tue,Weekday,10,B02512,39
2014-04-08,Apr,Tue,Weekday,10,B02598,142
2014-04-08,Apr,Tue,Weekday,10,B02617,108
2014-04-08,Apr,Tue,Weekday,10,B02682,206
2014-04-08,Apr,Tue,Weekday,10,B02764,12
2014-04-08,Apr,Tue,Weekday,11,B02512,38
2014-04-08,Apr,Tue,Weekday,11,B02598,153
2014-04-08,Apr,Tue,Weekday,11,B02617,119
2014-04-08,Apr,Tue,Weekday,11,B02682,231
2014-04-08,Apr,Tue,Weekday,11,B02764,7
2014-04-08,Apr,Tue,Weekday,12,B02512,40
2014-04-08,Apr,Tue,Weekday,12,B02598,145
2014-04-08,Apr,Tue,Weekday,12,B02617,102
2014-04-08,Apr,Tue,Weekday,12,B02682,224
2014-04-08,Apr,Tue,Weekday,12,B02764,7
2014-04-08,Apr,Tue,Weekday,13,B02512,43
2014-04-08,Apr,Tue,Weekday,13,B02598,173
2014-04-08,Apr,Tue,Weekday,13,B02617,120
2014-04-08,Apr,Tue,Weekday,13,B02682,234
2014-04-08,Apr,Tue,Weekday,13,B02764,14
2014-04-08,Apr,Tue,Weekday,14,B02512,51
2014-04-08,Apr,Tue,Weekday,14,B02598,209
2014-04-08,Apr,Tue,Weekday,14,B02617,139
2014-04-08,Apr,Tue,Weekday,14,B02682,306
2014-04-08,Apr,Tue,Weekday,14,B02764,11
2014-04-08,Apr,Tue,Weekday,15,B02512,70
2014-04-08,Apr,Tue,Weekday,15,B02598,306
2014-04-08,Apr,Tue,Weekday,15,B02617,200
2014-04-08,Apr,Tue,Weekday,15,B02682,388
2014-04-08,Apr,Tue,Weekday,15,B02764,32
2014-04-08,Apr,Tue,Weekday,16,B02512,90
2014-04-08,Apr,Tue,Weekday,16,B02598,364
2014-04-08,Apr,Tue,Weekday,16,B02617,265
2014-04-08,Apr,Tue,Weekday,16,B02682,466
2014-04-08,Apr,Tue,Weekday,16,B02764,21
2014-04-08,Apr,Tue,Weekday,17,B02512,101
2014-04-08,Apr,Tue,Weekday,17,B02598,426
2014-04-08,Apr,Tue,Weekday,17,B02617,266
2014-04-08,Apr,Tue,Weekday,17,B02682,563
2014-04-08,Apr,Tue,Weekday,17,B02764,30
2014-04-08,Apr,Tue,Weekday,18,B02512,60
2014-04-08,Apr,Tue,Weekday,18,B02598,329
2014-04-08,Apr,Tue,Weekday,18,B02617,218
2014-04-08,Apr,Tue,Weekday,18,B02682,435
2014-04-08,Apr,Tue,Weekday,18,B02764,20
2014-04-08,Apr,Tue,Weekday,19,B02512,57
2014-04-08,Apr,Tue,Weekday,19,B02598,297
2014-04-08,Apr,Tue,Weekday,19,B02617,189
2014-04-08,Apr,Tue,Weekday,19,B02682,372
2014-04-08,Apr,Tue,Weekday,19,B02764,14
2014-04-08,Apr,Tue,Weekday,20,B02512,73
2014-04-08,Apr,Tue,Weekday,20,B02598,351
2014-04-08,Apr,Tue,Weekday,20,B02617,220
2014-04-08,Apr,Tue,Weekday,20,B02682,462
2014-04-08,Apr,Tue,Weekday,20,B02764,21
2014-04-08,Apr,Tue,Weekday,21,B02512,56
2014-04-08,Apr,Tue,Weekday,21,B02598,295
2014-04-08,Apr,Tue,Weekday,21,B02617,192
2014-04-08,Apr,Tue,Weekday,21,B02682,384
2014-04-08,Apr,Tue,Weekday,21,B02764,17
2014-04-08,Apr,Tue,Weekday,22,B02512,29
2014-04-08,Apr,Tue,Weekday,22,B02598,172
2014-04-08,Apr,Tue,Weekday,22,B02617,116
2014-04-08,Apr,Tue,Weekday,22,B02682,263
2014-04-08,Apr,Tue,Weekday,22,B02764,7
2014-04-08,Apr,Tue,Weekday,23,B02512,12
2014-04-08,Apr,Tue,Weekday,23,B02598,87
2014-04-08,Apr,Tue,Weekday,23,B02617,62
2014-04-08,Apr,Tue,Weekday,23,B02682,131
2014-04-08,Apr,Tue,Weekday,23,B02764,6
2014-04-09,Apr,Wed,Weekday,0,B02512,9
2014-04-09,Apr,Wed,Weekday,0,B02598,44
2014-04-09,Apr,Wed,Weekday,0,B02617,23
2014-04-09,Apr,Wed,Weekday,0,B02682,76
2014-04-09,Apr,Wed,Weekday,0,B02764,2
2014-04-09,Apr,Wed,Weekday,1,B02512,8
2014-04-09,Apr,Wed,Weekday,1,B02598,25
2014-04-09,Apr,Wed,Weekday,1,B02617,22
2014-04-09,Apr,Wed,Weekday,1,B02682,51
2014-04-09,Apr,Wed,Weekday,2,B02512,6
2014-04-09,Apr,Wed,Weekday,2,B02598,24
2014-04-09,Apr,Wed,Weekday,2,B02617,15
2014-04-09,Apr,Wed,Weekday,2,B02682,30
2014-04-09,Apr,Wed,Weekday,2,B02764,1
2014-04-09,Apr,Wed,Weekday,3,B02512,6
2014-04-09,Apr,Wed,Weekday,3,B02598,37
2014-04-09,Apr,Wed,Weekday,3,B02617,30
2014-04-09,Apr,Wed,Weekday,3,B02682,64
2014-04-09,Apr,Wed,Weekday,3,B02764,2
2014-04-09,Apr,Wed,Weekday,4,B02512,12
2014-04-09,Apr,Wed,Weekday,4,B02598,55
2014-04-09,Apr,Wed,Weekday,4,B02617,40
2014-04-09,Apr,Wed,Weekday,4,B02682,85
2014-04-09,Apr,Wed,Weekday,4,B02764,2
2014-04-09,Apr,Wed,Weekday,5,B02512,21
2014-04-09,Apr,Wed,Weekday,5,B02598,100
2014-04-09,Apr,Wed,Weekday,5,B02617,74
2014-04-09,Apr,Wed,Weekday,5,B02682,152
2014-04-09,Apr,Wed,Weekday,5,B02764,6
2014-04-09,Apr,Wed,Weekday,6,B02512,52
2014-04-09,Apr,Wed,Weekday,6,B02598,231
2014-04-09,Apr,Wed,Weekday,6,B02617,170
2014-04-09,Apr,Wed,Weekday,6,B02682,354
2014-04-09,Apr,Wed,Weekday,6,B02764,14
2014-04-09,Apr,Wed,Weekday,7,B02512,67
2014-04-09,Apr,Wed,Weekday,7,B02598,307
2014-04-09,Apr,Wed,Weekday,7,B02617,211
2014-04-09,Apr,Wed,Weekday,7,B02682,445
2014-04-09,Apr,Wed,Weekday,7,B02764,20
2014-04-09,Apr,Wed,Weekday,8,B02512,49
2014-04-09,Apr,Wed,Weekday,8,B02598,260
2014-04-09,Apr,Wed,Weekday,8,B02617,189
2014-04-09,Apr,Wed,Weekday,8,B02682,348
2014-04-09,Apr,Wed,Weekday,8,B02764,12
2014-04-09,Apr,Wed,Weekday,9,B02512,45
2014-04-09,Apr,Wed,Weekday,9,B02598,159
2014-04-09,Apr,Wed,Weekday,9,B02617,120
2014-04-09,Apr,Wed,Weekday,9,B02682,234
2014-04-09,Apr,Wed,Weekday,9,B02764,7
2014-04-09,Apr,Wed,Weekday,10,B02512,39
2014-04-09,Apr,Wed,Weekday,10,B02598,142
2014-04-09,Apr,Wed,Weekday,10,B02617,134
2014-04-09,Apr,Wed,Weekday,10,B02682,209
2014-04-09,Apr,Wed,Weekday,10,B02764,9
2014-04-09,Apr,Wed,Weekday,11,B02512,46
2014-04-09,Apr,Wed,Weekday,11,B02598,139
2014-04-09,Apr,Wed,Weekday,11,B02617,122
2014-04-09,Apr,Wed,Weekday,11,B02682,236
2014-04-09,Apr,Wed,Weekday,11,B02764,9
2014-04-09,Apr,Wed,Weekday,12,B02512,66
2014-04-09,Apr,Wed,Weekday,12,B02598,171
2014-04-09,Apr,Wed,Weekday,12,B02617,115
2014-04-09,Apr,Wed,Weekday,12,B02682,222
2014-04-09,Apr,Wed,Weekday,12,B02764,16
2014-04-09,Apr,Wed,Weekday,13,B02512,56
2014-04-09,Apr,Wed,Weekday,13,B02598,182
2014-04-09,Apr,Wed,Weekday,13,B02617,145
2014-04-09,Apr,Wed,Weekday,13,B02682,284
2014-04-09,Apr,Wed,Weekday,13,B02764,16
2014-04-09,Apr,Wed,Weekday,14,B02512,52
2014-04-09,Apr,Wed,Weekday,14,B02598,245
2014-04-09,Apr,Wed,Weekday,14,B02617,170
2014-04-09,Apr,Wed,Weekday,14,B02682,362
2014-04-09,Apr,Wed,Weekday,14,B02764,20
2014-04-09,Apr,Wed,Weekday,15,B02512,80
2014-04-09,Apr,Wed,Weekday,15,B02598,339
2014-04-09,Apr,Wed,Weekday,15,B02617,217
2014-04-09,Apr,Wed,Weekday,15,B02682,464
2014-04-09,Apr,Wed,Weekday,15,B02764,20
2014-04-09,Apr,Wed,Weekday,16,B02512,97
2014-04-09,Apr,Wed,Weekday,16,B02598,377
2014-04-09,Apr,Wed,Weekday,16,B02617,261
2014-04-09,Apr,Wed,Weekday,16,B02682,512
2014-04-09,Apr,Wed,Weekday,16,B02764,29
2014-04-09,Apr,Wed,Weekday,17,B02512,116
2014-04-09,Apr,Wed,Weekday,17,B02598,434
2014-04-09,Apr,Wed,Weekday,17,B02617,301
2014-04-09,Apr,Wed,Weekday,17,B02682,609
2014-04-09,Apr,Wed,Weekday,17,B02764,32
2014-04-09,Apr,Wed,Weekday,18,B02512,82
2014-04-09,Apr,Wed,Weekday,18,B02598,360
2014-04-09,Apr,Wed,Weekday,18,B02617,244
2014-04-09,Apr,Wed,Weekday,18,B02682,513
2014-04-09,Apr,Wed,Weekday,18,B02764,19
2014-04-09,Apr,Wed,Weekday,19,B02512,72
2014-04-09,Apr,Wed,Weekday,19,B02598,319
2014-04-09,Apr,Wed,Weekday,19,B02617,236
2014-04-09,Apr,Wed,Weekday,19,B02682,497
2014-04-09,Apr,Wed,Weekday,19,B02764,28
2014-04-09,Apr,Wed,Weekday,20,B02512,67
2014-04-09,Apr,Wed,Weekday,20,B02598,279
2014-04-09,Apr,Wed,Weekday,20,B02617,211
2014-04-09,Apr,Wed,Weekday,20,B02682,418
2014-04-09,Apr,Wed,Weekday,20,B02764,20
2014-04-09,Apr,Wed,Weekday,21,B02512,61
2014-04-09,Apr,Wed,Weekday,21,B02598,273
2014-04-09,Apr,Wed,Weekday,21,B02617,184
2014-04-09,Apr,Wed,Weekday,21,B02682,449
2014-04-09,Apr,Wed,Weekday,21,B02764,21
2014-04-09,Apr,Wed,Weekday,22,B02512,45
2014-04-09,Apr,Wed,Weekday,22,B02598,206
2014-04-09,Apr,Wed,Weekday,22,B02617,143
2014-04-09,Apr,Wed,Weekday,22,B02682,309
2014-04-09,Apr,Wed,Weekday,22,B02764,14
2014-04-09,Apr,Wed,Weekday,23,B02512,13
2014-04-09,Apr,Wed,Weekday,23,B02598,104
2014-04-09,Apr,Wed,Weekday,23,B02617,62
2014-04-09,Apr,Wed,Weekday,23,B02682,177
2014-04-09,Apr,Wed,Weekday,23,B02764,6
2014-04-10,Apr,Thu,Weekday,0,B02512,10
2014-04-10,Apr,Thu,Weekday,0,B02598,55
2014-04-10,Apr,Thu,Weekday,0,B02617,31
2014-04-10,Apr,Thu,Weekday,0,B02682,76
2014-04-10,Apr,Thu,Weekday,0,B02764,4
2014-04-10,Apr,Thu,Weekday,1,B02512,2
2014-04-10,Apr,Thu,Weekday,1,B02598,28
2014-04-10,Apr,Thu,Weekday,1,B02617,22
2014-04-10,Apr,Thu,Weekday,1,B02682,52
2014-04-10,Apr,Thu,Weekday,1,B02764,2
2014-04-10,Apr,Thu,Weekday,2,B02512,5
2014-04-10,Apr,Thu,Weekday,2,B02598,24
2014-04-10,Apr,Thu,Weekday,2,B02617,11
2014-04-10,Apr,Thu,Weekday,2,B02682,31
2014-04-10,Apr,Thu,Weekday,2,B02764,1
2014-04-10,Apr,Thu,Weekday,3,B02512,8
2014-04-10,Apr,Thu,Weekday,3,B02598,49
2014-04-10,Apr,Thu,Weekday,3,B02617,23
2014-04-10,Apr,Thu,Weekday,3,B02682,69
2014-04-10,Apr,Thu,Weekday,3,B02764,5
2014-04-10,Apr,Thu,Weekday,4,B02512,12
2014-04-10,Apr,Thu,Weekday,4,B02598,66
2014-04-10,Apr,Thu,Weekday,4,B02617,40
2014-04-10,Apr,Thu,Weekday,4,B02682,104
2014-04-10,Apr,Thu,Weekday,4,B02764,1
2014-04-10,Apr,Thu,Weekday,5,B02512,23
2014-04-10,Apr,Thu,Weekday,5,B02598,115
2014-04-10,Apr,Thu,Weekday,5,B02617,67
2014-04-10,Apr,Thu,Weekday,5,B02682,152
2014-04-10,Apr,Thu,Weekday,5,B02764,3
2014-04-10,Apr,Thu,Weekday,6,B02512,58
2014-04-10,Apr,Thu,Weekday,6,B02598,253
2014-04-10,Apr,Thu,Weekday,6,B02617,172
2014-04-10,Apr,Thu,Weekday,6,B02682,341
2014-04-10,Apr,Thu,Weekday,6,B02764,9
2014-04-10,Apr,Thu,Weekday,7,B02512,48
2014-04-10,Apr,Thu,Weekday,7,B02598,287
2014-04-10,Apr,Thu,Weekday,7,B02617,179
2014-04-10,Apr,Thu,Weekday,7,B02682,435
2014-04-10,Apr,Thu,Weekday,7,B02764,22
2014-04-10,Apr,Thu,Weekday,8,B02512,48
2014-04-10,Apr,Thu,Weekday,8,B02598,265
2014-04-10,Apr,Thu,Weekday,8,B02617,168
2014-04-10,Apr,Thu,Weekday,8,B02682,335
2014-04-10,Apr,Thu,Weekday,8,B02764,18
2014-04-10,Apr,Thu,Weekday,9,B02512,44
2014-04-10,Apr,Thu,Weekday,9,B02598,198
2014-04-10,Apr,Thu,Weekday,9,B02617,146
2014-04-10,Apr,Thu,Weekday,9,B02682,260
2014-04-10,Apr,Thu,Weekday,9,B02764,6
2014-04-10,Apr,Thu,Weekday,10,B02512,45
2014-04-10,Apr,Thu,Weekday,10,B02598,174
2014-04-10,Apr,Thu,Weekday,10,B02617,113
2014-04-10,Apr,Thu,Weekday,10,B02682,222
2014-04-10,Apr,Thu,Weekday,10,B02764,7
2014-04-10,Apr,Thu,Weekday,11,B02512,61
2014-04-10,Apr,Thu,Weekday,11,B02598,168
2014-04-10,Apr,Thu,Weekday,11,B02617,135
2014-04-10,Apr,Thu,Weekday,11,B02682,252
2014-04-10,Apr,Thu,Weekday,11,B02764,11
2014-04-10,Apr,Thu,Weekday,12,B02512,44
2014-04-10,Apr,Thu,Weekday,12,B02598,193
2014-04-10,Apr,Thu,Weekday,12,B02617,142
2014-04-10,Apr,Thu,Weekday,12,B02682,231
2014-04-10,Apr,Thu,Weekday,12,B02764,13
2014-04-10,Apr,Thu,Weekday,13,B02512,66
2014-04-10,Apr,Thu,Weekday,13,B02598,233
2014-04-10,Apr,Thu,Weekday,13,B02617,158
2014-04-10,Apr,Thu,Weekday,13,B02682,347
2014-04-10,Apr,Thu,Weekday,13,B02764,18
2014-04-10,Apr,Thu,Weekday,14,B02512,67
2014-04-10,Apr,Thu,Weekday,14,B02598,339
2014-04-10,Apr,Thu,Weekday,14,B02617,211
2014-04-10,Apr,Thu,Weekday,14,B02682,417
2014-04-10,Apr,Thu,Weekday,14,B02764,22
2014-04-10,Apr,Thu,Weekday,15,B02512,99
2014-04-10,Apr,Thu,Weekday,15,B02598,404
2014-04-10,Apr,Thu,Weekday,15,B02617,271
2014-04-10,Apr,Thu,Weekday,15,B02682,534
2014-04-10,Apr,Thu,Weekday,15,B02764,25
2014-04-10,Apr,Thu,Weekday,16,B02512,113
2014-04-10,Apr,Thu,Weekday,16,B02598,481
2014-04-10,Apr,Thu,Weekday,16,B02617,291
2014-04-10,Apr,Thu,Weekday,16,B02682,641
2014-04-10,Apr,Thu,Weekday,16,B02764,27
2014-04-10,Apr,Thu,Weekday,17,B02512,114
2014-04-10,Apr,Thu,Weekday,17,B02598,530
2014-04-10,Apr,Thu,Weekday,17,B02617,350
2014-04-10,Apr,Thu,Weekday,17,B02682,731
2014-04-10,Apr,Thu,Weekday,17,B02764,32
2014-04-10,Apr,Thu,Weekday,18,B02512,83
2014-04-10,Apr,Thu,Weekday,18,B02598,484
2014-04-10,Apr,Thu,Weekday,18,B02617,284
2014-04-10,Apr,Thu,Weekday,18,B02682,650
2014-04-10,Apr,Thu,Weekday,18,B02764,34
2014-04-10,Apr,Thu,Weekday,19,B02512,86
2014-04-10,Apr,Thu,Weekday,19,B02598,402
2014-04-10,Apr,Thu,Weekday,19,B02617,247
2014-04-10,Apr,Thu,Weekday,19,B02682,551
2014-04-10,Apr,Thu,Weekday,19,B02764,26
2014-04-10,Apr,Thu,Weekday,20,B02512,94
2014-04-10,Apr,Thu,Weekday,20,B02598,435
2014-04-10,Apr,Thu,Weekday,20,B02617,289
2014-04-10,Apr,Thu,Weekday,20,B02682,620
2014-04-10,Apr,Thu,Weekday,20,B02764,23
2014-04-10,Apr,Thu,Weekday,21,B02512,67
2014-04-10,Apr,Thu,Weekday,21,B02598,450
2014-04-10,Apr,Thu,Weekday,21,B02617,292
2014-04-10,Apr,Thu,Weekday,21,B02682,638
2014-04-10,Apr,Thu,Weekday,21,B02764,30
2014-04-10,Apr,Thu,Weekday,22,B02512,45
2014-04-10,Apr,Thu,Weekday,22,B02598,266
2014-04-10,Apr,Thu,Weekday,22,B02617,203
2014-04-10,Apr,Thu,Weekday,22,B02682,434
2014-04-10,Apr,Thu,Weekday,22,B02764,21
2014-04-10,Apr,Thu,Weekday,23,B02512,32
2014-04-10,Apr,Thu,Weekday,23,B02598,162
2014-04-10,Apr,Thu,Weekday,23,B02617,129
2014-04-10,Apr,Thu,Weekday,23,B02682,237
2014-04-10,Apr,Thu,Weekday,23,B02764,12
2014-04-11,Apr,Fri,Weekday,0,B02512,12
2014-04-11,Apr,Fri,Weekday,0,B02598,59
2014-04-11,Apr,Fri,Weekday,0,B02617,41
2014-04-11,Apr,Fri,Weekday,0,B02682,127
2014-04-11,Apr,Fri,Weekday,0,B02764,11
2014-04-11,Apr,Fri,Weekday,1,B02512,8
2014-04-11,Apr,Fri,Weekday,1,B02598,48
2014-04-11,Apr,Fri,Weekday,1,B02617,31
2014-04-11,Apr,Fri,Weekday,1,B02682,71
2014-04-11,Apr,Fri,Weekday,1,B02764,3
2014-04-11,Apr,Fri,Weekday,2,B02512,12
2014-04-11,Apr,Fri,Weekday,2,B02598,26
2014-04-11,Apr,Fri,Weekday,2,B02617,18
2014-04-11,Apr,Fri,Weekday,2,B02682,52
2014-04-11,Apr,Fri,Weekday,2,B02764,1
2014-04-11,Apr,Fri,Weekday,3,B02512,16
2014-04-11,Apr,Fri,Weekday,3,B02598,64
2014-04-11,Apr,Fri,Weekday,3,B02617,26
2014-04-11,Apr,Fri,Weekday,3,B02682,89
2014-04-11,Apr,Fri,Weekday,3,B02764,2
2014-04-11,Apr,Fri,Weekday,4,B02512,20
2014-04-11,Apr,Fri,Weekday,4,B02598,60
2014-04-11,Apr,Fri,Weekday,4,B02617,39
2014-04-11,Apr,Fri,Weekday,4,B02682,107
2014-04-11,Apr,Fri,Weekday,4,B02764,2
2014-04-11,Apr,Fri,Weekday,5,B02512,25
2014-04-11,Apr,Fri,Weekday,5,B02598,80
2014-04-11,Apr,Fri,Weekday,5,B02617,73
2014-04-11,Apr,Fri,Weekday,5,B02682,156
2014-04-11,Apr,Fri,Weekday,5,B02764,3
2014-04-11,Apr,Fri,Weekday,6,B02512,52
2014-04-11,Apr,Fri,Weekday,6,B02598,248
2014-04-11,Apr,Fri,Weekday,6,B02617,162
2014-04-11,Apr,Fri,Weekday,6,B02682,329
2014-04-11,Apr,Fri,Weekday,6,B02764,9
2014-04-11,Apr,Fri,Weekday,7,B02512,67
2014-04-11,Apr,Fri,Weekday,7,B02598,287
2014-04-11,Apr,Fri,Weekday,7,B02617,243
2014-04-11,Apr,Fri,Weekday,7,B02682,431
2014-04-11,Apr,Fri,Weekday,7,B02764,13
2014-04-11,Apr,Fri,Weekday,8,B02512,57
2014-04-11,Apr,Fri,Weekday,8,B02598,262
2014-04-11,Apr,Fri,Weekday,8,B02617,201
2014-04-11,Apr,Fri,Weekday,8,B02682,395
2014-04-11,Apr,Fri,Weekday,8,B02764,11
2014-04-11,Apr,Fri,Weekday,9,B02512,35
2014-04-11,Apr,Fri,Weekday,9,B02598,176
2014-04-11,Apr,Fri,Weekday,9,B02617,125
2014-04-11,Apr,Fri,Weekday,9,B02682,260
2014-04-11,Apr,Fri,Weekday,9,B02764,10
2014-04-11,Apr,Fri,Weekday,10,B02512,49
2014-04-11,Apr,Fri,Weekday,10,B02598,161
2014-04-11,Apr,Fri,Weekday,10,B02617,158
2014-04-11,Apr,Fri,Weekday,10,B02682,259
2014-04-11,Apr,Fri,Weekday,10,B02764,4
2014-04-11,Apr,Fri,Weekday,11,B02512,48
2014-04-11,Apr,Fri,Weekday,11,B02598,183
2014-04-11,Apr,Fri,Weekday,11,B02617,148
2014-04-11,Apr,Fri,Weekday,11,B02682,279
2014-04-11,Apr,Fri,Weekday,11,B02764,6
2014-04-11,Apr,Fri,Weekday,12,B02512,48
2014-04-11,Apr,Fri,Weekday,12,B02598,205
2014-04-11,Apr,Fri,Weekday,12,B02617,164
2014-04-11,Apr,Fri,Weekday,12,B02682,273
2014-04-11,Apr,Fri,Weekday,12,B02764,12
2014-04-11,Apr,Fri,Weekday,13,B02512,63
2014-04-11,Apr,Fri,Weekday,13,B02598,262
2014-04-11,Apr,Fri,Weekday,13,B02617,198
2014-04-11,Apr,Fri,Weekday,13,B02682,341
2014-04-11,Apr,Fri,Weekday,13,B02764,16
2014-04-11,Apr,Fri,Weekday,14,B02512,62
2014-04-11,Apr,Fri,Weekday,14,B02598,304
2014-04-11,Apr,Fri,Weekday,14,B02617,182
2014-04-11,Apr,Fri,Weekday,14,B02682,329
2014-04-11,Apr,Fri,Weekday,14,B02764,16
2014-04-11,Apr,Fri,Weekday,15,B02512,89
2014-04-11,Apr,Fri,Weekday,15,B02598,360
2014-04-11,Apr,Fri,Weekday,15,B02617,276
2014-04-11,Apr,Fri,Weekday,15,B02682,523
2014-04-11,Apr,Fri,Weekday,15,B02764,18
2014-04-11,Apr,Fri,Weekday,16,B02512,93
2014-04-11,Apr,Fri,Weekday,16,B02598,436
2014-04-11,Apr,Fri,Weekday,16,B02617,294
2014-04-11,Apr,Fri,Weekday,16,B02682,583
2014-04-11,Apr,Fri,Weekday,16,B02764,26
2014-04-11,Apr,Fri,Weekday,17,B02512,99
2014-04-11,Apr,Fri,Weekday,17,B02598,489
2014-04-11,Apr,Fri,Weekday,17,B02617,307
2014-04-11,Apr,Fri,Weekday,17,B02682,669
2014-04-11,Apr,Fri,Weekday,17,B02764,27
2014-04-11,Apr,Fri,Weekday,18,B02512,99
2014-04-11,Apr,Fri,Weekday,18,B02598,482
2014-04-11,Apr,Fri,Weekday,18,B02617,281
2014-04-11,Apr,Fri,Weekday,18,B02682,632
2014-04-11,Apr,Fri,Weekday,18,B02764,24
2014-04-11,Apr,Fri,Weekday,19,B02512,85
2014-04-11,Apr,Fri,Weekday,19,B02598,416
2014-04-11,Apr,Fri,Weekday,19,B02617,247
2014-04-11,Apr,Fri,Weekday,19,B02682,587
2014-04-11,Apr,Fri,Weekday,19,B02764,22
2014-04-11,Apr,Fri,Weekday,20,B02512,75
2014-04-11,Apr,Fri,Weekday,20,B02598,375
2014-04-11,Apr,Fri,Weekday,20,B02617,214
2014-04-11,Apr,Fri,Weekday,20,B02682,477
2014-04-11,Apr,Fri,Weekday,20,B02764,14
2014-04-11,Apr,Fri,Weekday,21,B02512,79
2014-04-11,Apr,Fri,Weekday,21,B02598,378
2014-04-11,Apr,Fri,Weekday,21,B02617,213
2014-04-11,Apr,Fri,Weekday,21,B02682,489
2014-04-11,Apr,Fri,Weekday,21,B02764,21
2014-04-11,Apr,Fri,Weekday,22,B02512,87
2014-04-11,Apr,Fri,Weekday,22,B02598,472
2014-04-11,Apr,Fri,Weekday,22,B02617,246
2014-04-11,Apr,Fri,Weekday,22,B02682,552
2014-04-11,Apr,Fri,Weekday,22,B02764,25
2014-04-11,Apr,Fri,Weekday,23,B02512,82
2014-04-11,Apr,Fri,Weekday,23,B02598,380
2014-04-11,Apr,Fri,Weekday,23,B02617,188
2014-04-11,Apr,Fri,Weekday,23,B02682,442
2014-04-11,Apr,Fri,Weekday,23,B02764,22
2014-04-12,Apr,Sat,Weekend,0,B02512,42
2014-04-12,Apr,Sat,Weekend,0,B02598,214
2014-04-12,Apr,Sat,Weekend,0,B02617,111
2014-04-12,Apr,Sat,Weekend,0,B02682,292
2014-04-12,Apr,Sat,Weekend,0,B02764,7
2014-04-12,Apr,Sat,Weekend,1,B02512,28
2014-04-12,Apr,Sat,Weekend,1,B02598,152
2014-04-12,Apr,Sat,Weekend,1,B02617,68
2014-04-12,Apr,Sat,Weekend,1,B02682,202
2014-04-12,Apr,Sat,Weekend,1,B02764,8
2014-04-12,Apr,Sat,Weekend,2,B02512,15
2014-04-12,Apr,Sat,Weekend,2,B02598,95
2014-04-12,Apr,Sat,Weekend,2,B02617,46
2014-04-12,Apr,Sat,Weekend,2,B02682,108
2014-04-12,Apr,Sat,Weekend,2,B02764,8
2014-04-12,Apr,Sat,Weekend,3,B02512,13
2014-04-12,Apr,Sat,Weekend,3,B02598,61
2014-04-12,Apr,Sat,Weekend,3,B02617,28
2014-04-12,Apr,Sat,Weekend,3,B02682,73
2014-04-12,Apr,Sat,Weekend,3,B02764,3
2014-04-12,Apr,Sat,Weekend,4,B02512,8
2014-04-12,Apr,Sat,Weekend,4,B02598,56
2014-04-12,Apr,Sat,Weekend,4,B02617,32
2014-04-12,Apr,Sat,Weekend,4,B02682,59
2014-04-12,Apr,Sat,Weekend,4,B02764,4
2014-04-12,Apr,Sat,Weekend,5,B02512,8
2014-04-12,Apr,Sat,Weekend,5,B02598,48
2014-04-12,Apr,Sat,Weekend,5,B02617,29
2014-04-12,Apr,Sat,Weekend,5,B02682,80
2014-04-12,Apr,Sat,Weekend,5,B02764,5
2014-04-12,Apr,Sat,Weekend,6,B02512,8
2014-04-12,Apr,Sat,Weekend,6,B02598,75
2014-04-12,Apr,Sat,Weekend,6,B02617,41
2014-04-12,Apr,Sat,Weekend,6,B02682,74
2014-04-12,Apr,Sat,Weekend,6,B02764,2
2014-04-12,Apr,Sat,Weekend,7,B02512,13
2014-04-12,Apr,Sat,Weekend,7,B02598,76
2014-04-12,Apr,Sat,Weekend,7,B02617,46
2014-04-12,Apr,Sat,Weekend,7,B02682,113
2014-04-12,Apr,Sat,Weekend,7,B02764,7
2014-04-12,Apr,Sat,Weekend,8,B02512,13
2014-04-12,Apr,Sat,Weekend,8,B02598,100
2014-04-12,Apr,Sat,Weekend,8,B02617,65
2014-04-12,Apr,Sat,Weekend,8,B02682,161
2014-04-12,Apr,Sat,Weekend,8,B02764,5
2014-04-12,Apr,Sat,Weekend,9,B02512,22
2014-04-12,Apr,Sat,Weekend,9,B02598,126
2014-04-12,Apr,Sat,Weekend,9,B02617,82
2014-04-12,Apr,Sat,Weekend,9,B02682,173
2014-04-12,Apr,Sat,Weekend,9,B02764,6
2014-04-12,Apr,Sat,Weekend,10,B02512,32
2014-04-12,Apr,Sat,Weekend,10,B02598,148
2014-04-12,Apr,Sat,Weekend,10,B02617,110
2014-04-12,Apr,Sat,Weekend,10,B02682,211
2014-04-12,Apr,Sat,Weekend,10,B02764,13
2014-04-12,Apr,Sat,Weekend,11,B02512,32
2014-04-12,Apr,Sat,Weekend,11,B02598,151
2014-04-12,Apr,Sat,Weekend,11,B02617,122
2014-04-12,Apr,Sat,Weekend,11,B02682,229
2014-04-12,Apr,Sat,Weekend,11,B02764,10
2014-04-12,Apr,Sat,Weekend,12,B02512,40
2014-04-12,Apr,Sat,Weekend,12,B02598,193
2014-04-12,Apr,Sat,Weekend,12,B02617,125
2014-04-12,Apr,Sat,Weekend,12,B02682,241
2014-04-12,Apr,Sat,Weekend,12,B02764,12
2014-04-12,Apr,Sat,Weekend,13,B02512,33
2014-04-12,Apr,Sat,Weekend,13,B02598,208
2014-04-12,Apr,Sat,Weekend,13,B02617,118
2014-04-12,Apr,Sat,Weekend,13,B02682,252
2014-04-12,Apr,Sat,Weekend,13,B02764,17
2014-04-12,Apr,Sat,Weekend,14,B02512,52
2014-04-12,Apr,Sat,Weekend,14,B02598,236
2014-04-12,Apr,Sat,Weekend,14,B02617,139
2014-04-12,Apr,Sat,Weekend,14,B02682,268
2014-04-12,Apr,Sat,Weekend,14,B02764,20
2014-04-12,Apr,Sat,Weekend,15,B02512,61
2014-04-12,Apr,Sat,Weekend,15,B02598,352
2014-04-12,Apr,Sat,Weekend,15,B02617,208
2014-04-12,Apr,Sat,Weekend,15,B02682,439
2014-04-12,Apr,Sat,Weekend,15,B02764,23
2014-04-12,Apr,Sat,Weekend,16,B02512,75
2014-04-12,Apr,Sat,Weekend,16,B02598,445
2014-04-12,Apr,Sat,Weekend,16,B02617,235
2014-04-12,Apr,Sat,Weekend,16,B02682,509
2014-04-12,Apr,Sat,Weekend,16,B02764,28
2014-04-12,Apr,Sat,Weekend,17,B02512,71
2014-04-12,Apr,Sat,Weekend,17,B02598,391
2014-04-12,Apr,Sat,Weekend,17,B02617,234
2014-04-12,Apr,Sat,Weekend,17,B02682,506
2014-04-12,Apr,Sat,Weekend,17,B02764,28
2014-04-12,Apr,Sat,Weekend,18,B02512,88
2014-04-12,Apr,Sat,Weekend,18,B02598,519
2014-04-12,Apr,Sat,Weekend,18,B02617,270
2014-04-12,Apr,Sat,Weekend,18,B02682,697
2014-04-12,Apr,Sat,Weekend,18,B02764,43
2014-04-12,Apr,Sat,Weekend,19,B02512,67
2014-04-12,Apr,Sat,Weekend,19,B02598,412
2014-04-12,Apr,Sat,Weekend,19,B02617,228
2014-04-12,Apr,Sat,Weekend,19,B02682,543
2014-04-12,Apr,Sat,Weekend,19,B02764,21
2014-04-12,Apr,Sat,Weekend,20,B02512,80
2014-04-12,Apr,Sat,Weekend,20,B02598,346
2014-04-12,Apr,Sat,Weekend,20,B02617,189
2014-04-12,Apr,Sat,Weekend,20,B02682,429
2014-04-12,Apr,Sat,Weekend,20,B02764,19
2014-04-12,Apr,Sat,Weekend,21,B02512,97
2014-04-12,Apr,Sat,Weekend,21,B02598,447
2014-04-12,Apr,Sat,Weekend,21,B02617,234
2014-04-12,Apr,Sat,Weekend,21,B02682,574
2014-04-12,Apr,Sat,Weekend,21,B02764,30
2014-04-12,Apr,Sat,Weekend,22,B02512,91
2014-04-12,Apr,Sat,Weekend,22,B02598,559
2014-04-12,Apr,Sat,Weekend,22,B02617,282
2014-04-12,Apr,Sat,Weekend,22,B02682,685
2014-04-12,Apr,Sat,Weekend,22,B02764,31
2014-04-12,Apr,Sat,Weekend,23,B02512,98
2014-04-12,Apr,Sat,Weekend,23,B02598,498
2014-04-12,Apr,Sat,Weekend,23,B02617,260
2014-04-12,Apr,Sat,Weekend,23,B02682,587
2014-04-12,Apr,Sat,Weekend,23,B02764,18
2014-04-13,Apr,Sun,Weekend,0,B02512,63
2014-04-13,Apr,Sun,Weekend,0,B02598,401
2014-04-13,Apr,Sun,Weekend,0,B02617,190
2014-04-13,Apr,Sun,Weekend,0,B02682,455
2014-04-13,Apr,Sun,Weekend,0,B02764,21
2014-04-13,Apr,Sun,Weekend,1,B02512,32
2014-04-13,Apr,Sun,Weekend,1,B02598,232
2014-04-13,Apr,Sun,Weekend,1,B02617,115
2014-04-13,Apr,Sun,Weekend,1,B02682,284
2014-04-13,Apr,Sun,Weekend,1,B02764,7
2014-04-13,Apr,Sun,Weekend,2,B02512,17
2014-04-13,Apr,Sun,Weekend,2,B02598,108
2014-04-13,Apr,Sun,Weekend,2,B02617,59
2014-04-13,Apr,Sun,Weekend,2,B02682,148
2014-04-13,Apr,Sun,Weekend,2,B02764,5
2014-04-13,Apr,Sun,Weekend,3,B02512,17
2014-04-13,Apr,Sun,Weekend,3,B02598,70
2014-04-13,Apr,Sun,Weekend,3,B02617,49
2014-04-13,Apr,Sun,Weekend,3,B02682,94
2014-04-13,Apr,Sun,Weekend,3,B02764,6
2014-04-13,Apr,Sun,Weekend,4,B02512,11
2014-04-13,Apr,Sun,Weekend,4,B02598,52
2014-04-13,Apr,Sun,Weekend,4,B02617,29
2014-04-13,Apr,Sun,Weekend,4,B02682,61
2014-04-13,Apr,Sun,Weekend,4,B02764,2
2014-04-13,Apr,Sun,Weekend,5,B02512,5
2014-04-13,Apr,Sun,Weekend,5,B02598,45
2014-04-13,Apr,Sun,Weekend,5,B02617,25
2014-04-13,Apr,Sun,Weekend,5,B02682,54
2014-04-13,Apr,Sun,Weekend,5,B02764,1
2014-04-13,Apr,Sun,Weekend,6,B02512,9
2014-04-13,Apr,Sun,Weekend,6,B02598,53
2014-04-13,Apr,Sun,Weekend,6,B02617,36
2014-04-13,Apr,Sun,Weekend,6,B02682,79
2014-04-13,Apr,Sun,Weekend,6,B02764,2
2014-04-13,Apr,Sun,Weekend,7,B02512,7
2014-04-13,Apr,Sun,Weekend,7,B02598,59
2014-04-13,Apr,Sun,Weekend,7,B02617,49
2014-04-13,Apr,Sun,Weekend,7,B02682,99
2014-04-13,Apr,Sun,Weekend,7,B02764,3
2014-04-13,Apr,Sun,Weekend,8,B02512,20
2014-04-13,Apr,Sun,Weekend,8,B02598,83
2014-04-13,Apr,Sun,Weekend,8,B02617,70
2014-04-13,Apr,Sun,Weekend,8,B02682,118
2014-04-13,Apr,Sun,Weekend,8,B02764,3
2014-04-13,Apr,Sun,Weekend,9,B02512,33
2014-04-13,Apr,Sun,Weekend,9,B02598,140
2014-04-13,Apr,Sun,Weekend,9,B02617,95
2014-04-13,Apr,Sun,Weekend,9,B02682,163
2014-04-13,Apr,Sun,Weekend,9,B02764,8
2014-04-13,Apr,Sun,Weekend,10,B02512,32
2014-04-13,Apr,Sun,Weekend,10,B02598,162
2014-04-13,Apr,Sun,Weekend,10,B02617,108
2014-04-13,Apr,Sun,Weekend,10,B02682,178
2014-04-13,Apr,Sun,Weekend,10,B02764,9
2014-04-13,Apr,Sun,Weekend,11,B02512,51
2014-04-13,Apr,Sun,Weekend,11,B02598,188
2014-04-13,Apr,Sun,Weekend,11,B02617,132
2014-04-13,Apr,Sun,Weekend,11,B02682,201
2014-04-13,Apr,Sun,Weekend,11,B02764,9
2014-04-13,Apr,Sun,Weekend,12,B02512,37
2014-04-13,Apr,Sun,Weekend,12,B02598,174
2014-04-13,Apr,Sun,Weekend,12,B02617,139
2014-04-13,Apr,Sun,Weekend,12,B02682,224
2014-04-13,Apr,Sun,Weekend,12,B02764,6
2014-04-13,Apr,Sun,Weekend,13,B02512,38
2014-04-13,Apr,Sun,Weekend,13,B02598,184
2014-04-13,Apr,Sun,Weekend,13,B02617,145
2014-04-13,Apr,Sun,Weekend,13,B02682,277
2014-04-13,Apr,Sun,Weekend,13,B02764,8
2014-04-13,Apr,Sun,Weekend,14,B02512,48
2014-04-13,Apr,Sun,Weekend,14,B02598,248
2014-04-13,Apr,Sun,Weekend,14,B02617,151
2014-04-13,Apr,Sun,Weekend,14,B02682,279
2014-04-13,Apr,Sun,Weekend,14,B02764,14
2014-04-13,Apr,Sun,Weekend,15,B02512,66
2014-04-13,Apr,Sun,Weekend,15,B02598,242
2014-04-13,Apr,Sun,Weekend,15,B02617,174
2014-04-13,Apr,Sun,Weekend,15,B02682,311
2014-04-13,Apr,Sun,Weekend,15,B02764,19
2014-04-13,Apr,Sun,Weekend,16,B02512,65
2014-04-13,Apr,Sun,Weekend,16,B02598,261
2014-04-13,Apr,Sun,Weekend,16,B02617,175
2014-04-13,Apr,Sun,Weekend,16,B02682,360
2014-04-13,Apr,Sun,Weekend,16,B02764,17
2014-04-13,Apr,Sun,Weekend,17,B02512,52
2014-04-13,Apr,Sun,Weekend,17,B02598,240
2014-04-13,Apr,Sun,Weekend,17,B02617,134
2014-04-13,Apr,Sun,Weekend,17,B02682,333
2014-04-13,Apr,Sun,Weekend,17,B02764,16
2014-04-13,Apr,Sun,Weekend,18,B02512,43
2014-04-13,Apr,Sun,Weekend,18,B02598,183
2014-04-13,Apr,Sun,Weekend,18,B02617,109
2014-04-13,Apr,Sun,Weekend,18,B02682,299
2014-04-13,Apr,Sun,Weekend,18,B02764,13
2014-04-13,Apr,Sun,Weekend,19,B02512,38
2014-04-13,Apr,Sun,Weekend,19,B02598,176
2014-04-13,Apr,Sun,Weekend,19,B02617,82
2014-04-13,Apr,Sun,Weekend,19,B02682,252
2014-04-13,Apr,Sun,Weekend,19,B02764,6
2014-04-13,Apr,Sun,Weekend,20,B02512,29
2014-04-13,Apr,Sun,Weekend,20,B02598,152
2014-04-13,Apr,Sun,Weekend,20,B02617,75
2014-04-13,Apr,Sun,Weekend,20,B02682,221
2014-04-13,Apr,Sun,Weekend,20,B02764,13
2014-04-13,Apr,Sun,Weekend,21,B02512,29
2014-04-13,Apr,Sun,Weekend,21,B02598,155
2014-04-13,Apr,Sun,Weekend,21,B02617,74
2014-04-13,Apr,Sun,Weekend,21,B02682,249
2014-04-13,Apr,Sun,Weekend,21,B02764,7
2014-04-13,Apr,Sun,Weekend,22,B02512,24
2014-04-13,Apr,Sun,Weekend,22,B02598,125
2014-04-13,Apr,Sun,Weekend,22,B02617,57
2014-04-13,Apr,Sun,Weekend,22,B02682,170
2014-04-13,Apr,Sun,Weekend,22,B02764,9
2014-04-13,Apr,Sun,Weekend,23,B02512,17
2014-04-13,Apr,Sun,Weekend,23,B02598,70
2014-04-13,Apr,Sun,Weekend,23,B02617,44
2014-04-13,Apr,Sun,Weekend,23,B02682,91
2014-04-13,Apr,Sun,Weekend,23,B02764,6
2014-04-14,Apr,Mon,Weekday,0,B02512,6
2014-04-14,Apr,Mon,Weekday,0,B02598,40
2014-04-14,Apr,Mon,Weekday,0,B02617,23
2014-04-14,Apr,Mon,Weekday,0,B02682,49
2014-04-14,Apr,Mon,Weekday,0,B02764,1
2014-04-14,Apr,Mon,Weekday,1,B02512,3
2014-04-14,Apr,Mon,Weekday,1,B02598,13
2014-04-14,Apr,Mon,Weekday,1,B02617,10
2014-04-14,Apr,Mon,Weekday,1,B02682,22
2014-04-14,Apr,Mon,Weekday,2,B02512,2
2014-04-14,Apr,Mon,Weekday,2,B02598,16
2014-04-14,Apr,Mon,Weekday,2,B02617,7
2014-04-14,Apr,Mon,Weekday,2,B02682,19
2014-04-14,Apr,Mon,Weekday,2,B02764,1
2014-04-14,Apr,Mon,Weekday,3,B02512,5
2014-04-14,Apr,Mon,Weekday,3,B02598,39
2014-04-14,Apr,Mon,Weekday,3,B02617,20
2014-04-14,Apr,Mon,Weekday,3,B02682,57
2014-04-14,Apr,Mon,Weekday,3,B02764,1
2014-04-14,Apr,Mon,Weekday,4,B02512,9
2014-04-14,Apr,Mon,Weekday,4,B02598,61
2014-04-14,Apr,Mon,Weekday,4,B02617,32
2014-04-14,Apr,Mon,Weekday,4,B02682,102
2014-04-14,Apr,Mon,Weekday,4,B02764,4
2014-04-14,Apr,Mon,Weekday,5,B02512,22
2014-04-14,Apr,Mon,Weekday,5,B02598,117
2014-04-14,Apr,Mon,Weekday,5,B02617,75
2014-04-14,Apr,Mon,Weekday,5,B02682,160
2014-04-14,Apr,Mon,Weekday,5,B02764,4
2014-04-14,Apr,Mon,Weekday,6,B02512,51
2014-04-14,Apr,Mon,Weekday,6,B02598,199
2014-04-14,Apr,Mon,Weekday,6,B02617,141
2014-04-14,Apr,Mon,Weekday,6,B02682,281
2014-04-14,Apr,Mon,Weekday,6,B02764,10
2014-04-14,Apr,Mon,Weekday,7,B02512,60
2014-04-14,Apr,Mon,Weekday,7,B02598,277
2014-04-14,Apr,Mon,Weekday,7,B02617,178
2014-04-14,Apr,Mon,Weekday,7,B02682,382
2014-04-14,Apr,Mon,Weekday,7,B02764,14
2014-04-14,Apr,Mon,Weekday,8,B02512,48
2014-04-14,Apr,Mon,Weekday,8,B02598,219
2014-04-14,Apr,Mon,Weekday,8,B02617,146
2014-04-14,Apr,Mon,Weekday,8,B02682,305
2014-04-14,Apr,Mon,Weekday,8,B02764,12
2014-04-14,Apr,Mon,Weekday,9,B02512,44
2014-04-14,Apr,Mon,Weekday,9,B02598,140
2014-04-14,Apr,Mon,Weekday,9,B02617,113
2014-04-14,Apr,Mon,Weekday,9,B02682,185
2014-04-14,Apr,Mon,Weekday,9,B02764,9
2014-04-14,Apr,Mon,Weekday,10,B02512,33
2014-04-14,Apr,Mon,Weekday,10,B02598,136
2014-04-14,Apr,Mon,Weekday,10,B02617,88
2014-04-14,Apr,Mon,Weekday,10,B02682,177
2014-04-14,Apr,Mon,Weekday,10,B02764,9
2014-04-14,Apr,Mon,Weekday,11,B02512,26
2014-04-14,Apr,Mon,Weekday,11,B02598,135
2014-04-14,Apr,Mon,Weekday,11,B02617,102
2014-04-14,Apr,Mon,Weekday,11,B02682,168
2014-04-14,Apr,Mon,Weekday,11,B02764,12
2014-04-14,Apr,Mon,Weekday,12,B02512,46
2014-04-14,Apr,Mon,Weekday,12,B02598,132
2014-04-14,Apr,Mon,Weekday,12,B02617,100
2014-04-14,Apr,Mon,Weekday,12,B02682,208
2014-04-14,Apr,Mon,Weekday,12,B02764,8
2014-04-14,Apr,Mon,Weekday,13,B02512,34
2014-04-14,Apr,Mon,Weekday,13,B02598,166
2014-04-14,Apr,Mon,Weekday,13,B02617,108
2014-04-14,Apr,Mon,Weekday,13,B02682,219
2014-04-14,Apr,Mon,Weekday,13,B02764,11
2014-04-14,Apr,Mon,Weekday,14,B02512,53
2014-04-14,Apr,Mon,Weekday,14,B02598,225
2014-04-14,Apr,Mon,Weekday,14,B02617,135
2014-04-14,Apr,Mon,Weekday,14,B02682,297
2014-04-14,Apr,Mon,Weekday,14,B02764,12
2014-04-14,Apr,Mon,Weekday,15,B02512,53
2014-04-14,Apr,Mon,Weekday,15,B02598,313
2014-04-14,Apr,Mon,Weekday,15,B02617,186
2014-04-14,Apr,Mon,Weekday,15,B02682,371
2014-04-14,Apr,Mon,Weekday,15,B02764,21
2014-04-14,Apr,Mon,Weekday,16,B02512,52
2014-04-14,Apr,Mon,Weekday,16,B02598,328
2014-04-14,Apr,Mon,Weekday,16,B02617,207
2014-04-14,Apr,Mon,Weekday,16,B02682,421
2014-04-14,Apr,Mon,Weekday,16,B02764,22
2014-04-14,Apr,Mon,Weekday,17,B02512,72
2014-04-14,Apr,Mon,Weekday,17,B02598,298
2014-04-14,Apr,Mon,Weekday,17,B02617,198
2014-04-14,Apr,Mon,Weekday,17,B02682,375
2014-04-14,Apr,Mon,Weekday,17,B02764,22
2014-04-14,Apr,Mon,Weekday,18,B02512,51
2014-04-14,Apr,Mon,Weekday,18,B02598,236
2014-04-14,Apr,Mon,Weekday,18,B02617,134
2014-04-14,Apr,Mon,Weekday,18,B02682,286
2014-04-14,Apr,Mon,Weekday,18,B02764,14
2014-04-14,Apr,Mon,Weekday,19,B02512,47
2014-04-14,Apr,Mon,Weekday,19,B02598,202
2014-04-14,Apr,Mon,Weekday,19,B02617,109
2014-04-14,Apr,Mon,Weekday,19,B02682,274
2014-04-14,Apr,Mon,Weekday,19,B02764,11
2014-04-14,Apr,Mon,Weekday,20,B02512,47
2014-04-14,Apr,Mon,Weekday,20,B02598,211
2014-04-14,Apr,Mon,Weekday,20,B02617,108
2014-04-14,Apr,Mon,Weekday,20,B02682,297
2014-04-14,Apr,Mon,Weekday,20,B02764,14
2014-04-14,Apr,Mon,Weekday,21,B02512,45
2014-04-14,Apr,Mon,Weekday,21,B02598,188
2014-04-14,Apr,Mon,Weekday,21,B02617,107
2014-04-14,Apr,Mon,Weekday,21,B02682,263
2014-04-14,Apr,Mon,Weekday,21,B02764,17
2014-04-14,Apr,Mon,Weekday,22,B02512,31
2014-04-14,Apr,Mon,Weekday,22,B02598,113
2014-04-14,Apr,Mon,Weekday,22,B02617,90
2014-04-14,Apr,Mon,Weekday,22,B02682,200
2014-04-14,Apr,Mon,Weekday,22,B02764,9
2014-04-14,Apr,Mon,Weekday,23,B02512,14
2014-04-14,Apr,Mon,Weekday,23,B02598,85
2014-04-14,Apr,Mon,Weekday,23,B02617,43
2014-04-14,Apr,Mon,Weekday,23,B02682,110
2014-04-14,Apr,Mon,Weekday,23,B02764,5
2014-04-15,Apr,Tue,Weekday,0,B02512,9
2014-04-15,Apr,Tue,Weekday,0,B02598,36
2014-04-15,Apr,Tue,Weekday,0,B02617,25
2014-04-15,Apr,Tue,Weekday,0,B02682,66
2014-04-15,Apr,Tue,Weekday,0,B02764,1
2014-04-15,Apr,Tue,Weekday,1,B02512,1
2014-04-15,Apr,Tue,Weekday,1,B02598,20
2014-04-15,Apr,Tue,Weekday,1,B02617,18
2014-04-15,Apr,Tue,Weekday,1,B02682,31
2014-04-15,Apr,Tue,Weekday,1,B02764,1
2014-04-15,Apr,Tue,Weekday,2,B02512,1
2014-04-15,Apr,Tue,Weekday,2,B02598,18
2014-04-15,Apr,Tue,Weekday,2,B02617,16
2014-04-15,Apr,Tue,Weekday,2,B02682,26
2014-04-15,Apr,Tue,Weekday,3,B02512,6
2014-04-15,Apr,Tue,Weekday,3,B02598,32
2014-04-15,Apr,Tue,Weekday,3,B02617,26
2014-04-15,Apr,Tue,Weekday,3,B02682,39
2014-04-15,Apr,Tue,Weekday,3,B02764,1
2014-04-15,Apr,Tue,Weekday,4,B02512,8
2014-04-15,Apr,Tue,Weekday,4,B02598,42
2014-04-15,Apr,Tue,Weekday,4,B02617,32
2014-04-15,Apr,Tue,Weekday,4,B02682,55
2014-04-15,Apr,Tue,Weekday,4,B02764,4
2014-04-15,Apr,Tue,Weekday,5,B02512,16
2014-04-15,Apr,Tue,Weekday,5,B02598,84
2014-04-15,Apr,Tue,Weekday,5,B02617,60
2014-04-15,Apr,Tue,Weekday,5,B02682,114
2014-04-15,Apr,Tue,Weekday,5,B02764,3
2014-04-15,Apr,Tue,Weekday,6,B02512,34
2014-04-15,Apr,Tue,Weekday,6,B02598,157
2014-04-15,Apr,Tue,Weekday,6,B02617,118
2014-04-15,Apr,Tue,Weekday,6,B02682,248
2014-04-15,Apr,Tue,Weekday,6,B02764,7
2014-04-15,Apr,Tue,Weekday,7,B02512,49
2014-04-15,Apr,Tue,Weekday,7,B02598,286
2014-04-15,Apr,Tue,Weekday,7,B02617,223
2014-04-15,Apr,Tue,Weekday,7,B02682,422
2014-04-15,Apr,Tue,Weekday,7,B02764,12
2014-04-15,Apr,Tue,Weekday,8,B02512,49
2014-04-15,Apr,Tue,Weekday,8,B02598,299
2014-04-15,Apr,Tue,Weekday,8,B02617,198
2014-04-15,Apr,Tue,Weekday,8,B02682,369
2014-04-15,Apr,Tue,Weekday,8,B02764,6
2014-04-15,Apr,Tue,Weekday,9,B02512,48
2014-04-15,Apr,Tue,Weekday,9,B02598,192
2014-04-15,Apr,Tue,Weekday,9,B02617,136
2014-04-15,Apr,Tue,Weekday,9,B02682,278
2014-04-15,Apr,Tue,Weekday,9,B02764,9
2014-04-15,Apr,Tue,Weekday,10,B02512,60
2014-04-15,Apr,Tue,Weekday,10,B02598,211
2014-04-15,Apr,Tue,Weekday,10,B02617,155
2014-04-15,Apr,Tue,Weekday,10,B02682,290
2014-04-15,Apr,Tue,Weekday,10,B02764,11
2014-04-15,Apr,Tue,Weekday,11,B02512,54
2014-04-15,Apr,Tue,Weekday,11,B02598,216
2014-04-15,Apr,Tue,Weekday,11,B02617,162
2014-04-15,Apr,Tue,Weekday,11,B02682,300
2014-04-15,Apr,Tue,Weekday,11,B02764,9
2014-04-15,Apr,Tue,Weekday,12,B02512,48
2014-04-15,Apr,Tue,Weekday,12,B02598,212
2014-04-15,Apr,Tue,Weekday,12,B02617,144
2014-04-15,Apr,Tue,Weekday,12,B02682,275
2014-04-15,Apr,Tue,Weekday,12,B02764,9
2014-04-15,Apr,Tue,Weekday,13,B02512,58
2014-04-15,Apr,Tue,Weekday,13,B02598,243
2014-04-15,Apr,Tue,Weekday,13,B02617,157
2014-04-15,Apr,Tue,Weekday,13,B02682,323
2014-04-15,Apr,Tue,Weekday,13,B02764,17
2014-04-15,Apr,Tue,Weekday,14,B02512,56
2014-04-15,Apr,Tue,Weekday,14,B02598,300
2014-04-15,Apr,Tue,Weekday,14,B02617,158
2014-04-15,Apr,Tue,Weekday,14,B02682,353
2014-04-15,Apr,Tue,Weekday,14,B02764,14
2014-04-15,Apr,Tue,Weekday,15,B02512,79
2014-04-15,Apr,Tue,Weekday,15,B02598,312
2014-04-15,Apr,Tue,Weekday,15,B02617,192
2014-04-15,Apr,Tue,Weekday,15,B02682,406
2014-04-15,Apr,Tue,Weekday,15,B02764,23
2014-04-15,Apr,Tue,Weekday,16,B02512,116
2014-04-15,Apr,Tue,Weekday,16,B02598,503
2014-04-15,Apr,Tue,Weekday,16,B02617,311
2014-04-15,Apr,Tue,Weekday,16,B02682,615
2014-04-15,Apr,Tue,Weekday,16,B02764,35
2014-04-15,Apr,Tue,Weekday,17,B02512,114
2014-04-15,Apr,Tue,Weekday,17,B02598,568
2014-04-15,Apr,Tue,Weekday,17,B02617,340
2014-04-15,Apr,Tue,Weekday,17,B02682,706
2014-04-15,Apr,Tue,Weekday,17,B02764,39
2014-04-15,Apr,Tue,Weekday,18,B02512,110
2014-04-15,Apr,Tue,Weekday,18,B02598,504
2014-04-15,Apr,Tue,Weekday,18,B02617,335
2014-04-15,Apr,Tue,Weekday,18,B02682,724
2014-04-15,Apr,Tue,Weekday,18,B02764,29
2014-04-15,Apr,Tue,Weekday,19,B02512,125
2014-04-15,Apr,Tue,Weekday,19,B02598,538
2014-04-15,Apr,Tue,Weekday,19,B02617,322
2014-04-15,Apr,Tue,Weekday,19,B02682,733
2014-04-15,Apr,Tue,Weekday,19,B02764,25
2014-04-15,Apr,Tue,Weekday,20,B02512,138
2014-04-15,Apr,Tue,Weekday,20,B02598,568
2014-04-15,Apr,Tue,Weekday,20,B02617,340
2014-04-15,Apr,Tue,Weekday,20,B02682,730
2014-04-15,Apr,Tue,Weekday,20,B02764,26
2014-04-15,Apr,Tue,Weekday,21,B02512,114
2014-04-15,Apr,Tue,Weekday,21,B02598,503
2014-04-15,Apr,Tue,Weekday,21,B02617,341
2014-04-15,Apr,Tue,Weekday,21,B02682,652
2014-04-15,Apr,Tue,Weekday,21,B02764,19
2014-04-15,Apr,Tue,Weekday,22,B02512,69
2014-04-15,Apr,Tue,Weekday,22,B02598,332
2014-04-15,Apr,Tue,Weekday,22,B02617,215
2014-04-15,Apr,Tue,Weekday,22,B02682,444
2014-04-15,Apr,Tue,Weekday,22,B02764,16
2014-04-15,Apr,Tue,Weekday,23,B02512,29
2014-04-15,Apr,Tue,Weekday,23,B02598,151
2014-04-15,Apr,Tue,Weekday,23,B02617,111
2014-04-15,Apr,Tue,Weekday,23,B02682,261
2014-04-15,Apr,Tue,Weekday,23,B02764,12
2014-04-16,Apr,Wed,Weekday,0,B02512,8
2014-04-16,Apr,Wed,Weekday,0,B02598,76
2014-04-16,Apr,Wed,Weekday,0,B02617,34
2014-04-16,Apr,Wed,Weekday,0,B02682,96
2014-04-16,Apr,Wed,Weekday,0,B02764,2
2014-04-16,Apr,Wed,Weekday,1,B02512,2
2014-04-16,Apr,Wed,Weekday,1,B02598,33
2014-04-16,Apr,Wed,Weekday,1,B02617,22
2014-04-16,Apr,Wed,Weekday,1,B02682,39
2014-04-16,Apr,Wed,Weekday,1,B02764,1
2014-04-16,Apr,Wed,Weekday,2,B02512,1
2014-04-16,Apr,Wed,Weekday,2,B02598,25
2014-04-16,Apr,Wed,Weekday,2,B02617,14
2014-04-16,Apr,Wed,Weekday,2,B02682,31
2014-04-16,Apr,Wed,Weekday,2,B02764,1
2014-04-16,Apr,Wed,Weekday,3,B02512,9
2014-04-16,Apr,Wed,Weekday,3,B02598,39
2014-04-16,Apr,Wed,Weekday,3,B02617,29
2014-04-16,Apr,Wed,Weekday,3,B02682,43
2014-04-16,Apr,Wed,Weekday,3,B02764,2
2014-04-16,Apr,Wed,Weekday,4,B02512,11
2014-04-16,Apr,Wed,Weekday,4,B02598,46
2014-04-16,Apr,Wed,Weekday,4,B02617,37
2014-04-16,Apr,Wed,Weekday,4,B02682,72
2014-04-16,Apr,Wed,Weekday,4,B02764,2
2014-04-16,Apr,Wed,Weekday,5,B02512,12
2014-04-16,Apr,Wed,Weekday,5,B02598,109
2014-04-16,Apr,Wed,Weekday,5,B02617,59
2014-04-16,Apr,Wed,Weekday,5,B02682,145
2014-04-16,Apr,Wed,Weekday,5,B02764,5
2014-04-16,Apr,Wed,Weekday,6,B02512,41
2014-04-16,Apr,Wed,Weekday,6,B02598,201
2014-04-16,Apr,Wed,Weekday,6,B02617,144
2014-04-16,Apr,Wed,Weekday,6,B02682,301
2014-04-16,Apr,Wed,Weekday,6,B02764,8
2014-04-16,Apr,Wed,Weekday,7,B02512,49
2014-04-16,Apr,Wed,Weekday,7,B02598,292
2014-04-16,Apr,Wed,Weekday,7,B02617,193
2014-04-16,Apr,Wed,Weekday,7,B02682,392
2014-04-16,Apr,Wed,Weekday,7,B02764,12
2014-04-16,Apr,Wed,Weekday,8,B02512,39
2014-04-16,Apr,Wed,Weekday,8,B02598,271
2014-04-16,Apr,Wed,Weekday,8,B02617,185
2014-04-16,Apr,Wed,Weekday,8,B02682,395
2014-04-16,Apr,Wed,Weekday,8,B02764,14
2014-04-16,Apr,Wed,Weekday,9,B02512,39
2014-04-16,Apr,Wed,Weekday,9,B02598,193
2014-04-16,Apr,Wed,Weekday,9,B02617,139
2014-04-16,Apr,Wed,Weekday,9,B02682,263
2014-04-16,Apr,Wed,Weekday,9,B02764,12
2014-04-16,Apr,Wed,Weekday,10,B02512,41
2014-04-16,Apr,Wed,Weekday,10,B02598,169
2014-04-16,Apr,Wed,Weekday,10,B02617,113
2014-04-16,Apr,Wed,Weekday,10,B02682,229
2014-04-16,Apr,Wed,Weekday,10,B02764,5
2014-04-16,Apr,Wed,Weekday,11,B02512,46
2014-04-16,Apr,Wed,Weekday,11,B02598,184
2014-04-16,Apr,Wed,Weekday,11,B02617,122
2014-04-16,Apr,Wed,Weekday,11,B02682,221
2014-04-16,Apr,Wed,Weekday,11,B02764,10
2014-04-16,Apr,Wed,Weekday,12,B02512,40
2014-04-16,Apr,Wed,Weekday,12,B02598,186
2014-04-16,Apr,Wed,Weekday,12,B02617,107
2014-04-16,Apr,Wed,Weekday,12,B02682,240
2014-04-16,Apr,Wed,Weekday,12,B02764,16
2014-04-16,Apr,Wed,Weekday,13,B02512,51
2014-04-16,Apr,Wed,Weekday,13,B02598,227
2014-04-16,Apr,Wed,Weekday,13,B02617,119
2014-04-16,Apr,Wed,Weekday,13,B02682,266
2014-04-16,Apr,Wed,Weekday,13,B02764,12
2014-04-16,Apr,Wed,Weekday,14,B02512,48
2014-04-16,Apr,Wed,Weekday,14,B02598,292
2014-04-16,Apr,Wed,Weekday,14,B02617,154
2014-04-16,Apr,Wed,Weekday,14,B02682,332
2014-04-16,Apr,Wed,Weekday,14,B02764,17
2014-04-16,Apr,Wed,Weekday,15,B02512,63
2014-04-16,Apr,Wed,Weekday,15,B02598,358
2014-04-16,Apr,Wed,Weekday,15,B02617,245
2014-04-16,Apr,Wed,Weekday,15,B02682,442
2014-04-16,Apr,Wed,Weekday,15,B02764,19
2014-04-16,Apr,Wed,Weekday,16,B02512,105
2014-04-16,Apr,Wed,Weekday,16,B02598,457
2014-04-16,Apr,Wed,Weekday,16,B02617,285
2014-04-16,Apr,Wed,Weekday,16,B02682,546
2014-04-16,Apr,Wed,Weekday,16,B02764,25
2014-04-16,Apr,Wed,Weekday,17,B02512,101
2014-04-16,Apr,Wed,Weekday,17,B02598,467
2014-04-16,Apr,Wed,Weekday,17,B02617,321
2014-04-16,Apr,Wed,Weekday,17,B02682,593
2014-04-16,Apr,Wed,Weekday,17,B02764,32
2014-04-16,Apr,Wed,Weekday,18,B02512,67
2014-04-16,Apr,Wed,Weekday,18,B02598,443
2014-04-16,Apr,Wed,Weekday,18,B02617,247
2014-04-16,Apr,Wed,Weekday,18,B02682,530
2014-04-16,Apr,Wed,Weekday,18,B02764,23
2014-04-16,Apr,Wed,Weekday,19,B02512,73
2014-04-16,Apr,Wed,Weekday,19,B02598,393
2014-04-16,Apr,Wed,Weekday,19,B02617,214
2014-04-16,Apr,Wed,Weekday,19,B02682,489
2014-04-16,Apr,Wed,Weekday,19,B02764,18
2014-04-16,Apr,Wed,Weekday,20,B02512,60
2014-04-16,Apr,Wed,Weekday,20,B02598,426
2014-04-16,Apr,Wed,Weekday,20,B02617,244
2014-04-16,Apr,Wed,Weekday,20,B02682,471
2014-04-16,Apr,Wed,Weekday,20,B02764,19
2014-04-16,Apr,Wed,Weekday,21,B02512,72
2014-04-16,Apr,Wed,Weekday,21,B02598,438
2014-04-16,Apr,Wed,Weekday,21,B02617,225
2014-04-16,Apr,Wed,Weekday,21,B02682,484
2014-04-16,Apr,Wed,Weekday,21,B02764,19
2014-04-16,Apr,Wed,Weekday,22,B02512,49
2014-04-16,Apr,Wed,Weekday,22,B02598,251
2014-04-16,Apr,Wed,Weekday,22,B02617,156
2014-04-16,Apr,Wed,Weekday,22,B02682,308
2014-04-16,Apr,Wed,Weekday,22,B02764,14
2014-04-16,Apr,Wed,Weekday,23,B02512,32
2014-04-16,Apr,Wed,Weekday,23,B02598,151
2014-04-16,Apr,Wed,Weekday,23,B02617,92
2014-04-16,Apr,Wed,Weekday,23,B02682,211
2014-04-16,Apr,Wed,Weekday,23,B02764,4
2014-04-17,Apr,Thu,Weekday,0,B02512,8
2014-04-17,Apr,Thu,Weekday,0,B02598,69
2014-04-17,Apr,Thu,Weekday,0,B02617,38
2014-04-17,Apr,Thu,Weekday,0,B02682,109
2014-04-17,Apr,Thu,Weekday,0,B02764,3
2014-04-17,Apr,Thu,Weekday,1,B02512,4
2014-04-17,Apr,Thu,Weekday,1,B02598,33
2014-04-17,Apr,Thu,Weekday,1,B02617,20
2014-04-17,Apr,Thu,Weekday,1,B02682,50
2014-04-17,Apr,Thu,Weekday,1,B02764,1
2014-04-17,Apr,Thu,Weekday,2,B02512,7
2014-04-17,Apr,Thu,Weekday,2,B02598,27
2014-04-17,Apr,Thu,Weekday,2,B02617,17
2014-04-17,Apr,Thu,Weekday,2,B02682,46
2014-04-17,Apr,Thu,Weekday,2,B02764,4
2014-04-17,Apr,Thu,Weekday,3,B02512,6
2014-04-17,Apr,Thu,Weekday,3,B02598,47
2014-04-17,Apr,Thu,Weekday,3,B02617,24
2014-04-17,Apr,Thu,Weekday,3,B02682,53
2014-04-17,Apr,Thu,Weekday,3,B02764,1
2014-04-17,Apr,Thu,Weekday,4,B02512,7
2014-04-17,Apr,Thu,Weekday,4,B02598,69
2014-04-17,Apr,Thu,Weekday,4,B02617,46
2014-04-17,Apr,Thu,Weekday,4,B02682,85
2014-04-17,Apr,Thu,Weekday,4,B02764,3
2014-04-17,Apr,Thu,Weekday,5,B02512,14
2014-04-17,Apr,Thu,Weekday,5,B02598,102
2014-04-17,Apr,Thu,Weekday,5,B02617,73
2014-04-17,Apr,Thu,Weekday,5,B02682,151
2014-04-17,Apr,Thu,Weekday,5,B02764,7
2014-04-17,Apr,Thu,Weekday,6,B02512,38
2014-04-17,Apr,Thu,Weekday,6,B02598,235
2014-04-17,Apr,Thu,Weekday,6,B02617,155
2014-04-17,Apr,Thu,Weekday,6,B02682,328
2014-04-17,Apr,Thu,Weekday,6,B02764,10
2014-04-17,Apr,Thu,Weekday,7,B02512,58
2014-04-17,Apr,Thu,Weekday,7,B02598,340
2014-04-17,Apr,Thu,Weekday,7,B02617,221
2014-04-17,Apr,Thu,Weekday,7,B02682,416
2014-04-17,Apr,Thu,Weekday,7,B02764,17
2014-04-17,Apr,Thu,Weekday,8,B02512,50
2014-04-17,Apr,Thu,Weekday,8,B02598,288
2014-04-17,Apr,Thu,Weekday,8,B02617,182
2014-04-17,Apr,Thu,Weekday,8,B02682,364
2014-04-17,Apr,Thu,Weekday,8,B02764,14
2014-04-17,Apr,Thu,Weekday,9,B02512,46
2014-04-17,Apr,Thu,Weekday,9,B02598,219
2014-04-17,Apr,Thu,Weekday,9,B02617,130
2014-04-17,Apr,Thu,Weekday,9,B02682,249
2014-04-17,Apr,Thu,Weekday,9,B02764,12
2014-04-17,Apr,Thu,Weekday,10,B02512,38
2014-04-17,Apr,Thu,Weekday,10,B02598,186
2014-04-17,Apr,Thu,Weekday,10,B02617,127
2014-04-17,Apr,Thu,Weekday,10,B02682,248
2014-04-17,Apr,Thu,Weekday,10,B02764,12
2014-04-17,Apr,Thu,Weekday,11,B02512,43
2014-04-17,Apr,Thu,Weekday,11,B02598,212
2014-04-17,Apr,Thu,Weekday,11,B02617,139
2014-04-17,Apr,Thu,Weekday,11,B02682,256
2014-04-17,Apr,Thu,Weekday,11,B02764,15
2014-04-17,Apr,Thu,Weekday,12,B02512,58
2014-04-17,Apr,Thu,Weekday,12,B02598,212
2014-04-17,Apr,Thu,Weekday,12,B02617,155
2014-04-17,Apr,Thu,Weekday,12,B02682,264
2014-04-17,Apr,Thu,Weekday,12,B02764,17
2014-04-17,Apr,Thu,Weekday,13,B02512,65
2014-04-17,Apr,Thu,Weekday,13,B02598,264
2014-04-17,Apr,Thu,Weekday,13,B02617,160
2014-04-17,Apr,Thu,Weekday,13,B02682,344
2014-04-17,Apr,Thu,Weekday,13,B02764,16
2014-04-17,Apr,Thu,Weekday,14,B02512,59
2014-04-17,Apr,Thu,Weekday,14,B02598,344
2014-04-17,Apr,Thu,Weekday,14,B02617,178
2014-04-17,Apr,Thu,Weekday,14,B02682,384
2014-04-17,Apr,Thu,Weekday,14,B02764,18
2014-04-17,Apr,Thu,Weekday,15,B02512,81
2014-04-17,Apr,Thu,Weekday,15,B02598,384
2014-04-17,Apr,Thu,Weekday,15,B02617,233
2014-04-17,Apr,Thu,Weekday,15,B02682,455
2014-04-17,Apr,Thu,Weekday,15,B02764,26
2014-04-17,Apr,Thu,Weekday,16,B02512,108
2014-04-17,Apr,Thu,Weekday,16,B02598,465
2014-04-17,Apr,Thu,Weekday,16,B02617,283
2014-04-17,Apr,Thu,Weekday,16,B02682,591
2014-04-17,Apr,Thu,Weekday,16,B02764,31
2014-04-17,Apr,Thu,Weekday,17,B02512,116
2014-04-17,Apr,Thu,Weekday,17,B02598,561
2014-04-17,Apr,Thu,Weekday,17,B02617,279
2014-04-17,Apr,Thu,Weekday,17,B02682,653
2014-04-17,Apr,Thu,Weekday,17,B02764,28
2014-04-17,Apr,Thu,Weekday,18,B02512,117
2014-04-17,Apr,Thu,Weekday,18,B02598,595
2014-04-17,Apr,Thu,Weekday,18,B02617,284
2014-04-17,Apr,Thu,Weekday,18,B02682,655
2014-04-17,Apr,Thu,Weekday,18,B02764,29
2014-04-17,Apr,Thu,Weekday,19,B02512,87
2014-04-17,Apr,Thu,Weekday,19,B02598,532
2014-04-17,Apr,Thu,Weekday,19,B02617,290
2014-04-17,Apr,Thu,Weekday,19,B02682,607
2014-04-17,Apr,Thu,Weekday,19,B02764,25
2014-04-17,Apr,Thu,Weekday,20,B02512,105
2014-04-17,Apr,Thu,Weekday,20,B02598,538
2014-04-17,Apr,Thu,Weekday,20,B02617,279
2014-04-17,Apr,Thu,Weekday,20,B02682,573
2014-04-17,Apr,Thu,Weekday,20,B02764,19
2014-04-17,Apr,Thu,Weekday,21,B02512,100
2014-04-17,Apr,Thu,Weekday,21,B02598,519
2014-04-17,Apr,Thu,Weekday,21,B02617,302
2014-04-17,Apr,Thu,Weekday,21,B02682,585
2014-04-17,Apr,Thu,Weekday,21,B02764,23
2014-04-17,Apr,Thu,Weekday,22,B02512,81
2014-04-17,Apr,Thu,Weekday,22,B02598,453
2014-04-17,Apr,Thu,Weekday,22,B02617,245
2014-04-17,Apr,Thu,Weekday,22,B02682,530
2014-04-17,Apr,Thu,Weekday,22,B02764,22
2014-04-17,Apr,Thu,Weekday,23,B02512,47
2014-04-17,Apr,Thu,Weekday,23,B02598,254
2014-04-17,Apr,Thu,Weekday,23,B02617,153
2014-04-17,Apr,Thu,Weekday,23,B02682,309
2014-04-17,Apr,Thu,Weekday,23,B02764,11
2014-04-18,Apr,Fri,Weekday,0,B02512,31
2014-04-18,Apr,Fri,Weekday,0,B02598,147
2014-04-18,Apr,Fri,Weekday,0,B02617,83
2014-04-18,Apr,Fri,Weekday,0,B02682,172
2014-04-18,Apr,Fri,Weekday,0,B02764,5
2014-04-18,Apr,Fri,Weekday,1,B02512,14
2014-04-18,Apr,Fri,Weekday,1,B02598,77
2014-04-18,Apr,Fri,Weekday,1,B02617,33
2014-04-18,Apr,Fri,Weekday,1,B02682,94
2014-04-18,Apr,Fri,Weekday,1,B02764,4
2014-04-18,Apr,Fri,Weekday,2,B02512,6
2014-04-18,Apr,Fri,Weekday,2,B02598,65
2014-04-18,Apr,Fri,Weekday,2,B02617,21
2014-04-18,Apr,Fri,Weekday,2,B02682,55
2014-04-18,Apr,Fri,Weekday,2,B02764,1
2014-04-18,Apr,Fri,Weekday,3,B02512,6
2014-04-18,Apr,Fri,Weekday,3,B02598,75
2014-04-18,Apr,Fri,Weekday,3,B02617,45
2014-04-18,Apr,Fri,Weekday,3,B02682,82
2014-04-18,Apr,Fri,Weekday,4,B02512,10
2014-04-18,Apr,Fri,Weekday,4,B02598,71
2014-04-18,Apr,Fri,Weekday,4,B02617,46
2014-04-18,Apr,Fri,Weekday,4,B02682,98
2014-04-18,Apr,Fri,Weekday,4,B02764,3
2014-04-18,Apr,Fri,Weekday,5,B02512,12
2014-04-18,Apr,Fri,Weekday,5,B02598,90
2014-04-18,Apr,Fri,Weekday,5,B02617,64
2014-04-18,Apr,Fri,Weekday,5,B02682,121
2014-04-18,Apr,Fri,Weekday,5,B02764,5
2014-04-18,Apr,Fri,Weekday,6,B02512,23
2014-04-18,Apr,Fri,Weekday,6,B02598,128
2014-04-18,Apr,Fri,Weekday,6,B02617,70
2014-04-18,Apr,Fri,Weekday,6,B02682,174
2014-04-18,Apr,Fri,Weekday,6,B02764,6
2014-04-18,Apr,Fri,Weekday,7,B02512,30
2014-04-18,Apr,Fri,Weekday,7,B02598,214
2014-04-18,Apr,Fri,Weekday,7,B02617,127
2014-04-18,Apr,Fri,Weekday,7,B02682,262
2014-04-18,Apr,Fri,Weekday,7,B02764,13
2014-04-18,Apr,Fri,Weekday,8,B02512,33
2014-04-18,Apr,Fri,Weekday,8,B02598,246
2014-04-18,Apr,Fri,Weekday,8,B02617,149
2014-04-18,Apr,Fri,Weekday,8,B02682,276
2014-04-18,Apr,Fri,Weekday,8,B02764,16
2014-04-18,Apr,Fri,Weekday,9,B02512,37
2014-04-18,Apr,Fri,Weekday,9,B02598,205
2014-04-18,Apr,Fri,Weekday,9,B02617,128
2014-04-18,Apr,Fri,Weekday,9,B02682,258
2014-04-18,Apr,Fri,Weekday,9,B02764,12
2014-04-18,Apr,Fri,Weekday,10,B02512,33
2014-04-18,Apr,Fri,Weekday,10,B02598,173
2014-04-18,Apr,Fri,Weekday,10,B02617,118
2014-04-18,Apr,Fri,Weekday,10,B02682,226
2014-04-18,Apr,Fri,Weekday,10,B02764,8
2014-04-18,Apr,Fri,Weekday,11,B02512,38
2014-04-18,Apr,Fri,Weekday,11,B02598,203
2014-04-18,Apr,Fri,Weekday,11,B02617,124
2014-04-18,Apr,Fri,Weekday,11,B02682,257
2014-04-18,Apr,Fri,Weekday,11,B02764,12
2014-04-18,Apr,Fri,Weekday,12,B02512,45
2014-04-18,Apr,Fri,Weekday,12,B02598,216
2014-04-18,Apr,Fri,Weekday,12,B02617,122
2014-04-18,Apr,Fri,Weekday,12,B02682,268
2014-04-18,Apr,Fri,Weekday,12,B02764,14
2014-04-18,Apr,Fri,Weekday,13,B02512,50
2014-04-18,Apr,Fri,Weekday,13,B02598,256
2014-04-18,Apr,Fri,Weekday,13,B02617,148
2014-04-18,Apr,Fri,Weekday,13,B02682,301
2014-04-18,Apr,Fri,Weekday,13,B02764,15
2014-04-18,Apr,Fri,Weekday,14,B02512,47
2014-04-18,Apr,Fri,Weekday,14,B02598,297
2014-04-18,Apr,Fri,Weekday,14,B02617,182
2014-04-18,Apr,Fri,Weekday,14,B02682,336
2014-04-18,Apr,Fri,Weekday,14,B02764,15
2014-04-18,Apr,Fri,Weekday,15,B02512,58
2014-04-18,Apr,Fri,Weekday,15,B02598,382
2014-04-18,Apr,Fri,Weekday,15,B02617,203
2014-04-18,Apr,Fri,Weekday,15,B02682,465
2014-04-18,Apr,Fri,Weekday,15,B02764,31
2014-04-18,Apr,Fri,Weekday,16,B02512,63
2014-04-18,Apr,Fri,Weekday,16,B02598,434
2014-04-18,Apr,Fri,Weekday,16,B02617,229
2014-04-18,Apr,Fri,Weekday,16,B02682,519
2014-04-18,Apr,Fri,Weekday,16,B02764,31
2014-04-18,Apr,Fri,Weekday,17,B02512,57
2014-04-18,Apr,Fri,Weekday,17,B02598,393
2014-04-18,Apr,Fri,Weekday,17,B02617,192
2014-04-18,Apr,Fri,Weekday,17,B02682,512
2014-04-18,Apr,Fri,Weekday,17,B02764,11
2014-04-18,Apr,Fri,Weekday,18,B02512,65
2014-04-18,Apr,Fri,Weekday,18,B02598,482
2014-04-18,Apr,Fri,Weekday,18,B02617,243
2014-04-18,Apr,Fri,Weekday,18,B02682,530
2014-04-18,Apr,Fri,Weekday,18,B02764,24
2014-04-18,Apr,Fri,Weekday,19,B02512,69
2014-04-18,Apr,Fri,Weekday,19,B02598,419
2014-04-18,Apr,Fri,Weekday,19,B02617,171
2014-04-18,Apr,Fri,Weekday,19,B02682,461
2014-04-18,Apr,Fri,Weekday,19,B02764,27
2014-04-18,Apr,Fri,Weekday,20,B02512,67
2014-04-18,Apr,Fri,Weekday,20,B02598,343
2014-04-18,Apr,Fri,Weekday,20,B02617,174
2014-04-18,Apr,Fri,Weekday,20,B02682,451
2014-04-18,Apr,Fri,Weekday,20,B02764,20
2014-04-18,Apr,Fri,Weekday,21,B02512,59
2014-04-18,Apr,Fri,Weekday,21,B02598,407
2014-04-18,Apr,Fri,Weekday,21,B02617,207
2014-04-18,Apr,Fri,Weekday,21,B02682,449
2014-04-18,Apr,Fri,Weekday,21,B02764,27
2014-04-18,Apr,Fri,Weekday,22,B02512,61
2014-04-18,Apr,Fri,Weekday,22,B02598,475
2014-04-18,Apr,Fri,Weekday,22,B02617,246
2014-04-18,Apr,Fri,Weekday,22,B02682,516
2014-04-18,Apr,Fri,Weekday,22,B02764,28
2014-04-18,Apr,Fri,Weekday,23,B02512,39
2014-04-18,Apr,Fri,Weekday,23,B02598,356
2014-04-18,Apr,Fri,Weekday,23,B02617,203
2014-04-18,Apr,Fri,Weekday,23,B02682,406
2014-04-18,Apr,Fri,Weekday,23,B02764,22
2014-04-19,Apr,Sat,Weekend,0,B02512,26
2014-04-19,Apr,Sat,Weekend,0,B02598,208
2014-04-19,Apr,Sat,Weekend,0,B02617,115
2014-04-19,Apr,Sat,Weekend,0,B02682,273
2014-04-19,Apr,Sat,Weekend,0,B02764,13
2014-04-19,Apr,Sat,Weekend,1,B02512,19
2014-04-19,Apr,Sat,Weekend,1,B02598,152
2014-04-19,Apr,Sat,Weekend,1,B02617,71
2014-04-19,Apr,Sat,Weekend,1,B02682,194
2014-04-19,Apr,Sat,Weekend,1,B02764,7
2014-04-19,Apr,Sat,Weekend,2,B02512,7
2014-04-19,Apr,Sat,Weekend,2,B02598,100
2014-04-19,Apr,Sat,Weekend,2,B02617,58
2014-04-19,Apr,Sat,Weekend,2,B02682,131
2014-04-19,Apr,Sat,Weekend,2,B02764,5
2014-04-19,Apr,Sat,Weekend,3,B02512,8
2014-04-19,Apr,Sat,Weekend,3,B02598,76
2014-04-19,Apr,Sat,Weekend,3,B02617,37
2014-04-19,Apr,Sat,Weekend,3,B02682,100
2014-04-19,Apr,Sat,Weekend,3,B02764,2
2014-04-19,Apr,Sat,Weekend,4,B02512,5
2014-04-19,Apr,Sat,Weekend,4,B02598,63
2014-04-19,Apr,Sat,Weekend,4,B02617,25
2014-04-19,Apr,Sat,Weekend,4,B02682,56
2014-04-19,Apr,Sat,Weekend,4,B02764,2
2014-04-19,Apr,Sat,Weekend,5,B02512,9
2014-04-19,Apr,Sat,Weekend,5,B02598,57
2014-04-19,Apr,Sat,Weekend,5,B02617,27
2014-04-19,Apr,Sat,Weekend,5,B02682,60
2014-04-19,Apr,Sat,Weekend,5,B02764,1
2014-04-19,Apr,Sat,Weekend,6,B02512,6
2014-04-19,Apr,Sat,Weekend,6,B02598,66
2014-04-19,Apr,Sat,Weekend,6,B02617,33
2014-04-19,Apr,Sat,Weekend,6,B02682,70
2014-04-19,Apr,Sat,Weekend,6,B02764,1
2014-04-19,Apr,Sat,Weekend,7,B02512,15
2014-04-19,Apr,Sat,Weekend,7,B02598,71
2014-04-19,Apr,Sat,Weekend,7,B02617,45
2014-04-19,Apr,Sat,Weekend,7,B02682,86
2014-04-19,Apr,Sat,Weekend,7,B02764,4
2014-04-19,Apr,Sat,Weekend,8,B02512,10
2014-04-19,Apr,Sat,Weekend,8,B02598,105
2014-04-19,Apr,Sat,Weekend,8,B02617,55
2014-04-19,Apr,Sat,Weekend,8,B02682,111
2014-04-19,Apr,Sat,Weekend,8,B02764,9
2014-04-19,Apr,Sat,Weekend,9,B02512,22
2014-04-19,Apr,Sat,Weekend,9,B02598,129
2014-04-19,Apr,Sat,Weekend,9,B02617,72
2014-04-19,Apr,Sat,Weekend,9,B02682,156
2014-04-19,Apr,Sat,Weekend,9,B02764,7
2014-04-19,Apr,Sat,Weekend,10,B02512,32
2014-04-19,Apr,Sat,Weekend,10,B02598,149
2014-04-19,Apr,Sat,Weekend,10,B02617,98
2014-04-19,Apr,Sat,Weekend,10,B02682,177
2014-04-19,Apr,Sat,Weekend,10,B02764,8
2014-04-19,Apr,Sat,Weekend,11,B02512,35
2014-04-19,Apr,Sat,Weekend,11,B02598,180
2014-04-19,Apr,Sat,Weekend,11,B02617,110
2014-04-19,Apr,Sat,Weekend,11,B02682,207
2014-04-19,Apr,Sat,Weekend,11,B02764,10
2014-04-19,Apr,Sat,Weekend,12,B02512,35
2014-04-19,Apr,Sat,Weekend,12,B02598,193
2014-04-19,Apr,Sat,Weekend,12,B02617,119
2014-04-19,Apr,Sat,Weekend,12,B02682,244
2014-04-19,Apr,Sat,Weekend,12,B02764,12
2014-04-19,Apr,Sat,Weekend,13,B02512,48
2014-04-19,Apr,Sat,Weekend,13,B02598,215
2014-04-19,Apr,Sat,Weekend,13,B02617,125
2014-04-19,Apr,Sat,Weekend,13,B02682,220
2014-04-19,Apr,Sat,Weekend,13,B02764,8
2014-04-19,Apr,Sat,Weekend,14,B02512,42
2014-04-19,Apr,Sat,Weekend,14,B02598,230
2014-04-19,Apr,Sat,Weekend,14,B02617,125
2014-04-19,Apr,Sat,Weekend,14,B02682,266
2014-04-19,Apr,Sat,Weekend,14,B02764,14
2014-04-19,Apr,Sat,Weekend,15,B02512,55
2014-04-19,Apr,Sat,Weekend,15,B02598,330
2014-04-19,Apr,Sat,Weekend,15,B02617,167
2014-04-19,Apr,Sat,Weekend,15,B02682,346
2014-04-19,Apr,Sat,Weekend,15,B02764,14
2014-04-19,Apr,Sat,Weekend,16,B02512,67
2014-04-19,Apr,Sat,Weekend,16,B02598,367
2014-04-19,Apr,Sat,Weekend,16,B02617,181
2014-04-19,Apr,Sat,Weekend,16,B02682,380
2014-04-19,Apr,Sat,Weekend,16,B02764,19
2014-04-19,Apr,Sat,Weekend,17,B02512,52
2014-04-19,Apr,Sat,Weekend,17,B02598,327
2014-04-19,Apr,Sat,Weekend,17,B02617,183
2014-04-19,Apr,Sat,Weekend,17,B02682,403
2014-04-19,Apr,Sat,Weekend,17,B02764,14
2014-04-19,Apr,Sat,Weekend,18,B02512,73
2014-04-19,Apr,Sat,Weekend,18,B02598,373
2014-04-19,Apr,Sat,Weekend,18,B02617,176
2014-04-19,Apr,Sat,Weekend,18,B02682,399
2014-04-19,Apr,Sat,Weekend,18,B02764,15
2014-04-19,Apr,Sat,Weekend,19,B02512,64
2014-04-19,Apr,Sat,Weekend,19,B02598,345
2014-04-19,Apr,Sat,Weekend,19,B02617,174
2014-04-19,Apr,Sat,Weekend,19,B02682,405
2014-04-19,Apr,Sat,Weekend,19,B02764,16
2014-04-19,Apr,Sat,Weekend,20,B02512,48
2014-04-19,Apr,Sat,Weekend,20,B02598,291
2014-04-19,Apr,Sat,Weekend,20,B02617,145
2014-04-19,Apr,Sat,Weekend,20,B02682,334
2014-04-19,Apr,Sat,Weekend,20,B02764,10
2014-04-19,Apr,Sat,Weekend,21,B02512,60
2014-04-19,Apr,Sat,Weekend,21,B02598,363
2014-04-19,Apr,Sat,Weekend,21,B02617,173
2014-04-19,Apr,Sat,Weekend,21,B02682,377
2014-04-19,Apr,Sat,Weekend,21,B02764,19
2014-04-19,Apr,Sat,Weekend,22,B02512,68
2014-04-19,Apr,Sat,Weekend,22,B02598,389
2014-04-19,Apr,Sat,Weekend,22,B02617,190
2014-04-19,Apr,Sat,Weekend,22,B02682,440
2014-04-19,Apr,Sat,Weekend,22,B02764,18
2014-04-19,Apr,Sat,Weekend,23,B02512,45
2014-04-19,Apr,Sat,Weekend,23,B02598,303
2014-04-19,Apr,Sat,Weekend,23,B02617,141
2014-04-19,Apr,Sat,Weekend,23,B02682,340
2014-04-19,Apr,Sat,Weekend,23,B02764,21
2014-04-20,Apr,Sun,Weekend,0,B02512,30
2014-04-20,Apr,Sun,Weekend,0,B02598,194
2014-04-20,Apr,Sun,Weekend,0,B02617,87
2014-04-20,Apr,Sun,Weekend,0,B02682,222
2014-04-20,Apr,Sun,Weekend,0,B02764,11
2014-04-20,Apr,Sun,Weekend,1,B02512,21
2014-04-20,Apr,Sun,Weekend,1,B02598,124
2014-04-20,Apr,Sun,Weekend,1,B02617,95
2014-04-20,Apr,Sun,Weekend,1,B02682,179
2014-04-20,Apr,Sun,Weekend,1,B02764,14
2014-04-20,Apr,Sun,Weekend,2,B02512,4
2014-04-20,Apr,Sun,Weekend,2,B02598,96
2014-04-20,Apr,Sun,Weekend,2,B02617,51
2014-04-20,Apr,Sun,Weekend,2,B02682,121
2014-04-20,Apr,Sun,Weekend,2,B02764,3
2014-04-20,Apr,Sun,Weekend,3,B02512,4
2014-04-20,Apr,Sun,Weekend,3,B02598,82
2014-04-20,Apr,Sun,Weekend,3,B02617,29
2014-04-20,Apr,Sun,Weekend,3,B02682,90
2014-04-20,Apr,Sun,Weekend,3,B02764,4
2014-04-20,Apr,Sun,Weekend,4,B02512,7
2014-04-20,Apr,Sun,Weekend,4,B02598,58
2014-04-20,Apr,Sun,Weekend,4,B02617,26
2014-04-20,Apr,Sun,Weekend,4,B02682,56
2014-04-20,Apr,Sun,Weekend,4,B02764,2
2014-04-20,Apr,Sun,Weekend,5,B02512,4
2014-04-20,Apr,Sun,Weekend,5,B02598,37
2014-04-20,Apr,Sun,Weekend,5,B02617,18
2014-04-20,Apr,Sun,Weekend,5,B02682,58
2014-04-20,Apr,Sun,Weekend,5,B02764,1
2014-04-20,Apr,Sun,Weekend,6,B02512,5
2014-04-20,Apr,Sun,Weekend,6,B02598,46
2014-04-20,Apr,Sun,Weekend,6,B02617,17
2014-04-20,Apr,Sun,Weekend,6,B02682,56
2014-04-20,Apr,Sun,Weekend,6,B02764,2
2014-04-20,Apr,Sun,Weekend,7,B02512,10
2014-04-20,Apr,Sun,Weekend,7,B02598,60
2014-04-20,Apr,Sun,Weekend,7,B02617,32
2014-04-20,Apr,Sun,Weekend,7,B02682,77
2014-04-20,Apr,Sun,Weekend,7,B02764,4
2014-04-20,Apr,Sun,Weekend,8,B02512,20
2014-04-20,Apr,Sun,Weekend,8,B02598,102
2014-04-20,Apr,Sun,Weekend,8,B02617,56
2014-04-20,Apr,Sun,Weekend,8,B02682,107
2014-04-20,Apr,Sun,Weekend,8,B02764,6
2014-04-20,Apr,Sun,Weekend,9,B02512,31
2014-04-20,Apr,Sun,Weekend,9,B02598,134
2014-04-20,Apr,Sun,Weekend,9,B02617,76
2014-04-20,Apr,Sun,Weekend,9,B02682,184
2014-04-20,Apr,Sun,Weekend,9,B02764,6
2014-04-20,Apr,Sun,Weekend,10,B02512,39
2014-04-20,Apr,Sun,Weekend,10,B02598,168
2014-04-20,Apr,Sun,Weekend,10,B02617,91
2014-04-20,Apr,Sun,Weekend,10,B02682,202
2014-04-20,Apr,Sun,Weekend,10,B02764,9
2014-04-20,Apr,Sun,Weekend,11,B02512,41
2014-04-20,Apr,Sun,Weekend,11,B02598,204
2014-04-20,Apr,Sun,Weekend,11,B02617,111
2014-04-20,Apr,Sun,Weekend,11,B02682,213
2014-04-20,Apr,Sun,Weekend,11,B02764,10
2014-04-20,Apr,Sun,Weekend,12,B02512,42
2014-04-20,Apr,Sun,Weekend,12,B02598,196
2014-04-20,Apr,Sun,Weekend,12,B02617,140
2014-04-20,Apr,Sun,Weekend,12,B02682,231
2014-04-20,Apr,Sun,Weekend,12,B02764,10
2014-04-20,Apr,Sun,Weekend,13,B02512,43
2014-04-20,Apr,Sun,Weekend,13,B02598,221
2014-04-20,Apr,Sun,Weekend,13,B02617,128
2014-04-20,Apr,Sun,Weekend,13,B02682,240
2014-04-20,Apr,Sun,Weekend,13,B02764,10
2014-04-20,Apr,Sun,Weekend,14,B02512,43
2014-04-20,Apr,Sun,Weekend,14,B02598,186
2014-04-20,Apr,Sun,Weekend,14,B02617,108
2014-04-20,Apr,Sun,Weekend,14,B02682,251
2014-04-20,Apr,Sun,Weekend,14,B02764,16
2014-04-20,Apr,Sun,Weekend,15,B02512,46
2014-04-20,Apr,Sun,Weekend,15,B02598,229
2014-04-20,Apr,Sun,Weekend,15,B02617,127
2014-04-20,Apr,Sun,Weekend,15,B02682,302
2014-04-20,Apr,Sun,Weekend,15,B02764,23
2014-04-20,Apr,Sun,Weekend,16,B02512,38
2014-04-20,Apr,Sun,Weekend,16,B02598,254
2014-04-20,Apr,Sun,Weekend,16,B02617,128
2014-04-20,Apr,Sun,Weekend,16,B02682,294
2014-04-20,Apr,Sun,Weekend,16,B02764,21
2014-04-20,Apr,Sun,Weekend,17,B02512,35
2014-04-20,Apr,Sun,Weekend,17,B02598,201
2014-04-20,Apr,Sun,Weekend,17,B02617,109
2014-04-20,Apr,Sun,Weekend,17,B02682,261
2014-04-20,Apr,Sun,Weekend,17,B02764,12
2014-04-20,Apr,Sun,Weekend,18,B02512,31
2014-04-20,Apr,Sun,Weekend,18,B02598,236
2014-04-20,Apr,Sun,Weekend,18,B02617,117
2014-04-20,Apr,Sun,Weekend,18,B02682,271
2014-04-20,Apr,Sun,Weekend,18,B02764,9
2014-04-20,Apr,Sun,Weekend,19,B02512,31
2014-04-20,Apr,Sun,Weekend,19,B02598,234
2014-04-20,Apr,Sun,Weekend,19,B02617,113
2014-04-20,Apr,Sun,Weekend,19,B02682,301
2014-04-20,Apr,Sun,Weekend,19,B02764,17
2014-04-20,Apr,Sun,Weekend,20,B02512,35
2014-04-20,Apr,Sun,Weekend,20,B02598,213
2014-04-20,Apr,Sun,Weekend,20,B02617,107
2014-04-20,Apr,Sun,Weekend,20,B02682,261
2014-04-20,Apr,Sun,Weekend,20,B02764,15
2014-04-20,Apr,Sun,Weekend,21,B02512,25
2014-04-20,Apr,Sun,Weekend,21,B02598,188
2014-04-20,Apr,Sun,Weekend,21,B02617,110
2014-04-20,Apr,Sun,Weekend,21,B02682,254
2014-04-20,Apr,Sun,Weekend,21,B02764,19
2014-04-20,Apr,Sun,Weekend,22,B02512,16
2014-04-20,Apr,Sun,Weekend,22,B02598,139
2014-04-20,Apr,Sun,Weekend,22,B02617,67
2014-04-20,Apr,Sun,Weekend,22,B02682,169
2014-04-20,Apr,Sun,Weekend,22,B02764,13
2014-04-20,Apr,Sun,Weekend,23,B02512,14
2014-04-20,Apr,Sun,Weekend,23,B02598,72
2014-04-20,Apr,Sun,Weekend,23,B02617,42
2014-04-20,Apr,Sun,Weekend,23,B02682,98
2014-04-20,Apr,Sun,Weekend,23,B02764,8
2014-04-21,Apr,Mon,Weekday,0,B02512,4
2014-04-21,Apr,Mon,Weekday,0,B02598,30
2014-04-21,Apr,Mon,Weekday,0,B02617,21
2014-04-21,Apr,Mon,Weekday,0,B02682,55
2014-04-21,Apr,Mon,Weekday,0,B02764,3
2014-04-21,Apr,Mon,Weekday,1,B02512,2
2014-04-21,Apr,Mon,Weekday,1,B02598,17
2014-04-21,Apr,Mon,Weekday,1,B02617,13
2014-04-21,Apr,Mon,Weekday,1,B02682,33
2014-04-21,Apr,Mon,Weekday,1,B02764,1
2014-04-21,Apr,Mon,Weekday,2,B02512,4
2014-04-21,Apr,Mon,Weekday,2,B02598,19
2014-04-21,Apr,Mon,Weekday,2,B02617,6
2014-04-21,Apr,Mon,Weekday,2,B02682,27
2014-04-21,Apr,Mon,Weekday,2,B02764,2
2014-04-21,Apr,Mon,Weekday,3,B02512,5
2014-04-21,Apr,Mon,Weekday,3,B02598,41
2014-04-21,Apr,Mon,Weekday,3,B02617,22
2014-04-21,Apr,Mon,Weekday,3,B02682,59
2014-04-21,Apr,Mon,Weekday,3,B02764,4
2014-04-21,Apr,Mon,Weekday,4,B02512,13
2014-04-21,Apr,Mon,Weekday,4,B02598,90
2014-04-21,Apr,Mon,Weekday,4,B02617,49
2014-04-21,Apr,Mon,Weekday,4,B02682,109
2014-04-21,Apr,Mon,Weekday,4,B02764,6
2014-04-21,Apr,Mon,Weekday,5,B02512,16
2014-04-21,Apr,Mon,Weekday,5,B02598,130
2014-04-21,Apr,Mon,Weekday,5,B02617,64
2014-04-21,Apr,Mon,Weekday,5,B02682,181
2014-04-21,Apr,Mon,Weekday,5,B02764,7
2014-04-21,Apr,Mon,Weekday,6,B02512,30
2014-04-21,Apr,Mon,Weekday,6,B02598,212
2014-04-21,Apr,Mon,Weekday,6,B02617,129
2014-04-21,Apr,Mon,Weekday,6,B02682,291
2014-04-21,Apr,Mon,Weekday,6,B02764,12
2014-04-21,Apr,Mon,Weekday,7,B02512,47
2014-04-21,Apr,Mon,Weekday,7,B02598,307
2014-04-21,Apr,Mon,Weekday,7,B02617,179
2014-04-21,Apr,Mon,Weekday,7,B02682,372
2014-04-21,Apr,Mon,Weekday,7,B02764,10
2014-04-21,Apr,Mon,Weekday,8,B02512,27
2014-04-21,Apr,Mon,Weekday,8,B02598,238
2014-04-21,Apr,Mon,Weekday,8,B02617,135
2014-04-21,Apr,Mon,Weekday,8,B02682,305
2014-04-21,Apr,Mon,Weekday,8,B02764,6
2014-04-21,Apr,Mon,Weekday,9,B02512,37
2014-04-21,Apr,Mon,Weekday,9,B02598,164
2014-04-21,Apr,Mon,Weekday,9,B02617,103
2014-04-21,Apr,Mon,Weekday,9,B02682,210
2014-04-21,Apr,Mon,Weekday,9,B02764,8
2014-04-21,Apr,Mon,Weekday,10,B02512,42
2014-04-21,Apr,Mon,Weekday,10,B02598,142
2014-04-21,Apr,Mon,Weekday,10,B02617,77
2014-04-21,Apr,Mon,Weekday,10,B02682,176
2014-04-21,Apr,Mon,Weekday,10,B02764,3
2014-04-21,Apr,Mon,Weekday,11,B02512,31
2014-04-21,Apr,Mon,Weekday,11,B02598,162
2014-04-21,Apr,Mon,Weekday,11,B02617,79
2014-04-21,Apr,Mon,Weekday,11,B02682,183
2014-04-21,Apr,Mon,Weekday,11,B02764,6
2014-04-21,Apr,Mon,Weekday,12,B02512,27
2014-04-21,Apr,Mon,Weekday,12,B02598,142
2014-04-21,Apr,Mon,Weekday,12,B02617,98
2014-04-21,Apr,Mon,Weekday,12,B02682,168
2014-04-21,Apr,Mon,Weekday,12,B02764,8
2014-04-21,Apr,Mon,Weekday,13,B02512,38
2014-04-21,Apr,Mon,Weekday,13,B02598,187
2014-04-21,Apr,Mon,Weekday,13,B02617,100
2014-04-21,Apr,Mon,Weekday,13,B02682,212
2014-04-21,Apr,Mon,Weekday,13,B02764,6
2014-04-21,Apr,Mon,Weekday,14,B02512,33
2014-04-21,Apr,Mon,Weekday,14,B02598,254
2014-04-21,Apr,Mon,Weekday,14,B02617,136
2014-04-21,Apr,Mon,Weekday,14,B02682,283
2014-04-21,Apr,Mon,Weekday,14,B02764,12
2014-04-21,Apr,Mon,Weekday,15,B02512,46
2014-04-21,Apr,Mon,Weekday,15,B02598,292
2014-04-21,Apr,Mon,Weekday,15,B02617,149
2014-04-21,Apr,Mon,Weekday,15,B02682,332
2014-04-21,Apr,Mon,Weekday,15,B02764,17
2014-04-21,Apr,Mon,Weekday,16,B02512,53
2014-04-21,Apr,Mon,Weekday,16,B02598,376
2014-04-21,Apr,Mon,Weekday,16,B02617,163
2014-04-21,Apr,Mon,Weekday,16,B02682,395
2014-04-21,Apr,Mon,Weekday,16,B02764,26
2014-04-21,Apr,Mon,Weekday,17,B02512,65
2014-04-21,Apr,Mon,Weekday,17,B02598,384
2014-04-21,Apr,Mon,Weekday,17,B02617,183
2014-04-21,Apr,Mon,Weekday,17,B02682,408
2014-04-21,Apr,Mon,Weekday,17,B02764,23
2014-04-21,Apr,Mon,Weekday,18,B02512,58
2014-04-21,Apr,Mon,Weekday,18,B02598,334
2014-04-21,Apr,Mon,Weekday,18,B02617,149
2014-04-21,Apr,Mon,Weekday,18,B02682,321
2014-04-21,Apr,Mon,Weekday,18,B02764,9
2014-04-21,Apr,Mon,Weekday,19,B02512,58
2014-04-21,Apr,Mon,Weekday,19,B02598,306
2014-04-21,Apr,Mon,Weekday,19,B02617,138
2014-04-21,Apr,Mon,Weekday,19,B02682,325
2014-04-21,Apr,Mon,Weekday,19,B02764,9
2014-04-21,Apr,Mon,Weekday,20,B02512,42
2014-04-21,Apr,Mon,Weekday,20,B02598,271
2014-04-21,Apr,Mon,Weekday,20,B02617,132
2014-04-21,Apr,Mon,Weekday,20,B02682,280
2014-04-21,Apr,Mon,Weekday,20,B02764,9
2014-04-21,Apr,Mon,Weekday,21,B02512,28
2014-04-21,Apr,Mon,Weekday,21,B02598,226
2014-04-21,Apr,Mon,Weekday,21,B02617,115
2014-04-21,Apr,Mon,Weekday,21,B02682,236
2014-04-21,Apr,Mon,Weekday,21,B02764,10
2014-04-21,Apr,Mon,Weekday,22,B02512,23
2014-04-21,Apr,Mon,Weekday,22,B02598,176
2014-04-21,Apr,Mon,Weekday,22,B02617,62
2014-04-21,Apr,Mon,Weekday,22,B02682,171
2014-04-21,Apr,Mon,Weekday,22,B02764,11
2014-04-21,Apr,Mon,Weekday,23,B02512,15
2014-04-21,Apr,Mon,Weekday,23,B02598,92
2014-04-21,Apr,Mon,Weekday,23,B02617,52
2014-04-21,Apr,Mon,Weekday,23,B02682,126
2014-04-21,Apr,Mon,Weekday,23,B02764,6
2014-04-22,Apr,Tue,Weekday,0,B02512,3
2014-04-22,Apr,Tue,Weekday,0,B02598,46
2014-04-22,Apr,Tue,Weekday,0,B02617,25
2014-04-22,Apr,Tue,Weekday,0,B02682,70
2014-04-22,Apr,Tue,Weekday,0,B02764,6
2014-04-22,Apr,Tue,Weekday,1,B02598,21
2014-04-22,Apr,Tue,Weekday,1,B02617,11
2014-04-22,Apr,Tue,Weekday,1,B02682,27
2014-04-22,Apr,Tue,Weekday,1,B02764,3
2014-04-22,Apr,Tue,Weekday,2,B02598,25
2014-04-22,Apr,Tue,Weekday,2,B02617,5
2014-04-22,Apr,Tue,Weekday,2,B02682,28
2014-04-22,Apr,Tue,Weekday,2,B02764,3
2014-04-22,Apr,Tue,Weekday,3,B02512,6
2014-04-22,Apr,Tue,Weekday,3,B02598,20
2014-04-22,Apr,Tue,Weekday,3,B02617,17
2014-04-22,Apr,Tue,Weekday,3,B02682,43
2014-04-22,Apr,Tue,Weekday,3,B02764,2
2014-04-22,Apr,Tue,Weekday,4,B02512,8
2014-04-22,Apr,Tue,Weekday,4,B02598,74
2014-04-22,Apr,Tue,Weekday,4,B02617,33
2014-04-22,Apr,Tue,Weekday,4,B02682,88
2014-04-22,Apr,Tue,Weekday,4,B02764,4
2014-04-22,Apr,Tue,Weekday,5,B02512,17
2014-04-22,Apr,Tue,Weekday,5,B02598,115
2014-04-22,Apr,Tue,Weekday,5,B02617,53
2014-04-22,Apr,Tue,Weekday,5,B02682,138
2014-04-22,Apr,Tue,Weekday,5,B02764,4
2014-04-22,Apr,Tue,Weekday,6,B02512,33
2014-04-22,Apr,Tue,Weekday,6,B02598,264
2014-04-22,Apr,Tue,Weekday,6,B02617,122
2014-04-22,Apr,Tue,Weekday,6,B02682,294
2014-04-22,Apr,Tue,Weekday,6,B02764,6
2014-04-22,Apr,Tue,Weekday,7,B02512,47
2014-04-22,Apr,Tue,Weekday,7,B02598,314
2014-04-22,Apr,Tue,Weekday,7,B02617,187
2014-04-22,Apr,Tue,Weekday,7,B02682,382
2014-04-22,Apr,Tue,Weekday,7,B02764,15
2014-04-22,Apr,Tue,Weekday,8,B02512,44
2014-04-22,Apr,Tue,Weekday,8,B02598,277
2014-04-22,Apr,Tue,Weekday,8,B02617,163
2014-04-22,Apr,Tue,Weekday,8,B02682,307
2014-04-22,Apr,Tue,Weekday,8,B02764,11
2014-04-22,Apr,Tue,Weekday,9,B02512,34
2014-04-22,Apr,Tue,Weekday,9,B02598,176
2014-04-22,Apr,Tue,Weekday,9,B02617,83
2014-04-22,Apr,Tue,Weekday,9,B02682,209
2014-04-22,Apr,Tue,Weekday,9,B02764,4
2014-04-22,Apr,Tue,Weekday,10,B02512,34
2014-04-22,Apr,Tue,Weekday,10,B02598,189
2014-04-22,Apr,Tue,Weekday,10,B02617,117
2014-04-22,Apr,Tue,Weekday,10,B02682,205
2014-04-22,Apr,Tue,Weekday,10,B02764,5
2014-04-22,Apr,Tue,Weekday,11,B02512,42
2014-04-22,Apr,Tue,Weekday,11,B02598,179
2014-04-22,Apr,Tue,Weekday,11,B02617,98
2014-04-22,Apr,Tue,Weekday,11,B02682,194
2014-04-22,Apr,Tue,Weekday,11,B02764,9
2014-04-22,Apr,Tue,Weekday,12,B02512,31
2014-04-22,Apr,Tue,Weekday,12,B02598,191
2014-04-22,Apr,Tue,Weekday,12,B02617,86
2014-04-22,Apr,Tue,Weekday,12,B02682,186
2014-04-22,Apr,Tue,Weekday,12,B02764,11
2014-04-22,Apr,Tue,Weekday,13,B02512,43
2014-04-22,Apr,Tue,Weekday,13,B02598,217
2014-04-22,Apr,Tue,Weekday,13,B02617,109
2014-04-22,Apr,Tue,Weekday,13,B02682,234
2014-04-22,Apr,Tue,Weekday,13,B02764,10
2014-04-22,Apr,Tue,Weekday,14,B02512,57
2014-04-22,Apr,Tue,Weekday,14,B02598,305
2014-04-22,Apr,Tue,Weekday,14,B02617,154
2014-04-22,Apr,Tue,Weekday,14,B02682,307
2014-04-22,Apr,Tue,Weekday,14,B02764,11
2014-04-22,Apr,Tue,Weekday,15,B02512,91
2014-04-22,Apr,Tue,Weekday,15,B02598,494
2014-04-22,Apr,Tue,Weekday,15,B02617,252
2014-04-22,Apr,Tue,Weekday,15,B02682,510
2014-04-22,Apr,Tue,Weekday,15,B02764,27
2014-04-22,Apr,Tue,Weekday,16,B02512,109
2014-04-22,Apr,Tue,Weekday,16,B02598,574
2014-04-22,Apr,Tue,Weekday,16,B02617,312
2014-04-22,Apr,Tue,Weekday,16,B02682,610
2014-04-22,Apr,Tue,Weekday,16,B02764,24
2014-04-22,Apr,Tue,Weekday,17,B02512,91
2014-04-22,Apr,Tue,Weekday,17,B02598,595
2014-04-22,Apr,Tue,Weekday,17,B02617,309
2014-04-22,Apr,Tue,Weekday,17,B02682,593
2014-04-22,Apr,Tue,Weekday,17,B02764,24
2014-04-22,Apr,Tue,Weekday,18,B02512,72
2014-04-22,Apr,Tue,Weekday,18,B02598,485
2014-04-22,Apr,Tue,Weekday,18,B02617,240
2014-04-22,Apr,Tue,Weekday,18,B02682,524
2014-04-22,Apr,Tue,Weekday,18,B02764,21
2014-04-22,Apr,Tue,Weekday,19,B02512,40
2014-04-22,Apr,Tue,Weekday,19,B02598,390
2014-04-22,Apr,Tue,Weekday,19,B02617,197
2014-04-22,Apr,Tue,Weekday,19,B02682,469
2014-04-22,Apr,Tue,Weekday,19,B02764,19
2014-04-22,Apr,Tue,Weekday,20,B02512,58
2014-04-22,Apr,Tue,Weekday,20,B02598,396
2014-04-22,Apr,Tue,Weekday,20,B02617,213
2014-04-22,Apr,Tue,Weekday,20,B02682,431
2014-04-22,Apr,Tue,Weekday,20,B02764,20
2014-04-22,Apr,Tue,Weekday,21,B02512,54
2014-04-22,Apr,Tue,Weekday,21,B02598,334
2014-04-22,Apr,Tue,Weekday,21,B02617,172
2014-04-22,Apr,Tue,Weekday,21,B02682,392
2014-04-22,Apr,Tue,Weekday,21,B02764,15
2014-04-22,Apr,Tue,Weekday,22,B02512,30
2014-04-22,Apr,Tue,Weekday,22,B02598,230
2014-04-22,Apr,Tue,Weekday,22,B02617,107
2014-04-22,Apr,Tue,Weekday,22,B02682,235
2014-04-22,Apr,Tue,Weekday,22,B02764,12
2014-04-22,Apr,Tue,Weekday,23,B02512,15
2014-04-22,Apr,Tue,Weekday,23,B02598,104
2014-04-22,Apr,Tue,Weekday,23,B02617,50
2014-04-22,Apr,Tue,Weekday,23,B02682,136
2014-04-22,Apr,Tue,Weekday,23,B02764,8
2014-04-23,Apr,Wed,Weekday,0,B02512,10
2014-04-23,Apr,Wed,Weekday,0,B02598,40
2014-04-23,Apr,Wed,Weekday,0,B02617,24
2014-04-23,Apr,Wed,Weekday,0,B02682,74
2014-04-23,Apr,Wed,Weekday,0,B02764,1
2014-04-23,Apr,Wed,Weekday,1,B02512,2
2014-04-23,Apr,Wed,Weekday,1,B02598,36
2014-04-23,Apr,Wed,Weekday,1,B02617,18
2014-04-23,Apr,Wed,Weekday,1,B02682,35
2014-04-23,Apr,Wed,Weekday,1,B02764,1
2014-04-23,Apr,Wed,Weekday,2,B02512,2
2014-04-23,Apr,Wed,Weekday,2,B02598,29
2014-04-23,Apr,Wed,Weekday,2,B02617,8
2014-04-23,Apr,Wed,Weekday,2,B02682,25
2014-04-23,Apr,Wed,Weekday,3,B02512,2
2014-04-23,Apr,Wed,Weekday,3,B02598,36
2014-04-23,Apr,Wed,Weekday,3,B02617,13
2014-04-23,Apr,Wed,Weekday,3,B02682,36
2014-04-23,Apr,Wed,Weekday,3,B02764,3
2014-04-23,Apr,Wed,Weekday,4,B02512,8
2014-04-23,Apr,Wed,Weekday,4,B02598,70
2014-04-23,Apr,Wed,Weekday,4,B02617,38
2014-04-23,Apr,Wed,Weekday,4,B02682,94
2014-04-23,Apr,Wed,Weekday,4,B02764,2
2014-04-23,Apr,Wed,Weekday,5,B02512,18
2014-04-23,Apr,Wed,Weekday,5,B02598,138
2014-04-23,Apr,Wed,Weekday,5,B02617,59
2014-04-23,Apr,Wed,Weekday,5,B02682,162
2014-04-23,Apr,Wed,Weekday,5,B02764,6
2014-04-23,Apr,Wed,Weekday,6,B02512,48
2014-04-23,Apr,Wed,Weekday,6,B02598,262
2014-04-23,Apr,Wed,Weekday,6,B02617,148
2014-04-23,Apr,Wed,Weekday,6,B02682,327
2014-04-23,Apr,Wed,Weekday,6,B02764,10
2014-04-23,Apr,Wed,Weekday,7,B02512,67
2014-04-23,Apr,Wed,Weekday,7,B02598,379
2014-04-23,Apr,Wed,Weekday,7,B02617,213
2014-04-23,Apr,Wed,Weekday,7,B02682,417
2014-04-23,Apr,Wed,Weekday,7,B02764,12
2014-04-23,Apr,Wed,Weekday,8,B02512,42
2014-04-23,Apr,Wed,Weekday,8,B02598,345
2014-04-23,Apr,Wed,Weekday,8,B02617,158
2014-04-23,Apr,Wed,Weekday,8,B02682,391
2014-04-23,Apr,Wed,Weekday,8,B02764,10
2014-04-23,Apr,Wed,Weekday,9,B02512,30
2014-04-23,Apr,Wed,Weekday,9,B02598,215
2014-04-23,Apr,Wed,Weekday,9,B02617,115
2014-04-23,Apr,Wed,Weekday,9,B02682,261
2014-04-23,Apr,Wed,Weekday,9,B02764,9
2014-04-23,Apr,Wed,Weekday,10,B02512,37
2014-04-23,Apr,Wed,Weekday,10,B02598,231
2014-04-23,Apr,Wed,Weekday,10,B02617,132
2014-04-23,Apr,Wed,Weekday,10,B02682,282
2014-04-23,Apr,Wed,Weekday,10,B02764,12
2014-04-23,Apr,Wed,Weekday,11,B02512,46
2014-04-23,Apr,Wed,Weekday,11,B02598,224
2014-04-23,Apr,Wed,Weekday,11,B02617,140
2014-04-23,Apr,Wed,Weekday,11,B02682,238
2014-04-23,Apr,Wed,Weekday,11,B02764,11
2014-04-23,Apr,Wed,Weekday,12,B02512,45
2014-04-23,Apr,Wed,Weekday,12,B02598,240
2014-04-23,Apr,Wed,Weekday,12,B02617,137
2014-04-23,Apr,Wed,Weekday,12,B02682,252
2014-04-23,Apr,Wed,Weekday,12,B02764,10
2014-04-23,Apr,Wed,Weekday,13,B02512,47
2014-04-23,Apr,Wed,Weekday,13,B02598,279
2014-04-23,Apr,Wed,Weekday,13,B02617,163
2014-04-23,Apr,Wed,Weekday,13,B02682,280
2014-04-23,Apr,Wed,Weekday,13,B02764,13
2014-04-23,Apr,Wed,Weekday,14,B02512,53
2014-04-23,Apr,Wed,Weekday,14,B02598,396
2014-04-23,Apr,Wed,Weekday,14,B02617,167
2014-04-23,Apr,Wed,Weekday,14,B02682,360
2014-04-23,Apr,Wed,Weekday,14,B02764,15
2014-04-23,Apr,Wed,Weekday,15,B02512,88
2014-04-23,Apr,Wed,Weekday,15,B02598,472
2014-04-23,Apr,Wed,Weekday,15,B02617,232
2014-04-23,Apr,Wed,Weekday,15,B02682,470
2014-04-23,Apr,Wed,Weekday,15,B02764,18
2014-04-23,Apr,Wed,Weekday,16,B02512,110
2014-04-23,Apr,Wed,Weekday,16,B02598,563
2014-04-23,Apr,Wed,Weekday,16,B02617,268
2014-04-23,Apr,Wed,Weekday,16,B02682,574
2014-04-23,Apr,Wed,Weekday,16,B02764,35
2014-04-23,Apr,Wed,Weekday,17,B02512,106
2014-04-23,Apr,Wed,Weekday,17,B02598,584
2014-04-23,Apr,Wed,Weekday,17,B02617,336
2014-04-23,Apr,Wed,Weekday,17,B02682,682
2014-04-23,Apr,Wed,Weekday,17,B02764,36
2014-04-23,Apr,Wed,Weekday,18,B02512,87
2014-04-23,Apr,Wed,Weekday,18,B02598,549
2014-04-23,Apr,Wed,Weekday,18,B02617,292
2014-04-23,Apr,Wed,Weekday,18,B02682,556
2014-04-23,Apr,Wed,Weekday,18,B02764,32
2014-04-23,Apr,Wed,Weekday,19,B02512,103
2014-04-23,Apr,Wed,Weekday,19,B02598,558
2014-04-23,Apr,Wed,Weekday,19,B02617,267
2014-04-23,Apr,Wed,Weekday,19,B02682,581
2014-04-23,Apr,Wed,Weekday,19,B02764,26
2014-04-23,Apr,Wed,Weekday,20,B02512,101
2014-04-23,Apr,Wed,Weekday,20,B02598,620
2014-04-23,Apr,Wed,Weekday,20,B02617,310
2014-04-23,Apr,Wed,Weekday,20,B02682,599
2014-04-23,Apr,Wed,Weekday,20,B02764,29
2014-04-23,Apr,Wed,Weekday,21,B02512,72
2014-04-23,Apr,Wed,Weekday,21,B02598,516
2014-04-23,Apr,Wed,Weekday,21,B02617,267
2014-04-23,Apr,Wed,Weekday,21,B02682,506
2014-04-23,Apr,Wed,Weekday,21,B02764,32
2014-04-23,Apr,Wed,Weekday,22,B02512,51
2014-04-23,Apr,Wed,Weekday,22,B02598,333
2014-04-23,Apr,Wed,Weekday,22,B02617,179
2014-04-23,Apr,Wed,Weekday,22,B02682,356
2014-04-23,Apr,Wed,Weekday,22,B02764,15
2014-04-23,Apr,Wed,Weekday,23,B02512,21
2014-04-23,Apr,Wed,Weekday,23,B02598,173
2014-04-23,Apr,Wed,Weekday,23,B02617,87
2014-04-23,Apr,Wed,Weekday,23,B02682,182
2014-04-23,Apr,Wed,Weekday,23,B02764,13
2014-04-24,Apr,Thu,Weekday,0,B02512,5
2014-04-24,Apr,Thu,Weekday,0,B02598,82
2014-04-24,Apr,Thu,Weekday,0,B02617,37
2014-04-24,Apr,Thu,Weekday,0,B02682,67
2014-04-24,Apr,Thu,Weekday,0,B02764,4
2014-04-24,Apr,Thu,Weekday,1,B02512,6
2014-04-24,Apr,Thu,Weekday,1,B02598,50
2014-04-24,Apr,Thu,Weekday,1,B02617,28
2014-04-24,Apr,Thu,Weekday,1,B02682,52
2014-04-24,Apr,Thu,Weekday,1,B02764,3
2014-04-24,Apr,Thu,Weekday,2,B02512,3
2014-04-24,Apr,Thu,Weekday,2,B02598,33
2014-04-24,Apr,Thu,Weekday,2,B02617,23
2014-04-24,Apr,Thu,Weekday,2,B02682,44
2014-04-24,Apr,Thu,Weekday,3,B02512,4
2014-04-24,Apr,Thu,Weekday,3,B02598,55
2014-04-24,Apr,Thu,Weekday,3,B02617,33
2014-04-24,Apr,Thu,Weekday,3,B02682,56
2014-04-24,Apr,Thu,Weekday,3,B02764,4
2014-04-24,Apr,Thu,Weekday,4,B02512,11
2014-04-24,Apr,Thu,Weekday,4,B02598,85
2014-04-24,Apr,Thu,Weekday,4,B02617,44
2014-04-24,Apr,Thu,Weekday,4,B02682,94
2014-04-24,Apr,Thu,Weekday,4,B02764,1
2014-04-24,Apr,Thu,Weekday,5,B02512,12
2014-04-24,Apr,Thu,Weekday,5,B02598,129
2014-04-24,Apr,Thu,Weekday,5,B02617,75
2014-04-24,Apr,Thu,Weekday,5,B02682,174
2014-04-24,Apr,Thu,Weekday,5,B02764,3
2014-04-24,Apr,Thu,Weekday,6,B02512,40
2014-04-24,Apr,Thu,Weekday,6,B02598,280
2014-04-24,Apr,Thu,Weekday,6,B02617,163
2014-04-24,Apr,Thu,Weekday,6,B02682,338
2014-04-24,Apr,Thu,Weekday,6,B02764,9
2014-04-24,Apr,Thu,Weekday,7,B02512,69
2014-04-24,Apr,Thu,Weekday,7,B02598,355
2014-04-24,Apr,Thu,Weekday,7,B02617,234
2014-04-24,Apr,Thu,Weekday,7,B02682,440
2014-04-24,Apr,Thu,Weekday,7,B02764,16
2014-04-24,Apr,Thu,Weekday,8,B02512,60
2014-04-24,Apr,Thu,Weekday,8,B02598,332
2014-04-24,Apr,Thu,Weekday,8,B02617,215
2014-04-24,Apr,Thu,Weekday,8,B02682,398
2014-04-24,Apr,Thu,Weekday,8,B02764,15
2014-04-24,Apr,Thu,Weekday,9,B02512,48
2014-04-24,Apr,Thu,Weekday,9,B02598,247
2014-04-24,Apr,Thu,Weekday,9,B02617,146
2014-04-24,Apr,Thu,Weekday,9,B02682,303
2014-04-24,Apr,Thu,Weekday,9,B02764,9
2014-04-24,Apr,Thu,Weekday,10,B02512,38
2014-04-24,Apr,Thu,Weekday,10,B02598,222
2014-04-24,Apr,Thu,Weekday,10,B02617,119
2014-04-24,Apr,Thu,Weekday,10,B02682,249
2014-04-24,Apr,Thu,Weekday,10,B02764,12
2014-04-24,Apr,Thu,Weekday,11,B02512,44
2014-04-24,Apr,Thu,Weekday,11,B02598,228
2014-04-24,Apr,Thu,Weekday,11,B02617,120
2014-04-24,Apr,Thu,Weekday,11,B02682,266
2014-04-24,Apr,Thu,Weekday,11,B02764,17
2014-04-24,Apr,Thu,Weekday,12,B02512,47
2014-04-24,Apr,Thu,Weekday,12,B02598,238
2014-04-24,Apr,Thu,Weekday,12,B02617,129
2014-04-24,Apr,Thu,Weekday,12,B02682,285
2014-04-24,Apr,Thu,Weekday,12,B02764,10
2014-04-24,Apr,Thu,Weekday,13,B02512,46
2014-04-24,Apr,Thu,Weekday,13,B02598,284
2014-04-24,Apr,Thu,Weekday,13,B02617,179
2014-04-24,Apr,Thu,Weekday,13,B02682,343
2014-04-24,Apr,Thu,Weekday,13,B02764,12
2014-04-24,Apr,Thu,Weekday,14,B02512,74
2014-04-24,Apr,Thu,Weekday,14,B02598,395
2014-04-24,Apr,Thu,Weekday,14,B02617,217
2014-04-24,Apr,Thu,Weekday,14,B02682,404
2014-04-24,Apr,Thu,Weekday,14,B02764,20
2014-04-24,Apr,Thu,Weekday,15,B02512,106
2014-04-24,Apr,Thu,Weekday,15,B02598,498
2014-04-24,Apr,Thu,Weekday,15,B02617,266
2014-04-24,Apr,Thu,Weekday,15,B02682,524
2014-04-24,Apr,Thu,Weekday,15,B02764,29
2014-04-24,Apr,Thu,Weekday,16,B02512,108
2014-04-24,Apr,Thu,Weekday,16,B02598,588
2014-04-24,Apr,Thu,Weekday,16,B02617,321
2014-04-24,Apr,Thu,Weekday,16,B02682,629
2014-04-24,Apr,Thu,Weekday,16,B02764,34
2014-04-24,Apr,Thu,Weekday,17,B02512,115
2014-04-24,Apr,Thu,Weekday,17,B02598,673
2014-04-24,Apr,Thu,Weekday,17,B02617,349
2014-04-24,Apr,Thu,Weekday,17,B02682,748
2014-04-24,Apr,Thu,Weekday,17,B02764,32
2014-04-24,Apr,Thu,Weekday,18,B02512,96
2014-04-24,Apr,Thu,Weekday,18,B02598,660
2014-04-24,Apr,Thu,Weekday,18,B02617,301
2014-04-24,Apr,Thu,Weekday,18,B02682,702
2014-04-24,Apr,Thu,Weekday,18,B02764,35
2014-04-24,Apr,Thu,Weekday,19,B02512,96
2014-04-24,Apr,Thu,Weekday,19,B02598,644
2014-04-24,Apr,Thu,Weekday,19,B02617,286
2014-04-24,Apr,Thu,Weekday,19,B02682,649
2014-04-24,Apr,Thu,Weekday,19,B02764,27
2014-04-24,Apr,Thu,Weekday,20,B02512,99
2014-04-24,Apr,Thu,Weekday,20,B02598,654
2014-04-24,Apr,Thu,Weekday,20,B02617,322
2014-04-24,Apr,Thu,Weekday,20,B02682,670
2014-04-24,Apr,Thu,Weekday,20,B02764,34
2014-04-24,Apr,Thu,Weekday,21,B02512,131
2014-04-24,Apr,Thu,Weekday,21,B02598,679
2014-04-24,Apr,Thu,Weekday,21,B02617,337
2014-04-24,Apr,Thu,Weekday,21,B02682,679
2014-04-24,Apr,Thu,Weekday,21,B02764,39
2014-04-24,Apr,Thu,Weekday,22,B02512,98
2014-04-24,Apr,Thu,Weekday,22,B02598,521
2014-04-24,Apr,Thu,Weekday,22,B02617,305
2014-04-24,Apr,Thu,Weekday,22,B02682,531
2014-04-24,Apr,Thu,Weekday,22,B02764,35
2014-04-24,Apr,Thu,Weekday,23,B02512,38
2014-04-24,Apr,Thu,Weekday,23,B02598,300
2014-04-24,Apr,Thu,Weekday,23,B02617,126
2014-04-24,Apr,Thu,Weekday,23,B02682,293
2014-04-24,Apr,Thu,Weekday,23,B02764,13
2014-04-25,Apr,Fri,Weekday,0,B02512,19
2014-04-25,Apr,Fri,Weekday,0,B02598,143
2014-04-25,Apr,Fri,Weekday,0,B02617,61
2014-04-25,Apr,Fri,Weekday,0,B02682,119
2014-04-25,Apr,Fri,Weekday,0,B02764,8
2014-04-25,Apr,Fri,Weekday,1,B02512,11
2014-04-25,Apr,Fri,Weekday,1,B02598,79
2014-04-25,Apr,Fri,Weekday,1,B02617,31
2014-04-25,Apr,Fri,Weekday,1,B02682,69
2014-04-25,Apr,Fri,Weekday,1,B02764,3
2014-04-25,Apr,Fri,Weekday,2,B02512,7
2014-04-25,Apr,Fri,Weekday,2,B02598,62
2014-04-25,Apr,Fri,Weekday,2,B02617,26
2014-04-25,Apr,Fri,Weekday,2,B02682,42
2014-04-25,Apr,Fri,Weekday,2,B02764,2
2014-04-25,Apr,Fri,Weekday,3,B02512,8
2014-04-25,Apr,Fri,Weekday,3,B02598,72
2014-04-25,Apr,Fri,Weekday,3,B02617,36
2014-04-25,Apr,Fri,Weekday,3,B02682,61
2014-04-25,Apr,Fri,Weekday,4,B02512,10
2014-04-25,Apr,Fri,Weekday,4,B02598,86
2014-04-25,Apr,Fri,Weekday,4,B02617,52
2014-04-25,Apr,Fri,Weekday,4,B02682,87
2014-04-25,Apr,Fri,Weekday,4,B02764,3
2014-04-25,Apr,Fri,Weekday,5,B02512,16
2014-04-25,Apr,Fri,Weekday,5,B02598,128
2014-04-25,Apr,Fri,Weekday,5,B02617,66
2014-04-25,Apr,Fri,Weekday,5,B02682,160
2014-04-25,Apr,Fri,Weekday,5,B02764,2
2014-04-25,Apr,Fri,Weekday,6,B02512,43
2014-04-25,Apr,Fri,Weekday,6,B02598,267
2014-04-25,Apr,Fri,Weekday,6,B02617,161
2014-04-25,Apr,Fri,Weekday,6,B02682,312
2014-04-25,Apr,Fri,Weekday,6,B02764,13
2014-04-25,Apr,Fri,Weekday,7,B02512,67
2014-04-25,Apr,Fri,Weekday,7,B02598,374
2014-04-25,Apr,Fri,Weekday,7,B02617,216
2014-04-25,Apr,Fri,Weekday,7,B02682,383
2014-04-25,Apr,Fri,Weekday,7,B02764,14
2014-04-25,Apr,Fri,Weekday,8,B02512,41
2014-04-25,Apr,Fri,Weekday,8,B02598,321
2014-04-25,Apr,Fri,Weekday,8,B02617,188
2014-04-25,Apr,Fri,Weekday,8,B02682,379
2014-04-25,Apr,Fri,Weekday,8,B02764,8
2014-04-25,Apr,Fri,Weekday,9,B02512,44
2014-04-25,Apr,Fri,Weekday,9,B02598,229
2014-04-25,Apr,Fri,Weekday,9,B02617,147
2014-04-25,Apr,Fri,Weekday,9,B02682,291
2014-04-25,Apr,Fri,Weekday,9,B02764,6
2014-04-25,Apr,Fri,Weekday,10,B02512,38
2014-04-25,Apr,Fri,Weekday,10,B02598,220
2014-04-25,Apr,Fri,Weekday,10,B02617,135
2014-04-25,Apr,Fri,Weekday,10,B02682,251
2014-04-25,Apr,Fri,Weekday,10,B02764,7
2014-04-25,Apr,Fri,Weekday,11,B02512,47
2014-04-25,Apr,Fri,Weekday,11,B02598,249
2014-04-25,Apr,Fri,Weekday,11,B02617,134
2014-04-25,Apr,Fri,Weekday,11,B02682,259
2014-04-25,Apr,Fri,Weekday,11,B02764,10
2014-04-25,Apr,Fri,Weekday,12,B02512,55
2014-04-25,Apr,Fri,Weekday,12,B02598,270
2014-04-25,Apr,Fri,Weekday,12,B02617,157
2014-04-25,Apr,Fri,Weekday,12,B02682,289
2014-04-25,Apr,Fri,Weekday,12,B02764,13
2014-04-25,Apr,Fri,Weekday,13,B02512,69
2014-04-25,Apr,Fri,Weekday,13,B02598,327
2014-04-25,Apr,Fri,Weekday,13,B02617,165
2014-04-25,Apr,Fri,Weekday,13,B02682,320
2014-04-25,Apr,Fri,Weekday,13,B02764,10
2014-04-25,Apr,Fri,Weekday,14,B02512,86
2014-04-25,Apr,Fri,Weekday,14,B02598,420
2014-04-25,Apr,Fri,Weekday,14,B02617,207
2014-04-25,Apr,Fri,Weekday,14,B02682,403
2014-04-25,Apr,Fri,Weekday,14,B02764,11
2014-04-25,Apr,Fri,Weekday,15,B02512,101
2014-04-25,Apr,Fri,Weekday,15,B02598,550
2014-04-25,Apr,Fri,Weekday,15,B02617,225
2014-04-25,Apr,Fri,Weekday,15,B02682,545
2014-04-25,Apr,Fri,Weekday,15,B02764,24
2014-04-25,Apr,Fri,Weekday,16,B02512,110
2014-04-25,Apr,Fri,Weekday,16,B02598,645
2014-04-25,Apr,Fri,Weekday,16,B02617,303
2014-04-25,Apr,Fri,Weekday,16,B02682,604
2014-04-25,Apr,Fri,Weekday,16,B02764,24
2014-04-25,Apr,Fri,Weekday,17,B02512,87
2014-04-25,Apr,Fri,Weekday,17,B02598,659
2014-04-25,Apr,Fri,Weekday,17,B02617,314
2014-04-25,Apr,Fri,Weekday,17,B02682,659
2014-04-25,Apr,Fri,Weekday,17,B02764,35
2014-04-25,Apr,Fri,Weekday,18,B02512,109
2014-04-25,Apr,Fri,Weekday,18,B02598,724
2014-04-25,Apr,Fri,Weekday,18,B02617,330
2014-04-25,Apr,Fri,Weekday,18,B02682,756
2014-04-25,Apr,Fri,Weekday,18,B02764,28
2014-04-25,Apr,Fri,Weekday,19,B02512,81
2014-04-25,Apr,Fri,Weekday,19,B02598,608
2014-04-25,Apr,Fri,Weekday,19,B02617,266
2014-04-25,Apr,Fri,Weekday,19,B02682,630
2014-04-25,Apr,Fri,Weekday,19,B02764,25
2014-04-25,Apr,Fri,Weekday,20,B02512,81
2014-04-25,Apr,Fri,Weekday,20,B02598,529
2014-04-25,Apr,Fri,Weekday,20,B02617,268
2014-04-25,Apr,Fri,Weekday,20,B02682,565
2014-04-25,Apr,Fri,Weekday,20,B02764,23
2014-04-25,Apr,Fri,Weekday,21,B02512,103
2014-04-25,Apr,Fri,Weekday,21,B02598,807
2014-04-25,Apr,Fri,Weekday,21,B02617,335
2014-04-25,Apr,Fri,Weekday,21,B02682,734
2014-04-25,Apr,Fri,Weekday,21,B02764,28
2014-04-25,Apr,Fri,Weekday,22,B02512,101
2014-04-25,Apr,Fri,Weekday,22,B02598,849
2014-04-25,Apr,Fri,Weekday,22,B02617,346
2014-04-25,Apr,Fri,Weekday,22,B02682,816
2014-04-25,Apr,Fri,Weekday,22,B02764,29
2014-04-25,Apr,Fri,Weekday,23,B02512,76
2014-04-25,Apr,Fri,Weekday,23,B02598,738
2014-04-25,Apr,Fri,Weekday,23,B02617,336
2014-04-25,Apr,Fri,Weekday,23,B02682,728
2014-04-25,Apr,Fri,Weekday,23,B02764,36
2014-04-26,Apr,Sat,Weekend,0,B02512,32
2014-04-26,Apr,Sat,Weekend,0,B02598,427
2014-04-26,Apr,Sat,Weekend,0,B02617,143
2014-04-26,Apr,Sat,Weekend,0,B02682,395
2014-04-26,Apr,Sat,Weekend,0,B02764,6
2014-04-26,Apr,Sat,Weekend,1,B02512,40
2014-04-26,Apr,Sat,Weekend,1,B02598,455
2014-04-26,Apr,Sat,Weekend,1,B02617,175
2014-04-26,Apr,Sat,Weekend,1,B02682,468
2014-04-26,Apr,Sat,Weekend,1,B02764,24
2014-04-26,Apr,Sat,Weekend,2,B02512,32
2014-04-26,Apr,Sat,Weekend,2,B02598,319
2014-04-26,Apr,Sat,Weekend,2,B02617,126
2014-04-26,Apr,Sat,Weekend,2,B02682,297
2014-04-26,Apr,Sat,Weekend,2,B02764,15
2014-04-26,Apr,Sat,Weekend,3,B02512,17
2014-04-26,Apr,Sat,Weekend,3,B02598,160
2014-04-26,Apr,Sat,Weekend,3,B02617,67
2014-04-26,Apr,Sat,Weekend,3,B02682,176
2014-04-26,Apr,Sat,Weekend,3,B02764,11
2014-04-26,Apr,Sat,Weekend,4,B02512,10
2014-04-26,Apr,Sat,Weekend,4,B02598,95
2014-04-26,Apr,Sat,Weekend,4,B02617,36
2014-04-26,Apr,Sat,Weekend,4,B02682,98
2014-04-26,Apr,Sat,Weekend,4,B02764,4
2014-04-26,Apr,Sat,Weekend,5,B02512,5
2014-04-26,Apr,Sat,Weekend,5,B02598,79
2014-04-26,Apr,Sat,Weekend,5,B02617,27
2014-04-26,Apr,Sat,Weekend,5,B02682,90
2014-04-26,Apr,Sat,Weekend,5,B02764,2
2014-04-26,Apr,Sat,Weekend,6,B02512,15
2014-04-26,Apr,Sat,Weekend,6,B02598,93
2014-04-26,Apr,Sat,Weekend,6,B02617,53
2014-04-26,Apr,Sat,Weekend,6,B02682,95
2014-04-26,Apr,Sat,Weekend,6,B02764,6
2014-04-26,Apr,Sat,Weekend,7,B02512,17
2014-04-26,Apr,Sat,Weekend,7,B02598,133
2014-04-26,Apr,Sat,Weekend,7,B02617,60
2014-04-26,Apr,Sat,Weekend,7,B02682,133
2014-04-26,Apr,Sat,Weekend,7,B02764,12
2014-04-26,Apr,Sat,Weekend,8,B02512,20
2014-04-26,Apr,Sat,Weekend,8,B02598,126
2014-04-26,Apr,Sat,Weekend,8,B02617,67
2014-04-26,Apr,Sat,Weekend,8,B02682,177
2014-04-26,Apr,Sat,Weekend,8,B02764,8
2014-04-26,Apr,Sat,Weekend,9,B02512,27
2014-04-26,Apr,Sat,Weekend,9,B02598,179
2014-04-26,Apr,Sat,Weekend,9,B02617,96
2014-04-26,Apr,Sat,Weekend,9,B02682,208
2014-04-26,Apr,Sat,Weekend,9,B02764,9
2014-04-26,Apr,Sat,Weekend,10,B02512,42
2014-04-26,Apr,Sat,Weekend,10,B02598,192
2014-04-26,Apr,Sat,Weekend,10,B02617,126
2014-04-26,Apr,Sat,Weekend,10,B02682,209
2014-04-26,Apr,Sat,Weekend,10,B02764,9
2014-04-26,Apr,Sat,Weekend,11,B02512,45
2014-04-26,Apr,Sat,Weekend,11,B02598,226
2014-04-26,Apr,Sat,Weekend,11,B02617,123
2014-04-26,Apr,Sat,Weekend,11,B02682,274
2014-04-26,Apr,Sat,Weekend,11,B02764,19
2014-04-26,Apr,Sat,Weekend,12,B02512,45
2014-04-26,Apr,Sat,Weekend,12,B02598,257
2014-04-26,Apr,Sat,Weekend,12,B02617,129
2014-04-26,Apr,Sat,Weekend,12,B02682,244
2014-04-26,Apr,Sat,Weekend,12,B02764,14
2014-04-26,Apr,Sat,Weekend,13,B02512,52
2014-04-26,Apr,Sat,Weekend,13,B02598,312
2014-04-26,Apr,Sat,Weekend,13,B02617,125
2014-04-26,Apr,Sat,Weekend,13,B02682,289
2014-04-26,Apr,Sat,Weekend,13,B02764,16
2014-04-26,Apr,Sat,Weekend,14,B02512,65
2014-04-26,Apr,Sat,Weekend,14,B02598,330
2014-04-26,Apr,Sat,Weekend,14,B02617,167
2014-04-26,Apr,Sat,Weekend,14,B02682,361
2014-04-26,Apr,Sat,Weekend,14,B02764,23
2014-04-26,Apr,Sat,Weekend,15,B02512,97
2014-04-26,Apr,Sat,Weekend,15,B02598,498
2014-04-26,Apr,Sat,Weekend,15,B02617,229
2014-04-26,Apr,Sat,Weekend,15,B02682,528
2014-04-26,Apr,Sat,Weekend,15,B02764,32
2014-04-26,Apr,Sat,Weekend,16,B02512,96
2014-04-26,Apr,Sat,Weekend,16,B02598,672
2014-04-26,Apr,Sat,Weekend,16,B02617,307
2014-04-26,Apr,Sat,Weekend,16,B02682,685
2014-04-26,Apr,Sat,Weekend,16,B02764,31
2014-04-26,Apr,Sat,Weekend,17,B02512,117
2014-04-26,Apr,Sat,Weekend,17,B02598,730
2014-04-26,Apr,Sat,Weekend,17,B02617,328
2014-04-26,Apr,Sat,Weekend,17,B02682,697
2014-04-26,Apr,Sat,Weekend,17,B02764,32
2014-04-26,Apr,Sat,Weekend,18,B02512,120
2014-04-26,Apr,Sat,Weekend,18,B02598,733
2014-04-26,Apr,Sat,Weekend,18,B02617,306
2014-04-26,Apr,Sat,Weekend,18,B02682,744
2014-04-26,Apr,Sat,Weekend,18,B02764,34
2014-04-26,Apr,Sat,Weekend,19,B02512,103
2014-04-26,Apr,Sat,Weekend,19,B02598,687
2014-04-26,Apr,Sat,Weekend,19,B02617,310
2014-04-26,Apr,Sat,Weekend,19,B02682,684
2014-04-26,Apr,Sat,Weekend,19,B02764,30
2014-04-26,Apr,Sat,Weekend,20,B02512,104
2014-04-26,Apr,Sat,Weekend,20,B02598,615
2014-04-26,Apr,Sat,Weekend,20,B02617,247
2014-04-26,Apr,Sat,Weekend,20,B02682,566
2014-04-26,Apr,Sat,Weekend,20,B02764,21
2014-04-26,Apr,Sat,Weekend,21,B02512,112
2014-04-26,Apr,Sat,Weekend,21,B02598,743
2014-04-26,Apr,Sat,Weekend,21,B02617,321
2014-04-26,Apr,Sat,Weekend,21,B02682,661
2014-04-26,Apr,Sat,Weekend,21,B02764,28
2014-04-26,Apr,Sat,Weekend,22,B02512,108
2014-04-26,Apr,Sat,Weekend,22,B02598,750
2014-04-26,Apr,Sat,Weekend,22,B02617,324
2014-04-26,Apr,Sat,Weekend,22,B02682,695
2014-04-26,Apr,Sat,Weekend,22,B02764,33
2014-04-26,Apr,Sat,Weekend,23,B02512,97
2014-04-26,Apr,Sat,Weekend,23,B02598,657
2014-04-26,Apr,Sat,Weekend,23,B02617,292
2014-04-26,Apr,Sat,Weekend,23,B02682,636
2014-04-26,Apr,Sat,Weekend,23,B02764,26
2014-04-27,Apr,Sun,Weekend,0,B02512,66
2014-04-27,Apr,Sun,Weekend,0,B02598,571
2014-04-27,Apr,Sun,Weekend,0,B02617,218
2014-04-27,Apr,Sun,Weekend,0,B02682,499
2014-04-27,Apr,Sun,Weekend,0,B02764,29
2014-04-27,Apr,Sun,Weekend,1,B02512,28
2014-04-27,Apr,Sun,Weekend,1,B02598,378
2014-04-27,Apr,Sun,Weekend,1,B02617,152
2014-04-27,Apr,Sun,Weekend,1,B02682,321
2014-04-27,Apr,Sun,Weekend,1,B02764,14
2014-04-27,Apr,Sun,Weekend,2,B02512,20
2014-04-27,Apr,Sun,Weekend,2,B02598,181
2014-04-27,Apr,Sun,Weekend,2,B02617,89
2014-04-27,Apr,Sun,Weekend,2,B02682,178
2014-04-27,Apr,Sun,Weekend,2,B02764,9
2014-04-27,Apr,Sun,Weekend,3,B02512,9
2014-04-27,Apr,Sun,Weekend,3,B02598,116
2014-04-27,Apr,Sun,Weekend,3,B02617,62
2014-04-27,Apr,Sun,Weekend,3,B02682,101
2014-04-27,Apr,Sun,Weekend,3,B02764,4
2014-04-27,Apr,Sun,Weekend,4,B02512,5
2014-04-27,Apr,Sun,Weekend,4,B02598,77
2014-04-27,Apr,Sun,Weekend,4,B02617,33
2014-04-27,Apr,Sun,Weekend,4,B02682,62
2014-04-27,Apr,Sun,Weekend,4,B02764,3
2014-04-27,Apr,Sun,Weekend,5,B02512,6
2014-04-27,Apr,Sun,Weekend,5,B02598,68
2014-04-27,Apr,Sun,Weekend,5,B02617,30
2014-04-27,Apr,Sun,Weekend,5,B02682,63
2014-04-27,Apr,Sun,Weekend,5,B02764,1
2014-04-27,Apr,Sun,Weekend,6,B02512,12
2014-04-27,Apr,Sun,Weekend,6,B02598,70
2014-04-27,Apr,Sun,Weekend,6,B02617,29
2014-04-27,Apr,Sun,Weekend,6,B02682,77
2014-04-27,Apr,Sun,Weekend,6,B02764,2
2014-04-27,Apr,Sun,Weekend,7,B02512,24
2014-04-27,Apr,Sun,Weekend,7,B02598,88
2014-04-27,Apr,Sun,Weekend,7,B02617,38
2014-04-27,Apr,Sun,Weekend,7,B02682,93
2014-04-27,Apr,Sun,Weekend,7,B02764,4
2014-04-27,Apr,Sun,Weekend,8,B02512,24
2014-04-27,Apr,Sun,Weekend,8,B02598,103
2014-04-27,Apr,Sun,Weekend,8,B02617,65
2014-04-27,Apr,Sun,Weekend,8,B02682,136
2014-04-27,Apr,Sun,Weekend,8,B02764,7
2014-04-27,Apr,Sun,Weekend,9,B02512,41
2014-04-27,Apr,Sun,Weekend,9,B02598,151
2014-04-27,Apr,Sun,Weekend,9,B02617,88
2014-04-27,Apr,Sun,Weekend,9,B02682,175
2014-04-27,Apr,Sun,Weekend,9,B02764,4
2014-04-27,Apr,Sun,Weekend,10,B02512,47
2014-04-27,Apr,Sun,Weekend,10,B02598,190
2014-04-27,Apr,Sun,Weekend,10,B02617,105
2014-04-27,Apr,Sun,Weekend,10,B02682,217
2014-04-27,Apr,Sun,Weekend,10,B02764,9
2014-04-27,Apr,Sun,Weekend,11,B02512,47
2014-04-27,Apr,Sun,Weekend,11,B02598,237
2014-04-27,Apr,Sun,Weekend,11,B02617,117
2014-04-27,Apr,Sun,Weekend,11,B02682,227
2014-04-27,Apr,Sun,Weekend,11,B02764,9
2014-04-27,Apr,Sun,Weekend,12,B02512,47
2014-04-27,Apr,Sun,Weekend,12,B02598,258
2014-04-27,Apr,Sun,Weekend,12,B02617,133
2014-04-27,Apr,Sun,Weekend,12,B02682,239
2014-04-27,Apr,Sun,Weekend,12,B02764,8
2014-04-27,Apr,Sun,Weekend,13,B02512,43
2014-04-27,Apr,Sun,Weekend,13,B02598,303
2014-04-27,Apr,Sun,Weekend,13,B02617,153
2014-04-27,Apr,Sun,Weekend,13,B02682,279
2014-04-27,Apr,Sun,Weekend,13,B02764,14
2014-04-27,Apr,Sun,Weekend,14,B02512,58
2014-04-27,Apr,Sun,Weekend,14,B02598,324
2014-04-27,Apr,Sun,Weekend,14,B02617,158
2014-04-27,Apr,Sun,Weekend,14,B02682,340
2014-04-27,Apr,Sun,Weekend,14,B02764,12
2014-04-27,Apr,Sun,Weekend,15,B02512,64
2014-04-27,Apr,Sun,Weekend,15,B02598,398
2014-04-27,Apr,Sun,Weekend,15,B02617,188
2014-04-27,Apr,Sun,Weekend,15,B02682,348
2014-04-27,Apr,Sun,Weekend,15,B02764,16
2014-04-27,Apr,Sun,Weekend,16,B02512,67
2014-04-27,Apr,Sun,Weekend,16,B02598,405
2014-04-27,Apr,Sun,Weekend,16,B02617,211
2014-04-27,Apr,Sun,Weekend,16,B02682,368
2014-04-27,Apr,Sun,Weekend,16,B02764,19
2014-04-27,Apr,Sun,Weekend,17,B02512,55
2014-04-27,Apr,Sun,Weekend,17,B02598,387
2014-04-27,Apr,Sun,Weekend,17,B02617,179
2014-04-27,Apr,Sun,Weekend,17,B02682,322
2014-04-27,Apr,Sun,Weekend,17,B02764,19
2014-04-27,Apr,Sun,Weekend,18,B02512,43
2014-04-27,Apr,Sun,Weekend,18,B02598,270
2014-04-27,Apr,Sun,Weekend,18,B02617,132
2014-04-27,Apr,Sun,Weekend,18,B02682,262
2014-04-27,Apr,Sun,Weekend,18,B02764,10
2014-04-27,Apr,Sun,Weekend,19,B02512,44
2014-04-27,Apr,Sun,Weekend,19,B02598,258
2014-04-27,Apr,Sun,Weekend,19,B02617,121
2014-04-27,Apr,Sun,Weekend,19,B02682,255
2014-04-27,Apr,Sun,Weekend,19,B02764,10
2014-04-27,Apr,Sun,Weekend,20,B02512,27
2014-04-27,Apr,Sun,Weekend,20,B02598,251
2014-04-27,Apr,Sun,Weekend,20,B02617,108
2014-04-27,Apr,Sun,Weekend,20,B02682,244
2014-04-27,Apr,Sun,Weekend,20,B02764,9
2014-04-27,Apr,Sun,Weekend,21,B02512,38
2014-04-27,Apr,Sun,Weekend,21,B02598,232
2014-04-27,Apr,Sun,Weekend,21,B02617,112
2014-04-27,Apr,Sun,Weekend,21,B02682,235
2014-04-27,Apr,Sun,Weekend,21,B02764,12
2014-04-27,Apr,Sun,Weekend,22,B02512,17
2014-04-27,Apr,Sun,Weekend,22,B02598,167
2014-04-27,Apr,Sun,Weekend,22,B02617,88
2014-04-27,Apr,Sun,Weekend,22,B02682,177
2014-04-27,Apr,Sun,Weekend,22,B02764,11
2014-04-27,Apr,Sun,Weekend,23,B02512,16
2014-04-27,Apr,Sun,Weekend,23,B02598,112
2014-04-27,Apr,Sun,Weekend,23,B02617,51
2014-04-27,Apr,Sun,Weekend,23,B02682,117
2014-04-27,Apr,Sun,Weekend,23,B02764,4
2014-04-28,Apr,Mon,Weekday,0,B02512,11
2014-04-28,Apr,Mon,Weekday,0,B02598,63
2014-04-28,Apr,Mon,Weekday,0,B02617,33
2014-04-28,Apr,Mon,Weekday,0,B02682,76
2014-04-28,Apr,Mon,Weekday,0,B02764,1
2014-04-28,Apr,Mon,Weekday,1,B02512,1
2014-04-28,Apr,Mon,Weekday,1,B02598,33
2014-04-28,Apr,Mon,Weekday,1,B02617,16
2014-04-28,Apr,Mon,Weekday,1,B02682,33
2014-04-28,Apr,Mon,Weekday,1,B02764,1
2014-04-28,Apr,Mon,Weekday,2,B02512,4
2014-04-28,Apr,Mon,Weekday,2,B02598,33
2014-04-28,Apr,Mon,Weekday,2,B02617,13
2014-04-28,Apr,Mon,Weekday,2,B02682,26
2014-04-28,Apr,Mon,Weekday,2,B02764,2
2014-04-28,Apr,Mon,Weekday,3,B02512,5
2014-04-28,Apr,Mon,Weekday,3,B02598,48
2014-04-28,Apr,Mon,Weekday,3,B02617,35
2014-04-28,Apr,Mon,Weekday,3,B02682,74
2014-04-28,Apr,Mon,Weekday,3,B02764,2
2014-04-28,Apr,Mon,Weekday,4,B02512,14
2014-04-28,Apr,Mon,Weekday,4,B02598,99
2014-04-28,Apr,Mon,Weekday,4,B02617,49
2014-04-28,Apr,Mon,Weekday,4,B02682,111
2014-04-28,Apr,Mon,Weekday,4,B02764,2
2014-04-28,Apr,Mon,Weekday,5,B02512,28
2014-04-28,Apr,Mon,Weekday,5,B02598,143
2014-04-28,Apr,Mon,Weekday,5,B02617,85
2014-04-28,Apr,Mon,Weekday,5,B02682,194
2014-04-28,Apr,Mon,Weekday,5,B02764,5
2014-04-28,Apr,Mon,Weekday,6,B02512,58
2014-04-28,Apr,Mon,Weekday,6,B02598,271
2014-04-28,Apr,Mon,Weekday,6,B02617,117
2014-04-28,Apr,Mon,Weekday,6,B02682,319
2014-04-28,Apr,Mon,Weekday,6,B02764,11
2014-04-28,Apr,Mon,Weekday,7,B02512,67
2014-04-28,Apr,Mon,Weekday,7,B02598,326
2014-04-28,Apr,Mon,Weekday,7,B02617,188
2014-04-28,Apr,Mon,Weekday,7,B02682,413
2014-04-28,Apr,Mon,Weekday,7,B02764,11
2014-04-28,Apr,Mon,Weekday,8,B02512,50
2014-04-28,Apr,Mon,Weekday,8,B02598,311
2014-04-28,Apr,Mon,Weekday,8,B02617,163
2014-04-28,Apr,Mon,Weekday,8,B02682,325
2014-04-28,Apr,Mon,Weekday,8,B02764,12
2014-04-28,Apr,Mon,Weekday,9,B02512,36
2014-04-28,Apr,Mon,Weekday,9,B02598,209
2014-04-28,Apr,Mon,Weekday,9,B02617,125
2014-04-28,Apr,Mon,Weekday,9,B02682,236
2014-04-28,Apr,Mon,Weekday,9,B02764,7
2014-04-28,Apr,Mon,Weekday,10,B02512,33
2014-04-28,Apr,Mon,Weekday,10,B02598,215
2014-04-28,Apr,Mon,Weekday,10,B02617,115
2014-04-28,Apr,Mon,Weekday,10,B02682,193
2014-04-28,Apr,Mon,Weekday,10,B02764,5
2014-04-28,Apr,Mon,Weekday,11,B02512,36
2014-04-28,Apr,Mon,Weekday,11,B02598,209
2014-04-28,Apr,Mon,Weekday,11,B02617,97
2014-04-28,Apr,Mon,Weekday,11,B02682,184
2014-04-28,Apr,Mon,Weekday,11,B02764,14
2014-04-28,Apr,Mon,Weekday,12,B02512,36
2014-04-28,Apr,Mon,Weekday,12,B02598,195
2014-04-28,Apr,Mon,Weekday,12,B02617,103
2014-04-28,Apr,Mon,Weekday,12,B02682,200
2014-04-28,Apr,Mon,Weekday,12,B02764,11
2014-04-28,Apr,Mon,Weekday,13,B02512,47
2014-04-28,Apr,Mon,Weekday,13,B02598,246
2014-04-28,Apr,Mon,Weekday,13,B02617,110
2014-04-28,Apr,Mon,Weekday,13,B02682,223
2014-04-28,Apr,Mon,Weekday,13,B02764,9
2014-04-28,Apr,Mon,Weekday,14,B02512,57
2014-04-28,Apr,Mon,Weekday,14,B02598,347
2014-04-28,Apr,Mon,Weekday,14,B02617,134
2014-04-28,Apr,Mon,Weekday,14,B02682,265
2014-04-28,Apr,Mon,Weekday,14,B02764,13
2014-04-28,Apr,Mon,Weekday,15,B02512,58
2014-04-28,Apr,Mon,Weekday,15,B02598,367
2014-04-28,Apr,Mon,Weekday,15,B02617,162
2014-04-28,Apr,Mon,Weekday,15,B02682,377
2014-04-28,Apr,Mon,Weekday,15,B02764,13
2014-04-28,Apr,Mon,Weekday,16,B02512,75
2014-04-28,Apr,Mon,Weekday,16,B02598,449
2014-04-28,Apr,Mon,Weekday,16,B02617,200
2014-04-28,Apr,Mon,Weekday,16,B02682,419
2014-04-28,Apr,Mon,Weekday,16,B02764,20
2014-04-28,Apr,Mon,Weekday,17,B02512,84
2014-04-28,Apr,Mon,Weekday,17,B02598,528
2014-04-28,Apr,Mon,Weekday,17,B02617,231
2014-04-28,Apr,Mon,Weekday,17,B02682,489
2014-04-28,Apr,Mon,Weekday,17,B02764,23
2014-04-28,Apr,Mon,Weekday,18,B02512,70
2014-04-28,Apr,Mon,Weekday,18,B02598,392
2014-04-28,Apr,Mon,Weekday,18,B02617,161
2014-04-28,Apr,Mon,Weekday,18,B02682,359
2014-04-28,Apr,Mon,Weekday,18,B02764,14
2014-04-28,Apr,Mon,Weekday,19,B02512,59
2014-04-28,Apr,Mon,Weekday,19,B02598,337
2014-04-28,Apr,Mon,Weekday,19,B02617,154
2014-04-28,Apr,Mon,Weekday,19,B02682,305
2014-04-28,Apr,Mon,Weekday,19,B02764,17
2014-04-28,Apr,Mon,Weekday,20,B02512,68
2014-04-28,Apr,Mon,Weekday,20,B02598,355
2014-04-28,Apr,Mon,Weekday,20,B02617,166
2014-04-28,Apr,Mon,Weekday,20,B02682,378
2014-04-28,Apr,Mon,Weekday,20,B02764,19
2014-04-28,Apr,Mon,Weekday,21,B02512,40
2014-04-28,Apr,Mon,Weekday,21,B02598,281
2014-04-28,Apr,Mon,Weekday,21,B02617,137
2014-04-28,Apr,Mon,Weekday,21,B02682,315
2014-04-28,Apr,Mon,Weekday,21,B02764,12
2014-04-28,Apr,Mon,Weekday,22,B02512,19
2014-04-28,Apr,Mon,Weekday,22,B02598,179
2014-04-28,Apr,Mon,Weekday,22,B02617,74
2014-04-28,Apr,Mon,Weekday,22,B02682,159
2014-04-28,Apr,Mon,Weekday,22,B02764,13
2014-04-28,Apr,Mon,Weekday,23,B02512,15
2014-04-28,Apr,Mon,Weekday,23,B02598,117
2014-04-28,Apr,Mon,Weekday,23,B02617,46
2014-04-28,Apr,Mon,Weekday,23,B02682,118
2014-04-28,Apr,Mon,Weekday,23,B02764,9
2014-04-29,Apr,Tue,Weekday,0,B02512,6
2014-04-29,Apr,Tue,Weekday,0,B02598,59
2014-04-29,Apr,Tue,Weekday,0,B02617,21
2014-04-29,Apr,Tue,Weekday,0,B02682,61
2014-04-29,Apr,Tue,Weekday,0,B02764,6
2014-04-29,Apr,Tue,Weekday,1,B02512,5
2014-04-29,Apr,Tue,Weekday,1,B02598,34
2014-04-29,Apr,Tue,Weekday,1,B02617,15
2014-04-29,Apr,Tue,Weekday,1,B02682,41
2014-04-29,Apr,Tue,Weekday,1,B02764,1
2014-04-29,Apr,Tue,Weekday,2,B02512,3
2014-04-29,Apr,Tue,Weekday,2,B02598,23
2014-04-29,Apr,Tue,Weekday,2,B02617,10
2014-04-29,Apr,Tue,Weekday,2,B02682,30
2014-04-29,Apr,Tue,Weekday,3,B02512,7
2014-04-29,Apr,Tue,Weekday,3,B02598,48
2014-04-29,Apr,Tue,Weekday,3,B02617,14
2014-04-29,Apr,Tue,Weekday,3,B02682,39
2014-04-29,Apr,Tue,Weekday,3,B02764,4
2014-04-29,Apr,Tue,Weekday,4,B02512,9
2014-04-29,Apr,Tue,Weekday,4,B02598,69
2014-04-29,Apr,Tue,Weekday,4,B02617,38
2014-04-29,Apr,Tue,Weekday,4,B02682,71
2014-04-29,Apr,Tue,Weekday,4,B02764,2
2014-04-29,Apr,Tue,Weekday,5,B02512,18
2014-04-29,Apr,Tue,Weekday,5,B02598,134
2014-04-29,Apr,Tue,Weekday,5,B02617,69
2014-04-29,Apr,Tue,Weekday,5,B02682,146
2014-04-29,Apr,Tue,Weekday,5,B02764,3
2014-04-29,Apr,Tue,Weekday,6,B02512,54
2014-04-29,Apr,Tue,Weekday,6,B02598,318
2014-04-29,Apr,Tue,Weekday,6,B02617,171
2014-04-29,Apr,Tue,Weekday,6,B02682,328
2014-04-29,Apr,Tue,Weekday,6,B02764,1
2014-04-29,Apr,Tue,Weekday,7,B02512,73
2014-04-29,Apr,Tue,Weekday,7,B02598,426
2014-04-29,Apr,Tue,Weekday,7,B02617,247
2014-04-29,Apr,Tue,Weekday,7,B02682,448
2014-04-29,Apr,Tue,Weekday,7,B02764,13
2014-04-29,Apr,Tue,Weekday,8,B02512,66
2014-04-29,Apr,Tue,Weekday,8,B02598,359
2014-04-29,Apr,Tue,Weekday,8,B02617,205
2014-04-29,Apr,Tue,Weekday,8,B02682,378
2014-04-29,Apr,Tue,Weekday,8,B02764,14
2014-04-29,Apr,Tue,Weekday,9,B02512,41
2014-04-29,Apr,Tue,Weekday,9,B02598,244
2014-04-29,Apr,Tue,Weekday,9,B02617,108
2014-04-29,Apr,Tue,Weekday,9,B02682,249
2014-04-29,Apr,Tue,Weekday,9,B02764,8
2014-04-29,Apr,Tue,Weekday,10,B02512,47
2014-04-29,Apr,Tue,Weekday,10,B02598,226
2014-04-29,Apr,Tue,Weekday,10,B02617,124
2014-04-29,Apr,Tue,Weekday,10,B02682,230
2014-04-29,Apr,Tue,Weekday,10,B02764,12
2014-04-29,Apr,Tue,Weekday,11,B02512,42
2014-04-29,Apr,Tue,Weekday,11,B02598,237
2014-04-29,Apr,Tue,Weekday,11,B02617,106
2014-04-29,Apr,Tue,Weekday,11,B02682,195
2014-04-29,Apr,Tue,Weekday,11,B02764,11
2014-04-29,Apr,Tue,Weekday,12,B02512,42
2014-04-29,Apr,Tue,Weekday,12,B02598,240
2014-04-29,Apr,Tue,Weekday,12,B02617,116
2014-04-29,Apr,Tue,Weekday,12,B02682,232
2014-04-29,Apr,Tue,Weekday,12,B02764,9
2014-04-29,Apr,Tue,Weekday,13,B02512,74
2014-04-29,Apr,Tue,Weekday,13,B02598,370
2014-04-29,Apr,Tue,Weekday,13,B02617,155
2014-04-29,Apr,Tue,Weekday,13,B02682,355
2014-04-29,Apr,Tue,Weekday,13,B02764,16
2014-04-29,Apr,Tue,Weekday,14,B02512,94
2014-04-29,Apr,Tue,Weekday,14,B02598,522
2014-04-29,Apr,Tue,Weekday,14,B02617,214
2014-04-29,Apr,Tue,Weekday,14,B02682,471
2014-04-29,Apr,Tue,Weekday,14,B02764,21
2014-04-29,Apr,Tue,Weekday,15,B02512,107
2014-04-29,Apr,Tue,Weekday,15,B02598,640
2014-04-29,Apr,Tue,Weekday,15,B02617,300
2014-04-29,Apr,Tue,Weekday,15,B02682,611
2014-04-29,Apr,Tue,Weekday,15,B02764,35
2014-04-29,Apr,Tue,Weekday,16,B02512,127
2014-04-29,Apr,Tue,Weekday,16,B02598,726
2014-04-29,Apr,Tue,Weekday,16,B02617,353
2014-04-29,Apr,Tue,Weekday,16,B02682,713
2014-04-29,Apr,Tue,Weekday,16,B02764,35
2014-04-29,Apr,Tue,Weekday,17,B02512,159
2014-04-29,Apr,Tue,Weekday,17,B02598,822
2014-04-29,Apr,Tue,Weekday,17,B02617,405
2014-04-29,Apr,Tue,Weekday,17,B02682,840
2014-04-29,Apr,Tue,Weekday,17,B02764,44
2014-04-29,Apr,Tue,Weekday,18,B02512,124
2014-04-29,Apr,Tue,Weekday,18,B02598,739
2014-04-29,Apr,Tue,Weekday,18,B02617,325
2014-04-29,Apr,Tue,Weekday,18,B02682,640
2014-04-29,Apr,Tue,Weekday,18,B02764,33
2014-04-29,Apr,Tue,Weekday,19,B02512,97
2014-04-29,Apr,Tue,Weekday,19,B02598,646
2014-04-29,Apr,Tue,Weekday,19,B02617,303
2014-04-29,Apr,Tue,Weekday,19,B02682,581
2014-04-29,Apr,Tue,Weekday,19,B02764,27
2014-04-29,Apr,Tue,Weekday,20,B02512,114
2014-04-29,Apr,Tue,Weekday,20,B02598,615
2014-04-29,Apr,Tue,Weekday,20,B02617,307
2014-04-29,Apr,Tue,Weekday,20,B02682,600
2014-04-29,Apr,Tue,Weekday,20,B02764,30
2014-04-29,Apr,Tue,Weekday,21,B02512,95
2014-04-29,Apr,Tue,Weekday,21,B02598,557
2014-04-29,Apr,Tue,Weekday,21,B02617,271
2014-04-29,Apr,Tue,Weekday,21,B02682,616
2014-04-29,Apr,Tue,Weekday,21,B02764,36
2014-04-29,Apr,Tue,Weekday,22,B02512,50
2014-04-29,Apr,Tue,Weekday,22,B02598,291
2014-04-29,Apr,Tue,Weekday,22,B02617,138
2014-04-29,Apr,Tue,Weekday,22,B02682,311
2014-04-29,Apr,Tue,Weekday,22,B02764,18
2014-04-29,Apr,Tue,Weekday,23,B02512,33
2014-04-29,Apr,Tue,Weekday,23,B02598,170
2014-04-29,Apr,Tue,Weekday,23,B02617,84
2014-04-29,Apr,Tue,Weekday,23,B02682,162
2014-04-29,Apr,Tue,Weekday,23,B02764,7
2014-04-30,Apr,Wed,Weekday,0,B02512,12
2014-04-30,Apr,Wed,Weekday,0,B02598,89
2014-04-30,Apr,Wed,Weekday,0,B02617,33
2014-04-30,Apr,Wed,Weekday,0,B02682,82
2014-04-30,Apr,Wed,Weekday,0,B02764,3
2014-04-30,Apr,Wed,Weekday,1,B02512,5
2014-04-30,Apr,Wed,Weekday,1,B02598,51
2014-04-30,Apr,Wed,Weekday,1,B02617,26
2014-04-30,Apr,Wed,Weekday,1,B02682,47
2014-04-30,Apr,Wed,Weekday,1,B02764,1
2014-04-30,Apr,Wed,Weekday,2,B02512,4
2014-04-30,Apr,Wed,Weekday,2,B02598,41
2014-04-30,Apr,Wed,Weekday,2,B02617,21
2014-04-30,Apr,Wed,Weekday,2,B02682,31
2014-04-30,Apr,Wed,Weekday,2,B02764,3
2014-04-30,Apr,Wed,Weekday,3,B02512,9
2014-04-30,Apr,Wed,Weekday,3,B02598,63
2014-04-30,Apr,Wed,Weekday,3,B02617,26
2014-04-30,Apr,Wed,Weekday,3,B02682,55
2014-04-30,Apr,Wed,Weekday,3,B02764,1
2014-04-30,Apr,Wed,Weekday,4,B02512,6
2014-04-30,Apr,Wed,Weekday,4,B02598,92
2014-04-30,Apr,Wed,Weekday,4,B02617,48
2014-04-30,Apr,Wed,Weekday,4,B02682,84
2014-04-30,Apr,Wed,Weekday,4,B02764,3
2014-04-30,Apr,Wed,Weekday,5,B02512,27
2014-04-30,Apr,Wed,Weekday,5,B02598,211
2014-04-30,Apr,Wed,Weekday,5,B02617,127
2014-04-30,Apr,Wed,Weekday,5,B02682,205
2014-04-30,Apr,Wed,Weekday,5,B02764,10
2014-04-30,Apr,Wed,Weekday,6,B02512,80
2014-04-30,Apr,Wed,Weekday,6,B02598,423
2014-04-30,Apr,Wed,Weekday,6,B02617,205
2014-04-30,Apr,Wed,Weekday,6,B02682,408
2014-04-30,Apr,Wed,Weekday,6,B02764,18
2014-04-30,Apr,Wed,Weekday,7,B02512,93
2014-04-30,Apr,Wed,Weekday,7,B02598,529
2014-04-30,Apr,Wed,Weekday,7,B02617,285
2014-04-30,Apr,Wed,Weekday,7,B02682,542
2014-04-30,Apr,Wed,Weekday,7,B02764,23
2014-04-30,Apr,Wed,Weekday,8,B02512,95
2014-04-30,Apr,Wed,Weekday,8,B02598,580
2014-04-30,Apr,Wed,Weekday,8,B02617,315
2014-04-30,Apr,Wed,Weekday,8,B02682,595
2014-04-30,Apr,Wed,Weekday,8,B02764,22
2014-04-30,Apr,Wed,Weekday,9,B02512,81
2014-04-30,Apr,Wed,Weekday,9,B02598,504
2014-04-30,Apr,Wed,Weekday,9,B02617,239
2014-04-30,Apr,Wed,Weekday,9,B02682,510
2014-04-30,Apr,Wed,Weekday,9,B02764,15
2014-04-30,Apr,Wed,Weekday,10,B02512,96
2014-04-30,Apr,Wed,Weekday,10,B02598,521
2014-04-30,Apr,Wed,Weekday,10,B02617,267
2014-04-30,Apr,Wed,Weekday,10,B02682,494
2014-04-30,Apr,Wed,Weekday,10,B02764,24
2014-04-30,Apr,Wed,Weekday,11,B02512,75
2014-04-30,Apr,Wed,Weekday,11,B02598,515
2014-04-30,Apr,Wed,Weekday,11,B02617,258
2014-04-30,Apr,Wed,Weekday,11,B02682,520
2014-04-30,Apr,Wed,Weekday,11,B02764,21
2014-04-30,Apr,Wed,Weekday,12,B02512,104
2014-04-30,Apr,Wed,Weekday,12,B02598,528
2014-04-30,Apr,Wed,Weekday,12,B02617,276
2014-04-30,Apr,Wed,Weekday,12,B02682,560
2014-04-30,Apr,Wed,Weekday,12,B02764,25
2014-04-30,Apr,Wed,Weekday,13,B02512,111
2014-04-30,Apr,Wed,Weekday,13,B02598,636
2014-04-30,Apr,Wed,Weekday,13,B02617,290
2014-04-30,Apr,Wed,Weekday,13,B02682,553
2014-04-30,Apr,Wed,Weekday,13,B02764,30
2014-04-30,Apr,Wed,Weekday,14,B02512,129
2014-04-30,Apr,Wed,Weekday,14,B02598,706
2014-04-30,Apr,Wed,Weekday,14,B02617,338
2014-04-30,Apr,Wed,Weekday,14,B02682,679
2014-04-30,Apr,Wed,Weekday,14,B02764,35
2014-04-30,Apr,Wed,Weekday,15,B02512,153
2014-04-30,Apr,Wed,Weekday,15,B02598,913
2014-04-30,Apr,Wed,Weekday,15,B02617,419
2014-04-30,Apr,Wed,Weekday,15,B02682,878
2014-04-30,Apr,Wed,Weekday,15,B02764,43
2014-04-30,Apr,Wed,Weekday,16,B02512,164
2014-04-30,Apr,Wed,Weekday,16,B02598,983
2014-04-30,Apr,Wed,Weekday,16,B02617,478
2014-04-30,Apr,Wed,Weekday,16,B02682,980
2014-04-30,Apr,Wed,Weekday,16,B02764,51
2014-04-30,Apr,Wed,Weekday,17,B02512,175
2014-04-30,Apr,Wed,Weekday,17,B02598,1034
2014-04-30,Apr,Wed,Weekday,17,B02617,518
2014-04-30,Apr,Wed,Weekday,17,B02682,1026
2014-04-30,Apr,Wed,Weekday,17,B02764,48
2014-04-30,Apr,Wed,Weekday,18,B02512,198
2014-04-30,Apr,Wed,Weekday,18,B02598,1139
2014-04-30,Apr,Wed,Weekday,18,B02617,573
2014-04-30,Apr,Wed,Weekday,18,B02682,1075
2014-04-30,Apr,Wed,Weekday,18,B02764,53
2014-04-30,Apr,Wed,Weekday,19,B02512,160
2014-04-30,Apr,Wed,Weekday,19,B02598,1043
2014-04-30,Apr,Wed,Weekday,19,B02617,538
2014-04-30,Apr,Wed,Weekday,19,B02682,1040
2014-04-30,Apr,Wed,Weekday,19,B02764,53
2014-04-30,Apr,Wed,Weekday,20,B02512,152
2014-04-30,Apr,Wed,Weekday,20,B02598,1027
2014-04-30,Apr,Wed,Weekday,20,B02617,496
2014-04-30,Apr,Wed,Weekday,20,B02682,1039
2014-04-30,Apr,Wed,Weekday,20,B02764,52
2014-04-30,Apr,Wed,Weekday,21,B02512,135
2014-04-30,Apr,Wed,Weekday,21,B02598,842
2014-04-30,Apr,Wed,Weekday,21,B02617,419
2014-04-30,Apr,Wed,Weekday,21,B02682,874
2014-04-30,Apr,Wed,Weekday,21,B02764,38
2014-04-30,Apr,Wed,Weekday,22,B02512,87
2014-04-30,Apr,Wed,Weekday,22,B02598,685
2014-04-30,Apr,Wed,Weekday,22,B02617,308
2014-04-30,Apr,Wed,Weekday,22,B02682,674
2014-04-30,Apr,Wed,Weekday,22,B02764,24
2014-04-30,Apr,Wed,Weekday,23,B02512,35
2014-04-30,Apr,Wed,Weekday,23,B02598,329
2014-04-30,Apr,Wed,Weekday,23,B02617,145
2014-04-30,Apr,Wed,Weekday,23,B02682,376
2014-04-30,Apr,Wed,Weekday,23,B02764,10
2014-05-01,May,Thu,Weekday,0,B02512,14
2014-05-01,May,Thu,Weekday,0,B02598,119
2014-05-01,May,Thu,Weekday,0,B02617,74
2014-05-01,May,Thu,Weekday,0,B02682,132
2014-05-01,May,Thu,Weekday,0,B02764,9
2014-05-01,May,Thu,Weekday,1,B02512,14
2014-05-01,May,Thu,Weekday,1,B02598,62
2014-05-01,May,Thu,Weekday,1,B02617,34
2014-05-01,May,Thu,Weekday,1,B02682,65
2014-05-01,May,Thu,Weekday,1,B02764,4
2014-05-01,May,Thu,Weekday,2,B02512,6
2014-05-01,May,Thu,Weekday,2,B02598,46
2014-05-01,May,Thu,Weekday,2,B02617,19
2014-05-01,May,Thu,Weekday,2,B02682,29
2014-05-01,May,Thu,Weekday,2,B02764,1
2014-05-01,May,Thu,Weekday,3,B02512,12
2014-05-01,May,Thu,Weekday,3,B02598,77
2014-05-01,May,Thu,Weekday,3,B02617,31
2014-05-01,May,Thu,Weekday,3,B02682,50
2014-05-01,May,Thu,Weekday,3,B02764,2
2014-05-01,May,Thu,Weekday,4,B02512,17
2014-05-01,May,Thu,Weekday,4,B02598,91
2014-05-01,May,Thu,Weekday,4,B02617,50
2014-05-01,May,Thu,Weekday,4,B02682,80
2014-05-01,May,Thu,Weekday,4,B02764,3
2014-05-01,May,Thu,Weekday,5,B02512,30
2014-05-01,May,Thu,Weekday,5,B02598,164
2014-05-01,May,Thu,Weekday,5,B02617,75
2014-05-01,May,Thu,Weekday,5,B02682,167
2014-05-01,May,Thu,Weekday,5,B02764,2
2014-05-01,May,Thu,Weekday,6,B02512,42
2014-05-01,May,Thu,Weekday,6,B02598,270
2014-05-01,May,Thu,Weekday,6,B02617,160
2014-05-01,May,Thu,Weekday,6,B02682,337
2014-05-01,May,Thu,Weekday,6,B02764,13
2014-05-01,May,Thu,Weekday,7,B02512,77
2014-05-01,May,Thu,Weekday,7,B02598,440
2014-05-01,May,Thu,Weekday,7,B02617,253
2014-05-01,May,Thu,Weekday,7,B02682,489
2014-05-01,May,Thu,Weekday,7,B02764,15
2014-05-01,May,Thu,Weekday,8,B02512,86
2014-05-01,May,Thu,Weekday,8,B02598,425
2014-05-01,May,Thu,Weekday,8,B02617,236
2014-05-01,May,Thu,Weekday,8,B02682,471
2014-05-01,May,Thu,Weekday,8,B02764,19
2014-05-01,May,Thu,Weekday,9,B02512,51
2014-05-01,May,Thu,Weekday,9,B02598,319
2014-05-01,May,Thu,Weekday,9,B02617,146
2014-05-01,May,Thu,Weekday,9,B02682,327
2014-05-01,May,Thu,Weekday,9,B02764,10
2014-05-01,May,Thu,Weekday,10,B02512,44
2014-05-01,May,Thu,Weekday,10,B02598,288
2014-05-01,May,Thu,Weekday,10,B02617,145
2014-05-01,May,Thu,Weekday,10,B02682,284
2014-05-01,May,Thu,Weekday,10,B02764,10
2014-05-01,May,Thu,Weekday,11,B02512,43
2014-05-01,May,Thu,Weekday,11,B02598,253
2014-05-01,May,Thu,Weekday,11,B02617,123
2014-05-01,May,Thu,Weekday,11,B02682,236
2014-05-01,May,Thu,Weekday,11,B02764,7
2014-05-01,May,Thu,Weekday,12,B02512,44
2014-05-01,May,Thu,Weekday,12,B02598,254
2014-05-01,May,Thu,Weekday,12,B02617,155
2014-05-01,May,Thu,Weekday,12,B02682,254
2014-05-01,May,Thu,Weekday,12,B02764,9
2014-05-01,May,Thu,Weekday,13,B02512,60
2014-05-01,May,Thu,Weekday,13,B02598,307
2014-05-01,May,Thu,Weekday,13,B02617,167
2014-05-01,May,Thu,Weekday,13,B02682,274
2014-05-01,May,Thu,Weekday,13,B02764,12
2014-05-01,May,Thu,Weekday,14,B02512,64
2014-05-01,May,Thu,Weekday,14,B02598,411
2014-05-01,May,Thu,Weekday,14,B02617,207
2014-05-01,May,Thu,Weekday,14,B02682,357
2014-05-01,May,Thu,Weekday,14,B02764,21
2014-05-01,May,Thu,Weekday,15,B02512,97
2014-05-01,May,Thu,Weekday,15,B02598,526
2014-05-01,May,Thu,Weekday,15,B02617,267
2014-05-01,May,Thu,Weekday,15,B02682,430
2014-05-01,May,Thu,Weekday,15,B02764,28
2014-05-01,May,Thu,Weekday,16,B02512,92
2014-05-01,May,Thu,Weekday,16,B02598,619
2014-05-01,May,Thu,Weekday,16,B02617,272
2014-05-01,May,Thu,Weekday,16,B02682,572
2014-05-01,May,Thu,Weekday,16,B02764,29
2014-05-01,May,Thu,Weekday,17,B02512,109
2014-05-01,May,Thu,Weekday,17,B02598,701
2014-05-01,May,Thu,Weekday,17,B02617,318
2014-05-01,May,Thu,Weekday,17,B02682,678
2014-05-01,May,Thu,Weekday,17,B02764,39
2014-05-01,May,Thu,Weekday,18,B02512,90
2014-05-01,May,Thu,Weekday,18,B02598,671
2014-05-01,May,Thu,Weekday,18,B02617,281
2014-05-01,May,Thu,Weekday,18,B02682,631
2014-05-01,May,Thu,Weekday,18,B02764,37
2014-05-01,May,Thu,Weekday,19,B02512,90
2014-05-01,May,Thu,Weekday,19,B02598,617
2014-05-01,May,Thu,Weekday,19,B02617,266
2014-05-01,May,Thu,Weekday,19,B02682,587
2014-05-01,May,Thu,Weekday,19,B02764,24
2014-05-01,May,Thu,Weekday,20,B02512,71
2014-05-01,May,Thu,Weekday,20,B02598,619
2014-05-01,May,Thu,Weekday,20,B02617,265
2014-05-01,May,Thu,Weekday,20,B02682,569
2014-05-01,May,Thu,Weekday,20,B02764,22
2014-05-01,May,Thu,Weekday,21,B02512,116
2014-05-01,May,Thu,Weekday,21,B02598,692
2014-05-01,May,Thu,Weekday,21,B02617,318
2014-05-01,May,Thu,Weekday,21,B02682,724
2014-05-01,May,Thu,Weekday,21,B02764,30
2014-05-01,May,Thu,Weekday,22,B02512,75
2014-05-01,May,Thu,Weekday,22,B02598,561
2014-05-01,May,Thu,Weekday,22,B02617,229
2014-05-01,May,Thu,Weekday,22,B02682,520
2014-05-01,May,Thu,Weekday,22,B02764,18
2014-05-01,May,Thu,Weekday,23,B02512,24
2014-05-01,May,Thu,Weekday,23,B02598,282
2014-05-01,May,Thu,Weekday,23,B02617,145
2014-05-01,May,Thu,Weekday,23,B02682,319
2014-05-01,May,Thu,Weekday,23,B02764,11
2014-05-02,May,Fri,Weekday,0,B02512,24
2014-05-02,May,Fri,Weekday,0,B02598,127
2014-05-02,May,Fri,Weekday,0,B02617,63
2014-05-02,May,Fri,Weekday,0,B02682,141
2014-05-02,May,Fri,Weekday,0,B02764,2
2014-05-02,May,Fri,Weekday,1,B02512,11
2014-05-02,May,Fri,Weekday,1,B02598,87
2014-05-02,May,Fri,Weekday,1,B02617,36
2014-05-02,May,Fri,Weekday,1,B02682,63
2014-05-02,May,Fri,Weekday,1,B02764,2
2014-05-02,May,Fri,Weekday,2,B02512,11
2014-05-02,May,Fri,Weekday,2,B02598,54
2014-05-02,May,Fri,Weekday,2,B02617,20
2014-05-02,May,Fri,Weekday,2,B02682,49
2014-05-02,May,Fri,Weekday,2,B02764,5
2014-05-02,May,Fri,Weekday,3,B02512,11
2014-05-02,May,Fri,Weekday,3,B02598,82
2014-05-02,May,Fri,Weekday,3,B02617,28
2014-05-02,May,Fri,Weekday,3,B02682,60
2014-05-02,May,Fri,Weekday,3,B02764,2
2014-05-02,May,Fri,Weekday,4,B02512,7
2014-05-02,May,Fri,Weekday,4,B02598,78
2014-05-02,May,Fri,Weekday,4,B02617,43
2014-05-02,May,Fri,Weekday,4,B02682,84
2014-05-02,May,Fri,Weekday,4,B02764,3
2014-05-02,May,Fri,Weekday,5,B02512,26
2014-05-02,May,Fri,Weekday,5,B02598,150
2014-05-02,May,Fri,Weekday,5,B02617,48
2014-05-02,May,Fri,Weekday,5,B02682,131
2014-05-02,May,Fri,Weekday,5,B02764,4
2014-05-02,May,Fri,Weekday,6,B02512,55
2014-05-02,May,Fri,Weekday,6,B02598,294
2014-05-02,May,Fri,Weekday,6,B02617,148
2014-05-02,May,Fri,Weekday,6,B02682,304
2014-05-02,May,Fri,Weekday,6,B02764,5
2014-05-02,May,Fri,Weekday,7,B02512,59
2014-05-02,May,Fri,Weekday,7,B02598,362
2014-05-02,May,Fri,Weekday,7,B02617,173
2014-05-02,May,Fri,Weekday,7,B02682,380
2014-05-02,May,Fri,Weekday,7,B02764,16
2014-05-02,May,Fri,Weekday,8,B02512,57
2014-05-02,May,Fri,Weekday,8,B02598,309
2014-05-02,May,Fri,Weekday,8,B02617,205
2014-05-02,May,Fri,Weekday,8,B02682,329
2014-05-02,May,Fri,Weekday,8,B02764,12
2014-05-02,May,Fri,Weekday,9,B02512,36
2014-05-02,May,Fri,Weekday,9,B02598,234
2014-05-02,May,Fri,Weekday,9,B02617,122
2014-05-02,May,Fri,Weekday,9,B02682,252
2014-05-02,May,Fri,Weekday,9,B02764,13
2014-05-02,May,Fri,Weekday,10,B02512,43
2014-05-02,May,Fri,Weekday,10,B02598,242
2014-05-02,May,Fri,Weekday,10,B02617,146
2014-05-02,May,Fri,Weekday,10,B02682,286
2014-05-02,May,Fri,Weekday,10,B02764,10
2014-05-02,May,Fri,Weekday,11,B02512,50
2014-05-02,May,Fri,Weekday,11,B02598,255
2014-05-02,May,Fri,Weekday,11,B02617,157
2014-05-02,May,Fri,Weekday,11,B02682,283
2014-05-02,May,Fri,Weekday,11,B02764,11
2014-05-02,May,Fri,Weekday,12,B02512,61
2014-05-02,May,Fri,Weekday,12,B02598,302
2014-05-02,May,Fri,Weekday,12,B02617,146
2014-05-02,May,Fri,Weekday,12,B02682,274
2014-05-02,May,Fri,Weekday,12,B02764,7
2014-05-02,May,Fri,Weekday,13,B02512,70
2014-05-02,May,Fri,Weekday,13,B02598,377
2014-05-02,May,Fri,Weekday,13,B02617,168
2014-05-02,May,Fri,Weekday,13,B02682,290
2014-05-02,May,Fri,Weekday,13,B02764,13
2014-05-02,May,Fri,Weekday,14,B02512,78
2014-05-02,May,Fri,Weekday,14,B02598,463
2014-05-02,May,Fri,Weekday,14,B02617,228
2014-05-02,May,Fri,Weekday,14,B02682,385
2014-05-02,May,Fri,Weekday,14,B02764,15
2014-05-02,May,Fri,Weekday,15,B02512,86
2014-05-02,May,Fri,Weekday,15,B02598,578
2014-05-02,May,Fri,Weekday,15,B02617,268
2014-05-02,May,Fri,Weekday,15,B02682,511
2014-05-02,May,Fri,Weekday,15,B02764,26
2014-05-02,May,Fri,Weekday,16,B02512,97
2014-05-02,May,Fri,Weekday,16,B02598,688
2014-05-02,May,Fri,Weekday,16,B02617,309
2014-05-02,May,Fri,Weekday,16,B02682,603
2014-05-02,May,Fri,Weekday,16,B02764,14
2014-05-02,May,Fri,Weekday,17,B02512,119
2014-05-02,May,Fri,Weekday,17,B02598,716
2014-05-02,May,Fri,Weekday,17,B02617,345
2014-05-02,May,Fri,Weekday,17,B02682,669
2014-05-02,May,Fri,Weekday,17,B02764,28
2014-05-02,May,Fri,Weekday,18,B02512,132
2014-05-02,May,Fri,Weekday,18,B02598,841
2014-05-02,May,Fri,Weekday,18,B02617,363
2014-05-02,May,Fri,Weekday,18,B02682,781
2014-05-02,May,Fri,Weekday,18,B02764,24
2014-05-02,May,Fri,Weekday,19,B02512,97
2014-05-02,May,Fri,Weekday,19,B02598,615
2014-05-02,May,Fri,Weekday,19,B02617,273
2014-05-02,May,Fri,Weekday,19,B02682,618
2014-05-02,May,Fri,Weekday,19,B02764,30
2014-05-02,May,Fri,Weekday,20,B02512,71
2014-05-02,May,Fri,Weekday,20,B02598,592
2014-05-02,May,Fri,Weekday,20,B02617,233
2014-05-02,May,Fri,Weekday,20,B02682,541
2014-05-02,May,Fri,Weekday,20,B02764,14
2014-05-02,May,Fri,Weekday,21,B02512,87
2014-05-02,May,Fri,Weekday,21,B02598,645
2014-05-02,May,Fri,Weekday,21,B02617,256
2014-05-02,May,Fri,Weekday,21,B02682,607
2014-05-02,May,Fri,Weekday,21,B02764,22
2014-05-02,May,Fri,Weekday,22,B02512,97
2014-05-02,May,Fri,Weekday,22,B02598,698
2014-05-02,May,Fri,Weekday,22,B02617,266
2014-05-02,May,Fri,Weekday,22,B02682,584
2014-05-02,May,Fri,Weekday,22,B02764,31
2014-05-02,May,Fri,Weekday,23,B02512,82
2014-05-02,May,Fri,Weekday,23,B02598,605
2014-05-02,May,Fri,Weekday,23,B02617,245
2014-05-02,May,Fri,Weekday,23,B02682,527
2014-05-02,May,Fri,Weekday,23,B02764,24
2014-05-03,May,Sat,Weekend,0,B02512,43
2014-05-03,May,Sat,Weekend,0,B02598,350
2014-05-03,May,Sat,Weekend,0,B02617,130
2014-05-03,May,Sat,Weekend,0,B02682,313
2014-05-03,May,Sat,Weekend,0,B02764,12
2014-05-03,May,Sat,Weekend,1,B02512,30
2014-05-03,May,Sat,Weekend,1,B02598,210
2014-05-03,May,Sat,Weekend,1,B02617,78
2014-05-03,May,Sat,Weekend,1,B02682,206
2014-05-03,May,Sat,Weekend,1,B02764,5
2014-05-03,May,Sat,Weekend,2,B02512,12
2014-05-03,May,Sat,Weekend,2,B02598,128
2014-05-03,May,Sat,Weekend,2,B02617,55
2014-05-03,May,Sat,Weekend,2,B02682,131
2014-05-03,May,Sat,Weekend,2,B02764,3
2014-05-03,May,Sat,Weekend,3,B02512,5
2014-05-03,May,Sat,Weekend,3,B02598,94
2014-05-03,May,Sat,Weekend,3,B02617,44
2014-05-03,May,Sat,Weekend,3,B02682,94
2014-05-03,May,Sat,Weekend,3,B02764,1
2014-05-03,May,Sat,Weekend,4,B02512,12
2014-05-03,May,Sat,Weekend,4,B02598,85
2014-05-03,May,Sat,Weekend,4,B02617,31
2014-05-03,May,Sat,Weekend,4,B02682,83
2014-05-03,May,Sat,Weekend,4,B02764,2
2014-05-03,May,Sat,Weekend,5,B02512,9
2014-05-03,May,Sat,Weekend,5,B02598,75
2014-05-03,May,Sat,Weekend,5,B02617,27
2014-05-03,May,Sat,Weekend,5,B02682,86
2014-05-03,May,Sat,Weekend,5,B02764,1
2014-05-03,May,Sat,Weekend,6,B02512,14
2014-05-03,May,Sat,Weekend,6,B02598,93
2014-05-03,May,Sat,Weekend,6,B02617,29
2014-05-03,May,Sat,Weekend,6,B02682,94
2014-05-03,May,Sat,Weekend,6,B02764,2
2014-05-03,May,Sat,Weekend,7,B02512,25
2014-05-03,May,Sat,Weekend,7,B02598,102
2014-05-03,May,Sat,Weekend,7,B02617,52
2014-05-03,May,Sat,Weekend,7,B02682,123
2014-05-03,May,Sat,Weekend,7,B02764,5
2014-05-03,May,Sat,Weekend,8,B02512,28
2014-05-03,May,Sat,Weekend,8,B02598,142
2014-05-03,May,Sat,Weekend,8,B02617,57
2014-05-03,May,Sat,Weekend,8,B02682,173
2014-05-03,May,Sat,Weekend,8,B02764,7
2014-05-03,May,Sat,Weekend,9,B02512,30
2014-05-03,May,Sat,Weekend,9,B02598,181
2014-05-03,May,Sat,Weekend,9,B02617,79
2014-05-03,May,Sat,Weekend,9,B02682,211
2014-05-03,May,Sat,Weekend,9,B02764,5
2014-05-03,May,Sat,Weekend,10,B02512,56
2014-05-03,May,Sat,Weekend,10,B02598,196
2014-05-03,May,Sat,Weekend,10,B02617,101
2014-05-03,May,Sat,Weekend,10,B02682,224
2014-05-03,May,Sat,Weekend,10,B02764,3
2014-05-03,May,Sat,Weekend,11,B02512,47
2014-05-03,May,Sat,Weekend,11,B02598,275
2014-05-03,May,Sat,Weekend,11,B02617,120
2014-05-03,May,Sat,Weekend,11,B02682,225
2014-05-03,May,Sat,Weekend,11,B02764,5
2014-05-03,May,Sat,Weekend,12,B02512,46
2014-05-03,May,Sat,Weekend,12,B02598,277
2014-05-03,May,Sat,Weekend,12,B02617,127
2014-05-03,May,Sat,Weekend,12,B02682,251
2014-05-03,May,Sat,Weekend,12,B02764,7
2014-05-03,May,Sat,Weekend,13,B02512,47
2014-05-03,May,Sat,Weekend,13,B02598,342
2014-05-03,May,Sat,Weekend,13,B02617,126
2014-05-03,May,Sat,Weekend,13,B02682,300
2014-05-03,May,Sat,Weekend,13,B02764,11
2014-05-03,May,Sat,Weekend,14,B02512,52
2014-05-03,May,Sat,Weekend,14,B02598,390
2014-05-03,May,Sat,Weekend,14,B02617,157
2014-05-03,May,Sat,Weekend,14,B02682,355
2014-05-03,May,Sat,Weekend,14,B02764,14
2014-05-03,May,Sat,Weekend,15,B02512,89
2014-05-03,May,Sat,Weekend,15,B02598,601
2014-05-03,May,Sat,Weekend,15,B02617,213
2014-05-03,May,Sat,Weekend,15,B02682,529
2014-05-03,May,Sat,Weekend,15,B02764,24
2014-05-03,May,Sat,Weekend,16,B02512,97
2014-05-03,May,Sat,Weekend,16,B02598,696
2014-05-03,May,Sat,Weekend,16,B02617,270
2014-05-03,May,Sat,Weekend,16,B02682,625
2014-05-03,May,Sat,Weekend,16,B02764,27
2014-05-03,May,Sat,Weekend,17,B02512,90
2014-05-03,May,Sat,Weekend,17,B02598,592
2014-05-03,May,Sat,Weekend,17,B02617,225
2014-05-03,May,Sat,Weekend,17,B02682,553
2014-05-03,May,Sat,Weekend,17,B02764,23
2014-05-03,May,Sat,Weekend,18,B02512,137
2014-05-03,May,Sat,Weekend,18,B02598,882
2014-05-03,May,Sat,Weekend,18,B02617,348
2014-05-03,May,Sat,Weekend,18,B02682,855
2014-05-03,May,Sat,Weekend,18,B02764,27
2014-05-03,May,Sat,Weekend,19,B02512,83
2014-05-03,May,Sat,Weekend,19,B02598,652
2014-05-03,May,Sat,Weekend,19,B02617,235
2014-05-03,May,Sat,Weekend,19,B02682,589
2014-05-03,May,Sat,Weekend,19,B02764,22
2014-05-03,May,Sat,Weekend,20,B02512,84
2014-05-03,May,Sat,Weekend,20,B02598,568
2014-05-03,May,Sat,Weekend,20,B02617,197
2014-05-03,May,Sat,Weekend,20,B02682,529
2014-05-03,May,Sat,Weekend,20,B02764,32
2014-05-03,May,Sat,Weekend,21,B02512,97
2014-05-03,May,Sat,Weekend,21,B02598,735
2014-05-03,May,Sat,Weekend,21,B02617,268
2014-05-03,May,Sat,Weekend,21,B02682,621
2014-05-03,May,Sat,Weekend,21,B02764,30
2014-05-03,May,Sat,Weekend,22,B02512,91
2014-05-03,May,Sat,Weekend,22,B02598,687
2014-05-03,May,Sat,Weekend,22,B02617,254
2014-05-03,May,Sat,Weekend,22,B02682,574
2014-05-03,May,Sat,Weekend,22,B02764,31
2014-05-03,May,Sat,Weekend,23,B02512,63
2014-05-03,May,Sat,Weekend,23,B02598,593
2014-05-03,May,Sat,Weekend,23,B02617,216
2014-05-03,May,Sat,Weekend,23,B02682,496
2014-05-03,May,Sat,Weekend,23,B02764,23
2014-05-04,May,Sun,Weekend,0,B02512,45
2014-05-04,May,Sun,Weekend,0,B02598,471
2014-05-04,May,Sun,Weekend,0,B02617,178
2014-05-04,May,Sun,Weekend,0,B02682,443
2014-05-04,May,Sun,Weekend,0,B02764,15
2014-05-04,May,Sun,Weekend,1,B02512,23
2014-05-04,May,Sun,Weekend,1,B02598,246
2014-05-04,May,Sun,Weekend,1,B02617,94
2014-05-04,May,Sun,Weekend,1,B02682,268
2014-05-04,May,Sun,Weekend,1,B02764,10
2014-05-04,May,Sun,Weekend,2,B02512,15
2014-05-04,May,Sun,Weekend,2,B02598,158
2014-05-04,May,Sun,Weekend,2,B02617,82
2014-05-04,May,Sun,Weekend,2,B02682,158
2014-05-04,May,Sun,Weekend,2,B02764,5
2014-05-04,May,Sun,Weekend,3,B02512,12
2014-05-04,May,Sun,Weekend,3,B02598,131
2014-05-04,May,Sun,Weekend,3,B02617,39
2014-05-04,May,Sun,Weekend,3,B02682,130
2014-05-04,May,Sun,Weekend,3,B02764,3
2014-05-04,May,Sun,Weekend,4,B02512,11
2014-05-04,May,Sun,Weekend,4,B02598,101
2014-05-04,May,Sun,Weekend,4,B02617,36
2014-05-04,May,Sun,Weekend,4,B02682,93
2014-05-04,May,Sun,Weekend,4,B02764,4
2014-05-04,May,Sun,Weekend,5,B02512,8
2014-05-04,May,Sun,Weekend,5,B02598,65
2014-05-04,May,Sun,Weekend,5,B02617,28
2014-05-04,May,Sun,Weekend,5,B02682,72
2014-05-04,May,Sun,Weekend,5,B02764,5
2014-05-04,May,Sun,Weekend,6,B02512,16
2014-05-04,May,Sun,Weekend,6,B02598,59
2014-05-04,May,Sun,Weekend,6,B02617,28
2014-05-04,May,Sun,Weekend,6,B02682,60
2014-05-04,May,Sun,Weekend,7,B02512,17
2014-05-04,May,Sun,Weekend,7,B02598,71
2014-05-04,May,Sun,Weekend,7,B02617,39
2014-05-04,May,Sun,Weekend,7,B02682,79
2014-05-04,May,Sun,Weekend,7,B02764,3
2014-05-04,May,Sun,Weekend,8,B02512,20
2014-05-04,May,Sun,Weekend,8,B02598,83
2014-05-04,May,Sun,Weekend,8,B02617,36
2014-05-04,May,Sun,Weekend,8,B02682,96
2014-05-04,May,Sun,Weekend,8,B02764,4
2014-05-04,May,Sun,Weekend,9,B02512,43
2014-05-04,May,Sun,Weekend,9,B02598,112
2014-05-04,May,Sun,Weekend,9,B02617,55
2014-05-04,May,Sun,Weekend,9,B02682,118
2014-05-04,May,Sun,Weekend,9,B02764,2
2014-05-04,May,Sun,Weekend,10,B02512,36
2014-05-04,May,Sun,Weekend,10,B02598,146
2014-05-04,May,Sun,Weekend,10,B02617,77
2014-05-04,May,Sun,Weekend,10,B02682,148
2014-05-04,May,Sun,Weekend,10,B02764,5
2014-05-04,May,Sun,Weekend,11,B02512,50
2014-05-04,May,Sun,Weekend,11,B02598,195
2014-05-04,May,Sun,Weekend,11,B02617,84
2014-05-04,May,Sun,Weekend,11,B02682,203
2014-05-04,May,Sun,Weekend,11,B02764,5
2014-05-04,May,Sun,Weekend,12,B02512,56
2014-05-04,May,Sun,Weekend,12,B02598,230
2014-05-04,May,Sun,Weekend,12,B02617,108
2014-05-04,May,Sun,Weekend,12,B02682,221
2014-05-04,May,Sun,Weekend,12,B02764,6
2014-05-04,May,Sun,Weekend,13,B02512,43
2014-05-04,May,Sun,Weekend,13,B02598,289
2014-05-04,May,Sun,Weekend,13,B02617,113
2014-05-04,May,Sun,Weekend,13,B02682,275
2014-05-04,May,Sun,Weekend,13,B02764,10
2014-05-04,May,Sun,Weekend,14,B02512,63
2014-05-04,May,Sun,Weekend,14,B02598,336
2014-05-04,May,Sun,Weekend,14,B02617,154
2014-05-04,May,Sun,Weekend,14,B02682,291
2014-05-04,May,Sun,Weekend,14,B02764,7
2014-05-04,May,Sun,Weekend,15,B02512,70
2014-05-04,May,Sun,Weekend,15,B02598,413
2014-05-04,May,Sun,Weekend,15,B02617,184
2014-05-04,May,Sun,Weekend,15,B02682,345
2014-05-04,May,Sun,Weekend,15,B02764,17
2014-05-04,May,Sun,Weekend,16,B02512,72
2014-05-04,May,Sun,Weekend,16,B02598,429
2014-05-04,May,Sun,Weekend,16,B02617,214
2014-05-04,May,Sun,Weekend,16,B02682,335
2014-05-04,May,Sun,Weekend,16,B02764,14
2014-05-04,May,Sun,Weekend,17,B02512,58
2014-05-04,May,Sun,Weekend,17,B02598,391
2014-05-04,May,Sun,Weekend,17,B02617,190
2014-05-04,May,Sun,Weekend,17,B02682,310
2014-05-04,May,Sun,Weekend,17,B02764,12
2014-05-04,May,Sun,Weekend,18,B02512,54
2014-05-04,May,Sun,Weekend,18,B02598,346
2014-05-04,May,Sun,Weekend,18,B02617,177
2014-05-04,May,Sun,Weekend,18,B02682,284
2014-05-04,May,Sun,Weekend,18,B02764,9
2014-05-04,May,Sun,Weekend,19,B02512,51
2014-05-04,May,Sun,Weekend,19,B02598,268
2014-05-04,May,Sun,Weekend,19,B02617,134
2014-05-04,May,Sun,Weekend,19,B02682,238
2014-05-04,May,Sun,Weekend,19,B02764,11
2014-05-04,May,Sun,Weekend,20,B02512,40
2014-05-04,May,Sun,Weekend,20,B02598,254
2014-05-04,May,Sun,Weekend,20,B02617,125
2014-05-04,May,Sun,Weekend,20,B02682,280
2014-05-04,May,Sun,Weekend,20,B02764,8
2014-05-04,May,Sun,Weekend,21,B02512,36
2014-05-04,May,Sun,Weekend,21,B02598,271
2014-05-04,May,Sun,Weekend,21,B02617,114
2014-05-04,May,Sun,Weekend,21,B02682,271
2014-05-04,May,Sun,Weekend,21,B02764,13
2014-05-04,May,Sun,Weekend,22,B02512,31
2014-05-04,May,Sun,Weekend,22,B02598,212
2014-05-04,May,Sun,Weekend,22,B02617,89
2014-05-04,May,Sun,Weekend,22,B02682,201
2014-05-04,May,Sun,Weekend,22,B02764,10
2014-05-04,May,Sun,Weekend,23,B02512,20
2014-05-04,May,Sun,Weekend,23,B02598,101
2014-05-04,May,Sun,Weekend,23,B02617,52
2014-05-04,May,Sun,Weekend,23,B02682,119
2014-05-04,May,Sun,Weekend,23,B02764,4
2014-05-05,May,Mon,Weekday,0,B02512,2
2014-05-05,May,Mon,Weekday,0,B02598,52
2014-05-05,May,Mon,Weekday,0,B02617,24
2014-05-05,May,Mon,Weekday,0,B02682,60
2014-05-05,May,Mon,Weekday,0,B02764,1
2014-05-05,May,Mon,Weekday,1,B02512,4
2014-05-05,May,Mon,Weekday,1,B02598,31
2014-05-05,May,Mon,Weekday,1,B02617,13
2014-05-05,May,Mon,Weekday,1,B02682,23
2014-05-05,May,Mon,Weekday,1,B02764,1
2014-05-05,May,Mon,Weekday,2,B02512,2
2014-05-05,May,Mon,Weekday,2,B02598,23
2014-05-05,May,Mon,Weekday,2,B02617,8
2014-05-05,May,Mon,Weekday,2,B02682,19
2014-05-05,May,Mon,Weekday,3,B02512,8
2014-05-05,May,Mon,Weekday,3,B02598,72
2014-05-05,May,Mon,Weekday,3,B02617,27
2014-05-05,May,Mon,Weekday,3,B02682,65
2014-05-05,May,Mon,Weekday,3,B02764,3
2014-05-05,May,Mon,Weekday,4,B02512,12
2014-05-05,May,Mon,Weekday,4,B02598,106
2014-05-05,May,Mon,Weekday,4,B02617,39
2014-05-05,May,Mon,Weekday,4,B02682,106
2014-05-05,May,Mon,Weekday,4,B02764,1
2014-05-05,May,Mon,Weekday,5,B02512,24
2014-05-05,May,Mon,Weekday,5,B02598,189
2014-05-05,May,Mon,Weekday,5,B02617,84
2014-05-05,May,Mon,Weekday,5,B02682,175
2014-05-05,May,Mon,Weekday,5,B02764,5
2014-05-05,May,Mon,Weekday,6,B02512,61
2014-05-05,May,Mon,Weekday,6,B02598,297
2014-05-05,May,Mon,Weekday,6,B02617,146
2014-05-05,May,Mon,Weekday,6,B02682,321
2014-05-05,May,Mon,Weekday,6,B02764,7
2014-05-05,May,Mon,Weekday,7,B02512,56
2014-05-05,May,Mon,Weekday,7,B02598,386
2014-05-05,May,Mon,Weekday,7,B02617,171
2014-05-05,May,Mon,Weekday,7,B02682,390
2014-05-05,May,Mon,Weekday,7,B02764,11
2014-05-05,May,Mon,Weekday,8,B02512,68
2014-05-05,May,Mon,Weekday,8,B02598,366
2014-05-05,May,Mon,Weekday,8,B02617,167
2014-05-05,May,Mon,Weekday,8,B02682,348
2014-05-05,May,Mon,Weekday,8,B02764,10
2014-05-05,May,Mon,Weekday,9,B02512,41
2014-05-05,May,Mon,Weekday,9,B02598,233
2014-05-05,May,Mon,Weekday,9,B02617,114
2014-05-05,May,Mon,Weekday,9,B02682,237
2014-05-05,May,Mon,Weekday,9,B02764,8
2014-05-05,May,Mon,Weekday,10,B02512,42
2014-05-05,May,Mon,Weekday,10,B02598,218
2014-05-05,May,Mon,Weekday,10,B02617,111
2014-05-05,May,Mon,Weekday,10,B02682,223
2014-05-05,May,Mon,Weekday,10,B02764,5
2014-05-05,May,Mon,Weekday,11,B02512,52
2014-05-05,May,Mon,Weekday,11,B02598,208
2014-05-05,May,Mon,Weekday,11,B02617,117
2014-05-05,May,Mon,Weekday,11,B02682,203
2014-05-05,May,Mon,Weekday,11,B02764,10
2014-05-05,May,Mon,Weekday,12,B02512,42
2014-05-05,May,Mon,Weekday,12,B02598,243
2014-05-05,May,Mon,Weekday,12,B02617,107
2014-05-05,May,Mon,Weekday,12,B02682,222
2014-05-05,May,Mon,Weekday,12,B02764,9
2014-05-05,May,Mon,Weekday,13,B02512,50
2014-05-05,May,Mon,Weekday,13,B02598,295
2014-05-05,May,Mon,Weekday,13,B02617,136
2014-05-05,May,Mon,Weekday,13,B02682,227
2014-05-05,May,Mon,Weekday,13,B02764,14
2014-05-05,May,Mon,Weekday,14,B02512,70
2014-05-05,May,Mon,Weekday,14,B02598,398
2014-05-05,May,Mon,Weekday,14,B02617,165
2014-05-05,May,Mon,Weekday,14,B02682,333
2014-05-05,May,Mon,Weekday,14,B02764,15
2014-05-05,May,Mon,Weekday,15,B02512,80
2014-05-05,May,Mon,Weekday,15,B02598,503
2014-05-05,May,Mon,Weekday,15,B02617,197
2014-05-05,May,Mon,Weekday,15,B02682,409
2014-05-05,May,Mon,Weekday,15,B02764,21
2014-05-05,May,Mon,Weekday,16,B02512,94
2014-05-05,May,Mon,Weekday,16,B02598,578
2014-05-05,May,Mon,Weekday,16,B02617,232
2014-05-05,May,Mon,Weekday,16,B02682,501
2014-05-05,May,Mon,Weekday,16,B02764,25
2014-05-05,May,Mon,Weekday,17,B02512,113
2014-05-05,May,Mon,Weekday,17,B02598,637
2014-05-05,May,Mon,Weekday,17,B02617,262
2014-05-05,May,Mon,Weekday,17,B02682,559
2014-05-05,May,Mon,Weekday,17,B02764,26
2014-05-05,May,Mon,Weekday,18,B02512,71
2014-05-05,May,Mon,Weekday,18,B02598,507
2014-05-05,May,Mon,Weekday,18,B02617,189
2014-05-05,May,Mon,Weekday,18,B02682,432
2014-05-05,May,Mon,Weekday,18,B02764,23
2014-05-05,May,Mon,Weekday,19,B02512,77
2014-05-05,May,Mon,Weekday,19,B02598,428
2014-05-05,May,Mon,Weekday,19,B02617,148
2014-05-05,May,Mon,Weekday,19,B02682,400
2014-05-05,May,Mon,Weekday,19,B02764,14
2014-05-05,May,Mon,Weekday,20,B02512,61
2014-05-05,May,Mon,Weekday,20,B02598,436
2014-05-05,May,Mon,Weekday,20,B02617,159
2014-05-05,May,Mon,Weekday,20,B02682,405
2014-05-05,May,Mon,Weekday,20,B02764,15
2014-05-05,May,Mon,Weekday,21,B02512,68
2014-05-05,May,Mon,Weekday,21,B02598,395
2014-05-05,May,Mon,Weekday,21,B02617,177
2014-05-05,May,Mon,Weekday,21,B02682,360
2014-05-05,May,Mon,Weekday,21,B02764,18
2014-05-05,May,Mon,Weekday,22,B02512,48
2014-05-05,May,Mon,Weekday,22,B02598,281
2014-05-05,May,Mon,Weekday,22,B02617,134
2014-05-05,May,Mon,Weekday,22,B02682,232
2014-05-05,May,Mon,Weekday,22,B02764,11
2014-05-05,May,Mon,Weekday,23,B02512,27
2014-05-05,May,Mon,Weekday,23,B02598,153
2014-05-05,May,Mon,Weekday,23,B02617,65
2014-05-05,May,Mon,Weekday,23,B02682,153
2014-05-05,May,Mon,Weekday,23,B02764,3
2014-05-06,May,Tue,Weekday,0,B02512,14
2014-05-06,May,Tue,Weekday,0,B02598,82
2014-05-06,May,Tue,Weekday,0,B02617,38
2014-05-06,May,Tue,Weekday,0,B02682,69
2014-05-06,May,Tue,Weekday,1,B02512,5
2014-05-06,May,Tue,Weekday,1,B02598,51
2014-05-06,May,Tue,Weekday,1,B02617,33
2014-05-06,May,Tue,Weekday,1,B02682,40
2014-05-06,May,Tue,Weekday,1,B02764,1
2014-05-06,May,Tue,Weekday,2,B02512,4
2014-05-06,May,Tue,Weekday,2,B02598,40
2014-05-06,May,Tue,Weekday,2,B02617,18
2014-05-06,May,Tue,Weekday,2,B02682,34
2014-05-06,May,Tue,Weekday,2,B02764,1
2014-05-06,May,Tue,Weekday,3,B02512,7
2014-05-06,May,Tue,Weekday,3,B02598,43
2014-05-06,May,Tue,Weekday,3,B02617,25
2014-05-06,May,Tue,Weekday,3,B02682,36
2014-05-06,May,Tue,Weekday,3,B02764,1
2014-05-06,May,Tue,Weekday,4,B02512,15
2014-05-06,May,Tue,Weekday,4,B02598,78
2014-05-06,May,Tue,Weekday,4,B02617,34
2014-05-06,May,Tue,Weekday,4,B02682,76
2014-05-06,May,Tue,Weekday,4,B02764,2
2014-05-06,May,Tue,Weekday,5,B02512,27
2014-05-06,May,Tue,Weekday,5,B02598,147
2014-05-06,May,Tue,Weekday,5,B02617,69
2014-05-06,May,Tue,Weekday,5,B02682,161
2014-05-06,May,Tue,Weekday,5,B02764,2
2014-05-06,May,Tue,Weekday,6,B02512,52
2014-05-06,May,Tue,Weekday,6,B02598,315
2014-05-06,May,Tue,Weekday,6,B02617,160
2014-05-06,May,Tue,Weekday,6,B02682,305
2014-05-06,May,Tue,Weekday,6,B02764,7
2014-05-06,May,Tue,Weekday,7,B02512,71
2014-05-06,May,Tue,Weekday,7,B02598,395
2014-05-06,May,Tue,Weekday,7,B02617,188
2014-05-06,May,Tue,Weekday,7,B02682,400
2014-05-06,May,Tue,Weekday,7,B02764,11
2014-05-06,May,Tue,Weekday,8,B02512,48
2014-05-06,May,Tue,Weekday,8,B02598,357
2014-05-06,May,Tue,Weekday,8,B02617,181
2014-05-06,May,Tue,Weekday,8,B02682,365
2014-05-06,May,Tue,Weekday,8,B02764,7
2014-05-06,May,Tue,Weekday,9,B02512,44
2014-05-06,May,Tue,Weekday,9,B02598,213
2014-05-06,May,Tue,Weekday,9,B02617,127
2014-05-06,May,Tue,Weekday,9,B02682,250
2014-05-06,May,Tue,Weekday,9,B02764,6
2014-05-06,May,Tue,Weekday,10,B02512,47
2014-05-06,May,Tue,Weekday,10,B02598,217
2014-05-06,May,Tue,Weekday,10,B02617,133
2014-05-06,May,Tue,Weekday,10,B02682,238
2014-05-06,May,Tue,Weekday,10,B02764,10
2014-05-06,May,Tue,Weekday,11,B02512,44
2014-05-06,May,Tue,Weekday,11,B02598,208
2014-05-06,May,Tue,Weekday,11,B02617,120
2014-05-06,May,Tue,Weekday,11,B02682,223
2014-05-06,May,Tue,Weekday,11,B02764,8
2014-05-06,May,Tue,Weekday,12,B02512,43
2014-05-06,May,Tue,Weekday,12,B02598,279
2014-05-06,May,Tue,Weekday,12,B02617,133
2014-05-06,May,Tue,Weekday,12,B02682,236
2014-05-06,May,Tue,Weekday,12,B02764,11
2014-05-06,May,Tue,Weekday,13,B02512,52
2014-05-06,May,Tue,Weekday,13,B02598,297
2014-05-06,May,Tue,Weekday,13,B02617,145
2014-05-06,May,Tue,Weekday,13,B02682,245
2014-05-06,May,Tue,Weekday,13,B02764,18
2014-05-06,May,Tue,Weekday,14,B02512,76
2014-05-06,May,Tue,Weekday,14,B02598,387
2014-05-06,May,Tue,Weekday,14,B02617,182
2014-05-06,May,Tue,Weekday,14,B02682,346
2014-05-06,May,Tue,Weekday,14,B02764,25
2014-05-06,May,Tue,Weekday,15,B02512,93
2014-05-06,May,Tue,Weekday,15,B02598,545
2014-05-06,May,Tue,Weekday,15,B02617,216
2014-05-06,May,Tue,Weekday,15,B02682,472
2014-05-06,May,Tue,Weekday,15,B02764,21
2014-05-06,May,Tue,Weekday,16,B02512,131
2014-05-06,May,Tue,Weekday,16,B02598,641
2014-05-06,May,Tue,Weekday,16,B02617,271
2014-05-06,May,Tue,Weekday,16,B02682,540
2014-05-06,May,Tue,Weekday,16,B02764,22
2014-05-06,May,Tue,Weekday,17,B02512,131
2014-05-06,May,Tue,Weekday,17,B02598,698
2014-05-06,May,Tue,Weekday,17,B02617,287
2014-05-06,May,Tue,Weekday,17,B02682,603
2014-05-06,May,Tue,Weekday,17,B02764,27
2014-05-06,May,Tue,Weekday,18,B02512,90
2014-05-06,May,Tue,Weekday,18,B02598,540
2014-05-06,May,Tue,Weekday,18,B02617,238
2014-05-06,May,Tue,Weekday,18,B02682,417
2014-05-06,May,Tue,Weekday,18,B02764,22
2014-05-06,May,Tue,Weekday,19,B02512,64
2014-05-06,May,Tue,Weekday,19,B02598,509
2014-05-06,May,Tue,Weekday,19,B02617,213
2014-05-06,May,Tue,Weekday,19,B02682,381
2014-05-06,May,Tue,Weekday,19,B02764,21
2014-05-06,May,Tue,Weekday,20,B02512,86
2014-05-06,May,Tue,Weekday,20,B02598,533
2014-05-06,May,Tue,Weekday,20,B02617,223
2014-05-06,May,Tue,Weekday,20,B02682,423
2014-05-06,May,Tue,Weekday,20,B02764,26
2014-05-06,May,Tue,Weekday,21,B02512,80
2014-05-06,May,Tue,Weekday,21,B02598,501
2014-05-06,May,Tue,Weekday,21,B02617,198
2014-05-06,May,Tue,Weekday,21,B02682,412
2014-05-06,May,Tue,Weekday,21,B02764,33
2014-05-06,May,Tue,Weekday,22,B02512,41
2014-05-06,May,Tue,Weekday,22,B02598,317
2014-05-06,May,Tue,Weekday,22,B02617,147
2014-05-06,May,Tue,Weekday,22,B02682,234
2014-05-06,May,Tue,Weekday,22,B02764,17
2014-05-06,May,Tue,Weekday,23,B02512,18
2014-05-06,May,Tue,Weekday,23,B02598,193
2014-05-06,May,Tue,Weekday,23,B02617,87
2014-05-06,May,Tue,Weekday,23,B02682,154
2014-05-06,May,Tue,Weekday,23,B02764,6
2014-05-07,May,Wed,Weekday,0,B02512,12
2014-05-07,May,Wed,Weekday,0,B02598,70
2014-05-07,May,Wed,Weekday,0,B02617,33
2014-05-07,May,Wed,Weekday,0,B02682,81
2014-05-07,May,Wed,Weekday,0,B02764,5
2014-05-07,May,Wed,Weekday,1,B02512,5
2014-05-07,May,Wed,Weekday,1,B02598,45
2014-05-07,May,Wed,Weekday,1,B02617,21
2014-05-07,May,Wed,Weekday,1,B02682,38
2014-05-07,May,Wed,Weekday,2,B02512,4
2014-05-07,May,Wed,Weekday,2,B02598,27
2014-05-07,May,Wed,Weekday,2,B02617,13
2014-05-07,May,Wed,Weekday,2,B02682,25
2014-05-07,May,Wed,Weekday,2,B02764,2
2014-05-07,May,Wed,Weekday,3,B02512,9
2014-05-07,May,Wed,Weekday,3,B02598,52
2014-05-07,May,Wed,Weekday,3,B02617,23
2014-05-07,May,Wed,Weekday,3,B02682,50
2014-05-07,May,Wed,Weekday,3,B02764,3
2014-05-07,May,Wed,Weekday,4,B02512,9
2014-05-07,May,Wed,Weekday,4,B02598,91
2014-05-07,May,Wed,Weekday,4,B02617,24
2014-05-07,May,Wed,Weekday,4,B02682,79
2014-05-07,May,Wed,Weekday,4,B02764,2
2014-05-07,May,Wed,Weekday,5,B02512,13
2014-05-07,May,Wed,Weekday,5,B02598,136
2014-05-07,May,Wed,Weekday,5,B02617,52
2014-05-07,May,Wed,Weekday,5,B02682,138
2014-05-07,May,Wed,Weekday,5,B02764,2
2014-05-07,May,Wed,Weekday,6,B02512,53
2014-05-07,May,Wed,Weekday,6,B02598,338
2014-05-07,May,Wed,Weekday,6,B02617,155
2014-05-07,May,Wed,Weekday,6,B02682,329
2014-05-07,May,Wed,Weekday,6,B02764,13
2014-05-07,May,Wed,Weekday,7,B02512,54
2014-05-07,May,Wed,Weekday,7,B02598,421
2014-05-07,May,Wed,Weekday,7,B02617,242
2014-05-07,May,Wed,Weekday,7,B02682,419
2014-05-07,May,Wed,Weekday,7,B02764,15
2014-05-07,May,Wed,Weekday,8,B02512,55
2014-05-07,May,Wed,Weekday,8,B02598,370
2014-05-07,May,Wed,Weekday,8,B02617,188
2014-05-07,May,Wed,Weekday,8,B02682,342
2014-05-07,May,Wed,Weekday,8,B02764,16
2014-05-07,May,Wed,Weekday,9,B02512,34
2014-05-07,May,Wed,Weekday,9,B02598,246
2014-05-07,May,Wed,Weekday,9,B02617,134
2014-05-07,May,Wed,Weekday,9,B02682,271
2014-05-07,May,Wed,Weekday,9,B02764,10
2014-05-07,May,Wed,Weekday,10,B02512,34
2014-05-07,May,Wed,Weekday,10,B02598,276
2014-05-07,May,Wed,Weekday,10,B02617,160
2014-05-07,May,Wed,Weekday,10,B02682,259
2014-05-07,May,Wed,Weekday,10,B02764,4
2014-05-07,May,Wed,Weekday,11,B02512,39
2014-05-07,May,Wed,Weekday,11,B02598,281
2014-05-07,May,Wed,Weekday,11,B02617,121
2014-05-07,May,Wed,Weekday,11,B02682,240
2014-05-07,May,Wed,Weekday,11,B02764,8
2014-05-07,May,Wed,Weekday,12,B02512,40
2014-05-07,May,Wed,Weekday,12,B02598,263
2014-05-07,May,Wed,Weekday,12,B02617,130
2014-05-07,May,Wed,Weekday,12,B02682,283
2014-05-07,May,Wed,Weekday,12,B02764,10
2014-05-07,May,Wed,Weekday,13,B02512,56
2014-05-07,May,Wed,Weekday,13,B02598,388
2014-05-07,May,Wed,Weekday,13,B02617,153
2014-05-07,May,Wed,Weekday,13,B02682,358
2014-05-07,May,Wed,Weekday,13,B02764,16
2014-05-07,May,Wed,Weekday,14,B02512,75
2014-05-07,May,Wed,Weekday,14,B02598,474
2014-05-07,May,Wed,Weekday,14,B02617,213
2014-05-07,May,Wed,Weekday,14,B02682,404
2014-05-07,May,Wed,Weekday,14,B02764,20
2014-05-07,May,Wed,Weekday,15,B02512,78
2014-05-07,May,Wed,Weekday,15,B02598,617
2014-05-07,May,Wed,Weekday,15,B02617,243
2014-05-07,May,Wed,Weekday,15,B02682,530
2014-05-07,May,Wed,Weekday,15,B02764,26
2014-05-07,May,Wed,Weekday,16,B02512,105
2014-05-07,May,Wed,Weekday,16,B02598,743
2014-05-07,May,Wed,Weekday,16,B02617,348
2014-05-07,May,Wed,Weekday,16,B02682,616
2014-05-07,May,Wed,Weekday,16,B02764,31
2014-05-07,May,Wed,Weekday,17,B02512,117
2014-05-07,May,Wed,Weekday,17,B02598,769
2014-05-07,May,Wed,Weekday,17,B02617,366
2014-05-07,May,Wed,Weekday,17,B02682,597
2014-05-07,May,Wed,Weekday,17,B02764,29
2014-05-07,May,Wed,Weekday,18,B02512,110
2014-05-07,May,Wed,Weekday,18,B02598,691
2014-05-07,May,Wed,Weekday,18,B02617,300
2014-05-07,May,Wed,Weekday,18,B02682,557
2014-05-07,May,Wed,Weekday,18,B02764,25
2014-05-07,May,Wed,Weekday,19,B02512,79
2014-05-07,May,Wed,Weekday,19,B02598,570
2014-05-07,May,Wed,Weekday,19,B02617,239
2014-05-07,May,Wed,Weekday,19,B02682,498
2014-05-07,May,Wed,Weekday,19,B02764,27
2014-05-07,May,Wed,Weekday,20,B02512,94
2014-05-07,May,Wed,Weekday,20,B02598,565
2014-05-07,May,Wed,Weekday,20,B02617,242
2014-05-07,May,Wed,Weekday,20,B02682,555
2014-05-07,May,Wed,Weekday,20,B02764,26
2014-05-07,May,Wed,Weekday,21,B02512,65
2014-05-07,May,Wed,Weekday,21,B02598,605
2014-05-07,May,Wed,Weekday,21,B02617,241
2014-05-07,May,Wed,Weekday,21,B02682,535
2014-05-07,May,Wed,Weekday,21,B02764,28
2014-05-07,May,Wed,Weekday,22,B02512,52
2014-05-07,May,Wed,Weekday,22,B02598,408
2014-05-07,May,Wed,Weekday,22,B02617,186
2014-05-07,May,Wed,Weekday,22,B02682,342
2014-05-07,May,Wed,Weekday,22,B02764,22
2014-05-07,May,Wed,Weekday,23,B02512,29
2014-05-07,May,Wed,Weekday,23,B02598,226
2014-05-07,May,Wed,Weekday,23,B02617,93
2014-05-07,May,Wed,Weekday,23,B02682,183
2014-05-07,May,Wed,Weekday,23,B02764,9
2014-05-08,May,Thu,Weekday,0,B02512,8
2014-05-08,May,Thu,Weekday,0,B02598,110
2014-05-08,May,Thu,Weekday,0,B02617,48
2014-05-08,May,Thu,Weekday,0,B02682,105
2014-05-08,May,Thu,Weekday,0,B02764,4
2014-05-08,May,Thu,Weekday,1,B02512,11
2014-05-08,May,Thu,Weekday,1,B02598,67
2014-05-08,May,Thu,Weekday,1,B02617,34
2014-05-08,May,Thu,Weekday,1,B02682,59
2014-05-08,May,Thu,Weekday,1,B02764,3
2014-05-08,May,Thu,Weekday,2,B02512,6
2014-05-08,May,Thu,Weekday,2,B02598,56
2014-05-08,May,Thu,Weekday,2,B02617,27
2014-05-08,May,Thu,Weekday,2,B02682,36
2014-05-08,May,Thu,Weekday,2,B02764,3
2014-05-08,May,Thu,Weekday,3,B02512,8
2014-05-08,May,Thu,Weekday,3,B02598,75
2014-05-08,May,Thu,Weekday,3,B02617,21
2014-05-08,May,Thu,Weekday,3,B02682,56
2014-05-08,May,Thu,Weekday,3,B02764,2
2014-05-08,May,Thu,Weekday,4,B02512,10
2014-05-08,May,Thu,Weekday,4,B02598,111
2014-05-08,May,Thu,Weekday,4,B02617,40
2014-05-08,May,Thu,Weekday,4,B02682,123
2014-05-08,May,Thu,Weekday,4,B02764,2
2014-05-08,May,Thu,Weekday,5,B02512,20
2014-05-08,May,Thu,Weekday,5,B02598,233
2014-05-08,May,Thu,Weekday,5,B02617,99
2014-05-08,May,Thu,Weekday,5,B02682,238
2014-05-08,May,Thu,Weekday,5,B02764,7
2014-05-08,May,Thu,Weekday,6,B02512,79
2014-05-08,May,Thu,Weekday,6,B02598,476
2014-05-08,May,Thu,Weekday,6,B02617,241
2014-05-08,May,Thu,Weekday,6,B02682,479
2014-05-08,May,Thu,Weekday,6,B02764,10
2014-05-08,May,Thu,Weekday,7,B02512,102
2014-05-08,May,Thu,Weekday,7,B02598,611
2014-05-08,May,Thu,Weekday,7,B02617,304
2014-05-08,May,Thu,Weekday,7,B02682,582
2014-05-08,May,Thu,Weekday,7,B02764,28
2014-05-08,May,Thu,Weekday,8,B02512,91
2014-05-08,May,Thu,Weekday,8,B02598,625
2014-05-08,May,Thu,Weekday,8,B02617,318
2014-05-08,May,Thu,Weekday,8,B02682,611
2014-05-08,May,Thu,Weekday,8,B02764,27
2014-05-08,May,Thu,Weekday,9,B02512,74
2014-05-08,May,Thu,Weekday,9,B02598,497
2014-05-08,May,Thu,Weekday,9,B02617,214
2014-05-08,May,Thu,Weekday,9,B02682,488
2014-05-08,May,Thu,Weekday,9,B02764,18
2014-05-08,May,Thu,Weekday,10,B02512,70
2014-05-08,May,Thu,Weekday,10,B02598,389
2014-05-08,May,Thu,Weekday,10,B02617,197
2014-05-08,May,Thu,Weekday,10,B02682,352
2014-05-08,May,Thu,Weekday,10,B02764,10
2014-05-08,May,Thu,Weekday,11,B02512,70
2014-05-08,May,Thu,Weekday,11,B02598,347
2014-05-08,May,Thu,Weekday,11,B02617,180
2014-05-08,May,Thu,Weekday,11,B02682,338
2014-05-08,May,Thu,Weekday,11,B02764,16
2014-05-08,May,Thu,Weekday,12,B02512,75
2014-05-08,May,Thu,Weekday,12,B02598,351
2014-05-08,May,Thu,Weekday,12,B02617,154
2014-05-08,May,Thu,Weekday,12,B02682,309
2014-05-08,May,Thu,Weekday,12,B02764,13
2014-05-08,May,Thu,Weekday,13,B02512,87
2014-05-08,May,Thu,Weekday,13,B02598,453
2014-05-08,May,Thu,Weekday,13,B02617,205
2014-05-08,May,Thu,Weekday,13,B02682,410
2014-05-08,May,Thu,Weekday,13,B02764,17
2014-05-08,May,Thu,Weekday,14,B02512,76
2014-05-08,May,Thu,Weekday,14,B02598,533
2014-05-08,May,Thu,Weekday,14,B02617,233
2014-05-08,May,Thu,Weekday,14,B02682,455
2014-05-08,May,Thu,Weekday,14,B02764,19
2014-05-08,May,Thu,Weekday,15,B02512,104
2014-05-08,May,Thu,Weekday,15,B02598,681
2014-05-08,May,Thu,Weekday,15,B02617,278
2014-05-08,May,Thu,Weekday,15,B02682,585
2014-05-08,May,Thu,Weekday,15,B02764,27
2014-05-08,May,Thu,Weekday,16,B02512,112
2014-05-08,May,Thu,Weekday,16,B02598,731
2014-05-08,May,Thu,Weekday,16,B02617,337
2014-05-08,May,Thu,Weekday,16,B02682,684
2014-05-08,May,Thu,Weekday,16,B02764,30
2014-05-08,May,Thu,Weekday,17,B02512,121
2014-05-08,May,Thu,Weekday,17,B02598,861
2014-05-08,May,Thu,Weekday,17,B02617,369
2014-05-08,May,Thu,Weekday,17,B02682,749
2014-05-08,May,Thu,Weekday,17,B02764,38
2014-05-08,May,Thu,Weekday,18,B02512,101
2014-05-08,May,Thu,Weekday,18,B02598,750
2014-05-08,May,Thu,Weekday,18,B02617,289
2014-05-08,May,Thu,Weekday,18,B02682,692
2014-05-08,May,Thu,Weekday,18,B02764,30
2014-05-08,May,Thu,Weekday,19,B02512,90
2014-05-08,May,Thu,Weekday,19,B02598,711
2014-05-08,May,Thu,Weekday,19,B02617,299
2014-05-08,May,Thu,Weekday,19,B02682,574
2014-05-08,May,Thu,Weekday,19,B02764,33
2014-05-08,May,Thu,Weekday,20,B02512,92
2014-05-08,May,Thu,Weekday,20,B02598,652
2014-05-08,May,Thu,Weekday,20,B02617,281
2014-05-08,May,Thu,Weekday,20,B02682,592
2014-05-08,May,Thu,Weekday,20,B02764,33
2014-05-08,May,Thu,Weekday,21,B02512,97
2014-05-08,May,Thu,Weekday,21,B02598,669
2014-05-08,May,Thu,Weekday,21,B02617,273
2014-05-08,May,Thu,Weekday,21,B02682,633
2014-05-08,May,Thu,Weekday,21,B02764,29
2014-05-08,May,Thu,Weekday,22,B02512,47
2014-05-08,May,Thu,Weekday,22,B02598,518
2014-05-08,May,Thu,Weekday,22,B02617,229
2014-05-08,May,Thu,Weekday,22,B02682,511
2014-05-08,May,Thu,Weekday,22,B02764,23
2014-05-08,May,Thu,Weekday,23,B02512,24
2014-05-08,May,Thu,Weekday,23,B02598,277
2014-05-08,May,Thu,Weekday,23,B02617,132
2014-05-08,May,Thu,Weekday,23,B02682,257
2014-05-08,May,Thu,Weekday,23,B02764,12
2014-05-09,May,Fri,Weekday,0,B02512,10
2014-05-09,May,Fri,Weekday,0,B02598,146
2014-05-09,May,Fri,Weekday,0,B02617,72
2014-05-09,May,Fri,Weekday,0,B02682,158
2014-05-09,May,Fri,Weekday,0,B02764,10
2014-05-09,May,Fri,Weekday,1,B02512,9
2014-05-09,May,Fri,Weekday,1,B02598,106
2014-05-09,May,Fri,Weekday,1,B02617,46
2014-05-09,May,Fri,Weekday,1,B02682,108
2014-05-09,May,Fri,Weekday,1,B02764,4
2014-05-09,May,Fri,Weekday,2,B02512,9
2014-05-09,May,Fri,Weekday,2,B02598,83
2014-05-09,May,Fri,Weekday,2,B02617,25
2014-05-09,May,Fri,Weekday,2,B02682,55
2014-05-09,May,Fri,Weekday,2,B02764,4
2014-05-09,May,Fri,Weekday,3,B02512,6
2014-05-09,May,Fri,Weekday,3,B02598,77
2014-05-09,May,Fri,Weekday,3,B02617,37
2014-05-09,May,Fri,Weekday,3,B02682,75
2014-05-09,May,Fri,Weekday,3,B02764,1
2014-05-09,May,Fri,Weekday,4,B02512,7
2014-05-09,May,Fri,Weekday,4,B02598,108
2014-05-09,May,Fri,Weekday,4,B02617,38
2014-05-09,May,Fri,Weekday,4,B02682,101
2014-05-09,May,Fri,Weekday,4,B02764,3
2014-05-09,May,Fri,Weekday,5,B02512,18
2014-05-09,May,Fri,Weekday,5,B02598,163
2014-05-09,May,Fri,Weekday,5,B02617,77
2014-05-09,May,Fri,Weekday,5,B02682,141
2014-05-09,May,Fri,Weekday,5,B02764,6
2014-05-09,May,Fri,Weekday,6,B02512,51
2014-05-09,May,Fri,Weekday,6,B02598,343
2014-05-09,May,Fri,Weekday,6,B02617,145
2014-05-09,May,Fri,Weekday,6,B02682,369
2014-05-09,May,Fri,Weekday,6,B02764,4
2014-05-09,May,Fri,Weekday,7,B02512,68
2014-05-09,May,Fri,Weekday,7,B02598,467
2014-05-09,May,Fri,Weekday,7,B02617,224
2014-05-09,May,Fri,Weekday,7,B02682,456
2014-05-09,May,Fri,Weekday,7,B02764,19
2014-05-09,May,Fri,Weekday,8,B02512,53
2014-05-09,May,Fri,Weekday,8,B02598,443
2014-05-09,May,Fri,Weekday,8,B02617,225
2014-05-09,May,Fri,Weekday,8,B02682,410
2014-05-09,May,Fri,Weekday,8,B02764,11
2014-05-09,May,Fri,Weekday,9,B02512,46
2014-05-09,May,Fri,Weekday,9,B02598,326
2014-05-09,May,Fri,Weekday,9,B02617,162
2014-05-09,May,Fri,Weekday,9,B02682,291
2014-05-09,May,Fri,Weekday,9,B02764,11
2014-05-09,May,Fri,Weekday,10,B02512,60
2014-05-09,May,Fri,Weekday,10,B02598,305
2014-05-09,May,Fri,Weekday,10,B02617,158
2014-05-09,May,Fri,Weekday,10,B02682,272
2014-05-09,May,Fri,Weekday,10,B02764,12
2014-05-09,May,Fri,Weekday,11,B02512,61
2014-05-09,May,Fri,Weekday,11,B02598,341
2014-05-09,May,Fri,Weekday,11,B02617,170
2014-05-09,May,Fri,Weekday,11,B02682,291
2014-05-09,May,Fri,Weekday,11,B02764,14
2014-05-09,May,Fri,Weekday,12,B02512,86
2014-05-09,May,Fri,Weekday,12,B02598,318
2014-05-09,May,Fri,Weekday,12,B02617,161
2014-05-09,May,Fri,Weekday,12,B02682,284
2014-05-09,May,Fri,Weekday,12,B02764,20
2014-05-09,May,Fri,Weekday,13,B02512,80
2014-05-09,May,Fri,Weekday,13,B02598,410
2014-05-09,May,Fri,Weekday,13,B02617,194
2014-05-09,May,Fri,Weekday,13,B02682,320
2014-05-09,May,Fri,Weekday,13,B02764,15
2014-05-09,May,Fri,Weekday,14,B02512,113
2014-05-09,May,Fri,Weekday,14,B02598,552
2014-05-09,May,Fri,Weekday,14,B02617,246
2014-05-09,May,Fri,Weekday,14,B02682,476
2014-05-09,May,Fri,Weekday,14,B02764,22
2014-05-09,May,Fri,Weekday,15,B02512,104
2014-05-09,May,Fri,Weekday,15,B02598,654
2014-05-09,May,Fri,Weekday,15,B02617,308
2014-05-09,May,Fri,Weekday,15,B02682,581
2014-05-09,May,Fri,Weekday,15,B02764,14
2014-05-09,May,Fri,Weekday,16,B02512,120
2014-05-09,May,Fri,Weekday,16,B02598,760
2014-05-09,May,Fri,Weekday,16,B02617,385
2014-05-09,May,Fri,Weekday,16,B02682,718
2014-05-09,May,Fri,Weekday,16,B02764,24
2014-05-09,May,Fri,Weekday,17,B02512,128
2014-05-09,May,Fri,Weekday,17,B02598,949
2014-05-09,May,Fri,Weekday,17,B02617,415
2014-05-09,May,Fri,Weekday,17,B02682,863
2014-05-09,May,Fri,Weekday,17,B02764,29
2014-05-09,May,Fri,Weekday,18,B02512,148
2014-05-09,May,Fri,Weekday,18,B02598,973
2014-05-09,May,Fri,Weekday,18,B02617,403
2014-05-09,May,Fri,Weekday,18,B02682,869
2014-05-09,May,Fri,Weekday,18,B02764,31
2014-05-09,May,Fri,Weekday,19,B02512,109
2014-05-09,May,Fri,Weekday,19,B02598,694
2014-05-09,May,Fri,Weekday,19,B02617,254
2014-05-09,May,Fri,Weekday,19,B02682,604
2014-05-09,May,Fri,Weekday,19,B02764,22
2014-05-09,May,Fri,Weekday,20,B02512,71
2014-05-09,May,Fri,Weekday,20,B02598,539
2014-05-09,May,Fri,Weekday,20,B02617,184
2014-05-09,May,Fri,Weekday,20,B02682,485
2014-05-09,May,Fri,Weekday,20,B02764,19
2014-05-09,May,Fri,Weekday,21,B02512,64
2014-05-09,May,Fri,Weekday,21,B02598,569
2014-05-09,May,Fri,Weekday,21,B02617,226
2014-05-09,May,Fri,Weekday,21,B02682,475
2014-05-09,May,Fri,Weekday,21,B02764,13
2014-05-09,May,Fri,Weekday,22,B02512,79
2014-05-09,May,Fri,Weekday,22,B02598,624
2014-05-09,May,Fri,Weekday,22,B02617,245
2014-05-09,May,Fri,Weekday,22,B02682,556
2014-05-09,May,Fri,Weekday,22,B02764,28
2014-05-09,May,Fri,Weekday,23,B02512,54
2014-05-09,May,Fri,Weekday,23,B02598,519
2014-05-09,May,Fri,Weekday,23,B02617,191
2014-05-09,May,Fri,Weekday,23,B02682,456
2014-05-09,May,Fri,Weekday,23,B02764,21
2014-05-10,May,Sat,Weekend,0,B02512,29
2014-05-10,May,Sat,Weekend,0,B02598,329
2014-05-10,May,Sat,Weekend,0,B02617,133
2014-05-10,May,Sat,Weekend,0,B02682,283
2014-05-10,May,Sat,Weekend,0,B02764,14
2014-05-10,May,Sat,Weekend,1,B02512,24
2014-05-10,May,Sat,Weekend,1,B02598,176
2014-05-10,May,Sat,Weekend,1,B02617,90
2014-05-10,May,Sat,Weekend,1,B02682,180
2014-05-10,May,Sat,Weekend,1,B02764,2
2014-05-10,May,Sat,Weekend,2,B02512,12
2014-05-10,May,Sat,Weekend,2,B02598,129
2014-05-10,May,Sat,Weekend,2,B02617,52
2014-05-10,May,Sat,Weekend,2,B02682,125
2014-05-10,May,Sat,Weekend,2,B02764,1
2014-05-10,May,Sat,Weekend,3,B02512,15
2014-05-10,May,Sat,Weekend,3,B02598,94
2014-05-10,May,Sat,Weekend,3,B02617,47
2014-05-10,May,Sat,Weekend,3,B02682,85
2014-05-10,May,Sat,Weekend,3,B02764,1
2014-05-10,May,Sat,Weekend,4,B02512,3
2014-05-10,May,Sat,Weekend,4,B02598,58
2014-05-10,May,Sat,Weekend,4,B02617,24
2014-05-10,May,Sat,Weekend,4,B02682,62
2014-05-10,May,Sat,Weekend,4,B02764,1
2014-05-10,May,Sat,Weekend,5,B02512,10
2014-05-10,May,Sat,Weekend,5,B02598,86
2014-05-10,May,Sat,Weekend,5,B02617,29
2014-05-10,May,Sat,Weekend,5,B02682,77
2014-05-10,May,Sat,Weekend,5,B02764,2
2014-05-10,May,Sat,Weekend,6,B02512,12
2014-05-10,May,Sat,Weekend,6,B02598,87
2014-05-10,May,Sat,Weekend,6,B02617,46
2014-05-10,May,Sat,Weekend,6,B02682,82
2014-05-10,May,Sat,Weekend,6,B02764,3
2014-05-10,May,Sat,Weekend,7,B02512,12
2014-05-10,May,Sat,Weekend,7,B02598,122
2014-05-10,May,Sat,Weekend,7,B02617,46
2014-05-10,May,Sat,Weekend,7,B02682,114
2014-05-10,May,Sat,Weekend,7,B02764,3
2014-05-10,May,Sat,Weekend,8,B02512,17
2014-05-10,May,Sat,Weekend,8,B02598,179
2014-05-10,May,Sat,Weekend,8,B02617,86
2014-05-10,May,Sat,Weekend,8,B02682,146
2014-05-10,May,Sat,Weekend,8,B02764,5
2014-05-10,May,Sat,Weekend,9,B02512,33
2014-05-10,May,Sat,Weekend,9,B02598,222
2014-05-10,May,Sat,Weekend,9,B02617,92
2014-05-10,May,Sat,Weekend,9,B02682,193
2014-05-10,May,Sat,Weekend,9,B02764,3
2014-05-10,May,Sat,Weekend,10,B02512,36
2014-05-10,May,Sat,Weekend,10,B02598,232
2014-05-10,May,Sat,Weekend,10,B02617,106
2014-05-10,May,Sat,Weekend,10,B02682,215
2014-05-10,May,Sat,Weekend,10,B02764,7
2014-05-10,May,Sat,Weekend,11,B02512,54
2014-05-10,May,Sat,Weekend,11,B02598,259
2014-05-10,May,Sat,Weekend,11,B02617,124
2014-05-10,May,Sat,Weekend,11,B02682,237
2014-05-10,May,Sat,Weekend,11,B02764,9
2014-05-10,May,Sat,Weekend,12,B02512,49
2014-05-10,May,Sat,Weekend,12,B02598,304
2014-05-10,May,Sat,Weekend,12,B02617,137
2014-05-10,May,Sat,Weekend,12,B02682,279
2014-05-10,May,Sat,Weekend,12,B02764,11
2014-05-10,May,Sat,Weekend,13,B02512,56
2014-05-10,May,Sat,Weekend,13,B02598,408
2014-05-10,May,Sat,Weekend,13,B02617,181
2014-05-10,May,Sat,Weekend,13,B02682,352
2014-05-10,May,Sat,Weekend,13,B02764,12
2014-05-10,May,Sat,Weekend,14,B02512,69
2014-05-10,May,Sat,Weekend,14,B02598,449
2014-05-10,May,Sat,Weekend,14,B02617,163
2014-05-10,May,Sat,Weekend,14,B02682,378
2014-05-10,May,Sat,Weekend,14,B02764,15
2014-05-10,May,Sat,Weekend,15,B02512,105
2014-05-10,May,Sat,Weekend,15,B02598,670
2014-05-10,May,Sat,Weekend,15,B02617,243
2014-05-10,May,Sat,Weekend,15,B02682,563
2014-05-10,May,Sat,Weekend,15,B02764,34
2014-05-10,May,Sat,Weekend,16,B02512,130
2014-05-10,May,Sat,Weekend,16,B02598,811
2014-05-10,May,Sat,Weekend,16,B02617,302
2014-05-10,May,Sat,Weekend,16,B02682,659
2014-05-10,May,Sat,Weekend,16,B02764,37
2014-05-10,May,Sat,Weekend,17,B02512,101
2014-05-10,May,Sat,Weekend,17,B02598,803
2014-05-10,May,Sat,Weekend,17,B02617,304
2014-05-10,May,Sat,Weekend,17,B02682,652
2014-05-10,May,Sat,Weekend,17,B02764,30
2014-05-10,May,Sat,Weekend,18,B02512,106
2014-05-10,May,Sat,Weekend,18,B02598,773
2014-05-10,May,Sat,Weekend,18,B02617,278
2014-05-10,May,Sat,Weekend,18,B02682,653
2014-05-10,May,Sat,Weekend,18,B02764,28
2014-05-10,May,Sat,Weekend,19,B02512,86
2014-05-10,May,Sat,Weekend,19,B02598,588
2014-05-10,May,Sat,Weekend,19,B02617,198
2014-05-10,May,Sat,Weekend,19,B02682,485
2014-05-10,May,Sat,Weekend,19,B02764,8
2014-05-10,May,Sat,Weekend,20,B02512,75
2014-05-10,May,Sat,Weekend,20,B02598,475
2014-05-10,May,Sat,Weekend,20,B02617,176
2014-05-10,May,Sat,Weekend,20,B02682,396
2014-05-10,May,Sat,Weekend,20,B02764,15
2014-05-10,May,Sat,Weekend,21,B02512,85
2014-05-10,May,Sat,Weekend,21,B02598,558
2014-05-10,May,Sat,Weekend,21,B02617,204
2014-05-10,May,Sat,Weekend,21,B02682,459
2014-05-10,May,Sat,Weekend,21,B02764,16
2014-05-10,May,Sat,Weekend,22,B02512,106
2014-05-10,May,Sat,Weekend,22,B02598,751
2014-05-10,May,Sat,Weekend,22,B02617,265
2014-05-10,May,Sat,Weekend,22,B02682,593
2014-05-10,May,Sat,Weekend,22,B02764,23
2014-05-10,May,Sat,Weekend,23,B02512,93
2014-05-10,May,Sat,Weekend,23,B02598,809
2014-05-10,May,Sat,Weekend,23,B02617,304
2014-05-10,May,Sat,Weekend,23,B02682,642
2014-05-10,May,Sat,Weekend,23,B02764,40
2014-05-11,May,Sun,Weekend,0,B02512,45
2014-05-11,May,Sun,Weekend,0,B02598,529
2014-05-11,May,Sun,Weekend,0,B02617,191
2014-05-11,May,Sun,Weekend,0,B02682,424
2014-05-11,May,Sun,Weekend,0,B02764,23
2014-05-11,May,Sun,Weekend,1,B02512,13
2014-05-11,May,Sun,Weekend,1,B02598,261
2014-05-11,May,Sun,Weekend,1,B02617,96
2014-05-11,May,Sun,Weekend,1,B02682,214
2014-05-11,May,Sun,Weekend,1,B02764,9
2014-05-11,May,Sun,Weekend,2,B02512,12
2014-05-11,May,Sun,Weekend,2,B02598,147
2014-05-11,May,Sun,Weekend,2,B02617,69
2014-05-11,May,Sun,Weekend,2,B02682,117
2014-05-11,May,Sun,Weekend,2,B02764,2
2014-05-11,May,Sun,Weekend,3,B02512,5
2014-05-11,May,Sun,Weekend,3,B02598,105
2014-05-11,May,Sun,Weekend,3,B02617,36
2014-05-11,May,Sun,Weekend,3,B02682,91
2014-05-11,May,Sun,Weekend,3,B02764,4
2014-05-11,May,Sun,Weekend,4,B02512,3
2014-05-11,May,Sun,Weekend,4,B02598,80
2014-05-11,May,Sun,Weekend,4,B02617,18
2014-05-11,May,Sun,Weekend,4,B02682,50
2014-05-11,May,Sun,Weekend,4,B02764,4
2014-05-11,May,Sun,Weekend,5,B02512,2
2014-05-11,May,Sun,Weekend,5,B02598,60
2014-05-11,May,Sun,Weekend,5,B02617,24
2014-05-11,May,Sun,Weekend,5,B02682,65
2014-05-11,May,Sun,Weekend,5,B02764,1
2014-05-11,May,Sun,Weekend,6,B02512,11
2014-05-11,May,Sun,Weekend,6,B02598,76
2014-05-11,May,Sun,Weekend,6,B02617,31
2014-05-11,May,Sun,Weekend,6,B02682,69
2014-05-11,May,Sun,Weekend,7,B02512,14
2014-05-11,May,Sun,Weekend,7,B02598,102
2014-05-11,May,Sun,Weekend,7,B02617,38
2014-05-11,May,Sun,Weekend,7,B02682,102
2014-05-11,May,Sun,Weekend,7,B02764,2
2014-05-11,May,Sun,Weekend,8,B02512,30
2014-05-11,May,Sun,Weekend,8,B02598,147
2014-05-11,May,Sun,Weekend,8,B02617,69
2014-05-11,May,Sun,Weekend,8,B02682,131
2014-05-11,May,Sun,Weekend,8,B02764,1
2014-05-11,May,Sun,Weekend,9,B02512,23
2014-05-11,May,Sun,Weekend,9,B02598,220
2014-05-11,May,Sun,Weekend,9,B02617,101
2014-05-11,May,Sun,Weekend,9,B02682,197
2014-05-11,May,Sun,Weekend,9,B02764,6
2014-05-11,May,Sun,Weekend,10,B02512,38
2014-05-11,May,Sun,Weekend,10,B02598,239
2014-05-11,May,Sun,Weekend,10,B02617,112
2014-05-11,May,Sun,Weekend,10,B02682,204
2014-05-11,May,Sun,Weekend,10,B02764,5
2014-05-11,May,Sun,Weekend,11,B02512,43
2014-05-11,May,Sun,Weekend,11,B02598,282
2014-05-11,May,Sun,Weekend,11,B02617,130
2014-05-11,May,Sun,Weekend,11,B02682,255
2014-05-11,May,Sun,Weekend,11,B02764,10
2014-05-11,May,Sun,Weekend,12,B02512,48
2014-05-11,May,Sun,Weekend,12,B02598,311
2014-05-11,May,Sun,Weekend,12,B02617,135
2014-05-11,May,Sun,Weekend,12,B02682,248
2014-05-11,May,Sun,Weekend,12,B02764,16
2014-05-11,May,Sun,Weekend,13,B02512,48
2014-05-11,May,Sun,Weekend,13,B02598,330
2014-05-11,May,Sun,Weekend,13,B02617,142
2014-05-11,May,Sun,Weekend,13,B02682,272
2014-05-11,May,Sun,Weekend,13,B02764,9
2014-05-11,May,Sun,Weekend,14,B02512,53
2014-05-11,May,Sun,Weekend,14,B02598,344
2014-05-11,May,Sun,Weekend,14,B02617,161
2014-05-11,May,Sun,Weekend,14,B02682,274
2014-05-11,May,Sun,Weekend,14,B02764,18
2014-05-11,May,Sun,Weekend,15,B02512,72
2014-05-11,May,Sun,Weekend,15,B02598,417
2014-05-11,May,Sun,Weekend,15,B02617,172
2014-05-11,May,Sun,Weekend,15,B02682,343
2014-05-11,May,Sun,Weekend,15,B02764,15
2014-05-11,May,Sun,Weekend,16,B02512,68
2014-05-11,May,Sun,Weekend,16,B02598,474
2014-05-11,May,Sun,Weekend,16,B02617,194
2014-05-11,May,Sun,Weekend,16,B02682,387
2014-05-11,May,Sun,Weekend,16,B02764,10
2014-05-11,May,Sun,Weekend,17,B02512,54
2014-05-11,May,Sun,Weekend,17,B02598,464
2014-05-11,May,Sun,Weekend,17,B02617,180
2014-05-11,May,Sun,Weekend,17,B02682,364
2014-05-11,May,Sun,Weekend,17,B02764,12
2014-05-11,May,Sun,Weekend,18,B02512,55
2014-05-11,May,Sun,Weekend,18,B02598,353
2014-05-11,May,Sun,Weekend,18,B02617,150
2014-05-11,May,Sun,Weekend,18,B02682,304
2014-05-11,May,Sun,Weekend,18,B02764,14
2014-05-11,May,Sun,Weekend,19,B02512,44
2014-05-11,May,Sun,Weekend,19,B02598,330
2014-05-11,May,Sun,Weekend,19,B02617,142
2014-05-11,May,Sun,Weekend,19,B02682,272
2014-05-11,May,Sun,Weekend,19,B02764,12
2014-05-11,May,Sun,Weekend,20,B02512,38
2014-05-11,May,Sun,Weekend,20,B02598,301
2014-05-11,May,Sun,Weekend,20,B02617,145
2014-05-11,May,Sun,Weekend,20,B02682,251
2014-05-11,May,Sun,Weekend,20,B02764,15
2014-05-11,May,Sun,Weekend,21,B02512,23
2014-05-11,May,Sun,Weekend,21,B02598,309
2014-05-11,May,Sun,Weekend,21,B02617,138
2014-05-11,May,Sun,Weekend,21,B02682,233
2014-05-11,May,Sun,Weekend,21,B02764,12
2014-05-11,May,Sun,Weekend,22,B02512,15
2014-05-11,May,Sun,Weekend,22,B02598,202
2014-05-11,May,Sun,Weekend,22,B02617,89
2014-05-11,May,Sun,Weekend,22,B02682,154
2014-05-11,May,Sun,Weekend,22,B02764,3
2014-05-11,May,Sun,Weekend,23,B02512,10
2014-05-11,May,Sun,Weekend,23,B02598,115
2014-05-11,May,Sun,Weekend,23,B02617,50
2014-05-11,May,Sun,Weekend,23,B02682,96
2014-05-11,May,Sun,Weekend,23,B02764,3
2014-05-12,May,Mon,Weekday,0,B02512,4
2014-05-12,May,Mon,Weekday,0,B02598,38
2014-05-12,May,Mon,Weekday,0,B02617,26
2014-05-12,May,Mon,Weekday,0,B02682,44
2014-05-12,May,Mon,Weekday,0,B02764,2
2014-05-12,May,Mon,Weekday,1,B02512,2
2014-05-12,May,Mon,Weekday,1,B02598,23
2014-05-12,May,Mon,Weekday,1,B02617,27
2014-05-12,May,Mon,Weekday,1,B02682,29
2014-05-12,May,Mon,Weekday,1,B02764,2
2014-05-12,May,Mon,Weekday,2,B02512,2
2014-05-12,May,Mon,Weekday,2,B02598,29
2014-05-12,May,Mon,Weekday,2,B02617,11
2014-05-12,May,Mon,Weekday,2,B02682,17
2014-05-12,May,Mon,Weekday,3,B02512,7
2014-05-12,May,Mon,Weekday,3,B02598,59
2014-05-12,May,Mon,Weekday,3,B02617,26
2014-05-12,May,Mon,Weekday,3,B02682,49
2014-05-12,May,Mon,Weekday,3,B02764,2
2014-05-12,May,Mon,Weekday,4,B02512,14
2014-05-12,May,Mon,Weekday,4,B02598,110
2014-05-12,May,Mon,Weekday,4,B02617,41
2014-05-12,May,Mon,Weekday,4,B02682,98
2014-05-12,May,Mon,Weekday,4,B02764,2
2014-05-12,May,Mon,Weekday,5,B02512,23
2014-05-12,May,Mon,Weekday,5,B02598,173
2014-05-12,May,Mon,Weekday,5,B02617,84
2014-05-12,May,Mon,Weekday,5,B02682,157
2014-05-12,May,Mon,Weekday,5,B02764,3
2014-05-12,May,Mon,Weekday,6,B02512,46
2014-05-12,May,Mon,Weekday,6,B02598,296
2014-05-12,May,Mon,Weekday,6,B02617,140
2014-05-12,May,Mon,Weekday,6,B02682,306
2014-05-12,May,Mon,Weekday,6,B02764,14
2014-05-12,May,Mon,Weekday,7,B02512,71
2014-05-12,May,Mon,Weekday,7,B02598,388
2014-05-12,May,Mon,Weekday,7,B02617,179
2014-05-12,May,Mon,Weekday,7,B02682,357
2014-05-12,May,Mon,Weekday,7,B02764,12
2014-05-12,May,Mon,Weekday,8,B02512,54
2014-05-12,May,Mon,Weekday,8,B02598,343
2014-05-12,May,Mon,Weekday,8,B02617,144
2014-05-12,May,Mon,Weekday,8,B02682,302
2014-05-12,May,Mon,Weekday,8,B02764,11
2014-05-12,May,Mon,Weekday,9,B02512,46
2014-05-12,May,Mon,Weekday,9,B02598,261
2014-05-12,May,Mon,Weekday,9,B02617,108
2014-05-12,May,Mon,Weekday,9,B02682,251
2014-05-12,May,Mon,Weekday,9,B02764,11
2014-05-12,May,Mon,Weekday,10,B02512,43
2014-05-12,May,Mon,Weekday,10,B02598,227
2014-05-12,May,Mon,Weekday,10,B02617,97
2014-05-12,May,Mon,Weekday,10,B02682,219
2014-05-12,May,Mon,Weekday,10,B02764,7
2014-05-12,May,Mon,Weekday,11,B02512,29
2014-05-12,May,Mon,Weekday,11,B02598,249
2014-05-12,May,Mon,Weekday,11,B02617,107
2014-05-12,May,Mon,Weekday,11,B02682,209
2014-05-12,May,Mon,Weekday,11,B02764,9
2014-05-12,May,Mon,Weekday,12,B02512,41
2014-05-12,May,Mon,Weekday,12,B02598,270
2014-05-12,May,Mon,Weekday,12,B02617,122
2014-05-12,May,Mon,Weekday,12,B02682,236
2014-05-12,May,Mon,Weekday,12,B02764,11
2014-05-12,May,Mon,Weekday,13,B02512,45
2014-05-12,May,Mon,Weekday,13,B02598,318
2014-05-12,May,Mon,Weekday,13,B02617,150
2014-05-12,May,Mon,Weekday,13,B02682,252
2014-05-12,May,Mon,Weekday,13,B02764,13
2014-05-12,May,Mon,Weekday,14,B02512,56
2014-05-12,May,Mon,Weekday,14,B02598,431
2014-05-12,May,Mon,Weekday,14,B02617,168
2014-05-12,May,Mon,Weekday,14,B02682,360
2014-05-12,May,Mon,Weekday,14,B02764,15
2014-05-12,May,Mon,Weekday,15,B02512,66
2014-05-12,May,Mon,Weekday,15,B02598,540
2014-05-12,May,Mon,Weekday,15,B02617,241
2014-05-12,May,Mon,Weekday,15,B02682,420
2014-05-12,May,Mon,Weekday,15,B02764,16
2014-05-12,May,Mon,Weekday,16,B02512,83
2014-05-12,May,Mon,Weekday,16,B02598,603
2014-05-12,May,Mon,Weekday,16,B02617,267
2014-05-12,May,Mon,Weekday,16,B02682,524
2014-05-12,May,Mon,Weekday,16,B02764,22
2014-05-12,May,Mon,Weekday,17,B02512,92
2014-05-12,May,Mon,Weekday,17,B02598,671
2014-05-12,May,Mon,Weekday,17,B02617,291
2014-05-12,May,Mon,Weekday,17,B02682,506
2014-05-12,May,Mon,Weekday,17,B02764,20
2014-05-12,May,Mon,Weekday,18,B02512,78
2014-05-12,May,Mon,Weekday,18,B02598,466
2014-05-12,May,Mon,Weekday,18,B02617,199
2014-05-12,May,Mon,Weekday,18,B02682,374
2014-05-12,May,Mon,Weekday,18,B02764,16
2014-05-12,May,Mon,Weekday,19,B02512,54
2014-05-12,May,Mon,Weekday,19,B02598,375
2014-05-12,May,Mon,Weekday,19,B02617,131
2014-05-12,May,Mon,Weekday,19,B02682,293
2014-05-12,May,Mon,Weekday,19,B02764,9
2014-05-12,May,Mon,Weekday,20,B02512,43
2014-05-12,May,Mon,Weekday,20,B02598,396
2014-05-12,May,Mon,Weekday,20,B02617,151
2014-05-12,May,Mon,Weekday,20,B02682,326
2014-05-12,May,Mon,Weekday,20,B02764,10
2014-05-12,May,Mon,Weekday,21,B02512,61
2014-05-12,May,Mon,Weekday,21,B02598,427
2014-05-12,May,Mon,Weekday,21,B02617,154
2014-05-12,May,Mon,Weekday,21,B02682,375
2014-05-12,May,Mon,Weekday,21,B02764,12
2014-05-12,May,Mon,Weekday,22,B02512,39
2014-05-12,May,Mon,Weekday,22,B02598,257
2014-05-12,May,Mon,Weekday,22,B02617,100
2014-05-12,May,Mon,Weekday,22,B02682,241
2014-05-12,May,Mon,Weekday,22,B02764,11
2014-05-12,May,Mon,Weekday,23,B02512,24
2014-05-12,May,Mon,Weekday,23,B02598,165
2014-05-12,May,Mon,Weekday,23,B02617,57
2014-05-12,May,Mon,Weekday,23,B02682,130
2014-05-12,May,Mon,Weekday,23,B02764,6
2014-05-13,May,Tue,Weekday,0,B02512,9
2014-05-13,May,Tue,Weekday,0,B02598,77
2014-05-13,May,Tue,Weekday,0,B02617,33
2014-05-13,May,Tue,Weekday,0,B02682,63
2014-05-13,May,Tue,Weekday,0,B02764,9
2014-05-13,May,Tue,Weekday,1,B02512,9
2014-05-13,May,Tue,Weekday,1,B02598,55
2014-05-13,May,Tue,Weekday,1,B02617,18
2014-05-13,May,Tue,Weekday,1,B02682,43
2014-05-13,May,Tue,Weekday,1,B02764,3
2014-05-13,May,Tue,Weekday,2,B02512,4
2014-05-13,May,Tue,Weekday,2,B02598,28
2014-05-13,May,Tue,Weekday,2,B02617,11
2014-05-13,May,Tue,Weekday,2,B02682,28
2014-05-13,May,Tue,Weekday,2,B02764,2
2014-05-13,May,Tue,Weekday,3,B02512,4
2014-05-13,May,Tue,Weekday,3,B02598,39
2014-05-13,May,Tue,Weekday,3,B02617,20
2014-05-13,May,Tue,Weekday,3,B02682,58
2014-05-13,May,Tue,Weekday,3,B02764,1
2014-05-13,May,Tue,Weekday,4,B02512,9
2014-05-13,May,Tue,Weekday,4,B02598,59
2014-05-13,May,Tue,Weekday,4,B02617,26
2014-05-13,May,Tue,Weekday,4,B02682,75
2014-05-13,May,Tue,Weekday,4,B02764,2
2014-05-13,May,Tue,Weekday,5,B02512,19
2014-05-13,May,Tue,Weekday,5,B02598,142
2014-05-13,May,Tue,Weekday,5,B02617,84
2014-05-13,May,Tue,Weekday,5,B02682,127
2014-05-13,May,Tue,Weekday,5,B02764,4
2014-05-13,May,Tue,Weekday,6,B02512,41
2014-05-13,May,Tue,Weekday,6,B02598,353
2014-05-13,May,Tue,Weekday,6,B02617,163
2014-05-13,May,Tue,Weekday,6,B02682,303
2014-05-13,May,Tue,Weekday,6,B02764,14
2014-05-13,May,Tue,Weekday,7,B02512,63
2014-05-13,May,Tue,Weekday,7,B02598,435
2014-05-13,May,Tue,Weekday,7,B02617,219
2014-05-13,May,Tue,Weekday,7,B02682,403
2014-05-13,May,Tue,Weekday,7,B02764,16
2014-05-13,May,Tue,Weekday,8,B02512,47
2014-05-13,May,Tue,Weekday,8,B02598,317
2014-05-13,May,Tue,Weekday,8,B02617,170
2014-05-13,May,Tue,Weekday,8,B02682,300
2014-05-13,May,Tue,Weekday,8,B02764,10
2014-05-13,May,Tue,Weekday,9,B02512,39
2014-05-13,May,Tue,Weekday,9,B02598,243
2014-05-13,May,Tue,Weekday,9,B02617,117
2014-05-13,May,Tue,Weekday,9,B02682,272
2014-05-13,May,Tue,Weekday,9,B02764,11
2014-05-13,May,Tue,Weekday,10,B02512,54
2014-05-13,May,Tue,Weekday,10,B02598,253
2014-05-13,May,Tue,Weekday,10,B02617,124
2014-05-13,May,Tue,Weekday,10,B02682,213
2014-05-13,May,Tue,Weekday,10,B02764,10
2014-05-13,May,Tue,Weekday,11,B02512,56
2014-05-13,May,Tue,Weekday,11,B02598,230
2014-05-13,May,Tue,Weekday,11,B02617,113
2014-05-13,May,Tue,Weekday,11,B02682,210
2014-05-13,May,Tue,Weekday,11,B02764,17
2014-05-13,May,Tue,Weekday,12,B02512,40
2014-05-13,May,Tue,Weekday,12,B02598,266
2014-05-13,May,Tue,Weekday,12,B02617,117
2014-05-13,May,Tue,Weekday,12,B02682,215
2014-05-13,May,Tue,Weekday,12,B02764,15
2014-05-13,May,Tue,Weekday,13,B02512,56
2014-05-13,May,Tue,Weekday,13,B02598,332
2014-05-13,May,Tue,Weekday,13,B02617,157
2014-05-13,May,Tue,Weekday,13,B02682,290
2014-05-13,May,Tue,Weekday,13,B02764,13
2014-05-13,May,Tue,Weekday,14,B02512,60
2014-05-13,May,Tue,Weekday,14,B02598,437
2014-05-13,May,Tue,Weekday,14,B02617,166
2014-05-13,May,Tue,Weekday,14,B02682,334
2014-05-13,May,Tue,Weekday,14,B02764,14
2014-05-13,May,Tue,Weekday,15,B02512,86
2014-05-13,May,Tue,Weekday,15,B02598,565
2014-05-13,May,Tue,Weekday,15,B02617,220
2014-05-13,May,Tue,Weekday,15,B02682,444
2014-05-13,May,Tue,Weekday,15,B02764,21
2014-05-13,May,Tue,Weekday,16,B02512,78
2014-05-13,May,Tue,Weekday,16,B02598,651
2014-05-13,May,Tue,Weekday,16,B02617,278
2014-05-13,May,Tue,Weekday,16,B02682,494
2014-05-13,May,Tue,Weekday,16,B02764,33
2014-05-13,May,Tue,Weekday,17,B02512,115
2014-05-13,May,Tue,Weekday,17,B02598,687
2014-05-13,May,Tue,Weekday,17,B02617,275
2014-05-13,May,Tue,Weekday,17,B02682,579
2014-05-13,May,Tue,Weekday,17,B02764,27
2014-05-13,May,Tue,Weekday,18,B02512,86
2014-05-13,May,Tue,Weekday,18,B02598,530
2014-05-13,May,Tue,Weekday,18,B02617,233
2014-05-13,May,Tue,Weekday,18,B02682,464
2014-05-13,May,Tue,Weekday,18,B02764,19
2014-05-13,May,Tue,Weekday,19,B02512,81
2014-05-13,May,Tue,Weekday,19,B02598,528
2014-05-13,May,Tue,Weekday,19,B02617,197
2014-05-13,May,Tue,Weekday,19,B02682,444
2014-05-13,May,Tue,Weekday,19,B02764,15
2014-05-13,May,Tue,Weekday,20,B02512,75
2014-05-13,May,Tue,Weekday,20,B02598,566
2014-05-13,May,Tue,Weekday,20,B02617,222
2014-05-13,May,Tue,Weekday,20,B02682,461
2014-05-13,May,Tue,Weekday,20,B02764,25
2014-05-13,May,Tue,Weekday,21,B02512,53
2014-05-13,May,Tue,Weekday,21,B02598,519
2014-05-13,May,Tue,Weekday,21,B02617,225
2014-05-13,May,Tue,Weekday,21,B02682,423
2014-05-13,May,Tue,Weekday,21,B02764,17
2014-05-13,May,Tue,Weekday,22,B02512,48
2014-05-13,May,Tue,Weekday,22,B02598,359
2014-05-13,May,Tue,Weekday,22,B02617,157
2014-05-13,May,Tue,Weekday,22,B02682,314
2014-05-13,May,Tue,Weekday,22,B02764,10
2014-05-13,May,Tue,Weekday,23,B02512,17
2014-05-13,May,Tue,Weekday,23,B02598,202
2014-05-13,May,Tue,Weekday,23,B02617,98
2014-05-13,May,Tue,Weekday,23,B02682,162
2014-05-13,May,Tue,Weekday,23,B02764,6
2014-05-14,May,Wed,Weekday,0,B02512,19
2014-05-14,May,Wed,Weekday,0,B02598,92
2014-05-14,May,Wed,Weekday,0,B02617,41
2014-05-14,May,Wed,Weekday,0,B02682,80
2014-05-14,May,Wed,Weekday,0,B02764,4
2014-05-14,May,Wed,Weekday,1,B02512,6
2014-05-14,May,Wed,Weekday,1,B02598,48
2014-05-14,May,Wed,Weekday,1,B02617,30
2014-05-14,May,Wed,Weekday,1,B02682,43
2014-05-14,May,Wed,Weekday,1,B02764,3
2014-05-14,May,Wed,Weekday,2,B02512,4
2014-05-14,May,Wed,Weekday,2,B02598,39
2014-05-14,May,Wed,Weekday,2,B02617,16
2014-05-14,May,Wed,Weekday,2,B02682,24
2014-05-14,May,Wed,Weekday,3,B02512,10
2014-05-14,May,Wed,Weekday,3,B02598,61
2014-05-14,May,Wed,Weekday,3,B02617,24
2014-05-14,May,Wed,Weekday,3,B02682,39
2014-05-14,May,Wed,Weekday,4,B02512,10
2014-05-14,May,Wed,Weekday,4,B02598,88
2014-05-14,May,Wed,Weekday,4,B02617,35
2014-05-14,May,Wed,Weekday,4,B02682,73
2014-05-14,May,Wed,Weekday,4,B02764,2
2014-05-14,May,Wed,Weekday,5,B02512,25
2014-05-14,May,Wed,Weekday,5,B02598,145
2014-05-14,May,Wed,Weekday,5,B02617,81
2014-05-14,May,Wed,Weekday,5,B02682,149
2014-05-14,May,Wed,Weekday,5,B02764,4
2014-05-14,May,Wed,Weekday,6,B02512,52
2014-05-14,May,Wed,Weekday,6,B02598,358
2014-05-14,May,Wed,Weekday,6,B02617,171
2014-05-14,May,Wed,Weekday,6,B02682,333
2014-05-14,May,Wed,Weekday,6,B02764,6
2014-05-14,May,Wed,Weekday,7,B02512,64
2014-05-14,May,Wed,Weekday,7,B02598,508
2014-05-14,May,Wed,Weekday,7,B02617,242
2014-05-14,May,Wed,Weekday,7,B02682,446
2014-05-14,May,Wed,Weekday,7,B02764,12
2014-05-14,May,Wed,Weekday,8,B02512,53
2014-05-14,May,Wed,Weekday,8,B02598,405
2014-05-14,May,Wed,Weekday,8,B02617,199
2014-05-14,May,Wed,Weekday,8,B02682,376
2014-05-14,May,Wed,Weekday,8,B02764,11
2014-05-14,May,Wed,Weekday,9,B02512,37
2014-05-14,May,Wed,Weekday,9,B02598,285
2014-05-14,May,Wed,Weekday,9,B02617,117
2014-05-14,May,Wed,Weekday,9,B02682,278
2014-05-14,May,Wed,Weekday,9,B02764,8
2014-05-14,May,Wed,Weekday,10,B02512,45
2014-05-14,May,Wed,Weekday,10,B02598,286
2014-05-14,May,Wed,Weekday,10,B02617,133
2014-05-14,May,Wed,Weekday,10,B02682,244
2014-05-14,May,Wed,Weekday,10,B02764,9
2014-05-14,May,Wed,Weekday,11,B02512,39
2014-05-14,May,Wed,Weekday,11,B02598,271
2014-05-14,May,Wed,Weekday,11,B02617,146
2014-05-14,May,Wed,Weekday,11,B02682,249
2014-05-14,May,Wed,Weekday,11,B02764,14
2014-05-14,May,Wed,Weekday,12,B02512,46
2014-05-14,May,Wed,Weekday,12,B02598,283
2014-05-14,May,Wed,Weekday,12,B02617,127
2014-05-14,May,Wed,Weekday,12,B02682,297
2014-05-14,May,Wed,Weekday,12,B02764,18
2014-05-14,May,Wed,Weekday,13,B02512,50
2014-05-14,May,Wed,Weekday,13,B02598,377
2014-05-14,May,Wed,Weekday,13,B02617,165
2014-05-14,May,Wed,Weekday,13,B02682,303
2014-05-14,May,Wed,Weekday,13,B02764,17
2014-05-14,May,Wed,Weekday,14,B02512,68
2014-05-14,May,Wed,Weekday,14,B02598,516
2014-05-14,May,Wed,Weekday,14,B02617,229
2014-05-14,May,Wed,Weekday,14,B02682,418
2014-05-14,May,Wed,Weekday,14,B02764,14
2014-05-14,May,Wed,Weekday,15,B02512,77
2014-05-14,May,Wed,Weekday,15,B02598,609
2014-05-14,May,Wed,Weekday,15,B02617,250
2014-05-14,May,Wed,Weekday,15,B02682,502
2014-05-14,May,Wed,Weekday,15,B02764,22
2014-05-14,May,Wed,Weekday,16,B02512,97
2014-05-14,May,Wed,Weekday,16,B02598,652
2014-05-14,May,Wed,Weekday,16,B02617,262
2014-05-14,May,Wed,Weekday,16,B02682,528
2014-05-14,May,Wed,Weekday,16,B02764,17
2014-05-14,May,Wed,Weekday,17,B02512,91
2014-05-14,May,Wed,Weekday,17,B02598,762
2014-05-14,May,Wed,Weekday,17,B02617,316
2014-05-14,May,Wed,Weekday,17,B02682,580
2014-05-14,May,Wed,Weekday,17,B02764,14
2014-05-14,May,Wed,Weekday,18,B02512,104
2014-05-14,May,Wed,Weekday,18,B02598,780
2014-05-14,May,Wed,Weekday,18,B02617,319
2014-05-14,May,Wed,Weekday,18,B02682,670
2014-05-14,May,Wed,Weekday,18,B02764,22
2014-05-14,May,Wed,Weekday,19,B02512,86
2014-05-14,May,Wed,Weekday,19,B02598,670
2014-05-14,May,Wed,Weekday,19,B02617,274
2014-05-14,May,Wed,Weekday,19,B02682,542
2014-05-14,May,Wed,Weekday,19,B02764,26
2014-05-14,May,Wed,Weekday,20,B02512,90
2014-05-14,May,Wed,Weekday,20,B02598,638
2014-05-14,May,Wed,Weekday,20,B02617,316
2014-05-14,May,Wed,Weekday,20,B02682,541
2014-05-14,May,Wed,Weekday,20,B02764,21
2014-05-14,May,Wed,Weekday,21,B02512,81
2014-05-14,May,Wed,Weekday,21,B02598,552
2014-05-14,May,Wed,Weekday,21,B02617,245
2014-05-14,May,Wed,Weekday,21,B02682,520
2014-05-14,May,Wed,Weekday,21,B02764,24
2014-05-14,May,Wed,Weekday,22,B02512,32
2014-05-14,May,Wed,Weekday,22,B02598,370
2014-05-14,May,Wed,Weekday,22,B02617,167
2014-05-14,May,Wed,Weekday,22,B02682,292
2014-05-14,May,Wed,Weekday,22,B02764,20
2014-05-14,May,Wed,Weekday,23,B02512,17
2014-05-14,May,Wed,Weekday,23,B02598,207
2014-05-14,May,Wed,Weekday,23,B02617,90
2014-05-14,May,Wed,Weekday,23,B02682,194
2014-05-14,May,Wed,Weekday,23,B02764,9
2014-05-15,May,Thu,Weekday,0,B02512,11
2014-05-15,May,Thu,Weekday,0,B02598,123
2014-05-15,May,Thu,Weekday,0,B02617,58
2014-05-15,May,Thu,Weekday,0,B02682,108
2014-05-15,May,Thu,Weekday,0,B02764,5
2014-05-15,May,Thu,Weekday,1,B02512,7
2014-05-15,May,Thu,Weekday,1,B02598,71
2014-05-15,May,Thu,Weekday,1,B02617,33
2014-05-15,May,Thu,Weekday,1,B02682,69
2014-05-15,May,Thu,Weekday,1,B02764,3
2014-05-15,May,Thu,Weekday,2,B02512,1
2014-05-15,May,Thu,Weekday,2,B02598,56
2014-05-15,May,Thu,Weekday,2,B02617,19
2014-05-15,May,Thu,Weekday,2,B02682,35
2014-05-15,May,Thu,Weekday,2,B02764,2
2014-05-15,May,Thu,Weekday,3,B02512,8
2014-05-15,May,Thu,Weekday,3,B02598,67
2014-05-15,May,Thu,Weekday,3,B02617,25
2014-05-15,May,Thu,Weekday,3,B02682,50
2014-05-15,May,Thu,Weekday,3,B02764,1
2014-05-15,May,Thu,Weekday,4,B02512,6
2014-05-15,May,Thu,Weekday,4,B02598,123
2014-05-15,May,Thu,Weekday,4,B02617,45
2014-05-15,May,Thu,Weekday,4,B02682,90
2014-05-15,May,Thu,Weekday,4,B02764,4
2014-05-15,May,Thu,Weekday,5,B02512,27
2014-05-15,May,Thu,Weekday,5,B02598,197
2014-05-15,May,Thu,Weekday,5,B02617,81
2014-05-15,May,Thu,Weekday,5,B02682,173
2014-05-15,May,Thu,Weekday,5,B02764,4
2014-05-15,May,Thu,Weekday,6,B02512,52
2014-05-15,May,Thu,Weekday,6,B02598,400
2014-05-15,May,Thu,Weekday,6,B02617,183
2014-05-15,May,Thu,Weekday,6,B02682,391
2014-05-15,May,Thu,Weekday,6,B02764,12
2014-05-15,May,Thu,Weekday,7,B02512,63
2014-05-15,May,Thu,Weekday,7,B02598,482
2014-05-15,May,Thu,Weekday,7,B02617,236
2014-05-15,May,Thu,Weekday,7,B02682,472
2014-05-15,May,Thu,Weekday,7,B02764,9
2014-05-15,May,Thu,Weekday,8,B02512,53
2014-05-15,May,Thu,Weekday,8,B02598,434
2014-05-15,May,Thu,Weekday,8,B02617,207
2014-05-15,May,Thu,Weekday,8,B02682,420
2014-05-15,May,Thu,Weekday,8,B02764,9
2014-05-15,May,Thu,Weekday,9,B02512,46
2014-05-15,May,Thu,Weekday,9,B02598,298
2014-05-15,May,Thu,Weekday,9,B02617,148
2014-05-15,May,Thu,Weekday,9,B02682,297
2014-05-15,May,Thu,Weekday,9,B02764,11
2014-05-15,May,Thu,Weekday,10,B02512,72
2014-05-15,May,Thu,Weekday,10,B02598,365
2014-05-15,May,Thu,Weekday,10,B02617,178
2014-05-15,May,Thu,Weekday,10,B02682,361
2014-05-15,May,Thu,Weekday,10,B02764,13
2014-05-15,May,Thu,Weekday,11,B02512,57
2014-05-15,May,Thu,Weekday,11,B02598,358
2014-05-15,May,Thu,Weekday,11,B02617,198
2014-05-15,May,Thu,Weekday,11,B02682,361
2014-05-15,May,Thu,Weekday,11,B02764,18
2014-05-15,May,Thu,Weekday,12,B02512,59
2014-05-15,May,Thu,Weekday,12,B02598,399
2014-05-15,May,Thu,Weekday,12,B02617,185
2014-05-15,May,Thu,Weekday,12,B02682,323
2014-05-15,May,Thu,Weekday,12,B02764,11
2014-05-15,May,Thu,Weekday,13,B02512,70
2014-05-15,May,Thu,Weekday,13,B02598,447
2014-05-15,May,Thu,Weekday,13,B02617,215
2014-05-15,May,Thu,Weekday,13,B02682,373
2014-05-15,May,Thu,Weekday,13,B02764,15
2014-05-15,May,Thu,Weekday,14,B02512,96
2014-05-15,May,Thu,Weekday,14,B02598,573
2014-05-15,May,Thu,Weekday,14,B02617,241
2014-05-15,May,Thu,Weekday,14,B02682,455
2014-05-15,May,Thu,Weekday,14,B02764,21
2014-05-15,May,Thu,Weekday,15,B02512,87
2014-05-15,May,Thu,Weekday,15,B02598,677
2014-05-15,May,Thu,Weekday,15,B02617,303
2014-05-15,May,Thu,Weekday,15,B02682,523
2014-05-15,May,Thu,Weekday,15,B02764,12
2014-05-15,May,Thu,Weekday,16,B02512,102
2014-05-15,May,Thu,Weekday,16,B02598,742
2014-05-15,May,Thu,Weekday,16,B02617,347
2014-05-15,May,Thu,Weekday,16,B02682,659
2014-05-15,May,Thu,Weekday,16,B02764,18
2014-05-15,May,Thu,Weekday,17,B02512,128
2014-05-15,May,Thu,Weekday,17,B02598,874
2014-05-15,May,Thu,Weekday,17,B02617,409
2014-05-15,May,Thu,Weekday,17,B02682,766
2014-05-15,May,Thu,Weekday,17,B02764,24
2014-05-15,May,Thu,Weekday,18,B02512,89
2014-05-15,May,Thu,Weekday,18,B02598,842
2014-05-15,May,Thu,Weekday,18,B02617,363
2014-05-15,May,Thu,Weekday,18,B02682,689
2014-05-15,May,Thu,Weekday,18,B02764,31
2014-05-15,May,Thu,Weekday,19,B02512,82
2014-05-15,May,Thu,Weekday,19,B02598,707
2014-05-15,May,Thu,Weekday,19,B02617,312
2014-05-15,May,Thu,Weekday,19,B02682,612
2014-05-15,May,Thu,Weekday,19,B02764,25
2014-05-15,May,Thu,Weekday,20,B02512,95
2014-05-15,May,Thu,Weekday,20,B02598,752
2014-05-15,May,Thu,Weekday,20,B02617,320
2014-05-15,May,Thu,Weekday,20,B02682,588
2014-05-15,May,Thu,Weekday,20,B02764,33
2014-05-15,May,Thu,Weekday,21,B02512,85
2014-05-15,May,Thu,Weekday,21,B02598,710
2014-05-15,May,Thu,Weekday,21,B02617,343
2014-05-15,May,Thu,Weekday,21,B02682,596
2014-05-15,May,Thu,Weekday,21,B02764,40
2014-05-15,May,Thu,Weekday,22,B02512,72
2014-05-15,May,Thu,Weekday,22,B02598,568
2014-05-15,May,Thu,Weekday,22,B02617,232
2014-05-15,May,Thu,Weekday,22,B02682,463
2014-05-15,May,Thu,Weekday,22,B02764,29
2014-05-15,May,Thu,Weekday,23,B02512,39
2014-05-15,May,Thu,Weekday,23,B02598,312
2014-05-15,May,Thu,Weekday,23,B02617,117
2014-05-15,May,Thu,Weekday,23,B02682,285
2014-05-15,May,Thu,Weekday,23,B02764,10
2014-05-16,May,Fri,Weekday,0,B02512,26
2014-05-16,May,Fri,Weekday,0,B02598,154
2014-05-16,May,Fri,Weekday,0,B02617,80
2014-05-16,May,Fri,Weekday,0,B02682,150
2014-05-16,May,Fri,Weekday,0,B02764,6
2014-05-16,May,Fri,Weekday,1,B02512,18
2014-05-16,May,Fri,Weekday,1,B02598,94
2014-05-16,May,Fri,Weekday,1,B02617,42
2014-05-16,May,Fri,Weekday,1,B02682,81
2014-05-16,May,Fri,Weekday,2,B02512,4
2014-05-16,May,Fri,Weekday,2,B02598,67
2014-05-16,May,Fri,Weekday,2,B02617,30
2014-05-16,May,Fri,Weekday,2,B02682,55
2014-05-16,May,Fri,Weekday,2,B02764,2
2014-05-16,May,Fri,Weekday,3,B02512,10
2014-05-16,May,Fri,Weekday,3,B02598,92
2014-05-16,May,Fri,Weekday,3,B02617,33
2014-05-16,May,Fri,Weekday,3,B02682,71
2014-05-16,May,Fri,Weekday,3,B02764,1
2014-05-16,May,Fri,Weekday,4,B02512,20
2014-05-16,May,Fri,Weekday,4,B02598,124
2014-05-16,May,Fri,Weekday,4,B02617,36
2014-05-16,May,Fri,Weekday,4,B02682,84
2014-05-16,May,Fri,Weekday,4,B02764,7
2014-05-16,May,Fri,Weekday,5,B02512,24
2014-05-16,May,Fri,Weekday,5,B02598,155
2014-05-16,May,Fri,Weekday,5,B02617,74
2014-05-16,May,Fri,Weekday,5,B02682,176
2014-05-16,May,Fri,Weekday,5,B02764,6
2014-05-16,May,Fri,Weekday,6,B02512,47
2014-05-16,May,Fri,Weekday,6,B02598,370
2014-05-16,May,Fri,Weekday,6,B02617,184
2014-05-16,May,Fri,Weekday,6,B02682,355
2014-05-16,May,Fri,Weekday,6,B02764,5
2014-05-16,May,Fri,Weekday,7,B02512,58
2014-05-16,May,Fri,Weekday,7,B02598,460
2014-05-16,May,Fri,Weekday,7,B02617,221
2014-05-16,May,Fri,Weekday,7,B02682,460
2014-05-16,May,Fri,Weekday,7,B02764,15
2014-05-16,May,Fri,Weekday,8,B02512,36
2014-05-16,May,Fri,Weekday,8,B02598,431
2014-05-16,May,Fri,Weekday,8,B02617,215
2014-05-16,May,Fri,Weekday,8,B02682,389
2014-05-16,May,Fri,Weekday,8,B02764,15
2014-05-16,May,Fri,Weekday,9,B02512,48
2014-05-16,May,Fri,Weekday,9,B02598,330
2014-05-16,May,Fri,Weekday,9,B02617,157
2014-05-16,May,Fri,Weekday,9,B02682,307
2014-05-16,May,Fri,Weekday,9,B02764,10
2014-05-16,May,Fri,Weekday,10,B02512,61
2014-05-16,May,Fri,Weekday,10,B02598,322
2014-05-16,May,Fri,Weekday,10,B02617,156
2014-05-16,May,Fri,Weekday,10,B02682,324
2014-05-16,May,Fri,Weekday,10,B02764,7
2014-05-16,May,Fri,Weekday,11,B02512,57
2014-05-16,May,Fri,Weekday,11,B02598,376
2014-05-16,May,Fri,Weekday,11,B02617,185
2014-05-16,May,Fri,Weekday,11,B02682,357
2014-05-16,May,Fri,Weekday,11,B02764,8
2014-05-16,May,Fri,Weekday,12,B02512,64
2014-05-16,May,Fri,Weekday,12,B02598,490
2014-05-16,May,Fri,Weekday,12,B02617,207
2014-05-16,May,Fri,Weekday,12,B02682,393
2014-05-16,May,Fri,Weekday,12,B02764,18
2014-05-16,May,Fri,Weekday,13,B02512,92
2014-05-16,May,Fri,Weekday,13,B02598,523
2014-05-16,May,Fri,Weekday,13,B02617,248
2014-05-16,May,Fri,Weekday,13,B02682,421
2014-05-16,May,Fri,Weekday,13,B02764,29
2014-05-16,May,Fri,Weekday,14,B02512,101
2014-05-16,May,Fri,Weekday,14,B02598,656
2014-05-16,May,Fri,Weekday,14,B02617,304
2014-05-16,May,Fri,Weekday,14,B02682,537
2014-05-16,May,Fri,Weekday,14,B02764,37
2014-05-16,May,Fri,Weekday,15,B02512,109
2014-05-16,May,Fri,Weekday,15,B02598,773
2014-05-16,May,Fri,Weekday,15,B02617,360
2014-05-16,May,Fri,Weekday,15,B02682,649
2014-05-16,May,Fri,Weekday,15,B02764,34
2014-05-16,May,Fri,Weekday,16,B02512,105
2014-05-16,May,Fri,Weekday,16,B02598,826
2014-05-16,May,Fri,Weekday,16,B02617,381
2014-05-16,May,Fri,Weekday,16,B02682,693
2014-05-16,May,Fri,Weekday,16,B02764,37
2014-05-16,May,Fri,Weekday,17,B02512,124
2014-05-16,May,Fri,Weekday,17,B02598,973
2014-05-16,May,Fri,Weekday,17,B02617,479
2014-05-16,May,Fri,Weekday,17,B02682,824
2014-05-16,May,Fri,Weekday,17,B02764,45
2014-05-16,May,Fri,Weekday,18,B02512,115
2014-05-16,May,Fri,Weekday,18,B02598,982
2014-05-16,May,Fri,Weekday,18,B02617,448
2014-05-16,May,Fri,Weekday,18,B02682,875
2014-05-16,May,Fri,Weekday,18,B02764,34
2014-05-16,May,Fri,Weekday,19,B02512,173
2014-05-16,May,Fri,Weekday,19,B02598,1229
2014-05-16,May,Fri,Weekday,19,B02617,554
2014-05-16,May,Fri,Weekday,19,B02682,1073
2014-05-16,May,Fri,Weekday,19,B02764,47
2014-05-16,May,Fri,Weekday,20,B02512,132
2014-05-16,May,Fri,Weekday,20,B02598,951
2014-05-16,May,Fri,Weekday,20,B02617,425
2014-05-16,May,Fri,Weekday,20,B02682,793
2014-05-16,May,Fri,Weekday,20,B02764,34
2014-05-16,May,Fri,Weekday,21,B02512,151
2014-05-16,May,Fri,Weekday,21,B02598,1175
2014-05-16,May,Fri,Weekday,21,B02617,533
2014-05-16,May,Fri,Weekday,21,B02682,1007
2014-05-16,May,Fri,Weekday,21,B02764,41
2014-05-16,May,Fri,Weekday,22,B02512,114
2014-05-16,May,Fri,Weekday,22,B02598,881
2014-05-16,May,Fri,Weekday,22,B02617,385
2014-05-16,May,Fri,Weekday,22,B02682,766
2014-05-16,May,Fri,Weekday,22,B02764,29
2014-05-16,May,Fri,Weekday,23,B02512,61
2014-05-16,May,Fri,Weekday,23,B02598,557
2014-05-16,May,Fri,Weekday,23,B02617,245
2014-05-16,May,Fri,Weekday,23,B02682,444
2014-05-16,May,Fri,Weekday,23,B02764,19
2014-05-17,May,Sat,Weekend,0,B02512,33
2014-05-17,May,Sat,Weekend,0,B02598,312
2014-05-17,May,Sat,Weekend,0,B02617,150
2014-05-17,May,Sat,Weekend,0,B02682,266
2014-05-17,May,Sat,Weekend,0,B02764,13
2014-05-17,May,Sat,Weekend,1,B02512,18
2014-05-17,May,Sat,Weekend,1,B02598,166
2014-05-17,May,Sat,Weekend,1,B02617,66
2014-05-17,May,Sat,Weekend,1,B02682,167
2014-05-17,May,Sat,Weekend,1,B02764,6
2014-05-17,May,Sat,Weekend,2,B02512,10
2014-05-17,May,Sat,Weekend,2,B02598,139
2014-05-17,May,Sat,Weekend,2,B02617,44
2014-05-17,May,Sat,Weekend,2,B02682,101
2014-05-17,May,Sat,Weekend,2,B02764,2
2014-05-17,May,Sat,Weekend,3,B02512,10
2014-05-17,May,Sat,Weekend,3,B02598,106
2014-05-17,May,Sat,Weekend,3,B02617,39
2014-05-17,May,Sat,Weekend,3,B02682,83
2014-05-17,May,Sat,Weekend,3,B02764,1
2014-05-17,May,Sat,Weekend,4,B02512,10
2014-05-17,May,Sat,Weekend,4,B02598,116
2014-05-17,May,Sat,Weekend,4,B02617,42
2014-05-17,May,Sat,Weekend,4,B02682,107
2014-05-17,May,Sat,Weekend,4,B02764,2
2014-05-17,May,Sat,Weekend,5,B02512,5
2014-05-17,May,Sat,Weekend,5,B02598,98
2014-05-17,May,Sat,Weekend,5,B02617,44
2014-05-17,May,Sat,Weekend,5,B02682,92
2014-05-17,May,Sat,Weekend,5,B02764,2
2014-05-17,May,Sat,Weekend,6,B02512,16
2014-05-17,May,Sat,Weekend,6,B02598,114
2014-05-17,May,Sat,Weekend,6,B02617,42
2014-05-17,May,Sat,Weekend,6,B02682,93
2014-05-17,May,Sat,Weekend,6,B02764,4
2014-05-17,May,Sat,Weekend,7,B02512,20
2014-05-17,May,Sat,Weekend,7,B02598,143
2014-05-17,May,Sat,Weekend,7,B02617,55
2014-05-17,May,Sat,Weekend,7,B02682,125
2014-05-17,May,Sat,Weekend,7,B02764,4
2014-05-17,May,Sat,Weekend,8,B02512,23
2014-05-17,May,Sat,Weekend,8,B02598,169
2014-05-17,May,Sat,Weekend,8,B02617,74
2014-05-17,May,Sat,Weekend,8,B02682,162
2014-05-17,May,Sat,Weekend,8,B02764,6
2014-05-17,May,Sat,Weekend,9,B02512,33
2014-05-17,May,Sat,Weekend,9,B02598,194
2014-05-17,May,Sat,Weekend,9,B02617,104
2014-05-17,May,Sat,Weekend,9,B02682,205
2014-05-17,May,Sat,Weekend,9,B02764,9
2014-05-17,May,Sat,Weekend,10,B02512,36
2014-05-17,May,Sat,Weekend,10,B02598,230
2014-05-17,May,Sat,Weekend,10,B02617,102
2014-05-17,May,Sat,Weekend,10,B02682,211
2014-05-17,May,Sat,Weekend,10,B02764,10
2014-05-17,May,Sat,Weekend,11,B02512,52
2014-05-17,May,Sat,Weekend,11,B02598,229
2014-05-17,May,Sat,Weekend,11,B02617,119
2014-05-17,May,Sat,Weekend,11,B02682,246
2014-05-17,May,Sat,Weekend,11,B02764,6
2014-05-17,May,Sat,Weekend,12,B02512,41
2014-05-17,May,Sat,Weekend,12,B02598,296
2014-05-17,May,Sat,Weekend,12,B02617,135
2014-05-17,May,Sat,Weekend,12,B02682,272
2014-05-17,May,Sat,Weekend,12,B02764,4
2014-05-17,May,Sat,Weekend,13,B02512,46
2014-05-17,May,Sat,Weekend,13,B02598,344
2014-05-17,May,Sat,Weekend,13,B02617,150
2014-05-17,May,Sat,Weekend,13,B02682,312
2014-05-17,May,Sat,Weekend,13,B02764,7
2014-05-17,May,Sat,Weekend,14,B02512,55
2014-05-17,May,Sat,Weekend,14,B02598,417
2014-05-17,May,Sat,Weekend,14,B02617,171
2014-05-17,May,Sat,Weekend,14,B02682,354
2014-05-17,May,Sat,Weekend,14,B02764,18
2014-05-17,May,Sat,Weekend,15,B02512,74
2014-05-17,May,Sat,Weekend,15,B02598,523
2014-05-17,May,Sat,Weekend,15,B02617,235
2014-05-17,May,Sat,Weekend,15,B02682,476
2014-05-17,May,Sat,Weekend,15,B02764,21
2014-05-17,May,Sat,Weekend,16,B02512,89
2014-05-17,May,Sat,Weekend,16,B02598,669
2014-05-17,May,Sat,Weekend,16,B02617,245
2014-05-17,May,Sat,Weekend,16,B02682,567
2014-05-17,May,Sat,Weekend,16,B02764,23
2014-05-17,May,Sat,Weekend,17,B02512,84
2014-05-17,May,Sat,Weekend,17,B02598,682
2014-05-17,May,Sat,Weekend,17,B02617,307
2014-05-17,May,Sat,Weekend,17,B02682,545
2014-05-17,May,Sat,Weekend,17,B02764,25
2014-05-17,May,Sat,Weekend,18,B02512,105
2014-05-17,May,Sat,Weekend,18,B02598,724
2014-05-17,May,Sat,Weekend,18,B02617,274
2014-05-17,May,Sat,Weekend,18,B02682,575
2014-05-17,May,Sat,Weekend,18,B02764,32
2014-05-17,May,Sat,Weekend,19,B02512,71
2014-05-17,May,Sat,Weekend,19,B02598,668
2014-05-17,May,Sat,Weekend,19,B02617,243
2014-05-17,May,Sat,Weekend,19,B02682,500
2014-05-17,May,Sat,Weekend,19,B02764,24
2014-05-17,May,Sat,Weekend,20,B02512,69
2014-05-17,May,Sat,Weekend,20,B02598,635
2014-05-17,May,Sat,Weekend,20,B02617,275
2014-05-17,May,Sat,Weekend,20,B02682,438
2014-05-17,May,Sat,Weekend,20,B02764,21
2014-05-17,May,Sat,Weekend,21,B02512,83
2014-05-17,May,Sat,Weekend,21,B02598,736
2014-05-17,May,Sat,Weekend,21,B02617,307
2014-05-17,May,Sat,Weekend,21,B02682,548
2014-05-17,May,Sat,Weekend,21,B02764,27
2014-05-17,May,Sat,Weekend,22,B02512,77
2014-05-17,May,Sat,Weekend,22,B02598,815
2014-05-17,May,Sat,Weekend,22,B02617,318
2014-05-17,May,Sat,Weekend,22,B02682,590
2014-05-17,May,Sat,Weekend,22,B02764,33
2014-05-17,May,Sat,Weekend,23,B02512,89
2014-05-17,May,Sat,Weekend,23,B02598,802
2014-05-17,May,Sat,Weekend,23,B02617,315
2014-05-17,May,Sat,Weekend,23,B02682,600
2014-05-17,May,Sat,Weekend,23,B02764,27
2014-05-18,May,Sun,Weekend,0,B02512,71
2014-05-18,May,Sun,Weekend,0,B02598,597
2014-05-18,May,Sun,Weekend,0,B02617,270
2014-05-18,May,Sun,Weekend,0,B02682,462
2014-05-18,May,Sun,Weekend,0,B02764,20
2014-05-18,May,Sun,Weekend,1,B02512,46
2014-05-18,May,Sun,Weekend,1,B02598,421
2014-05-18,May,Sun,Weekend,1,B02617,183
2014-05-18,May,Sun,Weekend,1,B02682,333
2014-05-18,May,Sun,Weekend,1,B02764,9
2014-05-18,May,Sun,Weekend,2,B02512,15
2014-05-18,May,Sun,Weekend,2,B02598,222
2014-05-18,May,Sun,Weekend,2,B02617,129
2014-05-18,May,Sun,Weekend,2,B02682,189
2014-05-18,May,Sun,Weekend,2,B02764,9
2014-05-18,May,Sun,Weekend,3,B02512,18
2014-05-18,May,Sun,Weekend,3,B02598,162
2014-05-18,May,Sun,Weekend,3,B02617,83
2014-05-18,May,Sun,Weekend,3,B02682,123
2014-05-18,May,Sun,Weekend,3,B02764,3
2014-05-18,May,Sun,Weekend,4,B02512,8
2014-05-18,May,Sun,Weekend,4,B02598,91
2014-05-18,May,Sun,Weekend,4,B02617,46
2014-05-18,May,Sun,Weekend,4,B02682,66
2014-05-18,May,Sun,Weekend,4,B02764,1
2014-05-18,May,Sun,Weekend,5,B02512,4
2014-05-18,May,Sun,Weekend,5,B02598,82
2014-05-18,May,Sun,Weekend,5,B02617,25
2014-05-18,May,Sun,Weekend,5,B02682,62
2014-05-18,May,Sun,Weekend,5,B02764,3
2014-05-18,May,Sun,Weekend,6,B02512,5
2014-05-18,May,Sun,Weekend,6,B02598,77
2014-05-18,May,Sun,Weekend,6,B02617,36
2014-05-18,May,Sun,Weekend,6,B02682,78
2014-05-18,May,Sun,Weekend,6,B02764,1
2014-05-18,May,Sun,Weekend,7,B02512,8
2014-05-18,May,Sun,Weekend,7,B02598,127
2014-05-18,May,Sun,Weekend,7,B02617,44
2014-05-18,May,Sun,Weekend,7,B02682,84
2014-05-18,May,Sun,Weekend,7,B02764,3
2014-05-18,May,Sun,Weekend,8,B02512,31
2014-05-18,May,Sun,Weekend,8,B02598,168
2014-05-18,May,Sun,Weekend,8,B02617,67
2014-05-18,May,Sun,Weekend,8,B02682,129
2014-05-18,May,Sun,Weekend,8,B02764,5
2014-05-18,May,Sun,Weekend,9,B02512,39
2014-05-18,May,Sun,Weekend,9,B02598,220
2014-05-18,May,Sun,Weekend,9,B02617,94
2014-05-18,May,Sun,Weekend,9,B02682,190
2014-05-18,May,Sun,Weekend,9,B02764,3
2014-05-18,May,Sun,Weekend,10,B02512,63
2014-05-18,May,Sun,Weekend,10,B02598,258
2014-05-18,May,Sun,Weekend,10,B02617,118
2014-05-18,May,Sun,Weekend,10,B02682,228
2014-05-18,May,Sun,Weekend,10,B02764,3
2014-05-18,May,Sun,Weekend,11,B02512,64
2014-05-18,May,Sun,Weekend,11,B02598,321
2014-05-18,May,Sun,Weekend,11,B02617,153
2014-05-18,May,Sun,Weekend,11,B02682,232
2014-05-18,May,Sun,Weekend,11,B02764,4
2014-05-18,May,Sun,Weekend,12,B02512,66
2014-05-18,May,Sun,Weekend,12,B02598,317
2014-05-18,May,Sun,Weekend,12,B02617,135
2014-05-18,May,Sun,Weekend,12,B02682,278
2014-05-18,May,Sun,Weekend,12,B02764,5
2014-05-18,May,Sun,Weekend,13,B02512,51
2014-05-18,May,Sun,Weekend,13,B02598,369
2014-05-18,May,Sun,Weekend,13,B02617,158
2014-05-18,May,Sun,Weekend,13,B02682,286
2014-05-18,May,Sun,Weekend,13,B02764,8
2014-05-18,May,Sun,Weekend,14,B02512,61
2014-05-18,May,Sun,Weekend,14,B02598,428
2014-05-18,May,Sun,Weekend,14,B02617,170
2014-05-18,May,Sun,Weekend,14,B02682,316
2014-05-18,May,Sun,Weekend,14,B02764,9
2014-05-18,May,Sun,Weekend,15,B02512,65
2014-05-18,May,Sun,Weekend,15,B02598,443
2014-05-18,May,Sun,Weekend,15,B02617,178
2014-05-18,May,Sun,Weekend,15,B02682,323
2014-05-18,May,Sun,Weekend,15,B02764,15
2014-05-18,May,Sun,Weekend,16,B02512,80
2014-05-18,May,Sun,Weekend,16,B02598,489
2014-05-18,May,Sun,Weekend,16,B02617,212
2014-05-18,May,Sun,Weekend,16,B02682,373
2014-05-18,May,Sun,Weekend,16,B02764,19
2014-05-18,May,Sun,Weekend,17,B02512,56
2014-05-18,May,Sun,Weekend,17,B02598,457
2014-05-18,May,Sun,Weekend,17,B02617,183
2014-05-18,May,Sun,Weekend,17,B02682,336
2014-05-18,May,Sun,Weekend,17,B02764,11
2014-05-18,May,Sun,Weekend,18,B02512,48
2014-05-18,May,Sun,Weekend,18,B02598,380
2014-05-18,May,Sun,Weekend,18,B02617,144
2014-05-18,May,Sun,Weekend,18,B02682,268
2014-05-18,May,Sun,Weekend,18,B02764,15
2014-05-18,May,Sun,Weekend,19,B02512,54
2014-05-18,May,Sun,Weekend,19,B02598,328
2014-05-18,May,Sun,Weekend,19,B02617,133
2014-05-18,May,Sun,Weekend,19,B02682,257
2014-05-18,May,Sun,Weekend,19,B02764,10
2014-05-18,May,Sun,Weekend,20,B02512,47
2014-05-18,May,Sun,Weekend,20,B02598,318
2014-05-18,May,Sun,Weekend,20,B02617,126
2014-05-18,May,Sun,Weekend,20,B02682,274
2014-05-18,May,Sun,Weekend,20,B02764,10
2014-05-18,May,Sun,Weekend,21,B02512,43
2014-05-18,May,Sun,Weekend,21,B02598,302
2014-05-18,May,Sun,Weekend,21,B02617,125
2014-05-18,May,Sun,Weekend,21,B02682,275
2014-05-18,May,Sun,Weekend,21,B02764,9
2014-05-18,May,Sun,Weekend,22,B02512,22
2014-05-18,May,Sun,Weekend,22,B02598,200
2014-05-18,May,Sun,Weekend,22,B02617,112
2014-05-18,May,Sun,Weekend,22,B02682,178
2014-05-18,May,Sun,Weekend,22,B02764,5
2014-05-18,May,Sun,Weekend,23,B02512,26
2014-05-18,May,Sun,Weekend,23,B02598,124
2014-05-18,May,Sun,Weekend,23,B02617,64
2014-05-18,May,Sun,Weekend,23,B02682,105
2014-05-18,May,Sun,Weekend,23,B02764,3
2014-05-19,May,Mon,Weekday,0,B02512,12
2014-05-19,May,Mon,Weekday,0,B02598,54
2014-05-19,May,Mon,Weekday,0,B02617,29
2014-05-19,May,Mon,Weekday,0,B02682,49
2014-05-19,May,Mon,Weekday,0,B02764,1
2014-05-19,May,Mon,Weekday,1,B02512,6
2014-05-19,May,Mon,Weekday,1,B02598,39
2014-05-19,May,Mon,Weekday,1,B02617,21
2014-05-19,May,Mon,Weekday,1,B02682,17
2014-05-19,May,Mon,Weekday,2,B02512,7
2014-05-19,May,Mon,Weekday,2,B02598,27
2014-05-19,May,Mon,Weekday,2,B02617,15
2014-05-19,May,Mon,Weekday,2,B02682,18
2014-05-19,May,Mon,Weekday,3,B02512,12
2014-05-19,May,Mon,Weekday,3,B02598,61
2014-05-19,May,Mon,Weekday,3,B02617,24
2014-05-19,May,Mon,Weekday,3,B02682,58
2014-05-19,May,Mon,Weekday,3,B02764,1
2014-05-19,May,Mon,Weekday,4,B02512,24
2014-05-19,May,Mon,Weekday,4,B02598,115
2014-05-19,May,Mon,Weekday,4,B02617,54
2014-05-19,May,Mon,Weekday,4,B02682,120
2014-05-19,May,Mon,Weekday,4,B02764,3
2014-05-19,May,Mon,Weekday,5,B02512,25
2014-05-19,May,Mon,Weekday,5,B02598,176
2014-05-19,May,Mon,Weekday,5,B02617,77
2014-05-19,May,Mon,Weekday,5,B02682,186
2014-05-19,May,Mon,Weekday,5,B02764,2
2014-05-19,May,Mon,Weekday,6,B02512,48
2014-05-19,May,Mon,Weekday,6,B02598,339
2014-05-19,May,Mon,Weekday,6,B02617,186
2014-05-19,May,Mon,Weekday,6,B02682,319
2014-05-19,May,Mon,Weekday,6,B02764,14
2014-05-19,May,Mon,Weekday,7,B02512,60
2014-05-19,May,Mon,Weekday,7,B02598,423
2014-05-19,May,Mon,Weekday,7,B02617,201
2014-05-19,May,Mon,Weekday,7,B02682,374
2014-05-19,May,Mon,Weekday,7,B02764,19
2014-05-19,May,Mon,Weekday,8,B02512,53
2014-05-19,May,Mon,Weekday,8,B02598,371
2014-05-19,May,Mon,Weekday,8,B02617,187
2014-05-19,May,Mon,Weekday,8,B02682,351
2014-05-19,May,Mon,Weekday,8,B02764,17
2014-05-19,May,Mon,Weekday,9,B02512,37
2014-05-19,May,Mon,Weekday,9,B02598,268
2014-05-19,May,Mon,Weekday,9,B02617,128
2014-05-19,May,Mon,Weekday,9,B02682,231
2014-05-19,May,Mon,Weekday,9,B02764,11
2014-05-19,May,Mon,Weekday,10,B02512,43
2014-05-19,May,Mon,Weekday,10,B02598,227
2014-05-19,May,Mon,Weekday,10,B02617,113
2014-05-19,May,Mon,Weekday,10,B02682,206
2014-05-19,May,Mon,Weekday,10,B02764,10
2014-05-19,May,Mon,Weekday,11,B02512,43
2014-05-19,May,Mon,Weekday,11,B02598,264
2014-05-19,May,Mon,Weekday,11,B02617,140
2014-05-19,May,Mon,Weekday,11,B02682,201
2014-05-19,May,Mon,Weekday,11,B02764,10
2014-05-19,May,Mon,Weekday,12,B02512,42
2014-05-19,May,Mon,Weekday,12,B02598,281
2014-05-19,May,Mon,Weekday,12,B02617,121
2014-05-19,May,Mon,Weekday,12,B02682,217
2014-05-19,May,Mon,Weekday,12,B02764,13
2014-05-19,May,Mon,Weekday,13,B02512,52
2014-05-19,May,Mon,Weekday,13,B02598,326
2014-05-19,May,Mon,Weekday,13,B02617,162
2014-05-19,May,Mon,Weekday,13,B02682,282
2014-05-19,May,Mon,Weekday,13,B02764,13
2014-05-19,May,Mon,Weekday,14,B02512,74
2014-05-19,May,Mon,Weekday,14,B02598,470
2014-05-19,May,Mon,Weekday,14,B02617,203
2014-05-19,May,Mon,Weekday,14,B02682,356
2014-05-19,May,Mon,Weekday,14,B02764,19
2014-05-19,May,Mon,Weekday,15,B02512,86
2014-05-19,May,Mon,Weekday,15,B02598,536
2014-05-19,May,Mon,Weekday,15,B02617,242
2014-05-19,May,Mon,Weekday,15,B02682,390
2014-05-19,May,Mon,Weekday,15,B02764,26
2014-05-19,May,Mon,Weekday,16,B02512,94
2014-05-19,May,Mon,Weekday,16,B02598,606
2014-05-19,May,Mon,Weekday,16,B02617,288
2014-05-19,May,Mon,Weekday,16,B02682,425
2014-05-19,May,Mon,Weekday,16,B02764,22
2014-05-19,May,Mon,Weekday,17,B02512,103
2014-05-19,May,Mon,Weekday,17,B02598,616
2014-05-19,May,Mon,Weekday,17,B02617,309
2014-05-19,May,Mon,Weekday,17,B02682,505
2014-05-19,May,Mon,Weekday,17,B02764,25
2014-05-19,May,Mon,Weekday,18,B02512,63
2014-05-19,May,Mon,Weekday,18,B02598,496
2014-05-19,May,Mon,Weekday,18,B02617,236
2014-05-19,May,Mon,Weekday,18,B02682,405
2014-05-19,May,Mon,Weekday,18,B02764,24
2014-05-19,May,Mon,Weekday,19,B02512,55
2014-05-19,May,Mon,Weekday,19,B02598,408
2014-05-19,May,Mon,Weekday,19,B02617,192
2014-05-19,May,Mon,Weekday,19,B02682,341
2014-05-19,May,Mon,Weekday,19,B02764,27
2014-05-19,May,Mon,Weekday,20,B02512,51
2014-05-19,May,Mon,Weekday,20,B02598,415
2014-05-19,May,Mon,Weekday,20,B02617,213
2014-05-19,May,Mon,Weekday,20,B02682,371
2014-05-19,May,Mon,Weekday,20,B02764,29
2014-05-19,May,Mon,Weekday,21,B02512,55
2014-05-19,May,Mon,Weekday,21,B02598,392
2014-05-19,May,Mon,Weekday,21,B02617,192
2014-05-19,May,Mon,Weekday,21,B02682,336
2014-05-19,May,Mon,Weekday,21,B02764,30
2014-05-19,May,Mon,Weekday,22,B02512,23
2014-05-19,May,Mon,Weekday,22,B02598,251
2014-05-19,May,Mon,Weekday,22,B02617,112
2014-05-19,May,Mon,Weekday,22,B02682,205
2014-05-19,May,Mon,Weekday,22,B02764,14
2014-05-19,May,Mon,Weekday,23,B02512,21
2014-05-19,May,Mon,Weekday,23,B02598,139
2014-05-19,May,Mon,Weekday,23,B02617,57
2014-05-19,May,Mon,Weekday,23,B02682,127
2014-05-19,May,Mon,Weekday,23,B02764,4
2014-05-20,May,Tue,Weekday,0,B02512,8
2014-05-20,May,Tue,Weekday,0,B02598,81
2014-05-20,May,Tue,Weekday,0,B02617,29
2014-05-20,May,Tue,Weekday,0,B02682,60
2014-05-20,May,Tue,Weekday,0,B02764,2
2014-05-20,May,Tue,Weekday,1,B02512,4
2014-05-20,May,Tue,Weekday,1,B02598,43
2014-05-20,May,Tue,Weekday,1,B02617,16
2014-05-20,May,Tue,Weekday,1,B02682,32
2014-05-20,May,Tue,Weekday,1,B02764,1
2014-05-20,May,Tue,Weekday,2,B02512,2
2014-05-20,May,Tue,Weekday,2,B02598,32
2014-05-20,May,Tue,Weekday,2,B02617,14
2014-05-20,May,Tue,Weekday,2,B02682,26
2014-05-20,May,Tue,Weekday,2,B02764,1
2014-05-20,May,Tue,Weekday,3,B02512,7
2014-05-20,May,Tue,Weekday,3,B02598,61
2014-05-20,May,Tue,Weekday,3,B02617,29
2014-05-20,May,Tue,Weekday,3,B02682,50
2014-05-20,May,Tue,Weekday,3,B02764,3
2014-05-20,May,Tue,Weekday,4,B02512,12
2014-05-20,May,Tue,Weekday,4,B02598,99
2014-05-20,May,Tue,Weekday,4,B02617,34
2014-05-20,May,Tue,Weekday,4,B02682,73
2014-05-20,May,Tue,Weekday,4,B02764,3
2014-05-20,May,Tue,Weekday,5,B02512,26
2014-05-20,May,Tue,Weekday,5,B02598,153
2014-05-20,May,Tue,Weekday,5,B02617,81
2014-05-20,May,Tue,Weekday,5,B02682,128
2014-05-20,May,Tue,Weekday,5,B02764,2
2014-05-20,May,Tue,Weekday,6,B02512,47
2014-05-20,May,Tue,Weekday,6,B02598,347
2014-05-20,May,Tue,Weekday,6,B02617,147
2014-05-20,May,Tue,Weekday,6,B02682,293
2014-05-20,May,Tue,Weekday,6,B02764,10
2014-05-20,May,Tue,Weekday,7,B02512,66
2014-05-20,May,Tue,Weekday,7,B02598,449
2014-05-20,May,Tue,Weekday,7,B02617,215
2014-05-20,May,Tue,Weekday,7,B02682,376
2014-05-20,May,Tue,Weekday,7,B02764,16
2014-05-20,May,Tue,Weekday,8,B02512,51
2014-05-20,May,Tue,Weekday,8,B02598,381
2014-05-20,May,Tue,Weekday,8,B02617,176
2014-05-20,May,Tue,Weekday,8,B02682,336
2014-05-20,May,Tue,Weekday,8,B02764,15
2014-05-20,May,Tue,Weekday,9,B02512,34
2014-05-20,May,Tue,Weekday,9,B02598,300
2014-05-20,May,Tue,Weekday,9,B02617,128
2014-05-20,May,Tue,Weekday,9,B02682,257
2014-05-20,May,Tue,Weekday,9,B02764,9
2014-05-20,May,Tue,Weekday,10,B02512,42
2014-05-20,May,Tue,Weekday,10,B02598,269
2014-05-20,May,Tue,Weekday,10,B02617,145
2014-05-20,May,Tue,Weekday,10,B02682,244
2014-05-20,May,Tue,Weekday,10,B02764,6
2014-05-20,May,Tue,Weekday,11,B02512,55
2014-05-20,May,Tue,Weekday,11,B02598,269
2014-05-20,May,Tue,Weekday,11,B02617,127
2014-05-20,May,Tue,Weekday,11,B02682,284
2014-05-20,May,Tue,Weekday,11,B02764,11
2014-05-20,May,Tue,Weekday,12,B02512,55
2014-05-20,May,Tue,Weekday,12,B02598,300
2014-05-20,May,Tue,Weekday,12,B02617,149
2014-05-20,May,Tue,Weekday,12,B02682,267
2014-05-20,May,Tue,Weekday,12,B02764,10
2014-05-20,May,Tue,Weekday,13,B02512,71
2014-05-20,May,Tue,Weekday,13,B02598,411
2014-05-20,May,Tue,Weekday,13,B02617,192
2014-05-20,May,Tue,Weekday,13,B02682,273
2014-05-20,May,Tue,Weekday,13,B02764,12
2014-05-20,May,Tue,Weekday,14,B02512,79
2014-05-20,May,Tue,Weekday,14,B02598,496
2014-05-20,May,Tue,Weekday,14,B02617,210
2014-05-20,May,Tue,Weekday,14,B02682,394
2014-05-20,May,Tue,Weekday,14,B02764,15
2014-05-20,May,Tue,Weekday,15,B02512,88
2014-05-20,May,Tue,Weekday,15,B02598,559
2014-05-20,May,Tue,Weekday,15,B02617,273
2014-05-20,May,Tue,Weekday,15,B02682,462
2014-05-20,May,Tue,Weekday,15,B02764,25
2014-05-20,May,Tue,Weekday,16,B02512,105
2014-05-20,May,Tue,Weekday,16,B02598,648
2014-05-20,May,Tue,Weekday,16,B02617,284
2014-05-20,May,Tue,Weekday,16,B02682,533
2014-05-20,May,Tue,Weekday,16,B02764,26
2014-05-20,May,Tue,Weekday,17,B02512,138
2014-05-20,May,Tue,Weekday,17,B02598,705
2014-05-20,May,Tue,Weekday,17,B02617,319
2014-05-20,May,Tue,Weekday,17,B02682,617
2014-05-20,May,Tue,Weekday,17,B02764,26
2014-05-20,May,Tue,Weekday,18,B02512,87
2014-05-20,May,Tue,Weekday,18,B02598,614
2014-05-20,May,Tue,Weekday,18,B02617,282
2014-05-20,May,Tue,Weekday,18,B02682,505
2014-05-20,May,Tue,Weekday,18,B02764,20
2014-05-20,May,Tue,Weekday,19,B02512,77
2014-05-20,May,Tue,Weekday,19,B02598,525
2014-05-20,May,Tue,Weekday,19,B02617,248
2014-05-20,May,Tue,Weekday,19,B02682,459
2014-05-20,May,Tue,Weekday,19,B02764,25
2014-05-20,May,Tue,Weekday,20,B02512,92
2014-05-20,May,Tue,Weekday,20,B02598,521
2014-05-20,May,Tue,Weekday,20,B02617,280
2014-05-20,May,Tue,Weekday,20,B02682,507
2014-05-20,May,Tue,Weekday,20,B02764,21
2014-05-20,May,Tue,Weekday,21,B02512,73
2014-05-20,May,Tue,Weekday,21,B02598,494
2014-05-20,May,Tue,Weekday,21,B02617,232
2014-05-20,May,Tue,Weekday,21,B02682,469
2014-05-20,May,Tue,Weekday,21,B02764,18
2014-05-20,May,Tue,Weekday,22,B02512,56
2014-05-20,May,Tue,Weekday,22,B02598,342
2014-05-20,May,Tue,Weekday,22,B02617,170
2014-05-20,May,Tue,Weekday,22,B02682,308
2014-05-20,May,Tue,Weekday,22,B02764,18
2014-05-20,May,Tue,Weekday,23,B02512,18
2014-05-20,May,Tue,Weekday,23,B02598,192
2014-05-20,May,Tue,Weekday,23,B02617,76
2014-05-20,May,Tue,Weekday,23,B02682,166
2014-05-20,May,Tue,Weekday,23,B02764,6
2014-05-21,May,Wed,Weekday,0,B02512,18
2014-05-21,May,Wed,Weekday,0,B02598,77
2014-05-21,May,Wed,Weekday,0,B02617,42
2014-05-21,May,Wed,Weekday,0,B02682,75
2014-05-21,May,Wed,Weekday,0,B02764,2
2014-05-21,May,Wed,Weekday,1,B02512,7
2014-05-21,May,Wed,Weekday,1,B02598,50
2014-05-21,May,Wed,Weekday,1,B02617,28
2014-05-21,May,Wed,Weekday,1,B02682,47
2014-05-21,May,Wed,Weekday,1,B02764,2
2014-05-21,May,Wed,Weekday,2,B02512,4
2014-05-21,May,Wed,Weekday,2,B02598,47
2014-05-21,May,Wed,Weekday,2,B02617,16
2014-05-21,May,Wed,Weekday,2,B02682,34
2014-05-21,May,Wed,Weekday,2,B02764,1
2014-05-21,May,Wed,Weekday,3,B02512,17
2014-05-21,May,Wed,Weekday,3,B02598,61
2014-05-21,May,Wed,Weekday,3,B02617,30
2014-05-21,May,Wed,Weekday,3,B02682,65
2014-05-21,May,Wed,Weekday,3,B02764,2
2014-05-21,May,Wed,Weekday,4,B02512,8
2014-05-21,May,Wed,Weekday,4,B02598,95
2014-05-21,May,Wed,Weekday,4,B02617,46
2014-05-21,May,Wed,Weekday,4,B02682,87
2014-05-21,May,Wed,Weekday,4,B02764,1
2014-05-21,May,Wed,Weekday,5,B02512,25
2014-05-21,May,Wed,Weekday,5,B02598,155
2014-05-21,May,Wed,Weekday,5,B02617,65
2014-05-21,May,Wed,Weekday,5,B02682,146
2014-05-21,May,Wed,Weekday,5,B02764,1
2014-05-21,May,Wed,Weekday,6,B02512,50
2014-05-21,May,Wed,Weekday,6,B02598,365
2014-05-21,May,Wed,Weekday,6,B02617,186
2014-05-21,May,Wed,Weekday,6,B02682,326
2014-05-21,May,Wed,Weekday,6,B02764,10
2014-05-21,May,Wed,Weekday,7,B02512,64
2014-05-21,May,Wed,Weekday,7,B02598,446
2014-05-21,May,Wed,Weekday,7,B02617,261
2014-05-21,May,Wed,Weekday,7,B02682,415
2014-05-21,May,Wed,Weekday,7,B02764,12
2014-05-21,May,Wed,Weekday,8,B02512,52
2014-05-21,May,Wed,Weekday,8,B02598,391
2014-05-21,May,Wed,Weekday,8,B02617,216
2014-05-21,May,Wed,Weekday,8,B02682,377
2014-05-21,May,Wed,Weekday,8,B02764,14
2014-05-21,May,Wed,Weekday,9,B02512,46
2014-05-21,May,Wed,Weekday,9,B02598,260
2014-05-21,May,Wed,Weekday,9,B02617,151
2014-05-21,May,Wed,Weekday,9,B02682,271
2014-05-21,May,Wed,Weekday,9,B02764,8
2014-05-21,May,Wed,Weekday,10,B02512,49
2014-05-21,May,Wed,Weekday,10,B02598,287
2014-05-21,May,Wed,Weekday,10,B02617,146
2014-05-21,May,Wed,Weekday,10,B02682,267
2014-05-21,May,Wed,Weekday,10,B02764,14
2014-05-21,May,Wed,Weekday,11,B02512,65
2014-05-21,May,Wed,Weekday,11,B02598,308
2014-05-21,May,Wed,Weekday,11,B02617,146
2014-05-21,May,Wed,Weekday,11,B02682,290
2014-05-21,May,Wed,Weekday,11,B02764,14
2014-05-21,May,Wed,Weekday,12,B02512,54
2014-05-21,May,Wed,Weekday,12,B02598,375
2014-05-21,May,Wed,Weekday,12,B02617,186
2014-05-21,May,Wed,Weekday,12,B02682,324
2014-05-21,May,Wed,Weekday,12,B02764,17
2014-05-21,May,Wed,Weekday,13,B02512,57
2014-05-21,May,Wed,Weekday,13,B02598,412
2014-05-21,May,Wed,Weekday,13,B02617,187
2014-05-21,May,Wed,Weekday,13,B02682,349
2014-05-21,May,Wed,Weekday,13,B02764,19
2014-05-21,May,Wed,Weekday,14,B02512,73
2014-05-21,May,Wed,Weekday,14,B02598,590
2014-05-21,May,Wed,Weekday,14,B02617,259
2014-05-21,May,Wed,Weekday,14,B02682,471
2014-05-21,May,Wed,Weekday,14,B02764,22
2014-05-21,May,Wed,Weekday,15,B02512,108
2014-05-21,May,Wed,Weekday,15,B02598,689
2014-05-21,May,Wed,Weekday,15,B02617,305
2014-05-21,May,Wed,Weekday,15,B02682,522
2014-05-21,May,Wed,Weekday,15,B02764,36
2014-05-21,May,Wed,Weekday,16,B02512,115
2014-05-21,May,Wed,Weekday,16,B02598,789
2014-05-21,May,Wed,Weekday,16,B02617,374
2014-05-21,May,Wed,Weekday,16,B02682,612
2014-05-21,May,Wed,Weekday,16,B02764,29
2014-05-21,May,Wed,Weekday,17,B02512,125
2014-05-21,May,Wed,Weekday,17,B02598,831
2014-05-21,May,Wed,Weekday,17,B02617,438
2014-05-21,May,Wed,Weekday,17,B02682,706
2014-05-21,May,Wed,Weekday,17,B02764,40
2014-05-21,May,Wed,Weekday,18,B02512,105
2014-05-21,May,Wed,Weekday,18,B02598,715
2014-05-21,May,Wed,Weekday,18,B02617,335
2014-05-21,May,Wed,Weekday,18,B02682,605
2014-05-21,May,Wed,Weekday,18,B02764,29
2014-05-21,May,Wed,Weekday,19,B02512,85
2014-05-21,May,Wed,Weekday,19,B02598,592
2014-05-21,May,Wed,Weekday,19,B02617,282
2014-05-21,May,Wed,Weekday,19,B02682,464
2014-05-21,May,Wed,Weekday,19,B02764,24
2014-05-21,May,Wed,Weekday,20,B02512,90
2014-05-21,May,Wed,Weekday,20,B02598,558
2014-05-21,May,Wed,Weekday,20,B02617,267
2014-05-21,May,Wed,Weekday,20,B02682,496
2014-05-21,May,Wed,Weekday,20,B02764,29
2014-05-21,May,Wed,Weekday,21,B02512,81
2014-05-21,May,Wed,Weekday,21,B02598,576
2014-05-21,May,Wed,Weekday,21,B02617,296
2014-05-21,May,Wed,Weekday,21,B02682,490
2014-05-21,May,Wed,Weekday,21,B02764,32
2014-05-21,May,Wed,Weekday,22,B02512,52
2014-05-21,May,Wed,Weekday,22,B02598,373
2014-05-21,May,Wed,Weekday,22,B02617,201
2014-05-21,May,Wed,Weekday,22,B02682,352
2014-05-21,May,Wed,Weekday,22,B02764,15
2014-05-21,May,Wed,Weekday,23,B02512,27
2014-05-21,May,Wed,Weekday,23,B02598,199
2014-05-21,May,Wed,Weekday,23,B02617,86
2014-05-21,May,Wed,Weekday,23,B02682,172
2014-05-21,May,Wed,Weekday,23,B02764,5
2014-05-22,May,Thu,Weekday,0,B02512,12
2014-05-22,May,Thu,Weekday,0,B02598,110
2014-05-22,May,Thu,Weekday,0,B02617,45
2014-05-22,May,Thu,Weekday,0,B02682,82
2014-05-22,May,Thu,Weekday,0,B02764,6
2014-05-22,May,Thu,Weekday,1,B02512,6
2014-05-22,May,Thu,Weekday,1,B02598,63
2014-05-22,May,Thu,Weekday,1,B02617,33
2014-05-22,May,Thu,Weekday,1,B02682,63
2014-05-22,May,Thu,Weekday,2,B02512,4
2014-05-22,May,Thu,Weekday,2,B02598,58
2014-05-22,May,Thu,Weekday,2,B02617,32
2014-05-22,May,Thu,Weekday,2,B02682,61
2014-05-22,May,Thu,Weekday,2,B02764,3
2014-05-22,May,Thu,Weekday,3,B02512,13
2014-05-22,May,Thu,Weekday,3,B02598,83
2014-05-22,May,Thu,Weekday,3,B02617,41
2014-05-22,May,Thu,Weekday,3,B02682,100
2014-05-22,May,Thu,Weekday,3,B02764,2
2014-05-22,May,Thu,Weekday,4,B02512,16
2014-05-22,May,Thu,Weekday,4,B02598,117
2014-05-22,May,Thu,Weekday,4,B02617,43
2014-05-22,May,Thu,Weekday,4,B02682,105
2014-05-22,May,Thu,Weekday,4,B02764,3
2014-05-22,May,Thu,Weekday,5,B02512,30
2014-05-22,May,Thu,Weekday,5,B02598,175
2014-05-22,May,Thu,Weekday,5,B02617,106
2014-05-22,May,Thu,Weekday,5,B02682,196
2014-05-22,May,Thu,Weekday,5,B02764,3
2014-05-22,May,Thu,Weekday,6,B02512,49
2014-05-22,May,Thu,Weekday,6,B02598,404
2014-05-22,May,Thu,Weekday,6,B02617,183
2014-05-22,May,Thu,Weekday,6,B02682,376
2014-05-22,May,Thu,Weekday,6,B02764,11
2014-05-22,May,Thu,Weekday,7,B02512,78
2014-05-22,May,Thu,Weekday,7,B02598,505
2014-05-22,May,Thu,Weekday,7,B02617,288
2014-05-22,May,Thu,Weekday,7,B02682,483
2014-05-22,May,Thu,Weekday,7,B02764,8
2014-05-22,May,Thu,Weekday,8,B02512,65
2014-05-22,May,Thu,Weekday,8,B02598,483
2014-05-22,May,Thu,Weekday,8,B02617,250
2014-05-22,May,Thu,Weekday,8,B02682,491
2014-05-22,May,Thu,Weekday,8,B02764,14
2014-05-22,May,Thu,Weekday,9,B02512,44
2014-05-22,May,Thu,Weekday,9,B02598,314
2014-05-22,May,Thu,Weekday,9,B02617,162
2014-05-22,May,Thu,Weekday,9,B02682,330
2014-05-22,May,Thu,Weekday,9,B02764,8
2014-05-22,May,Thu,Weekday,10,B02512,60
2014-05-22,May,Thu,Weekday,10,B02598,343
2014-05-22,May,Thu,Weekday,10,B02617,187
2014-05-22,May,Thu,Weekday,10,B02682,318
2014-05-22,May,Thu,Weekday,10,B02764,16
2014-05-22,May,Thu,Weekday,11,B02512,58
2014-05-22,May,Thu,Weekday,11,B02598,357
2014-05-22,May,Thu,Weekday,11,B02617,199
2014-05-22,May,Thu,Weekday,11,B02682,301
2014-05-22,May,Thu,Weekday,11,B02764,14
2014-05-22,May,Thu,Weekday,12,B02512,65
2014-05-22,May,Thu,Weekday,12,B02598,418
2014-05-22,May,Thu,Weekday,12,B02617,210
2014-05-22,May,Thu,Weekday,12,B02682,333
2014-05-22,May,Thu,Weekday,12,B02764,14
2014-05-22,May,Thu,Weekday,13,B02512,82
2014-05-22,May,Thu,Weekday,13,B02598,455
2014-05-22,May,Thu,Weekday,13,B02617,234
2014-05-22,May,Thu,Weekday,13,B02682,400
2014-05-22,May,Thu,Weekday,13,B02764,13
2014-05-22,May,Thu,Weekday,14,B02512,82
2014-05-22,May,Thu,Weekday,14,B02598,555
2014-05-22,May,Thu,Weekday,14,B02617,273
2014-05-22,May,Thu,Weekday,14,B02682,435
2014-05-22,May,Thu,Weekday,14,B02764,14
2014-05-22,May,Thu,Weekday,15,B02512,105
2014-05-22,May,Thu,Weekday,15,B02598,623
2014-05-22,May,Thu,Weekday,15,B02617,311
2014-05-22,May,Thu,Weekday,15,B02682,515
2014-05-22,May,Thu,Weekday,15,B02764,18
2014-05-22,May,Thu,Weekday,16,B02512,92
2014-05-22,May,Thu,Weekday,16,B02598,734
2014-05-22,May,Thu,Weekday,16,B02617,357
2014-05-22,May,Thu,Weekday,16,B02682,617
2014-05-22,May,Thu,Weekday,16,B02764,32
2014-05-22,May,Thu,Weekday,17,B02512,135
2014-05-22,May,Thu,Weekday,17,B02598,976
2014-05-22,May,Thu,Weekday,17,B02617,437
2014-05-22,May,Thu,Weekday,17,B02682,762
2014-05-22,May,Thu,Weekday,17,B02764,32
2014-05-22,May,Thu,Weekday,18,B02512,121
2014-05-22,May,Thu,Weekday,18,B02598,845
2014-05-22,May,Thu,Weekday,18,B02617,451
2014-05-22,May,Thu,Weekday,18,B02682,647
2014-05-22,May,Thu,Weekday,18,B02764,37
2014-05-22,May,Thu,Weekday,19,B02512,100
2014-05-22,May,Thu,Weekday,19,B02598,636
2014-05-22,May,Thu,Weekday,19,B02617,350
2014-05-22,May,Thu,Weekday,19,B02682,532
2014-05-22,May,Thu,Weekday,19,B02764,27
2014-05-22,May,Thu,Weekday,20,B02512,77
2014-05-22,May,Thu,Weekday,20,B02598,665
2014-05-22,May,Thu,Weekday,20,B02617,387
2014-05-22,May,Thu,Weekday,20,B02682,537
2014-05-22,May,Thu,Weekday,20,B02764,34
2014-05-22,May,Thu,Weekday,21,B02512,78
2014-05-22,May,Thu,Weekday,21,B02598,667
2014-05-22,May,Thu,Weekday,21,B02617,377
2014-05-22,May,Thu,Weekday,21,B02682,565
2014-05-22,May,Thu,Weekday,21,B02764,28
2014-05-22,May,Thu,Weekday,22,B02512,58
2014-05-22,May,Thu,Weekday,22,B02598,558
2014-05-22,May,Thu,Weekday,22,B02617,298
2014-05-22,May,Thu,Weekday,22,B02682,481
2014-05-22,May,Thu,Weekday,22,B02764,24
2014-05-22,May,Thu,Weekday,23,B02512,50
2014-05-22,May,Thu,Weekday,23,B02598,335
2014-05-22,May,Thu,Weekday,23,B02617,186
2014-05-22,May,Thu,Weekday,23,B02682,299
2014-05-22,May,Thu,Weekday,23,B02764,13
2014-05-23,May,Fri,Weekday,0,B02512,26
2014-05-23,May,Fri,Weekday,0,B02598,170
2014-05-23,May,Fri,Weekday,0,B02617,92
2014-05-23,May,Fri,Weekday,0,B02682,149
2014-05-23,May,Fri,Weekday,0,B02764,5
2014-05-23,May,Fri,Weekday,1,B02512,17
2014-05-23,May,Fri,Weekday,1,B02598,96
2014-05-23,May,Fri,Weekday,1,B02617,56
2014-05-23,May,Fri,Weekday,1,B02682,76
2014-05-23,May,Fri,Weekday,1,B02764,3
2014-05-23,May,Fri,Weekday,2,B02512,7
2014-05-23,May,Fri,Weekday,2,B02598,70
2014-05-23,May,Fri,Weekday,2,B02617,30
2014-05-23,May,Fri,Weekday,2,B02682,54
2014-05-23,May,Fri,Weekday,3,B02512,11
2014-05-23,May,Fri,Weekday,3,B02598,107
2014-05-23,May,Fri,Weekday,3,B02617,39
2014-05-23,May,Fri,Weekday,3,B02682,86
2014-05-23,May,Fri,Weekday,3,B02764,1
2014-05-23,May,Fri,Weekday,4,B02512,15
2014-05-23,May,Fri,Weekday,4,B02598,117
2014-05-23,May,Fri,Weekday,4,B02617,48
2014-05-23,May,Fri,Weekday,4,B02682,117
2014-05-23,May,Fri,Weekday,4,B02764,6
2014-05-23,May,Fri,Weekday,5,B02512,24
2014-05-23,May,Fri,Weekday,5,B02598,140
2014-05-23,May,Fri,Weekday,5,B02617,85
2014-05-23,May,Fri,Weekday,5,B02682,177
2014-05-23,May,Fri,Weekday,5,B02764,2
2014-05-23,May,Fri,Weekday,6,B02512,38
2014-05-23,May,Fri,Weekday,6,B02598,314
2014-05-23,May,Fri,Weekday,6,B02617,148
2014-05-23,May,Fri,Weekday,6,B02682,288
2014-05-23,May,Fri,Weekday,6,B02764,6
2014-05-23,May,Fri,Weekday,7,B02512,52
2014-05-23,May,Fri,Weekday,7,B02598,394
2014-05-23,May,Fri,Weekday,7,B02617,212
2014-05-23,May,Fri,Weekday,7,B02682,391
2014-05-23,May,Fri,Weekday,7,B02764,7
2014-05-23,May,Fri,Weekday,8,B02512,48
2014-05-23,May,Fri,Weekday,8,B02598,360
2014-05-23,May,Fri,Weekday,8,B02617,180
2014-05-23,May,Fri,Weekday,8,B02682,340
2014-05-23,May,Fri,Weekday,8,B02764,7
2014-05-23,May,Fri,Weekday,9,B02512,44
2014-05-23,May,Fri,Weekday,9,B02598,304
2014-05-23,May,Fri,Weekday,9,B02617,142
2014-05-23,May,Fri,Weekday,9,B02682,244
2014-05-23,May,Fri,Weekday,9,B02764,10
2014-05-23,May,Fri,Weekday,10,B02512,39
2014-05-23,May,Fri,Weekday,10,B02598,257
2014-05-23,May,Fri,Weekday,10,B02617,150
2014-05-23,May,Fri,Weekday,10,B02682,227
2014-05-23,May,Fri,Weekday,10,B02764,4
2014-05-23,May,Fri,Weekday,11,B02512,54
2014-05-23,May,Fri,Weekday,11,B02598,311
2014-05-23,May,Fri,Weekday,11,B02617,176
2014-05-23,May,Fri,Weekday,11,B02682,264
2014-05-23,May,Fri,Weekday,11,B02764,6
2014-05-23,May,Fri,Weekday,12,B02512,56
2014-05-23,May,Fri,Weekday,12,B02598,341
2014-05-23,May,Fri,Weekday,12,B02617,167
2014-05-23,May,Fri,Weekday,12,B02682,274
2014-05-23,May,Fri,Weekday,12,B02764,11
2014-05-23,May,Fri,Weekday,13,B02512,54
2014-05-23,May,Fri,Weekday,13,B02598,377
2014-05-23,May,Fri,Weekday,13,B02617,207
2014-05-23,May,Fri,Weekday,13,B02682,298
2014-05-23,May,Fri,Weekday,13,B02764,18
2014-05-23,May,Fri,Weekday,14,B02512,73
2014-05-23,May,Fri,Weekday,14,B02598,488
2014-05-23,May,Fri,Weekday,14,B02617,273
2014-05-23,May,Fri,Weekday,14,B02682,412
2014-05-23,May,Fri,Weekday,14,B02764,22
2014-05-23,May,Fri,Weekday,15,B02512,88
2014-05-23,May,Fri,Weekday,15,B02598,699
2014-05-23,May,Fri,Weekday,15,B02617,323
2014-05-23,May,Fri,Weekday,15,B02682,543
2014-05-23,May,Fri,Weekday,15,B02764,29
2014-05-23,May,Fri,Weekday,16,B02512,76
2014-05-23,May,Fri,Weekday,16,B02598,583
2014-05-23,May,Fri,Weekday,16,B02617,285
2014-05-23,May,Fri,Weekday,16,B02682,479
2014-05-23,May,Fri,Weekday,16,B02764,19
2014-05-23,May,Fri,Weekday,17,B02512,53
2014-05-23,May,Fri,Weekday,17,B02598,443
2014-05-23,May,Fri,Weekday,17,B02617,224
2014-05-23,May,Fri,Weekday,17,B02682,356
2014-05-23,May,Fri,Weekday,17,B02764,14
2014-05-23,May,Fri,Weekday,18,B02512,110
2014-05-23,May,Fri,Weekday,18,B02598,753
2014-05-23,May,Fri,Weekday,18,B02617,349
2014-05-23,May,Fri,Weekday,18,B02682,581
2014-05-23,May,Fri,Weekday,18,B02764,24
2014-05-23,May,Fri,Weekday,19,B02512,122
2014-05-23,May,Fri,Weekday,19,B02598,1044
2014-05-23,May,Fri,Weekday,19,B02617,532
2014-05-23,May,Fri,Weekday,19,B02682,823
2014-05-23,May,Fri,Weekday,19,B02764,39
2014-05-23,May,Fri,Weekday,20,B02512,122
2014-05-23,May,Fri,Weekday,20,B02598,1003
2014-05-23,May,Fri,Weekday,20,B02617,503
2014-05-23,May,Fri,Weekday,20,B02682,778
2014-05-23,May,Fri,Weekday,20,B02764,41
2014-05-23,May,Fri,Weekday,21,B02512,84
2014-05-23,May,Fri,Weekday,21,B02598,851
2014-05-23,May,Fri,Weekday,21,B02617,403
2014-05-23,May,Fri,Weekday,21,B02682,657
2014-05-23,May,Fri,Weekday,21,B02764,31
2014-05-23,May,Fri,Weekday,22,B02512,89
2014-05-23,May,Fri,Weekday,22,B02598,814
2014-05-23,May,Fri,Weekday,22,B02617,416
2014-05-23,May,Fri,Weekday,22,B02682,653
2014-05-23,May,Fri,Weekday,22,B02764,34
2014-05-23,May,Fri,Weekday,23,B02512,47
2014-05-23,May,Fri,Weekday,23,B02598,593
2014-05-23,May,Fri,Weekday,23,B02617,326
2014-05-23,May,Fri,Weekday,23,B02682,487
2014-05-23,May,Fri,Weekday,23,B02764,28
2014-05-24,May,Sat,Weekend,0,B02512,31
2014-05-24,May,Sat,Weekend,0,B02598,264
2014-05-24,May,Sat,Weekend,0,B02617,164
2014-05-24,May,Sat,Weekend,0,B02682,230
2014-05-24,May,Sat,Weekend,0,B02764,11
2014-05-24,May,Sat,Weekend,1,B02512,11
2014-05-24,May,Sat,Weekend,1,B02598,128
2014-05-24,May,Sat,Weekend,1,B02617,91
2014-05-24,May,Sat,Weekend,1,B02682,130
2014-05-24,May,Sat,Weekend,1,B02764,3
2014-05-24,May,Sat,Weekend,2,B02512,5
2014-05-24,May,Sat,Weekend,2,B02598,105
2014-05-24,May,Sat,Weekend,2,B02617,49
2014-05-24,May,Sat,Weekend,2,B02682,87
2014-05-24,May,Sat,Weekend,2,B02764,3
2014-05-24,May,Sat,Weekend,3,B02512,11
2014-05-24,May,Sat,Weekend,3,B02598,96
2014-05-24,May,Sat,Weekend,3,B02617,57
2014-05-24,May,Sat,Weekend,3,B02682,59
2014-05-24,May,Sat,Weekend,3,B02764,2
2014-05-24,May,Sat,Weekend,4,B02512,6
2014-05-24,May,Sat,Weekend,4,B02598,80
2014-05-24,May,Sat,Weekend,4,B02617,31
2014-05-24,May,Sat,Weekend,4,B02682,58
2014-05-24,May,Sat,Weekend,5,B02512,8
2014-05-24,May,Sat,Weekend,5,B02598,88
2014-05-24,May,Sat,Weekend,5,B02617,42
2014-05-24,May,Sat,Weekend,5,B02682,72
2014-05-24,May,Sat,Weekend,5,B02764,1
2014-05-24,May,Sat,Weekend,6,B02512,4
2014-05-24,May,Sat,Weekend,6,B02598,88
2014-05-24,May,Sat,Weekend,6,B02617,38
2014-05-24,May,Sat,Weekend,6,B02682,85
2014-05-24,May,Sat,Weekend,6,B02764,2
2014-05-24,May,Sat,Weekend,7,B02512,14
2014-05-24,May,Sat,Weekend,7,B02598,104
2014-05-24,May,Sat,Weekend,7,B02617,63
2014-05-24,May,Sat,Weekend,7,B02682,89
2014-05-24,May,Sat,Weekend,7,B02764,2
2014-05-24,May,Sat,Weekend,8,B02512,18
2014-05-24,May,Sat,Weekend,8,B02598,146
2014-05-24,May,Sat,Weekend,8,B02617,68
2014-05-24,May,Sat,Weekend,8,B02682,137
2014-05-24,May,Sat,Weekend,8,B02764,4
2014-05-24,May,Sat,Weekend,9,B02512,21
2014-05-24,May,Sat,Weekend,9,B02598,165
2014-05-24,May,Sat,Weekend,9,B02617,82
2014-05-24,May,Sat,Weekend,9,B02682,152
2014-05-24,May,Sat,Weekend,9,B02764,6
2014-05-24,May,Sat,Weekend,10,B02512,31
2014-05-24,May,Sat,Weekend,10,B02598,173
2014-05-24,May,Sat,Weekend,10,B02617,96
2014-05-24,May,Sat,Weekend,10,B02682,166
2014-05-24,May,Sat,Weekend,10,B02764,5
2014-05-24,May,Sat,Weekend,11,B02512,28
2014-05-24,May,Sat,Weekend,11,B02598,198
2014-05-24,May,Sat,Weekend,11,B02617,123
2014-05-24,May,Sat,Weekend,11,B02682,172
2014-05-24,May,Sat,Weekend,11,B02764,7
2014-05-24,May,Sat,Weekend,12,B02512,34
2014-05-24,May,Sat,Weekend,12,B02598,203
2014-05-24,May,Sat,Weekend,12,B02617,132
2014-05-24,May,Sat,Weekend,12,B02682,178
2014-05-24,May,Sat,Weekend,12,B02764,9
2014-05-24,May,Sat,Weekend,13,B02512,32
2014-05-24,May,Sat,Weekend,13,B02598,243
2014-05-24,May,Sat,Weekend,13,B02617,118
2014-05-24,May,Sat,Weekend,13,B02682,174
2014-05-24,May,Sat,Weekend,13,B02764,11
2014-05-24,May,Sat,Weekend,14,B02512,37
2014-05-24,May,Sat,Weekend,14,B02598,265
2014-05-24,May,Sat,Weekend,14,B02617,98
2014-05-24,May,Sat,Weekend,14,B02682,217
2014-05-24,May,Sat,Weekend,14,B02764,11
2014-05-24,May,Sat,Weekend,15,B02512,48
2014-05-24,May,Sat,Weekend,15,B02598,460
2014-05-24,May,Sat,Weekend,15,B02617,230
2014-05-24,May,Sat,Weekend,15,B02682,359
2014-05-24,May,Sat,Weekend,15,B02764,23
2014-05-24,May,Sat,Weekend,16,B02512,80
2014-05-24,May,Sat,Weekend,16,B02598,679
2014-05-24,May,Sat,Weekend,16,B02617,336
2014-05-24,May,Sat,Weekend,16,B02682,551
2014-05-24,May,Sat,Weekend,16,B02764,28
2014-05-24,May,Sat,Weekend,17,B02512,55
2014-05-24,May,Sat,Weekend,17,B02598,447
2014-05-24,May,Sat,Weekend,17,B02617,215
2014-05-24,May,Sat,Weekend,17,B02682,412
2014-05-24,May,Sat,Weekend,17,B02764,25
2014-05-24,May,Sat,Weekend,18,B02512,38
2014-05-24,May,Sat,Weekend,18,B02598,377
2014-05-24,May,Sat,Weekend,18,B02617,159
2014-05-24,May,Sat,Weekend,18,B02682,291
2014-05-24,May,Sat,Weekend,18,B02764,13
2014-05-24,May,Sat,Weekend,19,B02512,41
2014-05-24,May,Sat,Weekend,19,B02598,317
2014-05-24,May,Sat,Weekend,19,B02617,124
2014-05-24,May,Sat,Weekend,19,B02682,259
2014-05-24,May,Sat,Weekend,19,B02764,7
2014-05-24,May,Sat,Weekend,20,B02512,42
2014-05-24,May,Sat,Weekend,20,B02598,294
2014-05-24,May,Sat,Weekend,20,B02617,147
2014-05-24,May,Sat,Weekend,20,B02682,238
2014-05-24,May,Sat,Weekend,20,B02764,9
2014-05-24,May,Sat,Weekend,21,B02512,33
2014-05-24,May,Sat,Weekend,21,B02598,336
2014-05-24,May,Sat,Weekend,21,B02617,149
2014-05-24,May,Sat,Weekend,21,B02682,258
2014-05-24,May,Sat,Weekend,21,B02764,11
2014-05-24,May,Sat,Weekend,22,B02512,51
2014-05-24,May,Sat,Weekend,22,B02598,367
2014-05-24,May,Sat,Weekend,22,B02617,189
2014-05-24,May,Sat,Weekend,22,B02682,284
2014-05-24,May,Sat,Weekend,22,B02764,9
2014-05-24,May,Sat,Weekend,23,B02512,26
2014-05-24,May,Sat,Weekend,23,B02598,287
2014-05-24,May,Sat,Weekend,23,B02617,158
2014-05-24,May,Sat,Weekend,23,B02682,206
2014-05-24,May,Sat,Weekend,23,B02764,11
2014-05-25,May,Sun,Weekend,0,B02512,15
2014-05-25,May,Sun,Weekend,0,B02598,177
2014-05-25,May,Sun,Weekend,0,B02617,90
2014-05-25,May,Sun,Weekend,0,B02682,170
2014-05-25,May,Sun,Weekend,0,B02764,11
2014-05-25,May,Sun,Weekend,1,B02512,10
2014-05-25,May,Sun,Weekend,1,B02598,142
2014-05-25,May,Sun,Weekend,1,B02617,73
2014-05-25,May,Sun,Weekend,1,B02682,120
2014-05-25,May,Sun,Weekend,1,B02764,5
2014-05-25,May,Sun,Weekend,2,B02512,10
2014-05-25,May,Sun,Weekend,2,B02598,94
2014-05-25,May,Sun,Weekend,2,B02617,54
2014-05-25,May,Sun,Weekend,2,B02682,73
2014-05-25,May,Sun,Weekend,2,B02764,5
2014-05-25,May,Sun,Weekend,3,B02512,7
2014-05-25,May,Sun,Weekend,3,B02598,85
2014-05-25,May,Sun,Weekend,3,B02617,43
2014-05-25,May,Sun,Weekend,3,B02682,62
2014-05-25,May,Sun,Weekend,3,B02764,2
2014-05-25,May,Sun,Weekend,4,B02512,4
2014-05-25,May,Sun,Weekend,4,B02598,51
2014-05-25,May,Sun,Weekend,4,B02617,21
2014-05-25,May,Sun,Weekend,4,B02682,34
2014-05-25,May,Sun,Weekend,4,B02764,1
2014-05-25,May,Sun,Weekend,5,B02512,3
2014-05-25,May,Sun,Weekend,5,B02598,53
2014-05-25,May,Sun,Weekend,5,B02617,18
2014-05-25,May,Sun,Weekend,5,B02682,40
2014-05-25,May,Sun,Weekend,6,B02512,6
2014-05-25,May,Sun,Weekend,6,B02598,69
2014-05-25,May,Sun,Weekend,6,B02617,22
2014-05-25,May,Sun,Weekend,6,B02682,38
2014-05-25,May,Sun,Weekend,6,B02764,1
2014-05-25,May,Sun,Weekend,7,B02512,11
2014-05-25,May,Sun,Weekend,7,B02598,82
2014-05-25,May,Sun,Weekend,7,B02617,28
2014-05-25,May,Sun,Weekend,7,B02682,56
2014-05-25,May,Sun,Weekend,7,B02764,1
2014-05-25,May,Sun,Weekend,8,B02512,21
2014-05-25,May,Sun,Weekend,8,B02598,98
2014-05-25,May,Sun,Weekend,8,B02617,43
2014-05-25,May,Sun,Weekend,8,B02682,67
2014-05-25,May,Sun,Weekend,8,B02764,6
2014-05-25,May,Sun,Weekend,9,B02512,21
2014-05-25,May,Sun,Weekend,9,B02598,138
2014-05-25,May,Sun,Weekend,9,B02617,70
2014-05-25,May,Sun,Weekend,9,B02682,105
2014-05-25,May,Sun,Weekend,9,B02764,2
2014-05-25,May,Sun,Weekend,10,B02512,19
2014-05-25,May,Sun,Weekend,10,B02598,168
2014-05-25,May,Sun,Weekend,10,B02617,82
2014-05-25,May,Sun,Weekend,10,B02682,122
2014-05-25,May,Sun,Weekend,10,B02764,3
2014-05-25,May,Sun,Weekend,11,B02512,30
2014-05-25,May,Sun,Weekend,11,B02598,187
2014-05-25,May,Sun,Weekend,11,B02617,90
2014-05-25,May,Sun,Weekend,11,B02682,164
2014-05-25,May,Sun,Weekend,11,B02764,7
2014-05-25,May,Sun,Weekend,12,B02512,41
2014-05-25,May,Sun,Weekend,12,B02598,225
2014-05-25,May,Sun,Weekend,12,B02617,120
2014-05-25,May,Sun,Weekend,12,B02682,183
2014-05-25,May,Sun,Weekend,12,B02764,5
2014-05-25,May,Sun,Weekend,13,B02512,29
2014-05-25,May,Sun,Weekend,13,B02598,236
2014-05-25,May,Sun,Weekend,13,B02617,113
2014-05-25,May,Sun,Weekend,13,B02682,211
2014-05-25,May,Sun,Weekend,13,B02764,13
2014-05-25,May,Sun,Weekend,14,B02512,30
2014-05-25,May,Sun,Weekend,14,B02598,211
2014-05-25,May,Sun,Weekend,14,B02617,122
2014-05-25,May,Sun,Weekend,14,B02682,180
2014-05-25,May,Sun,Weekend,14,B02764,10
2014-05-25,May,Sun,Weekend,15,B02512,35
2014-05-25,May,Sun,Weekend,15,B02598,280
2014-05-25,May,Sun,Weekend,15,B02617,143
2014-05-25,May,Sun,Weekend,15,B02682,235
2014-05-25,May,Sun,Weekend,15,B02764,10
2014-05-25,May,Sun,Weekend,16,B02512,36
2014-05-25,May,Sun,Weekend,16,B02598,268
2014-05-25,May,Sun,Weekend,16,B02617,164
2014-05-25,May,Sun,Weekend,16,B02682,238
2014-05-25,May,Sun,Weekend,16,B02764,12
2014-05-25,May,Sun,Weekend,17,B02512,31
2014-05-25,May,Sun,Weekend,17,B02598,287
2014-05-25,May,Sun,Weekend,17,B02617,153
2014-05-25,May,Sun,Weekend,17,B02682,215
2014-05-25,May,Sun,Weekend,17,B02764,10
2014-05-25,May,Sun,Weekend,18,B02512,30
2014-05-25,May,Sun,Weekend,18,B02598,276
2014-05-25,May,Sun,Weekend,18,B02617,142
2014-05-25,May,Sun,Weekend,18,B02682,221
2014-05-25,May,Sun,Weekend,18,B02764,12
2014-05-25,May,Sun,Weekend,19,B02512,22
2014-05-25,May,Sun,Weekend,19,B02598,220
2014-05-25,May,Sun,Weekend,19,B02617,140
2014-05-25,May,Sun,Weekend,19,B02682,204
2014-05-25,May,Sun,Weekend,19,B02764,11
2014-05-25,May,Sun,Weekend,20,B02512,33
2014-05-25,May,Sun,Weekend,20,B02598,217
2014-05-25,May,Sun,Weekend,20,B02617,121
2014-05-25,May,Sun,Weekend,20,B02682,170
2014-05-25,May,Sun,Weekend,20,B02764,9
2014-05-25,May,Sun,Weekend,21,B02512,30
2014-05-25,May,Sun,Weekend,21,B02598,225
2014-05-25,May,Sun,Weekend,21,B02617,160
2014-05-25,May,Sun,Weekend,21,B02682,205
2014-05-25,May,Sun,Weekend,21,B02764,15
2014-05-25,May,Sun,Weekend,22,B02512,37
2014-05-25,May,Sun,Weekend,22,B02598,275
2014-05-25,May,Sun,Weekend,22,B02617,169
2014-05-25,May,Sun,Weekend,22,B02682,214
2014-05-25,May,Sun,Weekend,22,B02764,12
2014-05-25,May,Sun,Weekend,23,B02512,33
2014-05-25,May,Sun,Weekend,23,B02598,242
2014-05-25,May,Sun,Weekend,23,B02617,131
2014-05-25,May,Sun,Weekend,23,B02682,178
2014-05-25,May,Sun,Weekend,23,B02764,11
2014-05-26,May,Mon,Weekday,0,B02512,13
2014-05-26,May,Mon,Weekday,0,B02598,164
2014-05-26,May,Mon,Weekday,0,B02617,87
2014-05-26,May,Mon,Weekday,0,B02682,97
2014-05-26,May,Mon,Weekday,0,B02764,8
2014-05-26,May,Mon,Weekday,1,B02512,8
2014-05-26,May,Mon,Weekday,1,B02598,97
2014-05-26,May,Mon,Weekday,1,B02617,60
2014-05-26,May,Mon,Weekday,1,B02682,60
2014-05-26,May,Mon,Weekday,1,B02764,3
2014-05-26,May,Mon,Weekday,2,B02512,5
2014-05-26,May,Mon,Weekday,2,B02598,47
2014-05-26,May,Mon,Weekday,2,B02617,28
2014-05-26,May,Mon,Weekday,2,B02682,42
2014-05-26,May,Mon,Weekday,2,B02764,4
2014-05-26,May,Mon,Weekday,3,B02512,6
2014-05-26,May,Mon,Weekday,3,B02598,84
2014-05-26,May,Mon,Weekday,3,B02617,22
2014-05-26,May,Mon,Weekday,3,B02682,39
2014-05-26,May,Mon,Weekday,3,B02764,2
2014-05-26,May,Mon,Weekday,4,B02512,6
2014-05-26,May,Mon,Weekday,4,B02598,64
2014-05-26,May,Mon,Weekday,4,B02617,26
2014-05-26,May,Mon,Weekday,4,B02682,33
2014-05-26,May,Mon,Weekday,4,B02764,3
2014-05-26,May,Mon,Weekday,5,B02512,8
2014-05-26,May,Mon,Weekday,5,B02598,54
2014-05-26,May,Mon,Weekday,5,B02617,31
2014-05-26,May,Mon,Weekday,5,B02682,37
2014-05-26,May,Mon,Weekday,5,B02764,1
2014-05-26,May,Mon,Weekday,6,B02512,7
2014-05-26,May,Mon,Weekday,6,B02598,71
2014-05-26,May,Mon,Weekday,6,B02617,28
2014-05-26,May,Mon,Weekday,6,B02682,40
2014-05-26,May,Mon,Weekday,6,B02764,2
2014-05-26,May,Mon,Weekday,7,B02512,6
2014-05-26,May,Mon,Weekday,7,B02598,78
2014-05-26,May,Mon,Weekday,7,B02617,46
2014-05-26,May,Mon,Weekday,7,B02682,58
2014-05-26,May,Mon,Weekday,7,B02764,1
2014-05-26,May,Mon,Weekday,8,B02512,14
2014-05-26,May,Mon,Weekday,8,B02598,79
2014-05-26,May,Mon,Weekday,8,B02617,46
2014-05-26,May,Mon,Weekday,8,B02682,79
2014-05-26,May,Mon,Weekday,8,B02764,2
2014-05-26,May,Mon,Weekday,9,B02512,15
2014-05-26,May,Mon,Weekday,9,B02598,127
2014-05-26,May,Mon,Weekday,9,B02617,52
2014-05-26,May,Mon,Weekday,9,B02682,112
2014-05-26,May,Mon,Weekday,9,B02764,3
2014-05-26,May,Mon,Weekday,10,B02512,17
2014-05-26,May,Mon,Weekday,10,B02598,179
2014-05-26,May,Mon,Weekday,10,B02617,80
2014-05-26,May,Mon,Weekday,10,B02682,129
2014-05-26,May,Mon,Weekday,10,B02764,9
2014-05-26,May,Mon,Weekday,11,B02512,26
2014-05-26,May,Mon,Weekday,11,B02598,193
2014-05-26,May,Mon,Weekday,11,B02617,87
2014-05-26,May,Mon,Weekday,11,B02682,135
2014-05-26,May,Mon,Weekday,11,B02764,5
2014-05-26,May,Mon,Weekday,12,B02512,28
2014-05-26,May,Mon,Weekday,12,B02598,213
2014-05-26,May,Mon,Weekday,12,B02617,112
2014-05-26,May,Mon,Weekday,12,B02682,136
2014-05-26,May,Mon,Weekday,12,B02764,7
2014-05-26,May,Mon,Weekday,13,B02512,36
2014-05-26,May,Mon,Weekday,13,B02598,250
2014-05-26,May,Mon,Weekday,13,B02617,128
2014-05-26,May,Mon,Weekday,13,B02682,168
2014-05-26,May,Mon,Weekday,13,B02764,11
2014-05-26,May,Mon,Weekday,14,B02512,34
2014-05-26,May,Mon,Weekday,14,B02598,282
2014-05-26,May,Mon,Weekday,14,B02617,155
2014-05-26,May,Mon,Weekday,14,B02682,204
2014-05-26,May,Mon,Weekday,14,B02764,13
2014-05-26,May,Mon,Weekday,15,B02512,39
2014-05-26,May,Mon,Weekday,15,B02598,291
2014-05-26,May,Mon,Weekday,15,B02617,173
2014-05-26,May,Mon,Weekday,15,B02682,219
2014-05-26,May,Mon,Weekday,15,B02764,19
2014-05-26,May,Mon,Weekday,16,B02512,35
2014-05-26,May,Mon,Weekday,16,B02598,276
2014-05-26,May,Mon,Weekday,16,B02617,157
2014-05-26,May,Mon,Weekday,16,B02682,214
2014-05-26,May,Mon,Weekday,16,B02764,9
2014-05-26,May,Mon,Weekday,17,B02512,29
2014-05-26,May,Mon,Weekday,17,B02598,316
2014-05-26,May,Mon,Weekday,17,B02617,155
2014-05-26,May,Mon,Weekday,17,B02682,215
2014-05-26,May,Mon,Weekday,17,B02764,16
2014-05-26,May,Mon,Weekday,18,B02512,32
2014-05-26,May,Mon,Weekday,18,B02598,285
2014-05-26,May,Mon,Weekday,18,B02617,140
2014-05-26,May,Mon,Weekday,18,B02682,190
2014-05-26,May,Mon,Weekday,18,B02764,11
2014-05-26,May,Mon,Weekday,19,B02512,23
2014-05-26,May,Mon,Weekday,19,B02598,297
2014-05-26,May,Mon,Weekday,19,B02617,145
2014-05-26,May,Mon,Weekday,19,B02682,224
2014-05-26,May,Mon,Weekday,19,B02764,13
2014-05-26,May,Mon,Weekday,20,B02512,23
2014-05-26,May,Mon,Weekday,20,B02598,272
2014-05-26,May,Mon,Weekday,20,B02617,132
2014-05-26,May,Mon,Weekday,20,B02682,197
2014-05-26,May,Mon,Weekday,20,B02764,10
2014-05-26,May,Mon,Weekday,21,B02512,24
2014-05-26,May,Mon,Weekday,21,B02598,261
2014-05-26,May,Mon,Weekday,21,B02617,140
2014-05-26,May,Mon,Weekday,21,B02682,191
2014-05-26,May,Mon,Weekday,21,B02764,13
2014-05-26,May,Mon,Weekday,22,B02512,24
2014-05-26,May,Mon,Weekday,22,B02598,187
2014-05-26,May,Mon,Weekday,22,B02617,98
2014-05-26,May,Mon,Weekday,22,B02682,156
2014-05-26,May,Mon,Weekday,22,B02764,11
2014-05-26,May,Mon,Weekday,23,B02512,13
2014-05-26,May,Mon,Weekday,23,B02598,117
2014-05-26,May,Mon,Weekday,23,B02617,68
2014-05-26,May,Mon,Weekday,23,B02682,99
2014-05-26,May,Mon,Weekday,23,B02764,1
2014-05-27,May,Tue,Weekday,0,B02512,6
2014-05-27,May,Tue,Weekday,0,B02598,58
2014-05-27,May,Tue,Weekday,0,B02617,29
2014-05-27,May,Tue,Weekday,0,B02682,46
2014-05-27,May,Tue,Weekday,0,B02764,2
2014-05-27,May,Tue,Weekday,1,B02512,6
2014-05-27,May,Tue,Weekday,1,B02598,37
2014-05-27,May,Tue,Weekday,1,B02617,16
2014-05-27,May,Tue,Weekday,1,B02682,18
2014-05-27,May,Tue,Weekday,2,B02512,2
2014-05-27,May,Tue,Weekday,2,B02598,32
2014-05-27,May,Tue,Weekday,2,B02617,9
2014-05-27,May,Tue,Weekday,2,B02682,15
2014-05-27,May,Tue,Weekday,3,B02512,7
2014-05-27,May,Tue,Weekday,3,B02598,67
2014-05-27,May,Tue,Weekday,3,B02617,33
2014-05-27,May,Tue,Weekday,3,B02682,50
2014-05-27,May,Tue,Weekday,3,B02764,2
2014-05-27,May,Tue,Weekday,4,B02512,12
2014-05-27,May,Tue,Weekday,4,B02598,99
2014-05-27,May,Tue,Weekday,4,B02617,63
2014-05-27,May,Tue,Weekday,4,B02682,91
2014-05-27,May,Tue,Weekday,4,B02764,2
2014-05-27,May,Tue,Weekday,5,B02512,22
2014-05-27,May,Tue,Weekday,5,B02598,176
2014-05-27,May,Tue,Weekday,5,B02617,101
2014-05-27,May,Tue,Weekday,5,B02682,157
2014-05-27,May,Tue,Weekday,5,B02764,3
2014-05-27,May,Tue,Weekday,6,B02512,44
2014-05-27,May,Tue,Weekday,6,B02598,308
2014-05-27,May,Tue,Weekday,6,B02617,185
2014-05-27,May,Tue,Weekday,6,B02682,309
2014-05-27,May,Tue,Weekday,6,B02764,13
2014-05-27,May,Tue,Weekday,7,B02512,55
2014-05-27,May,Tue,Weekday,7,B02598,408
2014-05-27,May,Tue,Weekday,7,B02617,221
2014-05-27,May,Tue,Weekday,7,B02682,377
2014-05-27,May,Tue,Weekday,7,B02764,17
2014-05-27,May,Tue,Weekday,8,B02512,45
2014-05-27,May,Tue,Weekday,8,B02598,309
2014-05-27,May,Tue,Weekday,8,B02617,196
2014-05-27,May,Tue,Weekday,8,B02682,296
2014-05-27,May,Tue,Weekday,8,B02764,9
2014-05-27,May,Tue,Weekday,9,B02512,30
2014-05-27,May,Tue,Weekday,9,B02598,239
2014-05-27,May,Tue,Weekday,9,B02617,113
2014-05-27,May,Tue,Weekday,9,B02682,205
2014-05-27,May,Tue,Weekday,9,B02764,10
2014-05-27,May,Tue,Weekday,10,B02512,32
2014-05-27,May,Tue,Weekday,10,B02598,223
2014-05-27,May,Tue,Weekday,10,B02617,121
2014-05-27,May,Tue,Weekday,10,B02682,191
2014-05-27,May,Tue,Weekday,10,B02764,9
2014-05-27,May,Tue,Weekday,11,B02512,34
2014-05-27,May,Tue,Weekday,11,B02598,219
2014-05-27,May,Tue,Weekday,11,B02617,121
2014-05-27,May,Tue,Weekday,11,B02682,197
2014-05-27,May,Tue,Weekday,11,B02764,8
2014-05-27,May,Tue,Weekday,12,B02512,37
2014-05-27,May,Tue,Weekday,12,B02598,237
2014-05-27,May,Tue,Weekday,12,B02617,117
2014-05-27,May,Tue,Weekday,12,B02682,198
2014-05-27,May,Tue,Weekday,12,B02764,8
2014-05-27,May,Tue,Weekday,13,B02512,56
2014-05-27,May,Tue,Weekday,13,B02598,379
2014-05-27,May,Tue,Weekday,13,B02617,169
2014-05-27,May,Tue,Weekday,13,B02682,275
2014-05-27,May,Tue,Weekday,13,B02764,16
2014-05-27,May,Tue,Weekday,14,B02512,61
2014-05-27,May,Tue,Weekday,14,B02598,419
2014-05-27,May,Tue,Weekday,14,B02617,186
2014-05-27,May,Tue,Weekday,14,B02682,289
2014-05-27,May,Tue,Weekday,14,B02764,16
2014-05-27,May,Tue,Weekday,15,B02512,67
2014-05-27,May,Tue,Weekday,15,B02598,496
2014-05-27,May,Tue,Weekday,15,B02617,236
2014-05-27,May,Tue,Weekday,15,B02682,345
2014-05-27,May,Tue,Weekday,15,B02764,13
2014-05-27,May,Tue,Weekday,16,B02512,89
2014-05-27,May,Tue,Weekday,16,B02598,560
2014-05-27,May,Tue,Weekday,16,B02617,306
2014-05-27,May,Tue,Weekday,16,B02682,459
2014-05-27,May,Tue,Weekday,16,B02764,20
2014-05-27,May,Tue,Weekday,17,B02512,86
2014-05-27,May,Tue,Weekday,17,B02598,600
2014-05-27,May,Tue,Weekday,17,B02617,309
2014-05-27,May,Tue,Weekday,17,B02682,462
2014-05-27,May,Tue,Weekday,17,B02764,22
2014-05-27,May,Tue,Weekday,18,B02512,50
2014-05-27,May,Tue,Weekday,18,B02598,478
2014-05-27,May,Tue,Weekday,18,B02617,248
2014-05-27,May,Tue,Weekday,18,B02682,403
2014-05-27,May,Tue,Weekday,18,B02764,18
2014-05-27,May,Tue,Weekday,19,B02512,49
2014-05-27,May,Tue,Weekday,19,B02598,373
2014-05-27,May,Tue,Weekday,19,B02617,185
2014-05-27,May,Tue,Weekday,19,B02682,299
2014-05-27,May,Tue,Weekday,19,B02764,19
2014-05-27,May,Tue,Weekday,20,B02512,58
2014-05-27,May,Tue,Weekday,20,B02598,388
2014-05-27,May,Tue,Weekday,20,B02617,181
2014-05-27,May,Tue,Weekday,20,B02682,280
2014-05-27,May,Tue,Weekday,20,B02764,12
2014-05-27,May,Tue,Weekday,21,B02512,36
2014-05-27,May,Tue,Weekday,21,B02598,314
2014-05-27,May,Tue,Weekday,21,B02617,146
2014-05-27,May,Tue,Weekday,21,B02682,250
2014-05-27,May,Tue,Weekday,21,B02764,10
2014-05-27,May,Tue,Weekday,22,B02512,36
2014-05-27,May,Tue,Weekday,22,B02598,242
2014-05-27,May,Tue,Weekday,22,B02617,128
2014-05-27,May,Tue,Weekday,22,B02682,200
2014-05-27,May,Tue,Weekday,22,B02764,5
2014-05-27,May,Tue,Weekday,23,B02512,16
2014-05-27,May,Tue,Weekday,23,B02598,140
2014-05-27,May,Tue,Weekday,23,B02617,77
2014-05-27,May,Tue,Weekday,23,B02682,120
2014-05-27,May,Tue,Weekday,23,B02764,5
2014-05-28,May,Wed,Weekday,0,B02512,7
2014-05-28,May,Wed,Weekday,0,B02598,77
2014-05-28,May,Wed,Weekday,0,B02617,30
2014-05-28,May,Wed,Weekday,0,B02682,70
2014-05-28,May,Wed,Weekday,0,B02764,3
2014-05-28,May,Wed,Weekday,1,B02512,8
2014-05-28,May,Wed,Weekday,1,B02598,42
2014-05-28,May,Wed,Weekday,1,B02617,22
2014-05-28,May,Wed,Weekday,1,B02682,32
2014-05-28,May,Wed,Weekday,2,B02512,2
2014-05-28,May,Wed,Weekday,2,B02598,37
2014-05-28,May,Wed,Weekday,2,B02617,11
2014-05-28,May,Wed,Weekday,2,B02682,26
2014-05-28,May,Wed,Weekday,2,B02764,2
2014-05-28,May,Wed,Weekday,3,B02512,5
2014-05-28,May,Wed,Weekday,3,B02598,58
2014-05-28,May,Wed,Weekday,3,B02617,28
2014-05-28,May,Wed,Weekday,3,B02682,35
2014-05-28,May,Wed,Weekday,3,B02764,1
2014-05-28,May,Wed,Weekday,4,B02512,12
2014-05-28,May,Wed,Weekday,4,B02598,76
2014-05-28,May,Wed,Weekday,4,B02617,41
2014-05-28,May,Wed,Weekday,4,B02682,63
2014-05-28,May,Wed,Weekday,4,B02764,4
2014-05-28,May,Wed,Weekday,5,B02512,20
2014-05-28,May,Wed,Weekday,5,B02598,158
2014-05-28,May,Wed,Weekday,5,B02617,89
2014-05-28,May,Wed,Weekday,5,B02682,142
2014-05-28,May,Wed,Weekday,5,B02764,1
2014-05-28,May,Wed,Weekday,6,B02512,31
2014-05-28,May,Wed,Weekday,6,B02598,377
2014-05-28,May,Wed,Weekday,6,B02617,188
2014-05-28,May,Wed,Weekday,6,B02682,268
2014-05-28,May,Wed,Weekday,6,B02764,9
2014-05-28,May,Wed,Weekday,7,B02512,70
2014-05-28,May,Wed,Weekday,7,B02598,487
2014-05-28,May,Wed,Weekday,7,B02617,263
2014-05-28,May,Wed,Weekday,7,B02682,408
2014-05-28,May,Wed,Weekday,7,B02764,15
2014-05-28,May,Wed,Weekday,8,B02512,46
2014-05-28,May,Wed,Weekday,8,B02598,419
2014-05-28,May,Wed,Weekday,8,B02617,205
2014-05-28,May,Wed,Weekday,8,B02682,301
2014-05-28,May,Wed,Weekday,8,B02764,10
2014-05-28,May,Wed,Weekday,9,B02512,38
2014-05-28,May,Wed,Weekday,9,B02598,260
2014-05-28,May,Wed,Weekday,9,B02617,163
2014-05-28,May,Wed,Weekday,9,B02682,249
2014-05-28,May,Wed,Weekday,9,B02764,6
2014-05-28,May,Wed,Weekday,10,B02512,41
2014-05-28,May,Wed,Weekday,10,B02598,279
2014-05-28,May,Wed,Weekday,10,B02617,136
2014-05-28,May,Wed,Weekday,10,B02682,219
2014-05-28,May,Wed,Weekday,10,B02764,12
2014-05-28,May,Wed,Weekday,11,B02512,41
2014-05-28,May,Wed,Weekday,11,B02598,284
2014-05-28,May,Wed,Weekday,11,B02617,152
2014-05-28,May,Wed,Weekday,11,B02682,241
2014-05-28,May,Wed,Weekday,11,B02764,12
2014-05-28,May,Wed,Weekday,12,B02512,42
2014-05-28,May,Wed,Weekday,12,B02598,269
2014-05-28,May,Wed,Weekday,12,B02617,159
2014-05-28,May,Wed,Weekday,12,B02682,212
2014-05-28,May,Wed,Weekday,12,B02764,8
2014-05-28,May,Wed,Weekday,13,B02512,68
2014-05-28,May,Wed,Weekday,13,B02598,363
2014-05-28,May,Wed,Weekday,13,B02617,186
2014-05-28,May,Wed,Weekday,13,B02682,257
2014-05-28,May,Wed,Weekday,13,B02764,18
2014-05-28,May,Wed,Weekday,14,B02512,64
2014-05-28,May,Wed,Weekday,14,B02598,470
2014-05-28,May,Wed,Weekday,14,B02617,262
2014-05-28,May,Wed,Weekday,14,B02682,353
2014-05-28,May,Wed,Weekday,14,B02764,21
2014-05-28,May,Wed,Weekday,15,B02512,110
2014-05-28,May,Wed,Weekday,15,B02598,649
2014-05-28,May,Wed,Weekday,15,B02617,366
2014-05-28,May,Wed,Weekday,15,B02682,449
2014-05-28,May,Wed,Weekday,15,B02764,23
2014-05-28,May,Wed,Weekday,16,B02512,124
2014-05-28,May,Wed,Weekday,16,B02598,809
2014-05-28,May,Wed,Weekday,16,B02617,427
2014-05-28,May,Wed,Weekday,16,B02682,572
2014-05-28,May,Wed,Weekday,16,B02764,37
2014-05-28,May,Wed,Weekday,17,B02512,117
2014-05-28,May,Wed,Weekday,17,B02598,787
2014-05-28,May,Wed,Weekday,17,B02617,474
2014-05-28,May,Wed,Weekday,17,B02682,609
2014-05-28,May,Wed,Weekday,17,B02764,40
2014-05-28,May,Wed,Weekday,18,B02512,100
2014-05-28,May,Wed,Weekday,18,B02598,700
2014-05-28,May,Wed,Weekday,18,B02617,398
2014-05-28,May,Wed,Weekday,18,B02682,547
2014-05-28,May,Wed,Weekday,18,B02764,26
2014-05-28,May,Wed,Weekday,19,B02512,72
2014-05-28,May,Wed,Weekday,19,B02598,590
2014-05-28,May,Wed,Weekday,19,B02617,309
2014-05-28,May,Wed,Weekday,19,B02682,456
2014-05-28,May,Wed,Weekday,19,B02764,17
2014-05-28,May,Wed,Weekday,20,B02512,91
2014-05-28,May,Wed,Weekday,20,B02598,576
2014-05-28,May,Wed,Weekday,20,B02617,323
2014-05-28,May,Wed,Weekday,20,B02682,461
2014-05-28,May,Wed,Weekday,20,B02764,36
2014-05-28,May,Wed,Weekday,21,B02512,83
2014-05-28,May,Wed,Weekday,21,B02598,540
2014-05-28,May,Wed,Weekday,21,B02617,293
2014-05-28,May,Wed,Weekday,21,B02682,467
2014-05-28,May,Wed,Weekday,21,B02764,28
2014-05-28,May,Wed,Weekday,22,B02512,48
2014-05-28,May,Wed,Weekday,22,B02598,360
2014-05-28,May,Wed,Weekday,22,B02617,215
2014-05-28,May,Wed,Weekday,22,B02682,318
2014-05-28,May,Wed,Weekday,22,B02764,14
2014-05-28,May,Wed,Weekday,23,B02512,26
2014-05-28,May,Wed,Weekday,23,B02598,222
2014-05-28,May,Wed,Weekday,23,B02617,102
2014-05-28,May,Wed,Weekday,23,B02682,136
2014-05-28,May,Wed,Weekday,23,B02764,9
2014-05-29,May,Thu,Weekday,0,B02512,14
2014-05-29,May,Thu,Weekday,0,B02598,95
2014-05-29,May,Thu,Weekday,0,B02617,55
2014-05-29,May,Thu,Weekday,0,B02682,75
2014-05-29,May,Thu,Weekday,0,B02764,4
2014-05-29,May,Thu,Weekday,1,B02512,4
2014-05-29,May,Thu,Weekday,1,B02598,45
2014-05-29,May,Thu,Weekday,1,B02617,31
2014-05-29,May,Thu,Weekday,1,B02682,48
2014-05-29,May,Thu,Weekday,1,B02764,2
2014-05-29,May,Thu,Weekday,2,B02512,5
2014-05-29,May,Thu,Weekday,2,B02598,31
2014-05-29,May,Thu,Weekday,2,B02617,15
2014-05-29,May,Thu,Weekday,2,B02682,33
2014-05-29,May,Thu,Weekday,3,B02512,8
2014-05-29,May,Thu,Weekday,3,B02598,49
2014-05-29,May,Thu,Weekday,3,B02617,22
2014-05-29,May,Thu,Weekday,3,B02682,45
2014-05-29,May,Thu,Weekday,3,B02764,1
2014-05-29,May,Thu,Weekday,4,B02512,3
2014-05-29,May,Thu,Weekday,4,B02598,87
2014-05-29,May,Thu,Weekday,4,B02617,39
2014-05-29,May,Thu,Weekday,4,B02682,79
2014-05-29,May,Thu,Weekday,4,B02764,4
2014-05-29,May,Thu,Weekday,5,B02512,20
2014-05-29,May,Thu,Weekday,5,B02598,148
2014-05-29,May,Thu,Weekday,5,B02617,80
2014-05-29,May,Thu,Weekday,5,B02682,146
2014-05-29,May,Thu,Weekday,5,B02764,4
2014-05-29,May,Thu,Weekday,6,B02512,40
2014-05-29,May,Thu,Weekday,6,B02598,348
2014-05-29,May,Thu,Weekday,6,B02617,208
2014-05-29,May,Thu,Weekday,6,B02682,306
2014-05-29,May,Thu,Weekday,6,B02764,10
2014-05-29,May,Thu,Weekday,7,B02512,65
2014-05-29,May,Thu,Weekday,7,B02598,452
2014-05-29,May,Thu,Weekday,7,B02617,249
2014-05-29,May,Thu,Weekday,7,B02682,394
2014-05-29,May,Thu,Weekday,7,B02764,12
2014-05-29,May,Thu,Weekday,8,B02512,56
2014-05-29,May,Thu,Weekday,8,B02598,384
2014-05-29,May,Thu,Weekday,8,B02617,223
2014-05-29,May,Thu,Weekday,8,B02682,310
2014-05-29,May,Thu,Weekday,8,B02764,10
2014-05-29,May,Thu,Weekday,9,B02512,41
2014-05-29,May,Thu,Weekday,9,B02598,276
2014-05-29,May,Thu,Weekday,9,B02617,175
2014-05-29,May,Thu,Weekday,9,B02682,249
2014-05-29,May,Thu,Weekday,9,B02764,7
2014-05-29,May,Thu,Weekday,10,B02512,52
2014-05-29,May,Thu,Weekday,10,B02598,226
2014-05-29,May,Thu,Weekday,10,B02617,153
2014-05-29,May,Thu,Weekday,10,B02682,227
2014-05-29,May,Thu,Weekday,10,B02764,7
2014-05-29,May,Thu,Weekday,11,B02512,52
2014-05-29,May,Thu,Weekday,11,B02598,247
2014-05-29,May,Thu,Weekday,11,B02617,154
2014-05-29,May,Thu,Weekday,11,B02682,238
2014-05-29,May,Thu,Weekday,11,B02764,11
2014-05-29,May,Thu,Weekday,12,B02512,46
2014-05-29,May,Thu,Weekday,12,B02598,274
2014-05-29,May,Thu,Weekday,12,B02617,185
2014-05-29,May,Thu,Weekday,12,B02682,227
2014-05-29,May,Thu,Weekday,12,B02764,8
2014-05-29,May,Thu,Weekday,13,B02512,58
2014-05-29,May,Thu,Weekday,13,B02598,367
2014-05-29,May,Thu,Weekday,13,B02617,187
2014-05-29,May,Thu,Weekday,13,B02682,293
2014-05-29,May,Thu,Weekday,13,B02764,18
2014-05-29,May,Thu,Weekday,14,B02512,78
2014-05-29,May,Thu,Weekday,14,B02598,479
2014-05-29,May,Thu,Weekday,14,B02617,285
2014-05-29,May,Thu,Weekday,14,B02682,377
2014-05-29,May,Thu,Weekday,14,B02764,17
2014-05-29,May,Thu,Weekday,15,B02512,78
2014-05-29,May,Thu,Weekday,15,B02598,662
2014-05-29,May,Thu,Weekday,15,B02617,389
2014-05-29,May,Thu,Weekday,15,B02682,507
2014-05-29,May,Thu,Weekday,15,B02764,19
2014-05-29,May,Thu,Weekday,16,B02512,110
2014-05-29,May,Thu,Weekday,16,B02598,740
2014-05-29,May,Thu,Weekday,16,B02617,435
2014-05-29,May,Thu,Weekday,16,B02682,559
2014-05-29,May,Thu,Weekday,16,B02764,24
2014-05-29,May,Thu,Weekday,17,B02512,108
2014-05-29,May,Thu,Weekday,17,B02598,854
2014-05-29,May,Thu,Weekday,17,B02617,473
2014-05-29,May,Thu,Weekday,17,B02682,695
2014-05-29,May,Thu,Weekday,17,B02764,30
2014-05-29,May,Thu,Weekday,18,B02512,107
2014-05-29,May,Thu,Weekday,18,B02598,810
2014-05-29,May,Thu,Weekday,18,B02617,445
2014-05-29,May,Thu,Weekday,18,B02682,658
2014-05-29,May,Thu,Weekday,18,B02764,31
2014-05-29,May,Thu,Weekday,19,B02512,77
2014-05-29,May,Thu,Weekday,19,B02598,701
2014-05-29,May,Thu,Weekday,19,B02617,390
2014-05-29,May,Thu,Weekday,19,B02682,562
2014-05-29,May,Thu,Weekday,19,B02764,20
2014-05-29,May,Thu,Weekday,20,B02512,90
2014-05-29,May,Thu,Weekday,20,B02598,740
2014-05-29,May,Thu,Weekday,20,B02617,381
2014-05-29,May,Thu,Weekday,20,B02682,553
2014-05-29,May,Thu,Weekday,20,B02764,26
2014-05-29,May,Thu,Weekday,21,B02512,115
2014-05-29,May,Thu,Weekday,21,B02598,753
2014-05-29,May,Thu,Weekday,21,B02617,447
2014-05-29,May,Thu,Weekday,21,B02682,603
2014-05-29,May,Thu,Weekday,21,B02764,35
2014-05-29,May,Thu,Weekday,22,B02512,81
2014-05-29,May,Thu,Weekday,22,B02598,638
2014-05-29,May,Thu,Weekday,22,B02617,380
2014-05-29,May,Thu,Weekday,22,B02682,503
2014-05-29,May,Thu,Weekday,22,B02764,27
2014-05-29,May,Thu,Weekday,23,B02512,34
2014-05-29,May,Thu,Weekday,23,B02598,313
2014-05-29,May,Thu,Weekday,23,B02617,185
2014-05-29,May,Thu,Weekday,23,B02682,255
2014-05-29,May,Thu,Weekday,23,B02764,14
2014-05-30,May,Fri,Weekday,0,B02512,21
2014-05-30,May,Fri,Weekday,0,B02598,166
2014-05-30,May,Fri,Weekday,0,B02617,82
2014-05-30,May,Fri,Weekday,0,B02682,119
2014-05-30,May,Fri,Weekday,0,B02764,5
2014-05-30,May,Fri,Weekday,1,B02512,6
2014-05-30,May,Fri,Weekday,1,B02598,88
2014-05-30,May,Fri,Weekday,1,B02617,47
2014-05-30,May,Fri,Weekday,1,B02682,60
2014-05-30,May,Fri,Weekday,2,B02512,7
2014-05-30,May,Fri,Weekday,2,B02598,45
2014-05-30,May,Fri,Weekday,2,B02617,25
2014-05-30,May,Fri,Weekday,2,B02682,46
2014-05-30,May,Fri,Weekday,2,B02764,1
2014-05-30,May,Fri,Weekday,3,B02512,8
2014-05-30,May,Fri,Weekday,3,B02598,68
2014-05-30,May,Fri,Weekday,3,B02617,35
2014-05-30,May,Fri,Weekday,3,B02682,60
2014-05-30,May,Fri,Weekday,3,B02764,4
2014-05-30,May,Fri,Weekday,4,B02512,6
2014-05-30,May,Fri,Weekday,4,B02598,106
2014-05-30,May,Fri,Weekday,4,B02617,49
2014-05-30,May,Fri,Weekday,4,B02682,76
2014-05-30,May,Fri,Weekday,4,B02764,3
2014-05-30,May,Fri,Weekday,5,B02512,24
2014-05-30,May,Fri,Weekday,5,B02598,153
2014-05-30,May,Fri,Weekday,5,B02617,85
2014-05-30,May,Fri,Weekday,5,B02682,134
2014-05-30,May,Fri,Weekday,5,B02764,2
2014-05-30,May,Fri,Weekday,6,B02512,50
2014-05-30,May,Fri,Weekday,6,B02598,311
2014-05-30,May,Fri,Weekday,6,B02617,191
2014-05-30,May,Fri,Weekday,6,B02682,293
2014-05-30,May,Fri,Weekday,6,B02764,9
2014-05-30,May,Fri,Weekday,7,B02512,82
2014-05-30,May,Fri,Weekday,7,B02598,427
2014-05-30,May,Fri,Weekday,7,B02617,265
2014-05-30,May,Fri,Weekday,7,B02682,385
2014-05-30,May,Fri,Weekday,7,B02764,12
2014-05-30,May,Fri,Weekday,8,B02512,49
2014-05-30,May,Fri,Weekday,8,B02598,378
2014-05-30,May,Fri,Weekday,8,B02617,208
2014-05-30,May,Fri,Weekday,8,B02682,352
2014-05-30,May,Fri,Weekday,8,B02764,10
2014-05-30,May,Fri,Weekday,9,B02512,43
2014-05-30,May,Fri,Weekday,9,B02598,276
2014-05-30,May,Fri,Weekday,9,B02617,161
2014-05-30,May,Fri,Weekday,9,B02682,227
2014-05-30,May,Fri,Weekday,9,B02764,10
2014-05-30,May,Fri,Weekday,10,B02512,34
2014-05-30,May,Fri,Weekday,10,B02598,274
2014-05-30,May,Fri,Weekday,10,B02617,169
2014-05-30,May,Fri,Weekday,10,B02682,242
2014-05-30,May,Fri,Weekday,10,B02764,12
2014-05-30,May,Fri,Weekday,11,B02512,50
2014-05-30,May,Fri,Weekday,11,B02598,282
2014-05-30,May,Fri,Weekday,11,B02617,190
2014-05-30,May,Fri,Weekday,11,B02682,288
2014-05-30,May,Fri,Weekday,11,B02764,13
2014-05-30,May,Fri,Weekday,12,B02512,47
2014-05-30,May,Fri,Weekday,12,B02598,318
2014-05-30,May,Fri,Weekday,12,B02617,211
2014-05-30,May,Fri,Weekday,12,B02682,280
2014-05-30,May,Fri,Weekday,12,B02764,14
2014-05-30,May,Fri,Weekday,13,B02512,61
2014-05-30,May,Fri,Weekday,13,B02598,380
2014-05-30,May,Fri,Weekday,13,B02617,216
2014-05-30,May,Fri,Weekday,13,B02682,331
2014-05-30,May,Fri,Weekday,13,B02764,9
2014-05-30,May,Fri,Weekday,14,B02512,82
2014-05-30,May,Fri,Weekday,14,B02598,508
2014-05-30,May,Fri,Weekday,14,B02617,285
2014-05-30,May,Fri,Weekday,14,B02682,411
2014-05-30,May,Fri,Weekday,14,B02764,22
2014-05-30,May,Fri,Weekday,15,B02512,85
2014-05-30,May,Fri,Weekday,15,B02598,642
2014-05-30,May,Fri,Weekday,15,B02617,376
2014-05-30,May,Fri,Weekday,15,B02682,521
2014-05-30,May,Fri,Weekday,15,B02764,23
2014-05-30,May,Fri,Weekday,16,B02512,102
2014-05-30,May,Fri,Weekday,16,B02598,718
2014-05-30,May,Fri,Weekday,16,B02617,403
2014-05-30,May,Fri,Weekday,16,B02682,565
2014-05-30,May,Fri,Weekday,16,B02764,20
2014-05-30,May,Fri,Weekday,17,B02512,78
2014-05-30,May,Fri,Weekday,17,B02598,685
2014-05-30,May,Fri,Weekday,17,B02617,390
2014-05-30,May,Fri,Weekday,17,B02682,569
2014-05-30,May,Fri,Weekday,17,B02764,25
2014-05-30,May,Fri,Weekday,18,B02512,110
2014-05-30,May,Fri,Weekday,18,B02598,895
2014-05-30,May,Fri,Weekday,18,B02617,526
2014-05-30,May,Fri,Weekday,18,B02682,680
2014-05-30,May,Fri,Weekday,18,B02764,34
2014-05-30,May,Fri,Weekday,19,B02512,77
2014-05-30,May,Fri,Weekday,19,B02598,580
2014-05-30,May,Fri,Weekday,19,B02617,297
2014-05-30,May,Fri,Weekday,19,B02682,476
2014-05-30,May,Fri,Weekday,19,B02764,13
2014-05-30,May,Fri,Weekday,20,B02512,68
2014-05-30,May,Fri,Weekday,20,B02598,553
2014-05-30,May,Fri,Weekday,20,B02617,309
2014-05-30,May,Fri,Weekday,20,B02682,374
2014-05-30,May,Fri,Weekday,20,B02764,12
2014-05-30,May,Fri,Weekday,21,B02512,81
2014-05-30,May,Fri,Weekday,21,B02598,611
2014-05-30,May,Fri,Weekday,21,B02617,336
2014-05-30,May,Fri,Weekday,21,B02682,448
2014-05-30,May,Fri,Weekday,21,B02764,19
2014-05-30,May,Fri,Weekday,22,B02512,71
2014-05-30,May,Fri,Weekday,22,B02598,648
2014-05-30,May,Fri,Weekday,22,B02617,319
2014-05-30,May,Fri,Weekday,22,B02682,418
2014-05-30,May,Fri,Weekday,22,B02764,14
2014-05-30,May,Fri,Weekday,23,B02512,51
2014-05-30,May,Fri,Weekday,23,B02598,530
2014-05-30,May,Fri,Weekday,23,B02617,272
2014-05-30,May,Fri,Weekday,23,B02682,370
2014-05-30,May,Fri,Weekday,23,B02764,20
2014-05-31,May,Sat,Weekend,0,B02512,31
2014-05-31,May,Sat,Weekend,0,B02598,312
2014-05-31,May,Sat,Weekend,0,B02617,177
2014-05-31,May,Sat,Weekend,0,B02682,235
2014-05-31,May,Sat,Weekend,0,B02764,13
2014-05-31,May,Sat,Weekend,1,B02512,17
2014-05-31,May,Sat,Weekend,1,B02598,182
2014-05-31,May,Sat,Weekend,1,B02617,117
2014-05-31,May,Sat,Weekend,1,B02682,142
2014-05-31,May,Sat,Weekend,1,B02764,4
2014-05-31,May,Sat,Weekend,2,B02512,14
2014-05-31,May,Sat,Weekend,2,B02598,132
2014-05-31,May,Sat,Weekend,2,B02617,66
2014-05-31,May,Sat,Weekend,2,B02682,114
2014-05-31,May,Sat,Weekend,2,B02764,5
2014-05-31,May,Sat,Weekend,3,B02512,7
2014-05-31,May,Sat,Weekend,3,B02598,120
2014-05-31,May,Sat,Weekend,3,B02617,56
2014-05-31,May,Sat,Weekend,3,B02682,76
2014-05-31,May,Sat,Weekend,3,B02764,2
2014-05-31,May,Sat,Weekend,4,B02512,4
2014-05-31,May,Sat,Weekend,4,B02598,68
2014-05-31,May,Sat,Weekend,4,B02617,28
2014-05-31,May,Sat,Weekend,4,B02682,40
2014-05-31,May,Sat,Weekend,4,B02764,5
2014-05-31,May,Sat,Weekend,5,B02512,8
2014-05-31,May,Sat,Weekend,5,B02598,83
2014-05-31,May,Sat,Weekend,5,B02617,34
2014-05-31,May,Sat,Weekend,5,B02682,45
2014-05-31,May,Sat,Weekend,5,B02764,3
2014-05-31,May,Sat,Weekend,6,B02512,14
2014-05-31,May,Sat,Weekend,6,B02598,104
2014-05-31,May,Sat,Weekend,6,B02617,51
2014-05-31,May,Sat,Weekend,6,B02682,84
2014-05-31,May,Sat,Weekend,6,B02764,2
2014-05-31,May,Sat,Weekend,7,B02512,28
2014-05-31,May,Sat,Weekend,7,B02598,147
2014-05-31,May,Sat,Weekend,7,B02617,74
2014-05-31,May,Sat,Weekend,7,B02682,108
2014-05-31,May,Sat,Weekend,7,B02764,8
2014-05-31,May,Sat,Weekend,8,B02512,37
2014-05-31,May,Sat,Weekend,8,B02598,180
2014-05-31,May,Sat,Weekend,8,B02617,102
2014-05-31,May,Sat,Weekend,8,B02682,167
2014-05-31,May,Sat,Weekend,8,B02764,11
2014-05-31,May,Sat,Weekend,9,B02512,34
2014-05-31,May,Sat,Weekend,9,B02598,207
2014-05-31,May,Sat,Weekend,9,B02617,103
2014-05-31,May,Sat,Weekend,9,B02682,210
2014-05-31,May,Sat,Weekend,9,B02764,5
2014-05-31,May,Sat,Weekend,10,B02512,29
2014-05-31,May,Sat,Weekend,10,B02598,232
2014-05-31,May,Sat,Weekend,10,B02617,128
2014-05-31,May,Sat,Weekend,10,B02682,229
2014-05-31,May,Sat,Weekend,10,B02764,8
2014-05-31,May,Sat,Weekend,11,B02512,47
2014-05-31,May,Sat,Weekend,11,B02598,260
2014-05-31,May,Sat,Weekend,11,B02617,160
2014-05-31,May,Sat,Weekend,11,B02682,239
2014-05-31,May,Sat,Weekend,11,B02764,7
2014-05-31,May,Sat,Weekend,12,B02512,40
2014-05-31,May,Sat,Weekend,12,B02598,305
2014-05-31,May,Sat,Weekend,12,B02617,160
2014-05-31,May,Sat,Weekend,12,B02682,259
2014-05-31,May,Sat,Weekend,12,B02764,11
2014-05-31,May,Sat,Weekend,13,B02512,46
2014-05-31,May,Sat,Weekend,13,B02598,331
2014-05-31,May,Sat,Weekend,13,B02617,164
2014-05-31,May,Sat,Weekend,13,B02682,266
2014-05-31,May,Sat,Weekend,13,B02764,9
2014-05-31,May,Sat,Weekend,14,B02512,79
2014-05-31,May,Sat,Weekend,14,B02598,535
2014-05-31,May,Sat,Weekend,14,B02617,264
2014-05-31,May,Sat,Weekend,14,B02682,365
2014-05-31,May,Sat,Weekend,14,B02764,22
2014-05-31,May,Sat,Weekend,15,B02512,81
2014-05-31,May,Sat,Weekend,15,B02598,656
2014-05-31,May,Sat,Weekend,15,B02617,340
2014-05-31,May,Sat,Weekend,15,B02682,477
2014-05-31,May,Sat,Weekend,15,B02764,30
2014-05-31,May,Sat,Weekend,16,B02512,94
2014-05-31,May,Sat,Weekend,16,B02598,650
2014-05-31,May,Sat,Weekend,16,B02617,317
2014-05-31,May,Sat,Weekend,16,B02682,468
2014-05-31,May,Sat,Weekend,16,B02764,22
2014-05-31,May,Sat,Weekend,17,B02512,80
2014-05-31,May,Sat,Weekend,17,B02598,539
2014-05-31,May,Sat,Weekend,17,B02617,311
2014-05-31,May,Sat,Weekend,17,B02682,395
2014-05-31,May,Sat,Weekend,17,B02764,23
2014-05-31,May,Sat,Weekend,18,B02512,60
2014-05-31,May,Sat,Weekend,18,B02598,605
2014-05-31,May,Sat,Weekend,18,B02617,317
2014-05-31,May,Sat,Weekend,18,B02682,467
2014-05-31,May,Sat,Weekend,18,B02764,21
2014-05-31,May,Sat,Weekend,19,B02512,53
2014-05-31,May,Sat,Weekend,19,B02598,501
2014-05-31,May,Sat,Weekend,19,B02617,285
2014-05-31,May,Sat,Weekend,19,B02682,361
2014-05-31,May,Sat,Weekend,19,B02764,19
2014-05-31,May,Sat,Weekend,20,B02512,42
2014-05-31,May,Sat,Weekend,20,B02598,491
2014-05-31,May,Sat,Weekend,20,B02617,273
2014-05-31,May,Sat,Weekend,20,B02682,384
2014-05-31,May,Sat,Weekend,20,B02764,13
2014-05-31,May,Sat,Weekend,21,B02512,57
2014-05-31,May,Sat,Weekend,21,B02598,598
2014-05-31,May,Sat,Weekend,21,B02617,358
2014-05-31,May,Sat,Weekend,21,B02682,437
2014-05-31,May,Sat,Weekend,21,B02764,16
2014-05-31,May,Sat,Weekend,22,B02512,81
2014-05-31,May,Sat,Weekend,22,B02598,740
2014-05-31,May,Sat,Weekend,22,B02617,422
2014-05-31,May,Sat,Weekend,22,B02682,524
2014-05-31,May,Sat,Weekend,22,B02764,26
2014-05-31,May,Sat,Weekend,23,B02512,62
2014-05-31,May,Sat,Weekend,23,B02598,646
2014-05-31,May,Sat,Weekend,23,B02617,385
2014-05-31,May,Sat,Weekend,23,B02682,502
2014-05-31,May,Sat,Weekend,23,B02764,21
2014-06-01,Jun,Sun,Weekend,0,B02512,39
2014-06-01,Jun,Sun,Weekend,0,B02598,423
2014-06-01,Jun,Sun,Weekend,0,B02617,290
2014-06-01,Jun,Sun,Weekend,0,B02682,344
2014-06-01,Jun,Sun,Weekend,0,B02764,16
2014-06-01,Jun,Sun,Weekend,1,B02512,18
2014-06-01,Jun,Sun,Weekend,1,B02598,285
2014-06-01,Jun,Sun,Weekend,1,B02617,161
2014-06-01,Jun,Sun,Weekend,1,B02682,214
2014-06-01,Jun,Sun,Weekend,1,B02764,7
2014-06-01,Jun,Sun,Weekend,2,B02512,17
2014-06-01,Jun,Sun,Weekend,2,B02598,158
2014-06-01,Jun,Sun,Weekend,2,B02617,93
2014-06-01,Jun,Sun,Weekend,2,B02682,123
2014-06-01,Jun,Sun,Weekend,2,B02764,5
2014-06-01,Jun,Sun,Weekend,3,B02512,8
2014-06-01,Jun,Sun,Weekend,3,B02598,128
2014-06-01,Jun,Sun,Weekend,3,B02617,61
2014-06-01,Jun,Sun,Weekend,3,B02682,83
2014-06-01,Jun,Sun,Weekend,3,B02764,1
2014-06-01,Jun,Sun,Weekend,4,B02512,4
2014-06-01,Jun,Sun,Weekend,4,B02598,67
2014-06-01,Jun,Sun,Weekend,4,B02617,30
2014-06-01,Jun,Sun,Weekend,4,B02682,52
2014-06-01,Jun,Sun,Weekend,4,B02764,2
2014-06-01,Jun,Sun,Weekend,5,B02512,4
2014-06-01,Jun,Sun,Weekend,5,B02598,73
2014-06-01,Jun,Sun,Weekend,5,B02617,34
2014-06-01,Jun,Sun,Weekend,5,B02682,54
2014-06-01,Jun,Sun,Weekend,6,B02512,11
2014-06-01,Jun,Sun,Weekend,6,B02598,80
2014-06-01,Jun,Sun,Weekend,6,B02617,53
2014-06-01,Jun,Sun,Weekend,6,B02682,55
2014-06-01,Jun,Sun,Weekend,6,B02764,1
2014-06-01,Jun,Sun,Weekend,7,B02512,15
2014-06-01,Jun,Sun,Weekend,7,B02598,105
2014-06-01,Jun,Sun,Weekend,7,B02617,64
2014-06-01,Jun,Sun,Weekend,7,B02682,78
2014-06-01,Jun,Sun,Weekend,7,B02764,3
2014-06-01,Jun,Sun,Weekend,8,B02512,23
2014-06-01,Jun,Sun,Weekend,8,B02598,148
2014-06-01,Jun,Sun,Weekend,8,B02617,83
2014-06-01,Jun,Sun,Weekend,8,B02682,126
2014-06-01,Jun,Sun,Weekend,8,B02764,6
2014-06-01,Jun,Sun,Weekend,9,B02512,29
2014-06-01,Jun,Sun,Weekend,9,B02598,198
2014-06-01,Jun,Sun,Weekend,9,B02617,103
2014-06-01,Jun,Sun,Weekend,9,B02682,164
2014-06-01,Jun,Sun,Weekend,9,B02764,6
2014-06-01,Jun,Sun,Weekend,10,B02512,34
2014-06-01,Jun,Sun,Weekend,10,B02598,251
2014-06-01,Jun,Sun,Weekend,10,B02617,132
2014-06-01,Jun,Sun,Weekend,10,B02682,210
2014-06-01,Jun,Sun,Weekend,10,B02764,11
2014-06-01,Jun,Sun,Weekend,11,B02512,51
2014-06-01,Jun,Sun,Weekend,11,B02598,291
2014-06-01,Jun,Sun,Weekend,11,B02617,156
2014-06-01,Jun,Sun,Weekend,11,B02682,233
2014-06-01,Jun,Sun,Weekend,11,B02764,9
2014-06-01,Jun,Sun,Weekend,12,B02512,51
2014-06-01,Jun,Sun,Weekend,12,B02598,329
2014-06-01,Jun,Sun,Weekend,12,B02617,182
2014-06-01,Jun,Sun,Weekend,12,B02682,235
2014-06-01,Jun,Sun,Weekend,12,B02764,10
2014-06-01,Jun,Sun,Weekend,13,B02512,54
2014-06-01,Jun,Sun,Weekend,13,B02598,363
2014-06-01,Jun,Sun,Weekend,13,B02617,198
2014-06-01,Jun,Sun,Weekend,13,B02682,284
2014-06-01,Jun,Sun,Weekend,13,B02764,14
2014-06-01,Jun,Sun,Weekend,14,B02512,47
2014-06-01,Jun,Sun,Weekend,14,B02598,370
2014-06-01,Jun,Sun,Weekend,14,B02617,238
2014-06-01,Jun,Sun,Weekend,14,B02682,328
2014-06-01,Jun,Sun,Weekend,14,B02764,14
2014-06-01,Jun,Sun,Weekend,15,B02512,67
2014-06-01,Jun,Sun,Weekend,15,B02598,426
2014-06-01,Jun,Sun,Weekend,15,B02617,261
2014-06-01,Jun,Sun,Weekend,15,B02682,324
2014-06-01,Jun,Sun,Weekend,15,B02764,14
2014-06-01,Jun,Sun,Weekend,16,B02512,72
2014-06-01,Jun,Sun,Weekend,16,B02598,489
2014-06-01,Jun,Sun,Weekend,16,B02617,278
2014-06-01,Jun,Sun,Weekend,16,B02682,319
2014-06-01,Jun,Sun,Weekend,16,B02764,11
2014-06-01,Jun,Sun,Weekend,17,B02512,56
2014-06-01,Jun,Sun,Weekend,17,B02598,437
2014-06-01,Jun,Sun,Weekend,17,B02617,264
2014-06-01,Jun,Sun,Weekend,17,B02682,339
2014-06-01,Jun,Sun,Weekend,17,B02764,17
2014-06-01,Jun,Sun,Weekend,18,B02512,47
2014-06-01,Jun,Sun,Weekend,18,B02598,371
2014-06-01,Jun,Sun,Weekend,18,B02617,240
2014-06-01,Jun,Sun,Weekend,18,B02682,320
2014-06-01,Jun,Sun,Weekend,18,B02764,5
2014-06-01,Jun,Sun,Weekend,19,B02512,40
2014-06-01,Jun,Sun,Weekend,19,B02598,309
2014-06-01,Jun,Sun,Weekend,19,B02617,188
2014-06-01,Jun,Sun,Weekend,19,B02682,270
2014-06-01,Jun,Sun,Weekend,19,B02764,7
2014-06-01,Jun,Sun,Weekend,20,B02512,41
2014-06-01,Jun,Sun,Weekend,20,B02598,293
2014-06-01,Jun,Sun,Weekend,20,B02617,195
2014-06-01,Jun,Sun,Weekend,20,B02682,269
2014-06-01,Jun,Sun,Weekend,20,B02764,9
2014-06-01,Jun,Sun,Weekend,21,B02512,50
2014-06-01,Jun,Sun,Weekend,21,B02598,330
2014-06-01,Jun,Sun,Weekend,21,B02617,210
2014-06-01,Jun,Sun,Weekend,21,B02682,250
2014-06-01,Jun,Sun,Weekend,21,B02764,9
2014-06-01,Jun,Sun,Weekend,22,B02512,30
2014-06-01,Jun,Sun,Weekend,22,B02598,226
2014-06-01,Jun,Sun,Weekend,22,B02617,148
2014-06-01,Jun,Sun,Weekend,22,B02682,188
2014-06-01,Jun,Sun,Weekend,22,B02764,10
2014-06-01,Jun,Sun,Weekend,23,B02512,17
2014-06-01,Jun,Sun,Weekend,23,B02598,107
2014-06-01,Jun,Sun,Weekend,23,B02617,85
2014-06-01,Jun,Sun,Weekend,23,B02682,87
2014-06-01,Jun,Sun,Weekend,23,B02764,2
2014-06-02,Jun,Mon,Weekday,0,B02512,11
2014-06-02,Jun,Mon,Weekday,0,B02598,76
2014-06-02,Jun,Mon,Weekday,0,B02617,53
2014-06-02,Jun,Mon,Weekday,0,B02682,45
2014-06-02,Jun,Mon,Weekday,0,B02764,1
2014-06-02,Jun,Mon,Weekday,1,B02512,3
2014-06-02,Jun,Mon,Weekday,1,B02598,20
2014-06-02,Jun,Mon,Weekday,1,B02617,20
2014-06-02,Jun,Mon,Weekday,1,B02682,27
2014-06-02,Jun,Mon,Weekday,1,B02764,2
2014-06-02,Jun,Mon,Weekday,2,B02512,5
2014-06-02,Jun,Mon,Weekday,2,B02598,29
2014-06-02,Jun,Mon,Weekday,2,B02617,13
2014-06-02,Jun,Mon,Weekday,2,B02682,12
2014-06-02,Jun,Mon,Weekday,3,B02512,14
2014-06-02,Jun,Mon,Weekday,3,B02598,62
2014-06-02,Jun,Mon,Weekday,3,B02617,30
2014-06-02,Jun,Mon,Weekday,3,B02682,59
2014-06-02,Jun,Mon,Weekday,3,B02764,2
2014-06-02,Jun,Mon,Weekday,4,B02512,11
2014-06-02,Jun,Mon,Weekday,4,B02598,126
2014-06-02,Jun,Mon,Weekday,4,B02617,65
2014-06-02,Jun,Mon,Weekday,4,B02682,100
2014-06-02,Jun,Mon,Weekday,4,B02764,3
2014-06-02,Jun,Mon,Weekday,5,B02512,23
2014-06-02,Jun,Mon,Weekday,5,B02598,183
2014-06-02,Jun,Mon,Weekday,5,B02617,121
2014-06-02,Jun,Mon,Weekday,5,B02682,165
2014-06-02,Jun,Mon,Weekday,5,B02764,8
2014-06-02,Jun,Mon,Weekday,6,B02512,41
2014-06-02,Jun,Mon,Weekday,6,B02598,337
2014-06-02,Jun,Mon,Weekday,6,B02617,205
2014-06-02,Jun,Mon,Weekday,6,B02682,319
2014-06-02,Jun,Mon,Weekday,6,B02764,13
2014-06-02,Jun,Mon,Weekday,7,B02512,64
2014-06-02,Jun,Mon,Weekday,7,B02598,423
2014-06-02,Jun,Mon,Weekday,7,B02617,216
2014-06-02,Jun,Mon,Weekday,7,B02682,385
2014-06-02,Jun,Mon,Weekday,7,B02764,15
2014-06-02,Jun,Mon,Weekday,8,B02512,49
2014-06-02,Jun,Mon,Weekday,8,B02598,377
2014-06-02,Jun,Mon,Weekday,8,B02617,218
2014-06-02,Jun,Mon,Weekday,8,B02682,326
2014-06-02,Jun,Mon,Weekday,8,B02764,12
2014-06-02,Jun,Mon,Weekday,9,B02512,36
2014-06-02,Jun,Mon,Weekday,9,B02598,235
2014-06-02,Jun,Mon,Weekday,9,B02617,130
2014-06-02,Jun,Mon,Weekday,9,B02682,193
2014-06-02,Jun,Mon,Weekday,9,B02764,9
2014-06-02,Jun,Mon,Weekday,10,B02512,42
2014-06-02,Jun,Mon,Weekday,10,B02598,254
2014-06-02,Jun,Mon,Weekday,10,B02617,136
2014-06-02,Jun,Mon,Weekday,10,B02682,185
2014-06-02,Jun,Mon,Weekday,10,B02764,11
2014-06-02,Jun,Mon,Weekday,11,B02512,39
2014-06-02,Jun,Mon,Weekday,11,B02598,246
2014-06-02,Jun,Mon,Weekday,11,B02617,147
2014-06-02,Jun,Mon,Weekday,11,B02682,193
2014-06-02,Jun,Mon,Weekday,11,B02764,12
2014-06-02,Jun,Mon,Weekday,12,B02512,56
2014-06-02,Jun,Mon,Weekday,12,B02598,248
2014-06-02,Jun,Mon,Weekday,12,B02617,169
2014-06-02,Jun,Mon,Weekday,12,B02682,202
2014-06-02,Jun,Mon,Weekday,12,B02764,8
2014-06-02,Jun,Mon,Weekday,13,B02512,46
2014-06-02,Jun,Mon,Weekday,13,B02598,273
2014-06-02,Jun,Mon,Weekday,13,B02617,139
2014-06-02,Jun,Mon,Weekday,13,B02682,244
2014-06-02,Jun,Mon,Weekday,13,B02764,11
2014-06-02,Jun,Mon,Weekday,14,B02512,54
2014-06-02,Jun,Mon,Weekday,14,B02598,397
2014-06-02,Jun,Mon,Weekday,14,B02617,238
2014-06-02,Jun,Mon,Weekday,14,B02682,315
2014-06-02,Jun,Mon,Weekday,14,B02764,14
2014-06-02,Jun,Mon,Weekday,15,B02512,73
2014-06-02,Jun,Mon,Weekday,15,B02598,429
2014-06-02,Jun,Mon,Weekday,15,B02617,254
2014-06-02,Jun,Mon,Weekday,15,B02682,341
2014-06-02,Jun,Mon,Weekday,15,B02764,15
2014-06-02,Jun,Mon,Weekday,16,B02512,73
2014-06-02,Jun,Mon,Weekday,16,B02598,525
2014-06-02,Jun,Mon,Weekday,16,B02617,305
2014-06-02,Jun,Mon,Weekday,16,B02682,415
2014-06-02,Jun,Mon,Weekday,16,B02764,19
2014-06-02,Jun,Mon,Weekday,17,B02512,94
2014-06-02,Jun,Mon,Weekday,17,B02598,540
2014-06-02,Jun,Mon,Weekday,17,B02617,326
2014-06-02,Jun,Mon,Weekday,17,B02682,469
2014-06-02,Jun,Mon,Weekday,17,B02764,14
2014-06-02,Jun,Mon,Weekday,18,B02512,54
2014-06-02,Jun,Mon,Weekday,18,B02598,413
2014-06-02,Jun,Mon,Weekday,18,B02617,265
2014-06-02,Jun,Mon,Weekday,18,B02682,347
2014-06-02,Jun,Mon,Weekday,18,B02764,14
2014-06-02,Jun,Mon,Weekday,19,B02512,53
2014-06-02,Jun,Mon,Weekday,19,B02598,398
2014-06-02,Jun,Mon,Weekday,19,B02617,242
2014-06-02,Jun,Mon,Weekday,19,B02682,311
2014-06-02,Jun,Mon,Weekday,19,B02764,5
2014-06-02,Jun,Mon,Weekday,20,B02512,38
2014-06-02,Jun,Mon,Weekday,20,B02598,407
2014-06-02,Jun,Mon,Weekday,20,B02617,221
2014-06-02,Jun,Mon,Weekday,20,B02682,352
2014-06-02,Jun,Mon,Weekday,20,B02764,19
2014-06-02,Jun,Mon,Weekday,21,B02512,48
2014-06-02,Jun,Mon,Weekday,21,B02598,345
2014-06-02,Jun,Mon,Weekday,21,B02617,197
2014-06-02,Jun,Mon,Weekday,21,B02682,313
2014-06-02,Jun,Mon,Weekday,21,B02764,11
2014-06-02,Jun,Mon,Weekday,22,B02512,31
2014-06-02,Jun,Mon,Weekday,22,B02598,249
2014-06-02,Jun,Mon,Weekday,22,B02617,144
2014-06-02,Jun,Mon,Weekday,22,B02682,202
2014-06-02,Jun,Mon,Weekday,22,B02764,8
2014-06-02,Jun,Mon,Weekday,23,B02512,17
2014-06-02,Jun,Mon,Weekday,23,B02598,125
2014-06-02,Jun,Mon,Weekday,23,B02617,89
2014-06-02,Jun,Mon,Weekday,23,B02682,117
2014-06-02,Jun,Mon,Weekday,23,B02764,5
2014-06-03,Jun,Tue,Weekday,0,B02512,4
2014-06-03,Jun,Tue,Weekday,0,B02598,71
2014-06-03,Jun,Tue,Weekday,0,B02617,48
2014-06-03,Jun,Tue,Weekday,0,B02682,60
2014-06-03,Jun,Tue,Weekday,0,B02764,4
2014-06-03,Jun,Tue,Weekday,1,B02512,2
2014-06-03,Jun,Tue,Weekday,1,B02598,38
2014-06-03,Jun,Tue,Weekday,1,B02617,19
2014-06-03,Jun,Tue,Weekday,1,B02682,28
2014-06-03,Jun,Tue,Weekday,2,B02512,1
2014-06-03,Jun,Tue,Weekday,2,B02598,18
2014-06-03,Jun,Tue,Weekday,2,B02617,18
2014-06-03,Jun,Tue,Weekday,2,B02682,20
2014-06-03,Jun,Tue,Weekday,2,B02764,2
2014-06-03,Jun,Tue,Weekday,3,B02512,3
2014-06-03,Jun,Tue,Weekday,3,B02598,42
2014-06-03,Jun,Tue,Weekday,3,B02617,24
2014-06-03,Jun,Tue,Weekday,3,B02682,35
2014-06-03,Jun,Tue,Weekday,3,B02764,1
2014-06-03,Jun,Tue,Weekday,4,B02512,7
2014-06-03,Jun,Tue,Weekday,4,B02598,80
2014-06-03,Jun,Tue,Weekday,4,B02617,49
2014-06-03,Jun,Tue,Weekday,4,B02682,42
2014-06-03,Jun,Tue,Weekday,4,B02764,2
2014-06-03,Jun,Tue,Weekday,5,B02512,14
2014-06-03,Jun,Tue,Weekday,5,B02598,146
2014-06-03,Jun,Tue,Weekday,5,B02617,89
2014-06-03,Jun,Tue,Weekday,5,B02682,117
2014-06-03,Jun,Tue,Weekday,5,B02764,6
2014-06-03,Jun,Tue,Weekday,6,B02512,42
2014-06-03,Jun,Tue,Weekday,6,B02598,368
2014-06-03,Jun,Tue,Weekday,6,B02617,233
2014-06-03,Jun,Tue,Weekday,6,B02682,294
2014-06-03,Jun,Tue,Weekday,6,B02764,13
2014-06-03,Jun,Tue,Weekday,7,B02512,55
2014-06-03,Jun,Tue,Weekday,7,B02598,480
2014-06-03,Jun,Tue,Weekday,7,B02617,283
2014-06-03,Jun,Tue,Weekday,7,B02682,366
2014-06-03,Jun,Tue,Weekday,7,B02764,15
2014-06-03,Jun,Tue,Weekday,8,B02512,46
2014-06-03,Jun,Tue,Weekday,8,B02598,384
2014-06-03,Jun,Tue,Weekday,8,B02617,225
2014-06-03,Jun,Tue,Weekday,8,B02682,318
2014-06-03,Jun,Tue,Weekday,8,B02764,9
2014-06-03,Jun,Tue,Weekday,9,B02512,32
2014-06-03,Jun,Tue,Weekday,9,B02598,300
2014-06-03,Jun,Tue,Weekday,9,B02617,163
2014-06-03,Jun,Tue,Weekday,9,B02682,219
2014-06-03,Jun,Tue,Weekday,9,B02764,8
2014-06-03,Jun,Tue,Weekday,10,B02512,49
2014-06-03,Jun,Tue,Weekday,10,B02598,285
2014-06-03,Jun,Tue,Weekday,10,B02617,183
2014-06-03,Jun,Tue,Weekday,10,B02682,222
2014-06-03,Jun,Tue,Weekday,10,B02764,7
2014-06-03,Jun,Tue,Weekday,11,B02512,51
2014-06-03,Jun,Tue,Weekday,11,B02598,266
2014-06-03,Jun,Tue,Weekday,11,B02617,180
2014-06-03,Jun,Tue,Weekday,11,B02682,228
2014-06-03,Jun,Tue,Weekday,11,B02764,12
2014-06-03,Jun,Tue,Weekday,12,B02512,51
2014-06-03,Jun,Tue,Weekday,12,B02598,311
2014-06-03,Jun,Tue,Weekday,12,B02617,179
2014-06-03,Jun,Tue,Weekday,12,B02682,238
2014-06-03,Jun,Tue,Weekday,12,B02764,14
2014-06-03,Jun,Tue,Weekday,13,B02512,65
2014-06-03,Jun,Tue,Weekday,13,B02598,385
2014-06-03,Jun,Tue,Weekday,13,B02617,216
2014-06-03,Jun,Tue,Weekday,13,B02682,280
2014-06-03,Jun,Tue,Weekday,13,B02764,16
2014-06-03,Jun,Tue,Weekday,14,B02512,66
2014-06-03,Jun,Tue,Weekday,14,B02598,504
2014-06-03,Jun,Tue,Weekday,14,B02617,273
2014-06-03,Jun,Tue,Weekday,14,B02682,349
2014-06-03,Jun,Tue,Weekday,14,B02764,24
2014-06-03,Jun,Tue,Weekday,15,B02512,88
2014-06-03,Jun,Tue,Weekday,15,B02598,607
2014-06-03,Jun,Tue,Weekday,15,B02617,294
2014-06-03,Jun,Tue,Weekday,15,B02682,413
2014-06-03,Jun,Tue,Weekday,15,B02764,30
2014-06-03,Jun,Tue,Weekday,16,B02512,128
2014-06-03,Jun,Tue,Weekday,16,B02598,849
2014-06-03,Jun,Tue,Weekday,16,B02617,470
2014-06-03,Jun,Tue,Weekday,16,B02682,661
2014-06-03,Jun,Tue,Weekday,16,B02764,34
2014-06-03,Jun,Tue,Weekday,17,B02512,137
2014-06-03,Jun,Tue,Weekday,17,B02598,956
2014-06-03,Jun,Tue,Weekday,17,B02617,573
2014-06-03,Jun,Tue,Weekday,17,B02682,771
2014-06-03,Jun,Tue,Weekday,17,B02764,34
2014-06-03,Jun,Tue,Weekday,18,B02512,105
2014-06-03,Jun,Tue,Weekday,18,B02598,806
2014-06-03,Jun,Tue,Weekday,18,B02617,469
2014-06-03,Jun,Tue,Weekday,18,B02682,618
2014-06-03,Jun,Tue,Weekday,18,B02764,28
2014-06-03,Jun,Tue,Weekday,19,B02512,68
2014-06-03,Jun,Tue,Weekday,19,B02598,538
2014-06-03,Jun,Tue,Weekday,19,B02617,302
2014-06-03,Jun,Tue,Weekday,19,B02682,443
2014-06-03,Jun,Tue,Weekday,19,B02764,18
2014-06-03,Jun,Tue,Weekday,20,B02512,91
2014-06-03,Jun,Tue,Weekday,20,B02598,532
2014-06-03,Jun,Tue,Weekday,20,B02617,318
2014-06-03,Jun,Tue,Weekday,20,B02682,437
2014-06-03,Jun,Tue,Weekday,20,B02764,28
2014-06-03,Jun,Tue,Weekday,21,B02512,78
2014-06-03,Jun,Tue,Weekday,21,B02598,484
2014-06-03,Jun,Tue,Weekday,21,B02617,314
2014-06-03,Jun,Tue,Weekday,21,B02682,359
2014-06-03,Jun,Tue,Weekday,21,B02764,22
2014-06-03,Jun,Tue,Weekday,22,B02512,38
2014-06-03,Jun,Tue,Weekday,22,B02598,313
2014-06-03,Jun,Tue,Weekday,22,B02617,208
2014-06-03,Jun,Tue,Weekday,22,B02682,259
2014-06-03,Jun,Tue,Weekday,22,B02764,15
2014-06-03,Jun,Tue,Weekday,23,B02512,16
2014-06-03,Jun,Tue,Weekday,23,B02598,161
2014-06-03,Jun,Tue,Weekday,23,B02617,119
2014-06-03,Jun,Tue,Weekday,23,B02682,138
2014-06-03,Jun,Tue,Weekday,23,B02764,7
2014-06-04,Jun,Wed,Weekday,0,B02512,11
2014-06-04,Jun,Wed,Weekday,0,B02598,84
2014-06-04,Jun,Wed,Weekday,0,B02617,51
2014-06-04,Jun,Wed,Weekday,0,B02682,64
2014-06-04,Jun,Wed,Weekday,0,B02764,3
2014-06-04,Jun,Wed,Weekday,1,B02512,5
2014-06-04,Jun,Wed,Weekday,1,B02598,43
2014-06-04,Jun,Wed,Weekday,1,B02617,26
2014-06-04,Jun,Wed,Weekday,1,B02682,29
2014-06-04,Jun,Wed,Weekday,1,B02764,3
2014-06-04,Jun,Wed,Weekday,2,B02512,5
2014-06-04,Jun,Wed,Weekday,2,B02598,35
2014-06-04,Jun,Wed,Weekday,2,B02617,22
2014-06-04,Jun,Wed,Weekday,2,B02682,27
2014-06-04,Jun,Wed,Weekday,2,B02764,1
2014-06-04,Jun,Wed,Weekday,3,B02512,4
2014-06-04,Jun,Wed,Weekday,3,B02598,51
2014-06-04,Jun,Wed,Weekday,3,B02617,35
2014-06-04,Jun,Wed,Weekday,3,B02682,54
2014-06-04,Jun,Wed,Weekday,4,B02512,6
2014-06-04,Jun,Wed,Weekday,4,B02598,79
2014-06-04,Jun,Wed,Weekday,4,B02617,50
2014-06-04,Jun,Wed,Weekday,4,B02682,77
2014-06-04,Jun,Wed,Weekday,4,B02764,4
2014-06-04,Jun,Wed,Weekday,5,B02512,12
2014-06-04,Jun,Wed,Weekday,5,B02598,145
2014-06-04,Jun,Wed,Weekday,5,B02617,81
2014-06-04,Jun,Wed,Weekday,5,B02682,122
2014-06-04,Jun,Wed,Weekday,5,B02764,5
2014-06-04,Jun,Wed,Weekday,6,B02512,44
2014-06-04,Jun,Wed,Weekday,6,B02598,360
2014-06-04,Jun,Wed,Weekday,6,B02617,221
2014-06-04,Jun,Wed,Weekday,6,B02682,297
2014-06-04,Jun,Wed,Weekday,6,B02764,14
2014-06-04,Jun,Wed,Weekday,7,B02512,59
2014-06-04,Jun,Wed,Weekday,7,B02598,491
2014-06-04,Jun,Wed,Weekday,7,B02617,315
2014-06-04,Jun,Wed,Weekday,7,B02682,417
2014-06-04,Jun,Wed,Weekday,7,B02764,13
2014-06-04,Jun,Wed,Weekday,8,B02512,42
2014-06-04,Jun,Wed,Weekday,8,B02598,407
2014-06-04,Jun,Wed,Weekday,8,B02617,265
2014-06-04,Jun,Wed,Weekday,8,B02682,299
2014-06-04,Jun,Wed,Weekday,8,B02764,11
2014-06-04,Jun,Wed,Weekday,9,B02512,47
2014-06-04,Jun,Wed,Weekday,9,B02598,298
2014-06-04,Jun,Wed,Weekday,9,B02617,215
2014-06-04,Jun,Wed,Weekday,9,B02682,258
2014-06-04,Jun,Wed,Weekday,9,B02764,9
2014-06-04,Jun,Wed,Weekday,10,B02512,41
2014-06-04,Jun,Wed,Weekday,10,B02598,276
2014-06-04,Jun,Wed,Weekday,10,B02617,185
2014-06-04,Jun,Wed,Weekday,10,B02682,255
2014-06-04,Jun,Wed,Weekday,10,B02764,7
2014-06-04,Jun,Wed,Weekday,11,B02512,46
2014-06-04,Jun,Wed,Weekday,11,B02598,303
2014-06-04,Jun,Wed,Weekday,11,B02617,181
2014-06-04,Jun,Wed,Weekday,11,B02682,221
2014-06-04,Jun,Wed,Weekday,11,B02764,7
2014-06-04,Jun,Wed,Weekday,12,B02512,55
2014-06-04,Jun,Wed,Weekday,12,B02598,278
2014-06-04,Jun,Wed,Weekday,12,B02617,172
2014-06-04,Jun,Wed,Weekday,12,B02682,254
2014-06-04,Jun,Wed,Weekday,12,B02764,9
2014-06-04,Jun,Wed,Weekday,13,B02512,62
2014-06-04,Jun,Wed,Weekday,13,B02598,374
2014-06-04,Jun,Wed,Weekday,13,B02617,207
2014-06-04,Jun,Wed,Weekday,13,B02682,267
2014-06-04,Jun,Wed,Weekday,13,B02764,12
2014-06-04,Jun,Wed,Weekday,14,B02512,65
2014-06-04,Jun,Wed,Weekday,14,B02598,479
2014-06-04,Jun,Wed,Weekday,14,B02617,277
2014-06-04,Jun,Wed,Weekday,14,B02682,376
2014-06-04,Jun,Wed,Weekday,14,B02764,17
2014-06-04,Jun,Wed,Weekday,15,B02512,96
2014-06-04,Jun,Wed,Weekday,15,B02598,621
2014-06-04,Jun,Wed,Weekday,15,B02617,404
2014-06-04,Jun,Wed,Weekday,15,B02682,447
2014-06-04,Jun,Wed,Weekday,15,B02764,16
2014-06-04,Jun,Wed,Weekday,16,B02512,90
2014-06-04,Jun,Wed,Weekday,16,B02598,766
2014-06-04,Jun,Wed,Weekday,16,B02617,468
2014-06-04,Jun,Wed,Weekday,16,B02682,569
2014-06-04,Jun,Wed,Weekday,16,B02764,21
2014-06-04,Jun,Wed,Weekday,17,B02512,98
2014-06-04,Jun,Wed,Weekday,17,B02598,752
2014-06-04,Jun,Wed,Weekday,17,B02617,499
2014-06-04,Jun,Wed,Weekday,17,B02682,582
2014-06-04,Jun,Wed,Weekday,17,B02764,17
2014-06-04,Jun,Wed,Weekday,18,B02512,87
2014-06-04,Jun,Wed,Weekday,18,B02598,590
2014-06-04,Jun,Wed,Weekday,18,B02617,368
2014-06-04,Jun,Wed,Weekday,18,B02682,495
2014-06-04,Jun,Wed,Weekday,18,B02764,18
2014-06-04,Jun,Wed,Weekday,19,B02512,73
2014-06-04,Jun,Wed,Weekday,19,B02598,546
2014-06-04,Jun,Wed,Weekday,19,B02617,352
2014-06-04,Jun,Wed,Weekday,19,B02682,398
2014-06-04,Jun,Wed,Weekday,19,B02764,16
2014-06-04,Jun,Wed,Weekday,20,B02512,87
2014-06-04,Jun,Wed,Weekday,20,B02598,595
2014-06-04,Jun,Wed,Weekday,20,B02617,372
2014-06-04,Jun,Wed,Weekday,20,B02682,454
2014-06-04,Jun,Wed,Weekday,20,B02764,18
2014-06-04,Jun,Wed,Weekday,21,B02512,78
2014-06-04,Jun,Wed,Weekday,21,B02598,604
2014-06-04,Jun,Wed,Weekday,21,B02617,343
2014-06-04,Jun,Wed,Weekday,21,B02682,426
2014-06-04,Jun,Wed,Weekday,21,B02764,13
2014-06-04,Jun,Wed,Weekday,22,B02512,62
2014-06-04,Jun,Wed,Weekday,22,B02598,531
2014-06-04,Jun,Wed,Weekday,22,B02617,318
2014-06-04,Jun,Wed,Weekday,22,B02682,375
2014-06-04,Jun,Wed,Weekday,22,B02764,16
2014-06-04,Jun,Wed,Weekday,23,B02512,19
2014-06-04,Jun,Wed,Weekday,23,B02598,190
2014-06-04,Jun,Wed,Weekday,23,B02617,133
2014-06-04,Jun,Wed,Weekday,23,B02682,161
2014-06-04,Jun,Wed,Weekday,23,B02764,5
2014-06-05,Jun,Thu,Weekday,0,B02512,8
2014-06-05,Jun,Thu,Weekday,0,B02598,116
2014-06-05,Jun,Thu,Weekday,0,B02617,59
2014-06-05,Jun,Thu,Weekday,0,B02682,90
2014-06-05,Jun,Thu,Weekday,0,B02764,4
2014-06-05,Jun,Thu,Weekday,1,B02512,7
2014-06-05,Jun,Thu,Weekday,1,B02598,57
2014-06-05,Jun,Thu,Weekday,1,B02617,33
2014-06-05,Jun,Thu,Weekday,1,B02682,45
2014-06-05,Jun,Thu,Weekday,1,B02764,5
2014-06-05,Jun,Thu,Weekday,2,B02512,9
2014-06-05,Jun,Thu,Weekday,2,B02598,45
2014-06-05,Jun,Thu,Weekday,2,B02617,26
2014-06-05,Jun,Thu,Weekday,2,B02682,46
2014-06-05,Jun,Thu,Weekday,2,B02764,2
2014-06-05,Jun,Thu,Weekday,3,B02512,15
2014-06-05,Jun,Thu,Weekday,3,B02598,70
2014-06-05,Jun,Thu,Weekday,3,B02617,37
2014-06-05,Jun,Thu,Weekday,3,B02682,57
2014-06-05,Jun,Thu,Weekday,3,B02764,3
2014-06-05,Jun,Thu,Weekday,4,B02512,16
2014-06-05,Jun,Thu,Weekday,4,B02598,120
2014-06-05,Jun,Thu,Weekday,4,B02617,54
2014-06-05,Jun,Thu,Weekday,4,B02682,91
2014-06-05,Jun,Thu,Weekday,5,B02512,47
2014-06-05,Jun,Thu,Weekday,5,B02598,244
2014-06-05,Jun,Thu,Weekday,5,B02617,168
2014-06-05,Jun,Thu,Weekday,5,B02682,235
2014-06-05,Jun,Thu,Weekday,5,B02764,12
2014-06-05,Jun,Thu,Weekday,6,B02512,84
2014-06-05,Jun,Thu,Weekday,6,B02598,510
2014-06-05,Jun,Thu,Weekday,6,B02617,345
2014-06-05,Jun,Thu,Weekday,6,B02682,466
2014-06-05,Jun,Thu,Weekday,6,B02764,16
2014-06-05,Jun,Thu,Weekday,7,B02512,122
2014-06-05,Jun,Thu,Weekday,7,B02598,636
2014-06-05,Jun,Thu,Weekday,7,B02617,422
2014-06-05,Jun,Thu,Weekday,7,B02682,560
2014-06-05,Jun,Thu,Weekday,7,B02764,22
2014-06-05,Jun,Thu,Weekday,8,B02512,94
2014-06-05,Jun,Thu,Weekday,8,B02598,691
2014-06-05,Jun,Thu,Weekday,8,B02617,407
2014-06-05,Jun,Thu,Weekday,8,B02682,558
2014-06-05,Jun,Thu,Weekday,8,B02764,20
2014-06-05,Jun,Thu,Weekday,9,B02512,81
2014-06-05,Jun,Thu,Weekday,9,B02598,566
2014-06-05,Jun,Thu,Weekday,9,B02617,337
2014-06-05,Jun,Thu,Weekday,9,B02682,445
2014-06-05,Jun,Thu,Weekday,9,B02764,20
2014-06-05,Jun,Thu,Weekday,10,B02512,65
2014-06-05,Jun,Thu,Weekday,10,B02598,444
2014-06-05,Jun,Thu,Weekday,10,B02617,228
2014-06-05,Jun,Thu,Weekday,10,B02682,349
2014-06-05,Jun,Thu,Weekday,10,B02764,19
2014-06-05,Jun,Thu,Weekday,11,B02512,60
2014-06-05,Jun,Thu,Weekday,11,B02598,333
2014-06-05,Jun,Thu,Weekday,11,B02617,225
2014-06-05,Jun,Thu,Weekday,11,B02682,306
2014-06-05,Jun,Thu,Weekday,11,B02764,17
2014-06-05,Jun,Thu,Weekday,12,B02512,57
2014-06-05,Jun,Thu,Weekday,12,B02598,350
2014-06-05,Jun,Thu,Weekday,12,B02617,195
2014-06-05,Jun,Thu,Weekday,12,B02682,247
2014-06-05,Jun,Thu,Weekday,12,B02764,13
2014-06-05,Jun,Thu,Weekday,13,B02512,58
2014-06-05,Jun,Thu,Weekday,13,B02598,395
2014-06-05,Jun,Thu,Weekday,13,B02617,228
2014-06-05,Jun,Thu,Weekday,13,B02682,315
2014-06-05,Jun,Thu,Weekday,13,B02764,22
2014-06-05,Jun,Thu,Weekday,14,B02512,71
2014-06-05,Jun,Thu,Weekday,14,B02598,511
2014-06-05,Jun,Thu,Weekday,14,B02617,275
2014-06-05,Jun,Thu,Weekday,14,B02682,385
2014-06-05,Jun,Thu,Weekday,14,B02764,20
2014-06-05,Jun,Thu,Weekday,15,B02512,73
2014-06-05,Jun,Thu,Weekday,15,B02598,652
2014-06-05,Jun,Thu,Weekday,15,B02617,382
2014-06-05,Jun,Thu,Weekday,15,B02682,472
2014-06-05,Jun,Thu,Weekday,15,B02764,25
2014-06-05,Jun,Thu,Weekday,16,B02512,99
2014-06-05,Jun,Thu,Weekday,16,B02598,722
2014-06-05,Jun,Thu,Weekday,16,B02617,442
2014-06-05,Jun,Thu,Weekday,16,B02682,565
2014-06-05,Jun,Thu,Weekday,16,B02764,22
2014-06-05,Jun,Thu,Weekday,17,B02512,123
2014-06-05,Jun,Thu,Weekday,17,B02598,799
2014-06-05,Jun,Thu,Weekday,17,B02617,484
2014-06-05,Jun,Thu,Weekday,17,B02682,622
2014-06-05,Jun,Thu,Weekday,17,B02764,29
2014-06-05,Jun,Thu,Weekday,18,B02512,112
2014-06-05,Jun,Thu,Weekday,18,B02598,662
2014-06-05,Jun,Thu,Weekday,18,B02617,393
2014-06-05,Jun,Thu,Weekday,18,B02682,493
2014-06-05,Jun,Thu,Weekday,18,B02764,18
2014-06-05,Jun,Thu,Weekday,19,B02512,76
2014-06-05,Jun,Thu,Weekday,19,B02598,595
2014-06-05,Jun,Thu,Weekday,19,B02617,378
2014-06-05,Jun,Thu,Weekday,19,B02682,434
2014-06-05,Jun,Thu,Weekday,19,B02764,14
2014-06-05,Jun,Thu,Weekday,20,B02512,82
2014-06-05,Jun,Thu,Weekday,20,B02598,679
2014-06-05,Jun,Thu,Weekday,20,B02617,429
2014-06-05,Jun,Thu,Weekday,20,B02682,535
2014-06-05,Jun,Thu,Weekday,20,B02764,28
2014-06-05,Jun,Thu,Weekday,21,B02512,93
2014-06-05,Jun,Thu,Weekday,21,B02598,766
2014-06-05,Jun,Thu,Weekday,21,B02617,505
2014-06-05,Jun,Thu,Weekday,21,B02682,572
2014-06-05,Jun,Thu,Weekday,21,B02764,30
2014-06-05,Jun,Thu,Weekday,22,B02512,98
2014-06-05,Jun,Thu,Weekday,22,B02598,645
2014-06-05,Jun,Thu,Weekday,22,B02617,438
2014-06-05,Jun,Thu,Weekday,22,B02682,507
2014-06-05,Jun,Thu,Weekday,22,B02764,22
2014-06-05,Jun,Thu,Weekday,23,B02512,36
2014-06-05,Jun,Thu,Weekday,23,B02598,362
2014-06-05,Jun,Thu,Weekday,23,B02617,255
2014-06-05,Jun,Thu,Weekday,23,B02682,285
2014-06-05,Jun,Thu,Weekday,23,B02764,7
2014-06-06,Jun,Fri,Weekday,0,B02512,18
2014-06-06,Jun,Fri,Weekday,0,B02598,154
2014-06-06,Jun,Fri,Weekday,0,B02617,107
2014-06-06,Jun,Fri,Weekday,0,B02682,154
2014-06-06,Jun,Fri,Weekday,0,B02764,7
2014-06-06,Jun,Fri,Weekday,1,B02512,9
2014-06-06,Jun,Fri,Weekday,1,B02598,97
2014-06-06,Jun,Fri,Weekday,1,B02617,63
2014-06-06,Jun,Fri,Weekday,1,B02682,78
2014-06-06,Jun,Fri,Weekday,1,B02764,2
2014-06-06,Jun,Fri,Weekday,2,B02512,9
2014-06-06,Jun,Fri,Weekday,2,B02598,64
2014-06-06,Jun,Fri,Weekday,2,B02617,44
2014-06-06,Jun,Fri,Weekday,2,B02682,48
2014-06-06,Jun,Fri,Weekday,2,B02764,2
2014-06-06,Jun,Fri,Weekday,3,B02512,5
2014-06-06,Jun,Fri,Weekday,3,B02598,83
2014-06-06,Jun,Fri,Weekday,3,B02617,38
2014-06-06,Jun,Fri,Weekday,3,B02682,61
2014-06-06,Jun,Fri,Weekday,3,B02764,3
2014-06-06,Jun,Fri,Weekday,4,B02512,10
2014-06-06,Jun,Fri,Weekday,4,B02598,111
2014-06-06,Jun,Fri,Weekday,4,B02617,54
2014-06-06,Jun,Fri,Weekday,4,B02682,113
2014-06-06,Jun,Fri,Weekday,4,B02764,3
2014-06-06,Jun,Fri,Weekday,5,B02512,21
2014-06-06,Jun,Fri,Weekday,5,B02598,146
2014-06-06,Jun,Fri,Weekday,5,B02617,90
2014-06-06,Jun,Fri,Weekday,5,B02682,156
2014-06-06,Jun,Fri,Weekday,5,B02764,6
2014-06-06,Jun,Fri,Weekday,6,B02512,52
2014-06-06,Jun,Fri,Weekday,6,B02598,325
2014-06-06,Jun,Fri,Weekday,6,B02617,179
2014-06-06,Jun,Fri,Weekday,6,B02682,310
2014-06-06,Jun,Fri,Weekday,6,B02764,9
2014-06-06,Jun,Fri,Weekday,7,B02512,60
2014-06-06,Jun,Fri,Weekday,7,B02598,443
2014-06-06,Jun,Fri,Weekday,7,B02617,271
2014-06-06,Jun,Fri,Weekday,7,B02682,368
2014-06-06,Jun,Fri,Weekday,7,B02764,8
2014-06-06,Jun,Fri,Weekday,8,B02512,53
2014-06-06,Jun,Fri,Weekday,8,B02598,426
2014-06-06,Jun,Fri,Weekday,8,B02617,262
2014-06-06,Jun,Fri,Weekday,8,B02682,324
2014-06-06,Jun,Fri,Weekday,8,B02764,10
2014-06-06,Jun,Fri,Weekday,9,B02512,37
2014-06-06,Jun,Fri,Weekday,9,B02598,302
2014-06-06,Jun,Fri,Weekday,9,B02617,184
2014-06-06,Jun,Fri,Weekday,9,B02682,234
2014-06-06,Jun,Fri,Weekday,9,B02764,11
2014-06-06,Jun,Fri,Weekday,10,B02512,44
2014-06-06,Jun,Fri,Weekday,10,B02598,322
2014-06-06,Jun,Fri,Weekday,10,B02617,203
2014-06-06,Jun,Fri,Weekday,10,B02682,248
2014-06-06,Jun,Fri,Weekday,10,B02764,15
2014-06-06,Jun,Fri,Weekday,11,B02512,54
2014-06-06,Jun,Fri,Weekday,11,B02598,344
2014-06-06,Jun,Fri,Weekday,11,B02617,222
2014-06-06,Jun,Fri,Weekday,11,B02682,285
2014-06-06,Jun,Fri,Weekday,11,B02764,12
2014-06-06,Jun,Fri,Weekday,12,B02512,52
2014-06-06,Jun,Fri,Weekday,12,B02598,360
2014-06-06,Jun,Fri,Weekday,12,B02617,229
2014-06-06,Jun,Fri,Weekday,12,B02682,305
2014-06-06,Jun,Fri,Weekday,12,B02764,7
2014-06-06,Jun,Fri,Weekday,13,B02512,61
2014-06-06,Jun,Fri,Weekday,13,B02598,409
2014-06-06,Jun,Fri,Weekday,13,B02617,265
2014-06-06,Jun,Fri,Weekday,13,B02682,338
2014-06-06,Jun,Fri,Weekday,13,B02764,15
2014-06-06,Jun,Fri,Weekday,14,B02512,64
2014-06-06,Jun,Fri,Weekday,14,B02598,501
2014-06-06,Jun,Fri,Weekday,14,B02617,300
2014-06-06,Jun,Fri,Weekday,14,B02682,454
2014-06-06,Jun,Fri,Weekday,14,B02764,19
2014-06-06,Jun,Fri,Weekday,15,B02512,88
2014-06-06,Jun,Fri,Weekday,15,B02598,579
2014-06-06,Jun,Fri,Weekday,15,B02617,393
2014-06-06,Jun,Fri,Weekday,15,B02682,512
2014-06-06,Jun,Fri,Weekday,15,B02764,24
2014-06-06,Jun,Fri,Weekday,16,B02512,96
2014-06-06,Jun,Fri,Weekday,16,B02598,676
2014-06-06,Jun,Fri,Weekday,16,B02617,443
2014-06-06,Jun,Fri,Weekday,16,B02682,575
2014-06-06,Jun,Fri,Weekday,16,B02764,28
2014-06-06,Jun,Fri,Weekday,17,B02512,85
2014-06-06,Jun,Fri,Weekday,17,B02598,664
2014-06-06,Jun,Fri,Weekday,17,B02617,442
2014-06-06,Jun,Fri,Weekday,17,B02682,559
2014-06-06,Jun,Fri,Weekday,17,B02764,21
2014-06-06,Jun,Fri,Weekday,18,B02512,60
2014-06-06,Jun,Fri,Weekday,18,B02598,613
2014-06-06,Jun,Fri,Weekday,18,B02617,390
2014-06-06,Jun,Fri,Weekday,18,B02682,521
2014-06-06,Jun,Fri,Weekday,18,B02764,18
2014-06-06,Jun,Fri,Weekday,19,B02512,81
2014-06-06,Jun,Fri,Weekday,19,B02598,473
2014-06-06,Jun,Fri,Weekday,19,B02617,320
2014-06-06,Jun,Fri,Weekday,19,B02682,376
2014-06-06,Jun,Fri,Weekday,19,B02764,20
2014-06-06,Jun,Fri,Weekday,20,B02512,64
2014-06-06,Jun,Fri,Weekday,20,B02598,455
2014-06-06,Jun,Fri,Weekday,20,B02617,299
2014-06-06,Jun,Fri,Weekday,20,B02682,360
2014-06-06,Jun,Fri,Weekday,20,B02764,19
2014-06-06,Jun,Fri,Weekday,21,B02512,74
2014-06-06,Jun,Fri,Weekday,21,B02598,583
2014-06-06,Jun,Fri,Weekday,21,B02617,374
2014-06-06,Jun,Fri,Weekday,21,B02682,430
2014-06-06,Jun,Fri,Weekday,21,B02764,16
2014-06-06,Jun,Fri,Weekday,22,B02512,66
2014-06-06,Jun,Fri,Weekday,22,B02598,671
2014-06-06,Jun,Fri,Weekday,22,B02617,440
2014-06-06,Jun,Fri,Weekday,22,B02682,484
2014-06-06,Jun,Fri,Weekday,22,B02764,23
2014-06-06,Jun,Fri,Weekday,23,B02512,62
2014-06-06,Jun,Fri,Weekday,23,B02598,595
2014-06-06,Jun,Fri,Weekday,23,B02617,391
2014-06-06,Jun,Fri,Weekday,23,B02682,452
2014-06-06,Jun,Fri,Weekday,23,B02764,16
2014-06-07,Jun,Sat,Weekend,0,B02512,42
2014-06-07,Jun,Sat,Weekend,0,B02598,355
2014-06-07,Jun,Sat,Weekend,0,B02617,235
2014-06-07,Jun,Sat,Weekend,0,B02682,300
2014-06-07,Jun,Sat,Weekend,0,B02764,8
2014-06-07,Jun,Sat,Weekend,1,B02512,18
2014-06-07,Jun,Sat,Weekend,1,B02598,199
2014-06-07,Jun,Sat,Weekend,1,B02617,144
2014-06-07,Jun,Sat,Weekend,1,B02682,183
2014-06-07,Jun,Sat,Weekend,1,B02764,7
2014-06-07,Jun,Sat,Weekend,2,B02512,11
2014-06-07,Jun,Sat,Weekend,2,B02598,124
2014-06-07,Jun,Sat,Weekend,2,B02617,89
2014-06-07,Jun,Sat,Weekend,2,B02682,100
2014-06-07,Jun,Sat,Weekend,2,B02764,4
2014-06-07,Jun,Sat,Weekend,3,B02512,11
2014-06-07,Jun,Sat,Weekend,3,B02598,101
2014-06-07,Jun,Sat,Weekend,3,B02617,74
2014-06-07,Jun,Sat,Weekend,3,B02682,85
2014-06-07,Jun,Sat,Weekend,3,B02764,4
2014-06-07,Jun,Sat,Weekend,4,B02512,6
2014-06-07,Jun,Sat,Weekend,4,B02598,69
2014-06-07,Jun,Sat,Weekend,4,B02617,47
2014-06-07,Jun,Sat,Weekend,4,B02682,61
2014-06-07,Jun,Sat,Weekend,4,B02764,3
2014-06-07,Jun,Sat,Weekend,5,B02512,7
2014-06-07,Jun,Sat,Weekend,5,B02598,68
2014-06-07,Jun,Sat,Weekend,5,B02617,51
2014-06-07,Jun,Sat,Weekend,5,B02682,58
2014-06-07,Jun,Sat,Weekend,5,B02764,2
2014-06-07,Jun,Sat,Weekend,6,B02512,13
2014-06-07,Jun,Sat,Weekend,6,B02598,106
2014-06-07,Jun,Sat,Weekend,6,B02617,60
2014-06-07,Jun,Sat,Weekend,6,B02682,104
2014-06-07,Jun,Sat,Weekend,6,B02764,7
2014-06-07,Jun,Sat,Weekend,7,B02512,11
2014-06-07,Jun,Sat,Weekend,7,B02598,146
2014-06-07,Jun,Sat,Weekend,7,B02617,76
2014-06-07,Jun,Sat,Weekend,7,B02682,115
2014-06-07,Jun,Sat,Weekend,7,B02764,6
2014-06-07,Jun,Sat,Weekend,8,B02512,24
2014-06-07,Jun,Sat,Weekend,8,B02598,173
2014-06-07,Jun,Sat,Weekend,8,B02617,112
2014-06-07,Jun,Sat,Weekend,8,B02682,189
2014-06-07,Jun,Sat,Weekend,8,B02764,10
2014-06-07,Jun,Sat,Weekend,9,B02512,29
2014-06-07,Jun,Sat,Weekend,9,B02598,228
2014-06-07,Jun,Sat,Weekend,9,B02617,152
2014-06-07,Jun,Sat,Weekend,9,B02682,219
2014-06-07,Jun,Sat,Weekend,9,B02764,6
2014-06-07,Jun,Sat,Weekend,10,B02512,42
2014-06-07,Jun,Sat,Weekend,10,B02598,264
2014-06-07,Jun,Sat,Weekend,10,B02617,176
2014-06-07,Jun,Sat,Weekend,10,B02682,253
2014-06-07,Jun,Sat,Weekend,10,B02764,9
2014-06-07,Jun,Sat,Weekend,11,B02512,41
2014-06-07,Jun,Sat,Weekend,11,B02598,311
2014-06-07,Jun,Sat,Weekend,11,B02617,211
2014-06-07,Jun,Sat,Weekend,11,B02682,246
2014-06-07,Jun,Sat,Weekend,11,B02764,12
2014-06-07,Jun,Sat,Weekend,12,B02512,47
2014-06-07,Jun,Sat,Weekend,12,B02598,358
2014-06-07,Jun,Sat,Weekend,12,B02617,226
2014-06-07,Jun,Sat,Weekend,12,B02682,267
2014-06-07,Jun,Sat,Weekend,12,B02764,17
2014-06-07,Jun,Sat,Weekend,13,B02512,47
2014-06-07,Jun,Sat,Weekend,13,B02598,382
2014-06-07,Jun,Sat,Weekend,13,B02617,244
2014-06-07,Jun,Sat,Weekend,13,B02682,299
2014-06-07,Jun,Sat,Weekend,13,B02764,18
2014-06-07,Jun,Sat,Weekend,14,B02512,32
2014-06-07,Jun,Sat,Weekend,14,B02598,394
2014-06-07,Jun,Sat,Weekend,14,B02617,250
2014-06-07,Jun,Sat,Weekend,14,B02682,325
2014-06-07,Jun,Sat,Weekend,14,B02764,17
2014-06-07,Jun,Sat,Weekend,15,B02512,48
2014-06-07,Jun,Sat,Weekend,15,B02598,461
2014-06-07,Jun,Sat,Weekend,15,B02617,292
2014-06-07,Jun,Sat,Weekend,15,B02682,359
2014-06-07,Jun,Sat,Weekend,15,B02764,13
2014-06-07,Jun,Sat,Weekend,16,B02512,48
2014-06-07,Jun,Sat,Weekend,16,B02598,540
2014-06-07,Jun,Sat,Weekend,16,B02617,366
2014-06-07,Jun,Sat,Weekend,16,B02682,414
2014-06-07,Jun,Sat,Weekend,16,B02764,20
2014-06-07,Jun,Sat,Weekend,17,B02512,52
2014-06-07,Jun,Sat,Weekend,17,B02598,492
2014-06-07,Jun,Sat,Weekend,17,B02617,298
2014-06-07,Jun,Sat,Weekend,17,B02682,377
2014-06-07,Jun,Sat,Weekend,17,B02764,19
2014-06-07,Jun,Sat,Weekend,18,B02512,57
2014-06-07,Jun,Sat,Weekend,18,B02598,514
2014-06-07,Jun,Sat,Weekend,18,B02617,349
2014-06-07,Jun,Sat,Weekend,18,B02682,394
2014-06-07,Jun,Sat,Weekend,18,B02764,21
2014-06-07,Jun,Sat,Weekend,19,B02512,57
2014-06-07,Jun,Sat,Weekend,19,B02598,408
2014-06-07,Jun,Sat,Weekend,19,B02617,248
2014-06-07,Jun,Sat,Weekend,19,B02682,293
2014-06-07,Jun,Sat,Weekend,19,B02764,17
2014-06-07,Jun,Sat,Weekend,20,B02512,58
2014-06-07,Jun,Sat,Weekend,20,B02598,444
2014-06-07,Jun,Sat,Weekend,20,B02617,296
2014-06-07,Jun,Sat,Weekend,20,B02682,338
2014-06-07,Jun,Sat,Weekend,20,B02764,25
2014-06-07,Jun,Sat,Weekend,21,B02512,72
2014-06-07,Jun,Sat,Weekend,21,B02598,558
2014-06-07,Jun,Sat,Weekend,21,B02617,343
2014-06-07,Jun,Sat,Weekend,21,B02682,409
2014-06-07,Jun,Sat,Weekend,21,B02764,21
2014-06-07,Jun,Sat,Weekend,22,B02512,100
2014-06-07,Jun,Sat,Weekend,22,B02598,678
2014-06-07,Jun,Sat,Weekend,22,B02617,465
2014-06-07,Jun,Sat,Weekend,22,B02682,515
2014-06-07,Jun,Sat,Weekend,22,B02764,24
2014-06-07,Jun,Sat,Weekend,23,B02512,87
2014-06-07,Jun,Sat,Weekend,23,B02598,612
2014-06-07,Jun,Sat,Weekend,23,B02617,409
2014-06-07,Jun,Sat,Weekend,23,B02682,516
2014-06-07,Jun,Sat,Weekend,23,B02764,22
2014-06-08,Jun,Sun,Weekend,0,B02512,44
2014-06-08,Jun,Sun,Weekend,0,B02598,394
2014-06-08,Jun,Sun,Weekend,0,B02617,273
2014-06-08,Jun,Sun,Weekend,0,B02682,327
2014-06-08,Jun,Sun,Weekend,0,B02764,18
2014-06-08,Jun,Sun,Weekend,1,B02512,27
2014-06-08,Jun,Sun,Weekend,1,B02598,248
2014-06-08,Jun,Sun,Weekend,1,B02617,173
2014-06-08,Jun,Sun,Weekend,1,B02682,205
2014-06-08,Jun,Sun,Weekend,1,B02764,3
2014-06-08,Jun,Sun,Weekend,2,B02512,14
2014-06-08,Jun,Sun,Weekend,2,B02598,151
2014-06-08,Jun,Sun,Weekend,2,B02617,110
2014-06-08,Jun,Sun,Weekend,2,B02682,131
2014-06-08,Jun,Sun,Weekend,2,B02764,3
2014-06-08,Jun,Sun,Weekend,3,B02512,5
2014-06-08,Jun,Sun,Weekend,3,B02598,121
2014-06-08,Jun,Sun,Weekend,3,B02617,87
2014-06-08,Jun,Sun,Weekend,3,B02682,91
2014-06-08,Jun,Sun,Weekend,3,B02764,2
2014-06-08,Jun,Sun,Weekend,4,B02512,7
2014-06-08,Jun,Sun,Weekend,4,B02598,76
2014-06-08,Jun,Sun,Weekend,4,B02617,51
2014-06-08,Jun,Sun,Weekend,4,B02682,54
2014-06-08,Jun,Sun,Weekend,4,B02764,1
2014-06-08,Jun,Sun,Weekend,5,B02512,8
2014-06-08,Jun,Sun,Weekend,5,B02598,78
2014-06-08,Jun,Sun,Weekend,5,B02617,41
2014-06-08,Jun,Sun,Weekend,5,B02682,43
2014-06-08,Jun,Sun,Weekend,5,B02764,3
2014-06-08,Jun,Sun,Weekend,6,B02512,10
2014-06-08,Jun,Sun,Weekend,6,B02598,82
2014-06-08,Jun,Sun,Weekend,6,B02617,47
2014-06-08,Jun,Sun,Weekend,6,B02682,68
2014-06-08,Jun,Sun,Weekend,6,B02764,3
2014-06-08,Jun,Sun,Weekend,7,B02512,16
2014-06-08,Jun,Sun,Weekend,7,B02598,109
2014-06-08,Jun,Sun,Weekend,7,B02617,73
2014-06-08,Jun,Sun,Weekend,7,B02682,81
2014-06-08,Jun,Sun,Weekend,7,B02764,3
2014-06-08,Jun,Sun,Weekend,8,B02512,20
2014-06-08,Jun,Sun,Weekend,8,B02598,130
2014-06-08,Jun,Sun,Weekend,8,B02617,72
2014-06-08,Jun,Sun,Weekend,8,B02682,108
2014-06-08,Jun,Sun,Weekend,8,B02764,10
2014-06-08,Jun,Sun,Weekend,9,B02512,18
2014-06-08,Jun,Sun,Weekend,9,B02598,199
2014-06-08,Jun,Sun,Weekend,9,B02617,112
2014-06-08,Jun,Sun,Weekend,9,B02682,180
2014-06-08,Jun,Sun,Weekend,9,B02764,7
2014-06-08,Jun,Sun,Weekend,10,B02512,31
2014-06-08,Jun,Sun,Weekend,10,B02598,239
2014-06-08,Jun,Sun,Weekend,10,B02617,145
2014-06-08,Jun,Sun,Weekend,10,B02682,195
2014-06-08,Jun,Sun,Weekend,10,B02764,10
2014-06-08,Jun,Sun,Weekend,11,B02512,41
2014-06-08,Jun,Sun,Weekend,11,B02598,277
2014-06-08,Jun,Sun,Weekend,11,B02617,170
2014-06-08,Jun,Sun,Weekend,11,B02682,215
2014-06-08,Jun,Sun,Weekend,11,B02764,8
2014-06-08,Jun,Sun,Weekend,12,B02512,53
2014-06-08,Jun,Sun,Weekend,12,B02598,334
2014-06-08,Jun,Sun,Weekend,12,B02617,201
2014-06-08,Jun,Sun,Weekend,12,B02682,257
2014-06-08,Jun,Sun,Weekend,12,B02764,8
2014-06-08,Jun,Sun,Weekend,13,B02512,51
2014-06-08,Jun,Sun,Weekend,13,B02598,354
2014-06-08,Jun,Sun,Weekend,13,B02617,221
2014-06-08,Jun,Sun,Weekend,13,B02682,258
2014-06-08,Jun,Sun,Weekend,13,B02764,8
2014-06-08,Jun,Sun,Weekend,14,B02512,68
2014-06-08,Jun,Sun,Weekend,14,B02598,371
2014-06-08,Jun,Sun,Weekend,14,B02617,254
2014-06-08,Jun,Sun,Weekend,14,B02682,300
2014-06-08,Jun,Sun,Weekend,14,B02764,18
2014-06-08,Jun,Sun,Weekend,15,B02512,57
2014-06-08,Jun,Sun,Weekend,15,B02598,413
2014-06-08,Jun,Sun,Weekend,15,B02617,281
2014-06-08,Jun,Sun,Weekend,15,B02682,322
2014-06-08,Jun,Sun,Weekend,15,B02764,17
2014-06-08,Jun,Sun,Weekend,16,B02512,55
2014-06-08,Jun,Sun,Weekend,16,B02598,428
2014-06-08,Jun,Sun,Weekend,16,B02617,306
2014-06-08,Jun,Sun,Weekend,16,B02682,341
2014-06-08,Jun,Sun,Weekend,16,B02764,16
2014-06-08,Jun,Sun,Weekend,17,B02512,49
2014-06-08,Jun,Sun,Weekend,17,B02598,350
2014-06-08,Jun,Sun,Weekend,17,B02617,258
2014-06-08,Jun,Sun,Weekend,17,B02682,286
2014-06-08,Jun,Sun,Weekend,17,B02764,12
2014-06-08,Jun,Sun,Weekend,18,B02512,48
2014-06-08,Jun,Sun,Weekend,18,B02598,280
2014-06-08,Jun,Sun,Weekend,18,B02617,236
2014-06-08,Jun,Sun,Weekend,18,B02682,273
2014-06-08,Jun,Sun,Weekend,18,B02764,15
2014-06-08,Jun,Sun,Weekend,19,B02512,37
2014-06-08,Jun,Sun,Weekend,19,B02598,272
2014-06-08,Jun,Sun,Weekend,19,B02617,200
2014-06-08,Jun,Sun,Weekend,19,B02682,233
2014-06-08,Jun,Sun,Weekend,19,B02764,5
2014-06-08,Jun,Sun,Weekend,20,B02512,36
2014-06-08,Jun,Sun,Weekend,20,B02598,277
2014-06-08,Jun,Sun,Weekend,20,B02617,210
2014-06-08,Jun,Sun,Weekend,20,B02682,230
2014-06-08,Jun,Sun,Weekend,20,B02764,6
2014-06-08,Jun,Sun,Weekend,21,B02512,37
2014-06-08,Jun,Sun,Weekend,21,B02598,289
2014-06-08,Jun,Sun,Weekend,21,B02617,225
2014-06-08,Jun,Sun,Weekend,21,B02682,231
2014-06-08,Jun,Sun,Weekend,21,B02764,5
2014-06-08,Jun,Sun,Weekend,22,B02512,32
2014-06-08,Jun,Sun,Weekend,22,B02598,297
2014-06-08,Jun,Sun,Weekend,22,B02617,191
2014-06-08,Jun,Sun,Weekend,22,B02682,223
2014-06-08,Jun,Sun,Weekend,22,B02764,7
2014-06-08,Jun,Sun,Weekend,23,B02512,23
2014-06-08,Jun,Sun,Weekend,23,B02598,167
2014-06-08,Jun,Sun,Weekend,23,B02617,122
2014-06-08,Jun,Sun,Weekend,23,B02682,121
2014-06-08,Jun,Sun,Weekend,23,B02764,6
2014-06-09,Jun,Mon,Weekday,0,B02512,12
2014-06-09,Jun,Mon,Weekday,0,B02598,96
2014-06-09,Jun,Mon,Weekday,0,B02617,55
2014-06-09,Jun,Mon,Weekday,0,B02682,73
2014-06-09,Jun,Mon,Weekday,0,B02764,1
2014-06-09,Jun,Mon,Weekday,1,B02512,4
2014-06-09,Jun,Mon,Weekday,1,B02598,46
2014-06-09,Jun,Mon,Weekday,1,B02617,29
2014-06-09,Jun,Mon,Weekday,1,B02682,32
2014-06-09,Jun,Mon,Weekday,1,B02764,3
2014-06-09,Jun,Mon,Weekday,2,B02512,4
2014-06-09,Jun,Mon,Weekday,2,B02598,48
2014-06-09,Jun,Mon,Weekday,2,B02617,20
2014-06-09,Jun,Mon,Weekday,2,B02682,21
2014-06-09,Jun,Mon,Weekday,2,B02764,2
2014-06-09,Jun,Mon,Weekday,3,B02512,9
2014-06-09,Jun,Mon,Weekday,3,B02598,113
2014-06-09,Jun,Mon,Weekday,3,B02617,49
2014-06-09,Jun,Mon,Weekday,3,B02682,73
2014-06-09,Jun,Mon,Weekday,3,B02764,2
2014-06-09,Jun,Mon,Weekday,4,B02512,12
2014-06-09,Jun,Mon,Weekday,4,B02598,181
2014-06-09,Jun,Mon,Weekday,4,B02617,91
2014-06-09,Jun,Mon,Weekday,4,B02682,127
2014-06-09,Jun,Mon,Weekday,4,B02764,3
2014-06-09,Jun,Mon,Weekday,5,B02512,38
2014-06-09,Jun,Mon,Weekday,5,B02598,286
2014-06-09,Jun,Mon,Weekday,5,B02617,182
2014-06-09,Jun,Mon,Weekday,5,B02682,215
2014-06-09,Jun,Mon,Weekday,5,B02764,10
2014-06-09,Jun,Mon,Weekday,6,B02512,83
2014-06-09,Jun,Mon,Weekday,6,B02598,515
2014-06-09,Jun,Mon,Weekday,6,B02617,336
2014-06-09,Jun,Mon,Weekday,6,B02682,414
2014-06-09,Jun,Mon,Weekday,6,B02764,19
2014-06-09,Jun,Mon,Weekday,7,B02512,107
2014-06-09,Jun,Mon,Weekday,7,B02598,641
2014-06-09,Jun,Mon,Weekday,7,B02617,443
2014-06-09,Jun,Mon,Weekday,7,B02682,574
2014-06-09,Jun,Mon,Weekday,7,B02764,23
2014-06-09,Jun,Mon,Weekday,8,B02512,107
2014-06-09,Jun,Mon,Weekday,8,B02598,678
2014-06-09,Jun,Mon,Weekday,8,B02617,474
2014-06-09,Jun,Mon,Weekday,8,B02682,625
2014-06-09,Jun,Mon,Weekday,8,B02764,23
2014-06-09,Jun,Mon,Weekday,9,B02512,74
2014-06-09,Jun,Mon,Weekday,9,B02598,588
2014-06-09,Jun,Mon,Weekday,9,B02617,362
2014-06-09,Jun,Mon,Weekday,9,B02682,486
2014-06-09,Jun,Mon,Weekday,9,B02764,17
2014-06-09,Jun,Mon,Weekday,10,B02512,68
2014-06-09,Jun,Mon,Weekday,10,B02598,413
2014-06-09,Jun,Mon,Weekday,10,B02617,267
2014-06-09,Jun,Mon,Weekday,10,B02682,334
2014-06-09,Jun,Mon,Weekday,10,B02764,16
2014-06-09,Jun,Mon,Weekday,11,B02512,35
2014-06-09,Jun,Mon,Weekday,11,B02598,352
2014-06-09,Jun,Mon,Weekday,11,B02617,237
2014-06-09,Jun,Mon,Weekday,11,B02682,265
2014-06-09,Jun,Mon,Weekday,11,B02764,14
2014-06-09,Jun,Mon,Weekday,12,B02512,34
2014-06-09,Jun,Mon,Weekday,12,B02598,299
2014-06-09,Jun,Mon,Weekday,12,B02617,197
2014-06-09,Jun,Mon,Weekday,12,B02682,241
2014-06-09,Jun,Mon,Weekday,12,B02764,11
2014-06-09,Jun,Mon,Weekday,13,B02512,47
2014-06-09,Jun,Mon,Weekday,13,B02598,351
2014-06-09,Jun,Mon,Weekday,13,B02617,232
2014-06-09,Jun,Mon,Weekday,13,B02682,261
2014-06-09,Jun,Mon,Weekday,13,B02764,12
2014-06-09,Jun,Mon,Weekday,14,B02512,50
2014-06-09,Jun,Mon,Weekday,14,B02598,406
2014-06-09,Jun,Mon,Weekday,14,B02617,262
2014-06-09,Jun,Mon,Weekday,14,B02682,302
2014-06-09,Jun,Mon,Weekday,14,B02764,17
2014-06-09,Jun,Mon,Weekday,15,B02512,61
2014-06-09,Jun,Mon,Weekday,15,B02598,489
2014-06-09,Jun,Mon,Weekday,15,B02617,300
2014-06-09,Jun,Mon,Weekday,15,B02682,368
2014-06-09,Jun,Mon,Weekday,15,B02764,31
2014-06-09,Jun,Mon,Weekday,16,B02512,83
2014-06-09,Jun,Mon,Weekday,16,B02598,566
2014-06-09,Jun,Mon,Weekday,16,B02617,345
2014-06-09,Jun,Mon,Weekday,16,B02682,454
2014-06-09,Jun,Mon,Weekday,16,B02764,23
2014-06-09,Jun,Mon,Weekday,17,B02512,92
2014-06-09,Jun,Mon,Weekday,17,B02598,654
2014-06-09,Jun,Mon,Weekday,17,B02617,415
2014-06-09,Jun,Mon,Weekday,17,B02682,529
2014-06-09,Jun,Mon,Weekday,17,B02764,38
2014-06-09,Jun,Mon,Weekday,18,B02512,73
2014-06-09,Jun,Mon,Weekday,18,B02598,498
2014-06-09,Jun,Mon,Weekday,18,B02617,363
2014-06-09,Jun,Mon,Weekday,18,B02682,425
2014-06-09,Jun,Mon,Weekday,18,B02764,23
2014-06-09,Jun,Mon,Weekday,19,B02512,53
2014-06-09,Jun,Mon,Weekday,19,B02598,409
2014-06-09,Jun,Mon,Weekday,19,B02617,294
2014-06-09,Jun,Mon,Weekday,19,B02682,347
2014-06-09,Jun,Mon,Weekday,19,B02764,22
2014-06-09,Jun,Mon,Weekday,20,B02512,49
2014-06-09,Jun,Mon,Weekday,20,B02598,401
2014-06-09,Jun,Mon,Weekday,20,B02617,261
2014-06-09,Jun,Mon,Weekday,20,B02682,338
2014-06-09,Jun,Mon,Weekday,20,B02764,18
2014-06-09,Jun,Mon,Weekday,21,B02512,53
2014-06-09,Jun,Mon,Weekday,21,B02598,360
2014-06-09,Jun,Mon,Weekday,21,B02617,263
2014-06-09,Jun,Mon,Weekday,21,B02682,331
2014-06-09,Jun,Mon,Weekday,21,B02764,20
2014-06-09,Jun,Mon,Weekday,22,B02512,30
2014-06-09,Jun,Mon,Weekday,22,B02598,239
2014-06-09,Jun,Mon,Weekday,22,B02617,174
2014-06-09,Jun,Mon,Weekday,22,B02682,187
2014-06-09,Jun,Mon,Weekday,22,B02764,13
2014-06-09,Jun,Mon,Weekday,23,B02512,15
2014-06-09,Jun,Mon,Weekday,23,B02598,143
2014-06-09,Jun,Mon,Weekday,23,B02617,107
2014-06-09,Jun,Mon,Weekday,23,B02682,125
2014-06-09,Jun,Mon,Weekday,23,B02764,13
2014-06-10,Jun,Tue,Weekday,0,B02512,10
2014-06-10,Jun,Tue,Weekday,0,B02598,72
2014-06-10,Jun,Tue,Weekday,0,B02617,40
2014-06-10,Jun,Tue,Weekday,0,B02682,72
2014-06-10,Jun,Tue,Weekday,0,B02764,2
2014-06-10,Jun,Tue,Weekday,1,B02512,1
2014-06-10,Jun,Tue,Weekday,1,B02598,43
2014-06-10,Jun,Tue,Weekday,1,B02617,22
2014-06-10,Jun,Tue,Weekday,1,B02682,40
2014-06-10,Jun,Tue,Weekday,1,B02764,5
2014-06-10,Jun,Tue,Weekday,2,B02512,4
2014-06-10,Jun,Tue,Weekday,2,B02598,37
2014-06-10,Jun,Tue,Weekday,2,B02617,17
2014-06-10,Jun,Tue,Weekday,2,B02682,25
2014-06-10,Jun,Tue,Weekday,3,B02512,5
2014-06-10,Jun,Tue,Weekday,3,B02598,48
2014-06-10,Jun,Tue,Weekday,3,B02617,24
2014-06-10,Jun,Tue,Weekday,3,B02682,40
2014-06-10,Jun,Tue,Weekday,3,B02764,2
2014-06-10,Jun,Tue,Weekday,4,B02512,11
2014-06-10,Jun,Tue,Weekday,4,B02598,107
2014-06-10,Jun,Tue,Weekday,4,B02617,54
2014-06-10,Jun,Tue,Weekday,4,B02682,72
2014-06-10,Jun,Tue,Weekday,4,B02764,3
2014-06-10,Jun,Tue,Weekday,5,B02512,19
2014-06-10,Jun,Tue,Weekday,5,B02598,171
2014-06-10,Jun,Tue,Weekday,5,B02617,123
2014-06-10,Jun,Tue,Weekday,5,B02682,141
2014-06-10,Jun,Tue,Weekday,5,B02764,6
2014-06-10,Jun,Tue,Weekday,6,B02512,46
2014-06-10,Jun,Tue,Weekday,6,B02598,362
2014-06-10,Jun,Tue,Weekday,6,B02617,261
2014-06-10,Jun,Tue,Weekday,6,B02682,317
2014-06-10,Jun,Tue,Weekday,6,B02764,13
2014-06-10,Jun,Tue,Weekday,7,B02512,84
2014-06-10,Jun,Tue,Weekday,7,B02598,521
2014-06-10,Jun,Tue,Weekday,7,B02617,361
2014-06-10,Jun,Tue,Weekday,7,B02682,445
2014-06-10,Jun,Tue,Weekday,7,B02764,16
2014-06-10,Jun,Tue,Weekday,8,B02512,65
2014-06-10,Jun,Tue,Weekday,8,B02598,478
2014-06-10,Jun,Tue,Weekday,8,B02617,296
2014-06-10,Jun,Tue,Weekday,8,B02682,387
2014-06-10,Jun,Tue,Weekday,8,B02764,20
2014-06-10,Jun,Tue,Weekday,9,B02512,53
2014-06-10,Jun,Tue,Weekday,9,B02598,281
2014-06-10,Jun,Tue,Weekday,9,B02617,201
2014-06-10,Jun,Tue,Weekday,9,B02682,252
2014-06-10,Jun,Tue,Weekday,9,B02764,11
2014-06-10,Jun,Tue,Weekday,10,B02512,36
2014-06-10,Jun,Tue,Weekday,10,B02598,265
2014-06-10,Jun,Tue,Weekday,10,B02617,217
2014-06-10,Jun,Tue,Weekday,10,B02682,230
2014-06-10,Jun,Tue,Weekday,10,B02764,8
2014-06-10,Jun,Tue,Weekday,11,B02512,58
2014-06-10,Jun,Tue,Weekday,11,B02598,304
2014-06-10,Jun,Tue,Weekday,11,B02617,203
2014-06-10,Jun,Tue,Weekday,11,B02682,271
2014-06-10,Jun,Tue,Weekday,11,B02764,12
2014-06-10,Jun,Tue,Weekday,12,B02512,45
2014-06-10,Jun,Tue,Weekday,12,B02598,280
2014-06-10,Jun,Tue,Weekday,12,B02617,216
2014-06-10,Jun,Tue,Weekday,12,B02682,244
2014-06-10,Jun,Tue,Weekday,12,B02764,16
2014-06-10,Jun,Tue,Weekday,13,B02512,54
2014-06-10,Jun,Tue,Weekday,13,B02598,334
2014-06-10,Jun,Tue,Weekday,13,B02617,239
2014-06-10,Jun,Tue,Weekday,13,B02682,287
2014-06-10,Jun,Tue,Weekday,13,B02764,19
2014-06-10,Jun,Tue,Weekday,14,B02512,65
2014-06-10,Jun,Tue,Weekday,14,B02598,485
2014-06-10,Jun,Tue,Weekday,14,B02617,314
2014-06-10,Jun,Tue,Weekday,14,B02682,337
2014-06-10,Jun,Tue,Weekday,14,B02764,16
2014-06-10,Jun,Tue,Weekday,15,B02512,71
2014-06-10,Jun,Tue,Weekday,15,B02598,620
2014-06-10,Jun,Tue,Weekday,15,B02617,395
2014-06-10,Jun,Tue,Weekday,15,B02682,442
2014-06-10,Jun,Tue,Weekday,15,B02764,17
2014-06-10,Jun,Tue,Weekday,16,B02512,102
2014-06-10,Jun,Tue,Weekday,16,B02598,709
2014-06-10,Jun,Tue,Weekday,16,B02617,444
2014-06-10,Jun,Tue,Weekday,16,B02682,559
2014-06-10,Jun,Tue,Weekday,16,B02764,22
2014-06-10,Jun,Tue,Weekday,17,B02512,101
2014-06-10,Jun,Tue,Weekday,17,B02598,760
2014-06-10,Jun,Tue,Weekday,17,B02617,529
2014-06-10,Jun,Tue,Weekday,17,B02682,599
2014-06-10,Jun,Tue,Weekday,17,B02764,19
2014-06-10,Jun,Tue,Weekday,18,B02512,91
2014-06-10,Jun,Tue,Weekday,18,B02598,607
2014-06-10,Jun,Tue,Weekday,18,B02617,383
2014-06-10,Jun,Tue,Weekday,18,B02682,437
2014-06-10,Jun,Tue,Weekday,18,B02764,17
2014-06-10,Jun,Tue,Weekday,19,B02512,75
2014-06-10,Jun,Tue,Weekday,19,B02598,500
2014-06-10,Jun,Tue,Weekday,19,B02617,316
2014-06-10,Jun,Tue,Weekday,19,B02682,386
2014-06-10,Jun,Tue,Weekday,19,B02764,16
2014-06-10,Jun,Tue,Weekday,20,B02512,70
2014-06-10,Jun,Tue,Weekday,20,B02598,554
2014-06-10,Jun,Tue,Weekday,20,B02617,406
2014-06-10,Jun,Tue,Weekday,20,B02682,457
2014-06-10,Jun,Tue,Weekday,20,B02764,23
2014-06-10,Jun,Tue,Weekday,21,B02512,71
2014-06-10,Jun,Tue,Weekday,21,B02598,537
2014-06-10,Jun,Tue,Weekday,21,B02617,386
2014-06-10,Jun,Tue,Weekday,21,B02682,440
2014-06-10,Jun,Tue,Weekday,21,B02764,24
2014-06-10,Jun,Tue,Weekday,22,B02512,42
2014-06-10,Jun,Tue,Weekday,22,B02598,364
2014-06-10,Jun,Tue,Weekday,22,B02617,238
2014-06-10,Jun,Tue,Weekday,22,B02682,261
2014-06-10,Jun,Tue,Weekday,22,B02764,11
2014-06-10,Jun,Tue,Weekday,23,B02512,25
2014-06-10,Jun,Tue,Weekday,23,B02598,200
2014-06-10,Jun,Tue,Weekday,23,B02617,141
2014-06-10,Jun,Tue,Weekday,23,B02682,161
2014-06-10,Jun,Tue,Weekday,23,B02764,5
2014-06-11,Jun,Wed,Weekday,0,B02512,8
2014-06-11,Jun,Wed,Weekday,0,B02598,93
2014-06-11,Jun,Wed,Weekday,0,B02617,68
2014-06-11,Jun,Wed,Weekday,0,B02682,88
2014-06-11,Jun,Wed,Weekday,0,B02764,1
2014-06-11,Jun,Wed,Weekday,1,B02512,8
2014-06-11,Jun,Wed,Weekday,1,B02598,53
2014-06-11,Jun,Wed,Weekday,1,B02617,44
2014-06-11,Jun,Wed,Weekday,1,B02682,38
2014-06-11,Jun,Wed,Weekday,1,B02764,3
2014-06-11,Jun,Wed,Weekday,2,B02512,3
2014-06-11,Jun,Wed,Weekday,2,B02598,33
2014-06-11,Jun,Wed,Weekday,2,B02617,26
2014-06-11,Jun,Wed,Weekday,2,B02682,35
2014-06-11,Jun,Wed,Weekday,2,B02764,4
2014-06-11,Jun,Wed,Weekday,3,B02512,7
2014-06-11,Jun,Wed,Weekday,3,B02598,66
2014-06-11,Jun,Wed,Weekday,3,B02617,32
2014-06-11,Jun,Wed,Weekday,3,B02682,46
2014-06-11,Jun,Wed,Weekday,3,B02764,2
2014-06-11,Jun,Wed,Weekday,4,B02512,11
2014-06-11,Jun,Wed,Weekday,4,B02598,87
2014-06-11,Jun,Wed,Weekday,4,B02617,61
2014-06-11,Jun,Wed,Weekday,4,B02682,80
2014-06-11,Jun,Wed,Weekday,4,B02764,1
2014-06-11,Jun,Wed,Weekday,5,B02512,20
2014-06-11,Jun,Wed,Weekday,5,B02598,187
2014-06-11,Jun,Wed,Weekday,5,B02617,129
2014-06-11,Jun,Wed,Weekday,5,B02682,156
2014-06-11,Jun,Wed,Weekday,5,B02764,5
2014-06-11,Jun,Wed,Weekday,6,B02512,55
2014-06-11,Jun,Wed,Weekday,6,B02598,420
2014-06-11,Jun,Wed,Weekday,6,B02617,297
2014-06-11,Jun,Wed,Weekday,6,B02682,367
2014-06-11,Jun,Wed,Weekday,6,B02764,10
2014-06-11,Jun,Wed,Weekday,7,B02512,93
2014-06-11,Jun,Wed,Weekday,7,B02598,558
2014-06-11,Jun,Wed,Weekday,7,B02617,410
2014-06-11,Jun,Wed,Weekday,7,B02682,494
2014-06-11,Jun,Wed,Weekday,7,B02764,11
2014-06-11,Jun,Wed,Weekday,8,B02512,68
2014-06-11,Jun,Wed,Weekday,8,B02598,541
2014-06-11,Jun,Wed,Weekday,8,B02617,363
2014-06-11,Jun,Wed,Weekday,8,B02682,458
2014-06-11,Jun,Wed,Weekday,8,B02764,12
2014-06-11,Jun,Wed,Weekday,9,B02512,60
2014-06-11,Jun,Wed,Weekday,9,B02598,333
2014-06-11,Jun,Wed,Weekday,9,B02617,248
2014-06-11,Jun,Wed,Weekday,9,B02682,335
2014-06-11,Jun,Wed,Weekday,9,B02764,12
2014-06-11,Jun,Wed,Weekday,10,B02512,50
2014-06-11,Jun,Wed,Weekday,10,B02598,328
2014-06-11,Jun,Wed,Weekday,10,B02617,227
2014-06-11,Jun,Wed,Weekday,10,B02682,239
2014-06-11,Jun,Wed,Weekday,10,B02764,9
2014-06-11,Jun,Wed,Weekday,11,B02512,49
2014-06-11,Jun,Wed,Weekday,11,B02598,316
2014-06-11,Jun,Wed,Weekday,11,B02617,215
2014-06-11,Jun,Wed,Weekday,11,B02682,281
2014-06-11,Jun,Wed,Weekday,11,B02764,10
2014-06-11,Jun,Wed,Weekday,12,B02512,50
2014-06-11,Jun,Wed,Weekday,12,B02598,317
2014-06-11,Jun,Wed,Weekday,12,B02617,228
2014-06-11,Jun,Wed,Weekday,12,B02682,268
2014-06-11,Jun,Wed,Weekday,12,B02764,14
2014-06-11,Jun,Wed,Weekday,13,B02512,67
2014-06-11,Jun,Wed,Weekday,13,B02598,417
2014-06-11,Jun,Wed,Weekday,13,B02617,264
2014-06-11,Jun,Wed,Weekday,13,B02682,341
2014-06-11,Jun,Wed,Weekday,13,B02764,15
2014-06-11,Jun,Wed,Weekday,14,B02512,76
2014-06-11,Jun,Wed,Weekday,14,B02598,514
2014-06-11,Jun,Wed,Weekday,14,B02617,359
2014-06-11,Jun,Wed,Weekday,14,B02682,417
2014-06-11,Jun,Wed,Weekday,14,B02764,24
2014-06-11,Jun,Wed,Weekday,15,B02512,81
2014-06-11,Jun,Wed,Weekday,15,B02598,613
2014-06-11,Jun,Wed,Weekday,15,B02617,399
2014-06-11,Jun,Wed,Weekday,15,B02682,493
2014-06-11,Jun,Wed,Weekday,15,B02764,30
2014-06-11,Jun,Wed,Weekday,16,B02512,101
2014-06-11,Jun,Wed,Weekday,16,B02598,680
2014-06-11,Jun,Wed,Weekday,16,B02617,446
2014-06-11,Jun,Wed,Weekday,16,B02682,565
2014-06-11,Jun,Wed,Weekday,16,B02764,34
2014-06-11,Jun,Wed,Weekday,17,B02512,103
2014-06-11,Jun,Wed,Weekday,17,B02598,739
2014-06-11,Jun,Wed,Weekday,17,B02617,480
2014-06-11,Jun,Wed,Weekday,17,B02682,631
2014-06-11,Jun,Wed,Weekday,17,B02764,28
2014-06-11,Jun,Wed,Weekday,18,B02512,91
2014-06-11,Jun,Wed,Weekday,18,B02598,673
2014-06-11,Jun,Wed,Weekday,18,B02617,422
2014-06-11,Jun,Wed,Weekday,18,B02682,532
2014-06-11,Jun,Wed,Weekday,18,B02764,27
2014-06-11,Jun,Wed,Weekday,19,B02512,87
2014-06-11,Jun,Wed,Weekday,19,B02598,607
2014-06-11,Jun,Wed,Weekday,19,B02617,400
2014-06-11,Jun,Wed,Weekday,19,B02682,474
2014-06-11,Jun,Wed,Weekday,19,B02764,34
2014-06-11,Jun,Wed,Weekday,20,B02512,79
2014-06-11,Jun,Wed,Weekday,20,B02598,611
2014-06-11,Jun,Wed,Weekday,20,B02617,449
2014-06-11,Jun,Wed,Weekday,20,B02682,474
2014-06-11,Jun,Wed,Weekday,20,B02764,29
2014-06-11,Jun,Wed,Weekday,21,B02512,72
2014-06-11,Jun,Wed,Weekday,21,B02598,609
2014-06-11,Jun,Wed,Weekday,21,B02617,435
2014-06-11,Jun,Wed,Weekday,21,B02682,481
2014-06-11,Jun,Wed,Weekday,21,B02764,23
2014-06-11,Jun,Wed,Weekday,22,B02512,58
2014-06-11,Jun,Wed,Weekday,22,B02598,469
2014-06-11,Jun,Wed,Weekday,22,B02617,409
2014-06-11,Jun,Wed,Weekday,22,B02682,408
2014-06-11,Jun,Wed,Weekday,22,B02764,22
2014-06-11,Jun,Wed,Weekday,23,B02512,33
2014-06-11,Jun,Wed,Weekday,23,B02598,239
2014-06-11,Jun,Wed,Weekday,23,B02617,190
2014-06-11,Jun,Wed,Weekday,23,B02682,213
2014-06-11,Jun,Wed,Weekday,23,B02764,8
2014-06-12,Jun,Thu,Weekday,0,B02512,12
2014-06-12,Jun,Thu,Weekday,0,B02598,114
2014-06-12,Jun,Thu,Weekday,0,B02617,96
2014-06-12,Jun,Thu,Weekday,0,B02682,81
2014-06-12,Jun,Thu,Weekday,0,B02764,1
2014-06-12,Jun,Thu,Weekday,1,B02512,7
2014-06-12,Jun,Thu,Weekday,1,B02598,67
2014-06-12,Jun,Thu,Weekday,1,B02617,51
2014-06-12,Jun,Thu,Weekday,1,B02682,50
2014-06-12,Jun,Thu,Weekday,1,B02764,3
2014-06-12,Jun,Thu,Weekday,2,B02512,3
2014-06-12,Jun,Thu,Weekday,2,B02598,44
2014-06-12,Jun,Thu,Weekday,2,B02617,28
2014-06-12,Jun,Thu,Weekday,2,B02682,30
2014-06-12,Jun,Thu,Weekday,2,B02764,1
2014-06-12,Jun,Thu,Weekday,3,B02512,7
2014-06-12,Jun,Thu,Weekday,3,B02598,65
2014-06-12,Jun,Thu,Weekday,3,B02617,47
2014-06-12,Jun,Thu,Weekday,3,B02682,66
2014-06-12,Jun,Thu,Weekday,3,B02764,2
2014-06-12,Jun,Thu,Weekday,4,B02512,8
2014-06-12,Jun,Thu,Weekday,4,B02598,101
2014-06-12,Jun,Thu,Weekday,4,B02617,72
2014-06-12,Jun,Thu,Weekday,4,B02682,86
2014-06-12,Jun,Thu,Weekday,4,B02764,4
2014-06-12,Jun,Thu,Weekday,5,B02512,29
2014-06-12,Jun,Thu,Weekday,5,B02598,159
2014-06-12,Jun,Thu,Weekday,5,B02617,132
2014-06-12,Jun,Thu,Weekday,5,B02682,153
2014-06-12,Jun,Thu,Weekday,5,B02764,11
2014-06-12,Jun,Thu,Weekday,6,B02512,50
2014-06-12,Jun,Thu,Weekday,6,B02598,355
2014-06-12,Jun,Thu,Weekday,6,B02617,286
2014-06-12,Jun,Thu,Weekday,6,B02682,349
2014-06-12,Jun,Thu,Weekday,6,B02764,21
2014-06-12,Jun,Thu,Weekday,7,B02512,71
2014-06-12,Jun,Thu,Weekday,7,B02598,560
2014-06-12,Jun,Thu,Weekday,7,B02617,412
2014-06-12,Jun,Thu,Weekday,7,B02682,492
2014-06-12,Jun,Thu,Weekday,7,B02764,25
2014-06-12,Jun,Thu,Weekday,8,B02512,68
2014-06-12,Jun,Thu,Weekday,8,B02598,520
2014-06-12,Jun,Thu,Weekday,8,B02617,357
2014-06-12,Jun,Thu,Weekday,8,B02682,453
2014-06-12,Jun,Thu,Weekday,8,B02764,21
2014-06-12,Jun,Thu,Weekday,9,B02512,54
2014-06-12,Jun,Thu,Weekday,9,B02598,350
2014-06-12,Jun,Thu,Weekday,9,B02617,265
2014-06-12,Jun,Thu,Weekday,9,B02682,322
2014-06-12,Jun,Thu,Weekday,9,B02764,15
2014-06-12,Jun,Thu,Weekday,10,B02512,50
2014-06-12,Jun,Thu,Weekday,10,B02598,324
2014-06-12,Jun,Thu,Weekday,10,B02617,239
2014-06-12,Jun,Thu,Weekday,10,B02682,288
2014-06-12,Jun,Thu,Weekday,10,B02764,17
2014-06-12,Jun,Thu,Weekday,11,B02512,59
2014-06-12,Jun,Thu,Weekday,11,B02598,341
2014-06-12,Jun,Thu,Weekday,11,B02617,233
2014-06-12,Jun,Thu,Weekday,11,B02682,281
2014-06-12,Jun,Thu,Weekday,11,B02764,12
2014-06-12,Jun,Thu,Weekday,12,B02512,68
2014-06-12,Jun,Thu,Weekday,12,B02598,378
2014-06-12,Jun,Thu,Weekday,12,B02617,270
2014-06-12,Jun,Thu,Weekday,12,B02682,308
2014-06-12,Jun,Thu,Weekday,12,B02764,12
2014-06-12,Jun,Thu,Weekday,13,B02512,87
2014-06-12,Jun,Thu,Weekday,13,B02598,449
2014-06-12,Jun,Thu,Weekday,13,B02617,318
2014-06-12,Jun,Thu,Weekday,13,B02682,343
2014-06-12,Jun,Thu,Weekday,13,B02764,22
2014-06-12,Jun,Thu,Weekday,14,B02512,96
2014-06-12,Jun,Thu,Weekday,14,B02598,534
2014-06-12,Jun,Thu,Weekday,14,B02617,403
2014-06-12,Jun,Thu,Weekday,14,B02682,425
2014-06-12,Jun,Thu,Weekday,14,B02764,28
2014-06-12,Jun,Thu,Weekday,15,B02512,107
2014-06-12,Jun,Thu,Weekday,15,B02598,719
2014-06-12,Jun,Thu,Weekday,15,B02617,465
2014-06-12,Jun,Thu,Weekday,15,B02682,495
2014-06-12,Jun,Thu,Weekday,15,B02764,26
2014-06-12,Jun,Thu,Weekday,16,B02512,108
2014-06-12,Jun,Thu,Weekday,16,B02598,735
2014-06-12,Jun,Thu,Weekday,16,B02617,519
2014-06-12,Jun,Thu,Weekday,16,B02682,608
2014-06-12,Jun,Thu,Weekday,16,B02764,31
2014-06-12,Jun,Thu,Weekday,17,B02512,121
2014-06-12,Jun,Thu,Weekday,17,B02598,835
2014-06-12,Jun,Thu,Weekday,17,B02617,613
2014-06-12,Jun,Thu,Weekday,17,B02682,691
2014-06-12,Jun,Thu,Weekday,17,B02764,33
2014-06-12,Jun,Thu,Weekday,18,B02512,128
2014-06-12,Jun,Thu,Weekday,18,B02598,854
2014-06-12,Jun,Thu,Weekday,18,B02617,595
2014-06-12,Jun,Thu,Weekday,18,B02682,667
2014-06-12,Jun,Thu,Weekday,18,B02764,37
2014-06-12,Jun,Thu,Weekday,19,B02512,102
2014-06-12,Jun,Thu,Weekday,19,B02598,734
2014-06-12,Jun,Thu,Weekday,19,B02617,543
2014-06-12,Jun,Thu,Weekday,19,B02682,592
2014-06-12,Jun,Thu,Weekday,19,B02764,41
2014-06-12,Jun,Thu,Weekday,20,B02512,93
2014-06-12,Jun,Thu,Weekday,20,B02598,773
2014-06-12,Jun,Thu,Weekday,20,B02617,563
2014-06-12,Jun,Thu,Weekday,20,B02682,603
2014-06-12,Jun,Thu,Weekday,20,B02764,43
2014-06-12,Jun,Thu,Weekday,21,B02512,99
2014-06-12,Jun,Thu,Weekday,21,B02598,714
2014-06-12,Jun,Thu,Weekday,21,B02617,549
2014-06-12,Jun,Thu,Weekday,21,B02682,569
2014-06-12,Jun,Thu,Weekday,21,B02764,38
2014-06-12,Jun,Thu,Weekday,22,B02512,107
2014-06-12,Jun,Thu,Weekday,22,B02598,695
2014-06-12,Jun,Thu,Weekday,22,B02617,544
2014-06-12,Jun,Thu,Weekday,22,B02682,528
2014-06-12,Jun,Thu,Weekday,22,B02764,40
2014-06-12,Jun,Thu,Weekday,23,B02512,56
2014-06-12,Jun,Thu,Weekday,23,B02598,478
2014-06-12,Jun,Thu,Weekday,23,B02617,365
2014-06-12,Jun,Thu,Weekday,23,B02682,401
2014-06-12,Jun,Thu,Weekday,23,B02764,26
2014-06-13,Jun,Fri,Weekday,0,B02512,27
2014-06-13,Jun,Fri,Weekday,0,B02598,173
2014-06-13,Jun,Fri,Weekday,0,B02617,140
2014-06-13,Jun,Fri,Weekday,0,B02682,158
2014-06-13,Jun,Fri,Weekday,0,B02764,11
2014-06-13,Jun,Fri,Weekday,1,B02512,12
2014-06-13,Jun,Fri,Weekday,1,B02598,120
2014-06-13,Jun,Fri,Weekday,1,B02617,97
2014-06-13,Jun,Fri,Weekday,1,B02682,87
2014-06-13,Jun,Fri,Weekday,1,B02764,3
2014-06-13,Jun,Fri,Weekday,2,B02512,13
2014-06-13,Jun,Fri,Weekday,2,B02598,71
2014-06-13,Jun,Fri,Weekday,2,B02617,61
2014-06-13,Jun,Fri,Weekday,2,B02682,57
2014-06-13,Jun,Fri,Weekday,2,B02764,1
2014-06-13,Jun,Fri,Weekday,3,B02512,17
2014-06-13,Jun,Fri,Weekday,3,B02598,99
2014-06-13,Jun,Fri,Weekday,3,B02617,64
2014-06-13,Jun,Fri,Weekday,3,B02682,85
2014-06-13,Jun,Fri,Weekday,3,B02764,2
2014-06-13,Jun,Fri,Weekday,4,B02512,16
2014-06-13,Jun,Fri,Weekday,4,B02598,134
2014-06-13,Jun,Fri,Weekday,4,B02617,99
2014-06-13,Jun,Fri,Weekday,4,B02682,123
2014-06-13,Jun,Fri,Weekday,4,B02764,2
2014-06-13,Jun,Fri,Weekday,5,B02512,24
2014-06-13,Jun,Fri,Weekday,5,B02598,184
2014-06-13,Jun,Fri,Weekday,5,B02617,133
2014-06-13,Jun,Fri,Weekday,5,B02682,183
2014-06-13,Jun,Fri,Weekday,5,B02764,4
2014-06-13,Jun,Fri,Weekday,6,B02512,50
2014-06-13,Jun,Fri,Weekday,6,B02598,373
2014-06-13,Jun,Fri,Weekday,6,B02617,259
2014-06-13,Jun,Fri,Weekday,6,B02682,340
2014-06-13,Jun,Fri,Weekday,6,B02764,8
2014-06-13,Jun,Fri,Weekday,7,B02512,77
2014-06-13,Jun,Fri,Weekday,7,B02598,571
2014-06-13,Jun,Fri,Weekday,7,B02617,444
2014-06-13,Jun,Fri,Weekday,7,B02682,531
2014-06-13,Jun,Fri,Weekday,7,B02764,16
2014-06-13,Jun,Fri,Weekday,8,B02512,84
2014-06-13,Jun,Fri,Weekday,8,B02598,679
2014-06-13,Jun,Fri,Weekday,8,B02617,455
2014-06-13,Jun,Fri,Weekday,8,B02682,593
2014-06-13,Jun,Fri,Weekday,8,B02764,26
2014-06-13,Jun,Fri,Weekday,9,B02512,83
2014-06-13,Jun,Fri,Weekday,9,B02598,559
2014-06-13,Jun,Fri,Weekday,9,B02617,374
2014-06-13,Jun,Fri,Weekday,9,B02682,485
2014-06-13,Jun,Fri,Weekday,9,B02764,15
2014-06-13,Jun,Fri,Weekday,10,B02512,66
2014-06-13,Jun,Fri,Weekday,10,B02598,401
2014-06-13,Jun,Fri,Weekday,10,B02617,265
2014-06-13,Jun,Fri,Weekday,10,B02682,322
2014-06-13,Jun,Fri,Weekday,10,B02764,13
2014-06-13,Jun,Fri,Weekday,11,B02512,62
2014-06-13,Jun,Fri,Weekday,11,B02598,359
2014-06-13,Jun,Fri,Weekday,11,B02617,274
2014-06-13,Jun,Fri,Weekday,11,B02682,305
2014-06-13,Jun,Fri,Weekday,11,B02764,15
2014-06-13,Jun,Fri,Weekday,12,B02512,59
2014-06-13,Jun,Fri,Weekday,12,B02598,378
2014-06-13,Jun,Fri,Weekday,12,B02617,274
2014-06-13,Jun,Fri,Weekday,12,B02682,289
2014-06-13,Jun,Fri,Weekday,12,B02764,19
2014-06-13,Jun,Fri,Weekday,13,B02512,59
2014-06-13,Jun,Fri,Weekday,13,B02598,427
2014-06-13,Jun,Fri,Weekday,13,B02617,301
2014-06-13,Jun,Fri,Weekday,13,B02682,318
2014-06-13,Jun,Fri,Weekday,13,B02764,9
2014-06-13,Jun,Fri,Weekday,14,B02512,79
2014-06-13,Jun,Fri,Weekday,14,B02598,499
2014-06-13,Jun,Fri,Weekday,14,B02617,360
2014-06-13,Jun,Fri,Weekday,14,B02682,378
2014-06-13,Jun,Fri,Weekday,14,B02764,26
2014-06-13,Jun,Fri,Weekday,15,B02512,88
2014-06-13,Jun,Fri,Weekday,15,B02598,610
2014-06-13,Jun,Fri,Weekday,15,B02617,416
2014-06-13,Jun,Fri,Weekday,15,B02682,499
2014-06-13,Jun,Fri,Weekday,15,B02764,26
2014-06-13,Jun,Fri,Weekday,16,B02512,115
2014-06-13,Jun,Fri,Weekday,16,B02598,724
2014-06-13,Jun,Fri,Weekday,16,B02617,538
2014-06-13,Jun,Fri,Weekday,16,B02682,611
2014-06-13,Jun,Fri,Weekday,16,B02764,34
2014-06-13,Jun,Fri,Weekday,17,B02512,181
2014-06-13,Jun,Fri,Weekday,17,B02598,1079
2014-06-13,Jun,Fri,Weekday,17,B02617,752
2014-06-13,Jun,Fri,Weekday,17,B02682,930
2014-06-13,Jun,Fri,Weekday,17,B02764,44
2014-06-13,Jun,Fri,Weekday,18,B02512,166
2014-06-13,Jun,Fri,Weekday,18,B02598,1152
2014-06-13,Jun,Fri,Weekday,18,B02617,810
2014-06-13,Jun,Fri,Weekday,18,B02682,976
2014-06-13,Jun,Fri,Weekday,18,B02764,52
2014-06-13,Jun,Fri,Weekday,19,B02512,104
2014-06-13,Jun,Fri,Weekday,19,B02598,781
2014-06-13,Jun,Fri,Weekday,19,B02617,589
2014-06-13,Jun,Fri,Weekday,19,B02682,649
2014-06-13,Jun,Fri,Weekday,19,B02764,36
2014-06-13,Jun,Fri,Weekday,20,B02512,76
2014-06-13,Jun,Fri,Weekday,20,B02598,494
2014-06-13,Jun,Fri,Weekday,20,B02617,413
2014-06-13,Jun,Fri,Weekday,20,B02682,429
2014-06-13,Jun,Fri,Weekday,20,B02764,17
2014-06-13,Jun,Fri,Weekday,21,B02512,69
2014-06-13,Jun,Fri,Weekday,21,B02598,536
2014-06-13,Jun,Fri,Weekday,21,B02617,403
2014-06-13,Jun,Fri,Weekday,21,B02682,411
2014-06-13,Jun,Fri,Weekday,21,B02764,17
2014-06-13,Jun,Fri,Weekday,22,B02512,64
2014-06-13,Jun,Fri,Weekday,22,B02598,515
2014-06-13,Jun,Fri,Weekday,22,B02617,363
2014-06-13,Jun,Fri,Weekday,22,B02682,381
2014-06-13,Jun,Fri,Weekday,22,B02764,16
2014-06-13,Jun,Fri,Weekday,23,B02512,60
2014-06-13,Jun,Fri,Weekday,23,B02598,464
2014-06-13,Jun,Fri,Weekday,23,B02617,350
2014-06-13,Jun,Fri,Weekday,23,B02682,362
2014-06-13,Jun,Fri,Weekday,23,B02764,26
2014-06-14,Jun,Sat,Weekend,0,B02512,28
2014-06-14,Jun,Sat,Weekend,0,B02598,291
2014-06-14,Jun,Sat,Weekend,0,B02617,214
2014-06-14,Jun,Sat,Weekend,0,B02682,229
2014-06-14,Jun,Sat,Weekend,0,B02764,7
2014-06-14,Jun,Sat,Weekend,1,B02512,14
2014-06-14,Jun,Sat,Weekend,1,B02598,198
2014-06-14,Jun,Sat,Weekend,1,B02617,123
2014-06-14,Jun,Sat,Weekend,1,B02682,164
2014-06-14,Jun,Sat,Weekend,1,B02764,5
2014-06-14,Jun,Sat,Weekend,2,B02512,11
2014-06-14,Jun,Sat,Weekend,2,B02598,108
2014-06-14,Jun,Sat,Weekend,2,B02617,84
2014-06-14,Jun,Sat,Weekend,2,B02682,106
2014-06-14,Jun,Sat,Weekend,2,B02764,6
2014-06-14,Jun,Sat,Weekend,3,B02512,11
2014-06-14,Jun,Sat,Weekend,3,B02598,116
2014-06-14,Jun,Sat,Weekend,3,B02617,98
2014-06-14,Jun,Sat,Weekend,3,B02682,101
2014-06-14,Jun,Sat,Weekend,3,B02764,4
2014-06-14,Jun,Sat,Weekend,4,B02512,5
2014-06-14,Jun,Sat,Weekend,4,B02598,71
2014-06-14,Jun,Sat,Weekend,4,B02617,63
2014-06-14,Jun,Sat,Weekend,4,B02682,56
2014-06-14,Jun,Sat,Weekend,4,B02764,1
2014-06-14,Jun,Sat,Weekend,5,B02512,7
2014-06-14,Jun,Sat,Weekend,5,B02598,86
2014-06-14,Jun,Sat,Weekend,5,B02617,61
2014-06-14,Jun,Sat,Weekend,5,B02682,73
2014-06-14,Jun,Sat,Weekend,5,B02764,4
2014-06-14,Jun,Sat,Weekend,6,B02512,13
2014-06-14,Jun,Sat,Weekend,6,B02598,101
2014-06-14,Jun,Sat,Weekend,6,B02617,82
2014-06-14,Jun,Sat,Weekend,6,B02682,118
2014-06-14,Jun,Sat,Weekend,6,B02764,6
2014-06-14,Jun,Sat,Weekend,7,B02512,22
2014-06-14,Jun,Sat,Weekend,7,B02598,124
2014-06-14,Jun,Sat,Weekend,7,B02617,75
2014-06-14,Jun,Sat,Weekend,7,B02682,140
2014-06-14,Jun,Sat,Weekend,7,B02764,8
2014-06-14,Jun,Sat,Weekend,8,B02512,21
2014-06-14,Jun,Sat,Weekend,8,B02598,148
2014-06-14,Jun,Sat,Weekend,8,B02617,110
2014-06-14,Jun,Sat,Weekend,8,B02682,161
2014-06-14,Jun,Sat,Weekend,8,B02764,8
2014-06-14,Jun,Sat,Weekend,9,B02512,34
2014-06-14,Jun,Sat,Weekend,9,B02598,229
2014-06-14,Jun,Sat,Weekend,9,B02617,148
2014-06-14,Jun,Sat,Weekend,9,B02682,186
2014-06-14,Jun,Sat,Weekend,9,B02764,11
2014-06-14,Jun,Sat,Weekend,10,B02512,40
2014-06-14,Jun,Sat,Weekend,10,B02598,242
2014-06-14,Jun,Sat,Weekend,10,B02617,172
2014-06-14,Jun,Sat,Weekend,10,B02682,215
2014-06-14,Jun,Sat,Weekend,10,B02764,10
2014-06-14,Jun,Sat,Weekend,11,B02512,41
2014-06-14,Jun,Sat,Weekend,11,B02598,286
2014-06-14,Jun,Sat,Weekend,11,B02617,158
2014-06-14,Jun,Sat,Weekend,11,B02682,244
2014-06-14,Jun,Sat,Weekend,11,B02764,10
2014-06-14,Jun,Sat,Weekend,12,B02512,36
2014-06-14,Jun,Sat,Weekend,12,B02598,272
2014-06-14,Jun,Sat,Weekend,12,B02617,195
2014-06-14,Jun,Sat,Weekend,12,B02682,237
2014-06-14,Jun,Sat,Weekend,12,B02764,9
2014-06-14,Jun,Sat,Weekend,13,B02512,44
2014-06-14,Jun,Sat,Weekend,13,B02598,315
2014-06-14,Jun,Sat,Weekend,13,B02617,187
2014-06-14,Jun,Sat,Weekend,13,B02682,253
2014-06-14,Jun,Sat,Weekend,13,B02764,7
2014-06-14,Jun,Sat,Weekend,14,B02512,36
2014-06-14,Jun,Sat,Weekend,14,B02598,341
2014-06-14,Jun,Sat,Weekend,14,B02617,232
2014-06-14,Jun,Sat,Weekend,14,B02682,273
2014-06-14,Jun,Sat,Weekend,14,B02764,10
2014-06-14,Jun,Sat,Weekend,15,B02512,47
2014-06-14,Jun,Sat,Weekend,15,B02598,427
2014-06-14,Jun,Sat,Weekend,15,B02617,312
2014-06-14,Jun,Sat,Weekend,15,B02682,356
2014-06-14,Jun,Sat,Weekend,15,B02764,23
2014-06-14,Jun,Sat,Weekend,16,B02512,73
2014-06-14,Jun,Sat,Weekend,16,B02598,548
2014-06-14,Jun,Sat,Weekend,16,B02617,411
2014-06-14,Jun,Sat,Weekend,16,B02682,445
2014-06-14,Jun,Sat,Weekend,16,B02764,26
2014-06-14,Jun,Sat,Weekend,17,B02512,65
2014-06-14,Jun,Sat,Weekend,17,B02598,448
2014-06-14,Jun,Sat,Weekend,17,B02617,336
2014-06-14,Jun,Sat,Weekend,17,B02682,344
2014-06-14,Jun,Sat,Weekend,17,B02764,22
2014-06-14,Jun,Sat,Weekend,18,B02512,53
2014-06-14,Jun,Sat,Weekend,18,B02598,434
2014-06-14,Jun,Sat,Weekend,18,B02617,306
2014-06-14,Jun,Sat,Weekend,18,B02682,345
2014-06-14,Jun,Sat,Weekend,18,B02764,9
2014-06-14,Jun,Sat,Weekend,19,B02512,63
2014-06-14,Jun,Sat,Weekend,19,B02598,423
2014-06-14,Jun,Sat,Weekend,19,B02617,298
2014-06-14,Jun,Sat,Weekend,19,B02682,318
2014-06-14,Jun,Sat,Weekend,19,B02764,12
2014-06-14,Jun,Sat,Weekend,20,B02512,56
2014-06-14,Jun,Sat,Weekend,20,B02598,395
2014-06-14,Jun,Sat,Weekend,20,B02617,320
2014-06-14,Jun,Sat,Weekend,20,B02682,313
2014-06-14,Jun,Sat,Weekend,20,B02764,12
2014-06-14,Jun,Sat,Weekend,21,B02512,61
2014-06-14,Jun,Sat,Weekend,21,B02598,503
2014-06-14,Jun,Sat,Weekend,21,B02617,364
2014-06-14,Jun,Sat,Weekend,21,B02682,346
2014-06-14,Jun,Sat,Weekend,21,B02764,8
2014-06-14,Jun,Sat,Weekend,22,B02512,70
2014-06-14,Jun,Sat,Weekend,22,B02598,570
2014-06-14,Jun,Sat,Weekend,22,B02617,436
2014-06-14,Jun,Sat,Weekend,22,B02682,421
2014-06-14,Jun,Sat,Weekend,22,B02764,16
2014-06-14,Jun,Sat,Weekend,23,B02512,59
2014-06-14,Jun,Sat,Weekend,23,B02598,514
2014-06-14,Jun,Sat,Weekend,23,B02617,359
2014-06-14,Jun,Sat,Weekend,23,B02682,389
2014-06-14,Jun,Sat,Weekend,23,B02764,16
2014-06-15,Jun,Sun,Weekend,0,B02512,32
2014-06-15,Jun,Sun,Weekend,0,B02598,319
2014-06-15,Jun,Sun,Weekend,0,B02617,254
2014-06-15,Jun,Sun,Weekend,0,B02682,248
2014-06-15,Jun,Sun,Weekend,0,B02764,11
2014-06-15,Jun,Sun,Weekend,1,B02512,21
2014-06-15,Jun,Sun,Weekend,1,B02598,197
2014-06-15,Jun,Sun,Weekend,1,B02617,164
2014-06-15,Jun,Sun,Weekend,1,B02682,186
2014-06-15,Jun,Sun,Weekend,1,B02764,9
2014-06-15,Jun,Sun,Weekend,2,B02512,19
2014-06-15,Jun,Sun,Weekend,2,B02598,148
2014-06-15,Jun,Sun,Weekend,2,B02617,113
2014-06-15,Jun,Sun,Weekend,2,B02682,137
2014-06-15,Jun,Sun,Weekend,2,B02764,4
2014-06-15,Jun,Sun,Weekend,3,B02512,10
2014-06-15,Jun,Sun,Weekend,3,B02598,91
2014-06-15,Jun,Sun,Weekend,3,B02617,88
2014-06-15,Jun,Sun,Weekend,3,B02682,92
2014-06-15,Jun,Sun,Weekend,3,B02764,2
2014-06-15,Jun,Sun,Weekend,4,B02512,4
2014-06-15,Jun,Sun,Weekend,4,B02598,65
2014-06-15,Jun,Sun,Weekend,4,B02617,56
2014-06-15,Jun,Sun,Weekend,4,B02682,61
2014-06-15,Jun,Sun,Weekend,4,B02764,4
2014-06-15,Jun,Sun,Weekend,5,B02512,10
2014-06-15,Jun,Sun,Weekend,5,B02598,73
2014-06-15,Jun,Sun,Weekend,5,B02617,46
2014-06-15,Jun,Sun,Weekend,5,B02682,61
2014-06-15,Jun,Sun,Weekend,5,B02764,4
2014-06-15,Jun,Sun,Weekend,6,B02512,6
2014-06-15,Jun,Sun,Weekend,6,B02598,80
2014-06-15,Jun,Sun,Weekend,6,B02617,49
2014-06-15,Jun,Sun,Weekend,6,B02682,58
2014-06-15,Jun,Sun,Weekend,6,B02764,5
2014-06-15,Jun,Sun,Weekend,7,B02512,15
2014-06-15,Jun,Sun,Weekend,7,B02598,85
2014-06-15,Jun,Sun,Weekend,7,B02617,58
2014-06-15,Jun,Sun,Weekend,7,B02682,81
2014-06-15,Jun,Sun,Weekend,7,B02764,4
2014-06-15,Jun,Sun,Weekend,8,B02512,18
2014-06-15,Jun,Sun,Weekend,8,B02598,136
2014-06-15,Jun,Sun,Weekend,8,B02617,78
2014-06-15,Jun,Sun,Weekend,8,B02682,117
2014-06-15,Jun,Sun,Weekend,8,B02764,5
2014-06-15,Jun,Sun,Weekend,9,B02512,29
2014-06-15,Jun,Sun,Weekend,9,B02598,203
2014-06-15,Jun,Sun,Weekend,9,B02617,119
2014-06-15,Jun,Sun,Weekend,9,B02682,136
2014-06-15,Jun,Sun,Weekend,9,B02764,10
2014-06-15,Jun,Sun,Weekend,10,B02512,30
2014-06-15,Jun,Sun,Weekend,10,B02598,245
2014-06-15,Jun,Sun,Weekend,10,B02617,162
2014-06-15,Jun,Sun,Weekend,10,B02682,180
2014-06-15,Jun,Sun,Weekend,10,B02764,10
2014-06-15,Jun,Sun,Weekend,11,B02512,26
2014-06-15,Jun,Sun,Weekend,11,B02598,255
2014-06-15,Jun,Sun,Weekend,11,B02617,187
2014-06-15,Jun,Sun,Weekend,11,B02682,193
2014-06-15,Jun,Sun,Weekend,11,B02764,13
2014-06-15,Jun,Sun,Weekend,12,B02512,38
2014-06-15,Jun,Sun,Weekend,12,B02598,310
2014-06-15,Jun,Sun,Weekend,12,B02617,210
2014-06-15,Jun,Sun,Weekend,12,B02682,207
2014-06-15,Jun,Sun,Weekend,12,B02764,7
2014-06-15,Jun,Sun,Weekend,13,B02512,37
2014-06-15,Jun,Sun,Weekend,13,B02598,305
2014-06-15,Jun,Sun,Weekend,13,B02617,247
2014-06-15,Jun,Sun,Weekend,13,B02682,212
2014-06-15,Jun,Sun,Weekend,13,B02764,10
2014-06-15,Jun,Sun,Weekend,14,B02512,41
2014-06-15,Jun,Sun,Weekend,14,B02598,316
2014-06-15,Jun,Sun,Weekend,14,B02617,245
2014-06-15,Jun,Sun,Weekend,14,B02682,241
2014-06-15,Jun,Sun,Weekend,14,B02764,14
2014-06-15,Jun,Sun,Weekend,15,B02512,38
2014-06-15,Jun,Sun,Weekend,15,B02598,341
2014-06-15,Jun,Sun,Weekend,15,B02617,262
2014-06-15,Jun,Sun,Weekend,15,B02682,260
2014-06-15,Jun,Sun,Weekend,15,B02764,15
2014-06-15,Jun,Sun,Weekend,16,B02512,35
2014-06-15,Jun,Sun,Weekend,16,B02598,345
2014-06-15,Jun,Sun,Weekend,16,B02617,289
2014-06-15,Jun,Sun,Weekend,16,B02682,262
2014-06-15,Jun,Sun,Weekend,16,B02764,10
2014-06-15,Jun,Sun,Weekend,17,B02512,36
2014-06-15,Jun,Sun,Weekend,17,B02598,325
2014-06-15,Jun,Sun,Weekend,17,B02617,271
2014-06-15,Jun,Sun,Weekend,17,B02682,263
2014-06-15,Jun,Sun,Weekend,17,B02764,6
2014-06-15,Jun,Sun,Weekend,18,B02512,40
2014-06-15,Jun,Sun,Weekend,18,B02598,301
2014-06-15,Jun,Sun,Weekend,18,B02617,243
2014-06-15,Jun,Sun,Weekend,18,B02682,238
2014-06-15,Jun,Sun,Weekend,18,B02764,7
2014-06-15,Jun,Sun,Weekend,19,B02512,35
2014-06-15,Jun,Sun,Weekend,19,B02598,295
2014-06-15,Jun,Sun,Weekend,19,B02617,235
2014-06-15,Jun,Sun,Weekend,19,B02682,236
2014-06-15,Jun,Sun,Weekend,19,B02764,11
2014-06-15,Jun,Sun,Weekend,20,B02512,34
2014-06-15,Jun,Sun,Weekend,20,B02598,301
2014-06-15,Jun,Sun,Weekend,20,B02617,226
2014-06-15,Jun,Sun,Weekend,20,B02682,221
2014-06-15,Jun,Sun,Weekend,20,B02764,9
2014-06-15,Jun,Sun,Weekend,21,B02512,45
2014-06-15,Jun,Sun,Weekend,21,B02598,315
2014-06-15,Jun,Sun,Weekend,21,B02617,232
2014-06-15,Jun,Sun,Weekend,21,B02682,222
2014-06-15,Jun,Sun,Weekend,21,B02764,11
2014-06-15,Jun,Sun,Weekend,22,B02512,33
2014-06-15,Jun,Sun,Weekend,22,B02598,211
2014-06-15,Jun,Sun,Weekend,22,B02617,194
2014-06-15,Jun,Sun,Weekend,22,B02682,161
2014-06-15,Jun,Sun,Weekend,22,B02764,5
2014-06-15,Jun,Sun,Weekend,23,B02512,17
2014-06-15,Jun,Sun,Weekend,23,B02598,107
2014-06-15,Jun,Sun,Weekend,23,B02617,111
2014-06-15,Jun,Sun,Weekend,23,B02682,90
2014-06-15,Jun,Sun,Weekend,23,B02764,5
2014-06-16,Jun,Mon,Weekday,0,B02512,6
2014-06-16,Jun,Mon,Weekday,0,B02598,47
2014-06-16,Jun,Mon,Weekday,0,B02617,35
2014-06-16,Jun,Mon,Weekday,0,B02682,34
2014-06-16,Jun,Mon,Weekday,1,B02512,8
2014-06-16,Jun,Mon,Weekday,1,B02598,34
2014-06-16,Jun,Mon,Weekday,1,B02617,25
2014-06-16,Jun,Mon,Weekday,1,B02682,18
2014-06-16,Jun,Mon,Weekday,1,B02764,2
2014-06-16,Jun,Mon,Weekday,2,B02512,7
2014-06-16,Jun,Mon,Weekday,2,B02598,23
2014-06-16,Jun,Mon,Weekday,2,B02617,24
2014-06-16,Jun,Mon,Weekday,2,B02682,12
2014-06-16,Jun,Mon,Weekday,2,B02764,2
2014-06-16,Jun,Mon,Weekday,3,B02512,8
2014-06-16,Jun,Mon,Weekday,3,B02598,72
2014-06-16,Jun,Mon,Weekday,3,B02617,48
2014-06-16,Jun,Mon,Weekday,3,B02682,58
2014-06-16,Jun,Mon,Weekday,3,B02764,2
2014-06-16,Jun,Mon,Weekday,4,B02512,13
2014-06-16,Jun,Mon,Weekday,4,B02598,132
2014-06-16,Jun,Mon,Weekday,4,B02617,80
2014-06-16,Jun,Mon,Weekday,4,B02682,101
2014-06-16,Jun,Mon,Weekday,4,B02764,4
2014-06-16,Jun,Mon,Weekday,5,B02512,22
2014-06-16,Jun,Mon,Weekday,5,B02598,186
2014-06-16,Jun,Mon,Weekday,5,B02617,129
2014-06-16,Jun,Mon,Weekday,5,B02682,171
2014-06-16,Jun,Mon,Weekday,5,B02764,8
2014-06-16,Jun,Mon,Weekday,6,B02512,44
2014-06-16,Jun,Mon,Weekday,6,B02598,289
2014-06-16,Jun,Mon,Weekday,6,B02617,212
2014-06-16,Jun,Mon,Weekday,6,B02682,251
2014-06-16,Jun,Mon,Weekday,6,B02764,6
2014-06-16,Jun,Mon,Weekday,7,B02512,58
2014-06-16,Jun,Mon,Weekday,7,B02598,408
2014-06-16,Jun,Mon,Weekday,7,B02617,325
2014-06-16,Jun,Mon,Weekday,7,B02682,362
2014-06-16,Jun,Mon,Weekday,7,B02764,17
2014-06-16,Jun,Mon,Weekday,8,B02512,37
2014-06-16,Jun,Mon,Weekday,8,B02598,347
2014-06-16,Jun,Mon,Weekday,8,B02617,255
2014-06-16,Jun,Mon,Weekday,8,B02682,315
2014-06-16,Jun,Mon,Weekday,8,B02764,15
2014-06-16,Jun,Mon,Weekday,9,B02512,37
2014-06-16,Jun,Mon,Weekday,9,B02598,250
2014-06-16,Jun,Mon,Weekday,9,B02617,178
2014-06-16,Jun,Mon,Weekday,9,B02682,195
2014-06-16,Jun,Mon,Weekday,9,B02764,12
2014-06-16,Jun,Mon,Weekday,10,B02512,34
2014-06-16,Jun,Mon,Weekday,10,B02598,243
2014-06-16,Jun,Mon,Weekday,10,B02617,166
2014-06-16,Jun,Mon,Weekday,10,B02682,184
2014-06-16,Jun,Mon,Weekday,10,B02764,13
2014-06-16,Jun,Mon,Weekday,11,B02512,49
2014-06-16,Jun,Mon,Weekday,11,B02598,254
2014-06-16,Jun,Mon,Weekday,11,B02617,174
2014-06-16,Jun,Mon,Weekday,11,B02682,202
2014-06-16,Jun,Mon,Weekday,11,B02764,13
2014-06-16,Jun,Mon,Weekday,12,B02512,47
2014-06-16,Jun,Mon,Weekday,12,B02598,237
2014-06-16,Jun,Mon,Weekday,12,B02617,184
2014-06-16,Jun,Mon,Weekday,12,B02682,185
2014-06-16,Jun,Mon,Weekday,12,B02764,10
2014-06-16,Jun,Mon,Weekday,13,B02512,54
2014-06-16,Jun,Mon,Weekday,13,B02598,294
2014-06-16,Jun,Mon,Weekday,13,B02617,193
2014-06-16,Jun,Mon,Weekday,13,B02682,194
2014-06-16,Jun,Mon,Weekday,13,B02764,17
2014-06-16,Jun,Mon,Weekday,14,B02512,47
2014-06-16,Jun,Mon,Weekday,14,B02598,338
2014-06-16,Jun,Mon,Weekday,14,B02617,289
2014-06-16,Jun,Mon,Weekday,14,B02682,242
2014-06-16,Jun,Mon,Weekday,14,B02764,17
2014-06-16,Jun,Mon,Weekday,15,B02512,62
2014-06-16,Jun,Mon,Weekday,15,B02598,398
2014-06-16,Jun,Mon,Weekday,15,B02617,326
2014-06-16,Jun,Mon,Weekday,15,B02682,308
2014-06-16,Jun,Mon,Weekday,15,B02764,21
2014-06-16,Jun,Mon,Weekday,16,B02512,75
2014-06-16,Jun,Mon,Weekday,16,B02598,558
2014-06-16,Jun,Mon,Weekday,16,B02617,411
2014-06-16,Jun,Mon,Weekday,16,B02682,428
2014-06-16,Jun,Mon,Weekday,16,B02764,26
2014-06-16,Jun,Mon,Weekday,17,B02512,70
2014-06-16,Jun,Mon,Weekday,17,B02598,519
2014-06-16,Jun,Mon,Weekday,17,B02617,408
2014-06-16,Jun,Mon,Weekday,17,B02682,395
2014-06-16,Jun,Mon,Weekday,17,B02764,16
2014-06-16,Jun,Mon,Weekday,18,B02512,57
2014-06-16,Jun,Mon,Weekday,18,B02598,356
2014-06-16,Jun,Mon,Weekday,18,B02617,293
2014-06-16,Jun,Mon,Weekday,18,B02682,246
2014-06-16,Jun,Mon,Weekday,18,B02764,13
2014-06-16,Jun,Mon,Weekday,19,B02512,51
2014-06-16,Jun,Mon,Weekday,19,B02598,405
2014-06-16,Jun,Mon,Weekday,19,B02617,325
2014-06-16,Jun,Mon,Weekday,19,B02682,308
2014-06-16,Jun,Mon,Weekday,19,B02764,14
2014-06-16,Jun,Mon,Weekday,20,B02512,54
2014-06-16,Jun,Mon,Weekday,20,B02598,395
2014-06-16,Jun,Mon,Weekday,20,B02617,305
2014-06-16,Jun,Mon,Weekday,20,B02682,316
2014-06-16,Jun,Mon,Weekday,20,B02764,22
2014-06-16,Jun,Mon,Weekday,21,B02512,59
2014-06-16,Jun,Mon,Weekday,21,B02598,346
2014-06-16,Jun,Mon,Weekday,21,B02617,289
2014-06-16,Jun,Mon,Weekday,21,B02682,267
2014-06-16,Jun,Mon,Weekday,21,B02764,15
2014-06-16,Jun,Mon,Weekday,22,B02512,23
2014-06-16,Jun,Mon,Weekday,22,B02598,254
2014-06-16,Jun,Mon,Weekday,22,B02617,190
2014-06-16,Jun,Mon,Weekday,22,B02682,155
2014-06-16,Jun,Mon,Weekday,22,B02764,6
2014-06-16,Jun,Mon,Weekday,23,B02512,9
2014-06-16,Jun,Mon,Weekday,23,B02598,155
2014-06-16,Jun,Mon,Weekday,23,B02617,98
2014-06-16,Jun,Mon,Weekday,23,B02682,122
2014-06-16,Jun,Mon,Weekday,23,B02764,5
2014-06-17,Jun,Tue,Weekday,0,B02512,5
2014-06-17,Jun,Tue,Weekday,0,B02598,64
2014-06-17,Jun,Tue,Weekday,0,B02617,44
2014-06-17,Jun,Tue,Weekday,0,B02682,54
2014-06-17,Jun,Tue,Weekday,0,B02764,3
2014-06-17,Jun,Tue,Weekday,1,B02512,6
2014-06-17,Jun,Tue,Weekday,1,B02598,40
2014-06-17,Jun,Tue,Weekday,1,B02617,24
2014-06-17,Jun,Tue,Weekday,1,B02682,35
2014-06-17,Jun,Tue,Weekday,1,B02764,2
2014-06-17,Jun,Tue,Weekday,2,B02512,5
2014-06-17,Jun,Tue,Weekday,2,B02598,27
2014-06-17,Jun,Tue,Weekday,2,B02617,16
2014-06-17,Jun,Tue,Weekday,2,B02682,30
2014-06-17,Jun,Tue,Weekday,3,B02512,6
2014-06-17,Jun,Tue,Weekday,3,B02598,51
2014-06-17,Jun,Tue,Weekday,3,B02617,38
2014-06-17,Jun,Tue,Weekday,3,B02682,39
2014-06-17,Jun,Tue,Weekday,3,B02764,2
2014-06-17,Jun,Tue,Weekday,4,B02512,9
2014-06-17,Jun,Tue,Weekday,4,B02598,76
2014-06-17,Jun,Tue,Weekday,4,B02617,63
2014-06-17,Jun,Tue,Weekday,4,B02682,75
2014-06-17,Jun,Tue,Weekday,5,B02512,13
2014-06-17,Jun,Tue,Weekday,5,B02598,141
2014-06-17,Jun,Tue,Weekday,5,B02617,105
2014-06-17,Jun,Tue,Weekday,5,B02682,138
2014-06-17,Jun,Tue,Weekday,5,B02764,6
2014-06-17,Jun,Tue,Weekday,6,B02512,36
2014-06-17,Jun,Tue,Weekday,6,B02598,295
2014-06-17,Jun,Tue,Weekday,6,B02617,225
2014-06-17,Jun,Tue,Weekday,6,B02682,241
2014-06-17,Jun,Tue,Weekday,6,B02764,9
2014-06-17,Jun,Tue,Weekday,7,B02512,60
2014-06-17,Jun,Tue,Weekday,7,B02598,460
2014-06-17,Jun,Tue,Weekday,7,B02617,339
2014-06-17,Jun,Tue,Weekday,7,B02682,391
2014-06-17,Jun,Tue,Weekday,7,B02764,13
2014-06-17,Jun,Tue,Weekday,8,B02512,50
2014-06-17,Jun,Tue,Weekday,8,B02598,381
2014-06-17,Jun,Tue,Weekday,8,B02617,308
2014-06-17,Jun,Tue,Weekday,8,B02682,316
2014-06-17,Jun,Tue,Weekday,8,B02764,11
2014-06-17,Jun,Tue,Weekday,9,B02512,34
2014-06-17,Jun,Tue,Weekday,9,B02598,265
2014-06-17,Jun,Tue,Weekday,9,B02617,215
2014-06-17,Jun,Tue,Weekday,9,B02682,236
2014-06-17,Jun,Tue,Weekday,9,B02764,9
2014-06-17,Jun,Tue,Weekday,10,B02512,37
2014-06-17,Jun,Tue,Weekday,10,B02598,233
2014-06-17,Jun,Tue,Weekday,10,B02617,191
2014-06-17,Jun,Tue,Weekday,10,B02682,214
2014-06-17,Jun,Tue,Weekday,10,B02764,12
2014-06-17,Jun,Tue,Weekday,11,B02512,53
2014-06-17,Jun,Tue,Weekday,11,B02598,248
2014-06-17,Jun,Tue,Weekday,11,B02617,203
2014-06-17,Jun,Tue,Weekday,11,B02682,233
2014-06-17,Jun,Tue,Weekday,11,B02764,17
2014-06-17,Jun,Tue,Weekday,12,B02512,65
2014-06-17,Jun,Tue,Weekday,12,B02598,277
2014-06-17,Jun,Tue,Weekday,12,B02617,219
2014-06-17,Jun,Tue,Weekday,12,B02682,228
2014-06-17,Jun,Tue,Weekday,12,B02764,17
2014-06-17,Jun,Tue,Weekday,13,B02512,55
2014-06-17,Jun,Tue,Weekday,13,B02598,386
2014-06-17,Jun,Tue,Weekday,13,B02617,291
2014-06-17,Jun,Tue,Weekday,13,B02682,262
2014-06-17,Jun,Tue,Weekday,13,B02764,17
2014-06-17,Jun,Tue,Weekday,14,B02512,59
2014-06-17,Jun,Tue,Weekday,14,B02598,480
2014-06-17,Jun,Tue,Weekday,14,B02617,331
2014-06-17,Jun,Tue,Weekday,14,B02682,322
2014-06-17,Jun,Tue,Weekday,14,B02764,24
2014-06-17,Jun,Tue,Weekday,15,B02512,82
2014-06-17,Jun,Tue,Weekday,15,B02598,584
2014-06-17,Jun,Tue,Weekday,15,B02617,408
2014-06-17,Jun,Tue,Weekday,15,B02682,382
2014-06-17,Jun,Tue,Weekday,15,B02764,23
2014-06-17,Jun,Tue,Weekday,16,B02512,93
2014-06-17,Jun,Tue,Weekday,16,B02598,640
2014-06-17,Jun,Tue,Weekday,16,B02617,429
2014-06-17,Jun,Tue,Weekday,16,B02682,458
2014-06-17,Jun,Tue,Weekday,16,B02764,26
2014-06-17,Jun,Tue,Weekday,17,B02512,97
2014-06-17,Jun,Tue,Weekday,17,B02598,650
2014-06-17,Jun,Tue,Weekday,17,B02617,533
2014-06-17,Jun,Tue,Weekday,17,B02682,512
2014-06-17,Jun,Tue,Weekday,17,B02764,20
2014-06-17,Jun,Tue,Weekday,18,B02512,75
2014-06-17,Jun,Tue,Weekday,18,B02598,590
2014-06-17,Jun,Tue,Weekday,18,B02617,460
2014-06-17,Jun,Tue,Weekday,18,B02682,476
2014-06-17,Jun,Tue,Weekday,18,B02764,24
2014-06-17,Jun,Tue,Weekday,19,B02512,74
2014-06-17,Jun,Tue,Weekday,19,B02598,500
2014-06-17,Jun,Tue,Weekday,19,B02617,392
2014-06-17,Jun,Tue,Weekday,19,B02682,381
2014-06-17,Jun,Tue,Weekday,19,B02764,22
2014-06-17,Jun,Tue,Weekday,20,B02512,90
2014-06-17,Jun,Tue,Weekday,20,B02598,584
2014-06-17,Jun,Tue,Weekday,20,B02617,435
2014-06-17,Jun,Tue,Weekday,20,B02682,421
2014-06-17,Jun,Tue,Weekday,20,B02764,24
2014-06-17,Jun,Tue,Weekday,21,B02512,64
2014-06-17,Jun,Tue,Weekday,21,B02598,497
2014-06-17,Jun,Tue,Weekday,21,B02617,405
2014-06-17,Jun,Tue,Weekday,21,B02682,420
2014-06-17,Jun,Tue,Weekday,21,B02764,23
2014-06-17,Jun,Tue,Weekday,22,B02512,42
2014-06-17,Jun,Tue,Weekday,22,B02598,318
2014-06-17,Jun,Tue,Weekday,22,B02617,255
2014-06-17,Jun,Tue,Weekday,22,B02682,298
2014-06-17,Jun,Tue,Weekday,22,B02764,15
2014-06-17,Jun,Tue,Weekday,23,B02512,15
2014-06-17,Jun,Tue,Weekday,23,B02598,188
2014-06-17,Jun,Tue,Weekday,23,B02617,142
2014-06-17,Jun,Tue,Weekday,23,B02682,148
2014-06-17,Jun,Tue,Weekday,23,B02764,7
2014-06-18,Jun,Wed,Weekday,0,B02512,13
2014-06-18,Jun,Wed,Weekday,0,B02598,91
2014-06-18,Jun,Wed,Weekday,0,B02617,59
2014-06-18,Jun,Wed,Weekday,0,B02682,83
2014-06-18,Jun,Wed,Weekday,0,B02764,3
2014-06-18,Jun,Wed,Weekday,1,B02512,9
2014-06-18,Jun,Wed,Weekday,1,B02598,44
2014-06-18,Jun,Wed,Weekday,1,B02617,34
2014-06-18,Jun,Wed,Weekday,1,B02682,48
2014-06-18,Jun,Wed,Weekday,1,B02764,3
2014-06-18,Jun,Wed,Weekday,2,B02512,7
2014-06-18,Jun,Wed,Weekday,2,B02598,33
2014-06-18,Jun,Wed,Weekday,2,B02617,25
2014-06-18,Jun,Wed,Weekday,2,B02682,32
2014-06-18,Jun,Wed,Weekday,2,B02764,3
2014-06-18,Jun,Wed,Weekday,3,B02512,4
2014-06-18,Jun,Wed,Weekday,3,B02598,65
2014-06-18,Jun,Wed,Weekday,3,B02617,37
2014-06-18,Jun,Wed,Weekday,3,B02682,56
2014-06-18,Jun,Wed,Weekday,3,B02764,6
2014-06-18,Jun,Wed,Weekday,4,B02512,10
2014-06-18,Jun,Wed,Weekday,4,B02598,83
2014-06-18,Jun,Wed,Weekday,4,B02617,59
2014-06-18,Jun,Wed,Weekday,4,B02682,67
2014-06-18,Jun,Wed,Weekday,5,B02512,14
2014-06-18,Jun,Wed,Weekday,5,B02598,156
2014-06-18,Jun,Wed,Weekday,5,B02617,117
2014-06-18,Jun,Wed,Weekday,5,B02682,136
2014-06-18,Jun,Wed,Weekday,5,B02764,5
2014-06-18,Jun,Wed,Weekday,6,B02512,49
2014-06-18,Jun,Wed,Weekday,6,B02598,312
2014-06-18,Jun,Wed,Weekday,6,B02617,213
2014-06-18,Jun,Wed,Weekday,6,B02682,275
2014-06-18,Jun,Wed,Weekday,6,B02764,10
2014-06-18,Jun,Wed,Weekday,7,B02512,56
2014-06-18,Jun,Wed,Weekday,7,B02598,481
2014-06-18,Jun,Wed,Weekday,7,B02617,366
2014-06-18,Jun,Wed,Weekday,7,B02682,398
2014-06-18,Jun,Wed,Weekday,7,B02764,16
2014-06-18,Jun,Wed,Weekday,8,B02512,47
2014-06-18,Jun,Wed,Weekday,8,B02598,406
2014-06-18,Jun,Wed,Weekday,8,B02617,345
2014-06-18,Jun,Wed,Weekday,8,B02682,326
2014-06-18,Jun,Wed,Weekday,8,B02764,15
2014-06-18,Jun,Wed,Weekday,9,B02512,39
2014-06-18,Jun,Wed,Weekday,9,B02598,314
2014-06-18,Jun,Wed,Weekday,9,B02617,256
2014-06-18,Jun,Wed,Weekday,9,B02682,255
2014-06-18,Jun,Wed,Weekday,9,B02764,11
2014-06-18,Jun,Wed,Weekday,10,B02512,55
2014-06-18,Jun,Wed,Weekday,10,B02598,326
2014-06-18,Jun,Wed,Weekday,10,B02617,250
2014-06-18,Jun,Wed,Weekday,10,B02682,265
2014-06-18,Jun,Wed,Weekday,10,B02764,16
2014-06-18,Jun,Wed,Weekday,11,B02512,63
2014-06-18,Jun,Wed,Weekday,11,B02598,318
2014-06-18,Jun,Wed,Weekday,11,B02617,262
2014-06-18,Jun,Wed,Weekday,11,B02682,289
2014-06-18,Jun,Wed,Weekday,11,B02764,19
2014-06-18,Jun,Wed,Weekday,12,B02512,64
2014-06-18,Jun,Wed,Weekday,12,B02598,343
2014-06-18,Jun,Wed,Weekday,12,B02617,254
2014-06-18,Jun,Wed,Weekday,12,B02682,268
2014-06-18,Jun,Wed,Weekday,12,B02764,15
2014-06-18,Jun,Wed,Weekday,13,B02512,60
2014-06-18,Jun,Wed,Weekday,13,B02598,382
2014-06-18,Jun,Wed,Weekday,13,B02617,332
2014-06-18,Jun,Wed,Weekday,13,B02682,318
2014-06-18,Jun,Wed,Weekday,13,B02764,20
2014-06-18,Jun,Wed,Weekday,14,B02512,65
2014-06-18,Jun,Wed,Weekday,14,B02598,492
2014-06-18,Jun,Wed,Weekday,14,B02617,361
2014-06-18,Jun,Wed,Weekday,14,B02682,379
2014-06-18,Jun,Wed,Weekday,14,B02764,22
2014-06-18,Jun,Wed,Weekday,15,B02512,79
2014-06-18,Jun,Wed,Weekday,15,B02598,664
2014-06-18,Jun,Wed,Weekday,15,B02617,486
2014-06-18,Jun,Wed,Weekday,15,B02682,450
2014-06-18,Jun,Wed,Weekday,15,B02764,24
2014-06-18,Jun,Wed,Weekday,16,B02512,95
2014-06-18,Jun,Wed,Weekday,16,B02598,703
2014-06-18,Jun,Wed,Weekday,16,B02617,555
2014-06-18,Jun,Wed,Weekday,16,B02682,533
2014-06-18,Jun,Wed,Weekday,16,B02764,25
2014-06-18,Jun,Wed,Weekday,17,B02512,101
2014-06-18,Jun,Wed,Weekday,17,B02598,760
2014-06-18,Jun,Wed,Weekday,17,B02617,620
2014-06-18,Jun,Wed,Weekday,17,B02682,578
2014-06-18,Jun,Wed,Weekday,17,B02764,31
2014-06-18,Jun,Wed,Weekday,18,B02512,91
2014-06-18,Jun,Wed,Weekday,18,B02598,646
2014-06-18,Jun,Wed,Weekday,18,B02617,477
2014-06-18,Jun,Wed,Weekday,18,B02682,492
2014-06-18,Jun,Wed,Weekday,18,B02764,23
2014-06-18,Jun,Wed,Weekday,19,B02512,61
2014-06-18,Jun,Wed,Weekday,19,B02598,481
2014-06-18,Jun,Wed,Weekday,19,B02617,379
2014-06-18,Jun,Wed,Weekday,19,B02682,412
2014-06-18,Jun,Wed,Weekday,19,B02764,18
2014-06-18,Jun,Wed,Weekday,20,B02512,79
2014-06-18,Jun,Wed,Weekday,20,B02598,627
2014-06-18,Jun,Wed,Weekday,20,B02617,477
2014-06-18,Jun,Wed,Weekday,20,B02682,500
2014-06-18,Jun,Wed,Weekday,20,B02764,28
2014-06-18,Jun,Wed,Weekday,21,B02512,71
2014-06-18,Jun,Wed,Weekday,21,B02598,567
2014-06-18,Jun,Wed,Weekday,21,B02617,477
2014-06-18,Jun,Wed,Weekday,21,B02682,489
2014-06-18,Jun,Wed,Weekday,21,B02764,21
2014-06-18,Jun,Wed,Weekday,22,B02512,40
2014-06-18,Jun,Wed,Weekday,22,B02598,426
2014-06-18,Jun,Wed,Weekday,22,B02617,341
2014-06-18,Jun,Wed,Weekday,22,B02682,367
2014-06-18,Jun,Wed,Weekday,22,B02764,12
2014-06-18,Jun,Wed,Weekday,23,B02512,26
2014-06-18,Jun,Wed,Weekday,23,B02598,191
2014-06-18,Jun,Wed,Weekday,23,B02617,176
2014-06-18,Jun,Wed,Weekday,23,B02682,207
2014-06-18,Jun,Wed,Weekday,23,B02764,11
2014-06-19,Jun,Thu,Weekday,0,B02512,16
2014-06-19,Jun,Thu,Weekday,0,B02598,124
2014-06-19,Jun,Thu,Weekday,0,B02617,88
2014-06-19,Jun,Thu,Weekday,0,B02682,120
2014-06-19,Jun,Thu,Weekday,0,B02764,3
2014-06-19,Jun,Thu,Weekday,1,B02512,10
2014-06-19,Jun,Thu,Weekday,1,B02598,46
2014-06-19,Jun,Thu,Weekday,1,B02617,38
2014-06-19,Jun,Thu,Weekday,1,B02682,55
2014-06-19,Jun,Thu,Weekday,1,B02764,2
2014-06-19,Jun,Thu,Weekday,2,B02512,6
2014-06-19,Jun,Thu,Weekday,2,B02598,44
2014-06-19,Jun,Thu,Weekday,2,B02617,24
2014-06-19,Jun,Thu,Weekday,2,B02682,44
2014-06-19,Jun,Thu,Weekday,2,B02764,1
2014-06-19,Jun,Thu,Weekday,3,B02512,13
2014-06-19,Jun,Thu,Weekday,3,B02598,55
2014-06-19,Jun,Thu,Weekday,3,B02617,46
2014-06-19,Jun,Thu,Weekday,3,B02682,59
2014-06-19,Jun,Thu,Weekday,3,B02764,2
2014-06-19,Jun,Thu,Weekday,4,B02512,14
2014-06-19,Jun,Thu,Weekday,4,B02598,102
2014-06-19,Jun,Thu,Weekday,4,B02617,69
2014-06-19,Jun,Thu,Weekday,4,B02682,83
2014-06-19,Jun,Thu,Weekday,4,B02764,4
2014-06-19,Jun,Thu,Weekday,5,B02512,23
2014-06-19,Jun,Thu,Weekday,5,B02598,166
2014-06-19,Jun,Thu,Weekday,5,B02617,125
2014-06-19,Jun,Thu,Weekday,5,B02682,128
2014-06-19,Jun,Thu,Weekday,5,B02764,6
2014-06-19,Jun,Thu,Weekday,6,B02512,54
2014-06-19,Jun,Thu,Weekday,6,B02598,338
2014-06-19,Jun,Thu,Weekday,6,B02617,261
2014-06-19,Jun,Thu,Weekday,6,B02682,289
2014-06-19,Jun,Thu,Weekday,6,B02764,8
2014-06-19,Jun,Thu,Weekday,7,B02512,67
2014-06-19,Jun,Thu,Weekday,7,B02598,490
2014-06-19,Jun,Thu,Weekday,7,B02617,394
2014-06-19,Jun,Thu,Weekday,7,B02682,380
2014-06-19,Jun,Thu,Weekday,7,B02764,18
2014-06-19,Jun,Thu,Weekday,8,B02512,66
2014-06-19,Jun,Thu,Weekday,8,B02598,431
2014-06-19,Jun,Thu,Weekday,8,B02617,351
2014-06-19,Jun,Thu,Weekday,8,B02682,359
2014-06-19,Jun,Thu,Weekday,8,B02764,18
2014-06-19,Jun,Thu,Weekday,9,B02512,45
2014-06-19,Jun,Thu,Weekday,9,B02598,330
2014-06-19,Jun,Thu,Weekday,9,B02617,269
2014-06-19,Jun,Thu,Weekday,9,B02682,260
2014-06-19,Jun,Thu,Weekday,9,B02764,10
2014-06-19,Jun,Thu,Weekday,10,B02512,59
2014-06-19,Jun,Thu,Weekday,10,B02598,321
2014-06-19,Jun,Thu,Weekday,10,B02617,266
2014-06-19,Jun,Thu,Weekday,10,B02682,257
2014-06-19,Jun,Thu,Weekday,10,B02764,17
2014-06-19,Jun,Thu,Weekday,11,B02512,61
2014-06-19,Jun,Thu,Weekday,11,B02598,312
2014-06-19,Jun,Thu,Weekday,11,B02617,260
2014-06-19,Jun,Thu,Weekday,11,B02682,248
2014-06-19,Jun,Thu,Weekday,11,B02764,14
2014-06-19,Jun,Thu,Weekday,12,B02512,55
2014-06-19,Jun,Thu,Weekday,12,B02598,398
2014-06-19,Jun,Thu,Weekday,12,B02617,298
2014-06-19,Jun,Thu,Weekday,12,B02682,264
2014-06-19,Jun,Thu,Weekday,12,B02764,18
2014-06-19,Jun,Thu,Weekday,13,B02512,80
2014-06-19,Jun,Thu,Weekday,13,B02598,489
2014-06-19,Jun,Thu,Weekday,13,B02617,402
2014-06-19,Jun,Thu,Weekday,13,B02682,372
2014-06-19,Jun,Thu,Weekday,13,B02764,25
2014-06-19,Jun,Thu,Weekday,14,B02512,78
2014-06-19,Jun,Thu,Weekday,14,B02598,514
2014-06-19,Jun,Thu,Weekday,14,B02617,402
2014-06-19,Jun,Thu,Weekday,14,B02682,372
2014-06-19,Jun,Thu,Weekday,14,B02764,20
2014-06-19,Jun,Thu,Weekday,15,B02512,84
2014-06-19,Jun,Thu,Weekday,15,B02598,653
2014-06-19,Jun,Thu,Weekday,15,B02617,519
2014-06-19,Jun,Thu,Weekday,15,B02682,469
2014-06-19,Jun,Thu,Weekday,15,B02764,32
2014-06-19,Jun,Thu,Weekday,16,B02512,104
2014-06-19,Jun,Thu,Weekday,16,B02598,705
2014-06-19,Jun,Thu,Weekday,16,B02617,550
2014-06-19,Jun,Thu,Weekday,16,B02682,544
2014-06-19,Jun,Thu,Weekday,16,B02764,17
2014-06-19,Jun,Thu,Weekday,17,B02512,115
2014-06-19,Jun,Thu,Weekday,17,B02598,755
2014-06-19,Jun,Thu,Weekday,17,B02617,611
2014-06-19,Jun,Thu,Weekday,17,B02682,613
2014-06-19,Jun,Thu,Weekday,17,B02764,30
2014-06-19,Jun,Thu,Weekday,18,B02512,92
2014-06-19,Jun,Thu,Weekday,18,B02598,675
2014-06-19,Jun,Thu,Weekday,18,B02617,583
2014-06-19,Jun,Thu,Weekday,18,B02682,529
2014-06-19,Jun,Thu,Weekday,18,B02764,30
2014-06-19,Jun,Thu,Weekday,19,B02512,111
2014-06-19,Jun,Thu,Weekday,19,B02598,682
2014-06-19,Jun,Thu,Weekday,19,B02617,571
2014-06-19,Jun,Thu,Weekday,19,B02682,509
2014-06-19,Jun,Thu,Weekday,19,B02764,26
2014-06-19,Jun,Thu,Weekday,20,B02512,135
2014-06-19,Jun,Thu,Weekday,20,B02598,920
2014-06-19,Jun,Thu,Weekday,20,B02617,741
2014-06-19,Jun,Thu,Weekday,20,B02682,674
2014-06-19,Jun,Thu,Weekday,20,B02764,43
2014-06-19,Jun,Thu,Weekday,21,B02512,126
2014-06-19,Jun,Thu,Weekday,21,B02598,783
2014-06-19,Jun,Thu,Weekday,21,B02617,670
2014-06-19,Jun,Thu,Weekday,21,B02682,580
2014-06-19,Jun,Thu,Weekday,21,B02764,38
2014-06-19,Jun,Thu,Weekday,22,B02512,79
2014-06-19,Jun,Thu,Weekday,22,B02598,663
2014-06-19,Jun,Thu,Weekday,22,B02617,492
2014-06-19,Jun,Thu,Weekday,22,B02682,508
2014-06-19,Jun,Thu,Weekday,22,B02764,31
2014-06-19,Jun,Thu,Weekday,23,B02512,35
2014-06-19,Jun,Thu,Weekday,23,B02598,346
2014-06-19,Jun,Thu,Weekday,23,B02617,273
2014-06-19,Jun,Thu,Weekday,23,B02682,279
2014-06-19,Jun,Thu,Weekday,23,B02764,13
2014-06-20,Jun,Fri,Weekday,0,B02512,11
2014-06-20,Jun,Fri,Weekday,0,B02598,148
2014-06-20,Jun,Fri,Weekday,0,B02617,109
2014-06-20,Jun,Fri,Weekday,0,B02682,138
2014-06-20,Jun,Fri,Weekday,0,B02764,6
2014-06-20,Jun,Fri,Weekday,1,B02512,17
2014-06-20,Jun,Fri,Weekday,1,B02598,84
2014-06-20,Jun,Fri,Weekday,1,B02617,89
2014-06-20,Jun,Fri,Weekday,1,B02682,70
2014-06-20,Jun,Fri,Weekday,1,B02764,4
2014-06-20,Jun,Fri,Weekday,2,B02512,8
2014-06-20,Jun,Fri,Weekday,2,B02598,57
2014-06-20,Jun,Fri,Weekday,2,B02617,44
2014-06-20,Jun,Fri,Weekday,2,B02682,36
2014-06-20,Jun,Fri,Weekday,2,B02764,2
2014-06-20,Jun,Fri,Weekday,3,B02512,10
2014-06-20,Jun,Fri,Weekday,3,B02598,79
2014-06-20,Jun,Fri,Weekday,3,B02617,62
2014-06-20,Jun,Fri,Weekday,3,B02682,75
2014-06-20,Jun,Fri,Weekday,3,B02764,6
2014-06-20,Jun,Fri,Weekday,4,B02512,13
2014-06-20,Jun,Fri,Weekday,4,B02598,107
2014-06-20,Jun,Fri,Weekday,4,B02617,78
2014-06-20,Jun,Fri,Weekday,4,B02682,73
2014-06-20,Jun,Fri,Weekday,4,B02764,6
2014-06-20,Jun,Fri,Weekday,5,B02512,20
2014-06-20,Jun,Fri,Weekday,5,B02598,144
2014-06-20,Jun,Fri,Weekday,5,B02617,118
2014-06-20,Jun,Fri,Weekday,5,B02682,144
2014-06-20,Jun,Fri,Weekday,5,B02764,5
2014-06-20,Jun,Fri,Weekday,6,B02512,32
2014-06-20,Jun,Fri,Weekday,6,B02598,255
2014-06-20,Jun,Fri,Weekday,6,B02617,229
2014-06-20,Jun,Fri,Weekday,6,B02682,264
2014-06-20,Jun,Fri,Weekday,6,B02764,7
2014-06-20,Jun,Fri,Weekday,7,B02512,61
2014-06-20,Jun,Fri,Weekday,7,B02598,354
2014-06-20,Jun,Fri,Weekday,7,B02617,334
2014-06-20,Jun,Fri,Weekday,7,B02682,332
2014-06-20,Jun,Fri,Weekday,7,B02764,10
2014-06-20,Jun,Fri,Weekday,8,B02512,63
2014-06-20,Jun,Fri,Weekday,8,B02598,379
2014-06-20,Jun,Fri,Weekday,8,B02617,330
2014-06-20,Jun,Fri,Weekday,8,B02682,353
2014-06-20,Jun,Fri,Weekday,8,B02764,13
2014-06-20,Jun,Fri,Weekday,9,B02512,40
2014-06-20,Jun,Fri,Weekday,9,B02598,267
2014-06-20,Jun,Fri,Weekday,9,B02617,225
2014-06-20,Jun,Fri,Weekday,9,B02682,231
2014-06-20,Jun,Fri,Weekday,9,B02764,14
2014-06-20,Jun,Fri,Weekday,10,B02512,46
2014-06-20,Jun,Fri,Weekday,10,B02598,264
2014-06-20,Jun,Fri,Weekday,10,B02617,247
2014-06-20,Jun,Fri,Weekday,10,B02682,194
2014-06-20,Jun,Fri,Weekday,10,B02764,11
2014-06-20,Jun,Fri,Weekday,11,B02512,59
2014-06-20,Jun,Fri,Weekday,11,B02598,287
2014-06-20,Jun,Fri,Weekday,11,B02617,277
2014-06-20,Jun,Fri,Weekday,11,B02682,274
2014-06-20,Jun,Fri,Weekday,11,B02764,8
2014-06-20,Jun,Fri,Weekday,12,B02512,45
2014-06-20,Jun,Fri,Weekday,12,B02598,304
2014-06-20,Jun,Fri,Weekday,12,B02617,265
2014-06-20,Jun,Fri,Weekday,12,B02682,262
2014-06-20,Jun,Fri,Weekday,12,B02764,9
2014-06-20,Jun,Fri,Weekday,13,B02512,73
2014-06-20,Jun,Fri,Weekday,13,B02598,403
2014-06-20,Jun,Fri,Weekday,13,B02617,332
2014-06-20,Jun,Fri,Weekday,13,B02682,286
2014-06-20,Jun,Fri,Weekday,13,B02764,9
2014-06-20,Jun,Fri,Weekday,14,B02512,52
2014-06-20,Jun,Fri,Weekday,14,B02598,453
2014-06-20,Jun,Fri,Weekday,14,B02617,392
2014-06-20,Jun,Fri,Weekday,14,B02682,340
2014-06-20,Jun,Fri,Weekday,14,B02764,17
2014-06-20,Jun,Fri,Weekday,15,B02512,66
2014-06-20,Jun,Fri,Weekday,15,B02598,548
2014-06-20,Jun,Fri,Weekday,15,B02617,516
2014-06-20,Jun,Fri,Weekday,15,B02682,413
2014-06-20,Jun,Fri,Weekday,15,B02764,29
2014-06-20,Jun,Fri,Weekday,16,B02512,68
2014-06-20,Jun,Fri,Weekday,16,B02598,597
2014-06-20,Jun,Fri,Weekday,16,B02617,549
2014-06-20,Jun,Fri,Weekday,16,B02682,445
2014-06-20,Jun,Fri,Weekday,16,B02764,22
2014-06-20,Jun,Fri,Weekday,17,B02512,62
2014-06-20,Jun,Fri,Weekday,17,B02598,612
2014-06-20,Jun,Fri,Weekday,17,B02617,511
2014-06-20,Jun,Fri,Weekday,17,B02682,483
2014-06-20,Jun,Fri,Weekday,17,B02764,25
2014-06-20,Jun,Fri,Weekday,18,B02512,62
2014-06-20,Jun,Fri,Weekday,18,B02598,555
2014-06-20,Jun,Fri,Weekday,18,B02617,495
2014-06-20,Jun,Fri,Weekday,18,B02682,435
2014-06-20,Jun,Fri,Weekday,18,B02764,23
2014-06-20,Jun,Fri,Weekday,19,B02512,50
2014-06-20,Jun,Fri,Weekday,19,B02598,499
2014-06-20,Jun,Fri,Weekday,19,B02617,383
2014-06-20,Jun,Fri,Weekday,19,B02682,375
2014-06-20,Jun,Fri,Weekday,19,B02764,13
2014-06-20,Jun,Fri,Weekday,20,B02512,51
2014-06-20,Jun,Fri,Weekday,20,B02598,476
2014-06-20,Jun,Fri,Weekday,20,B02617,393
2014-06-20,Jun,Fri,Weekday,20,B02682,376
2014-06-20,Jun,Fri,Weekday,20,B02764,10
2014-06-20,Jun,Fri,Weekday,21,B02512,60
2014-06-20,Jun,Fri,Weekday,21,B02598,550
2014-06-20,Jun,Fri,Weekday,21,B02617,471
2014-06-20,Jun,Fri,Weekday,21,B02682,416
2014-06-20,Jun,Fri,Weekday,21,B02764,26
2014-06-20,Jun,Fri,Weekday,22,B02512,73
2014-06-20,Jun,Fri,Weekday,22,B02598,652
2014-06-20,Jun,Fri,Weekday,22,B02617,519
2014-06-20,Jun,Fri,Weekday,22,B02682,472
2014-06-20,Jun,Fri,Weekday,22,B02764,27
2014-06-20,Jun,Fri,Weekday,23,B02512,52
2014-06-20,Jun,Fri,Weekday,23,B02598,510
2014-06-20,Jun,Fri,Weekday,23,B02617,453
2014-06-20,Jun,Fri,Weekday,23,B02682,364
2014-06-20,Jun,Fri,Weekday,23,B02764,19
2014-06-21,Jun,Sat,Weekend,0,B02512,25
2014-06-21,Jun,Sat,Weekend,0,B02598,293
2014-06-21,Jun,Sat,Weekend,0,B02617,307
2014-06-21,Jun,Sat,Weekend,0,B02682,259
2014-06-21,Jun,Sat,Weekend,0,B02764,21
2014-06-21,Jun,Sat,Weekend,1,B02512,21
2014-06-21,Jun,Sat,Weekend,1,B02598,221
2014-06-21,Jun,Sat,Weekend,1,B02617,207
2014-06-21,Jun,Sat,Weekend,1,B02682,169
2014-06-21,Jun,Sat,Weekend,1,B02764,5
2014-06-21,Jun,Sat,Weekend,2,B02512,14
2014-06-21,Jun,Sat,Weekend,2,B02598,140
2014-06-21,Jun,Sat,Weekend,2,B02617,123
2014-06-21,Jun,Sat,Weekend,2,B02682,121
2014-06-21,Jun,Sat,Weekend,2,B02764,3
2014-06-21,Jun,Sat,Weekend,3,B02512,3
2014-06-21,Jun,Sat,Weekend,3,B02598,135
2014-06-21,Jun,Sat,Weekend,3,B02617,87
2014-06-21,Jun,Sat,Weekend,3,B02682,84
2014-06-21,Jun,Sat,Weekend,3,B02764,1
2014-06-21,Jun,Sat,Weekend,4,B02512,4
2014-06-21,Jun,Sat,Weekend,4,B02598,79
2014-06-21,Jun,Sat,Weekend,4,B02617,72
2014-06-21,Jun,Sat,Weekend,4,B02682,66
2014-06-21,Jun,Sat,Weekend,4,B02764,3
2014-06-21,Jun,Sat,Weekend,5,B02512,3
2014-06-21,Jun,Sat,Weekend,5,B02598,85
2014-06-21,Jun,Sat,Weekend,5,B02617,55
2014-06-21,Jun,Sat,Weekend,5,B02682,66
2014-06-21,Jun,Sat,Weekend,5,B02764,2
2014-06-21,Jun,Sat,Weekend,6,B02512,10
2014-06-21,Jun,Sat,Weekend,6,B02598,75
2014-06-21,Jun,Sat,Weekend,6,B02617,78
2014-06-21,Jun,Sat,Weekend,6,B02682,71
2014-06-21,Jun,Sat,Weekend,6,B02764,1
2014-06-21,Jun,Sat,Weekend,7,B02512,10
2014-06-21,Jun,Sat,Weekend,7,B02598,121
2014-06-21,Jun,Sat,Weekend,7,B02617,80
2014-06-21,Jun,Sat,Weekend,7,B02682,92
2014-06-21,Jun,Sat,Weekend,7,B02764,3
2014-06-21,Jun,Sat,Weekend,8,B02512,21
2014-06-21,Jun,Sat,Weekend,8,B02598,159
2014-06-21,Jun,Sat,Weekend,8,B02617,150
2014-06-21,Jun,Sat,Weekend,8,B02682,132
2014-06-21,Jun,Sat,Weekend,8,B02764,7
2014-06-21,Jun,Sat,Weekend,9,B02512,27
2014-06-21,Jun,Sat,Weekend,9,B02598,194
2014-06-21,Jun,Sat,Weekend,9,B02617,135
2014-06-21,Jun,Sat,Weekend,9,B02682,171
2014-06-21,Jun,Sat,Weekend,9,B02764,10
2014-06-21,Jun,Sat,Weekend,10,B02512,42
2014-06-21,Jun,Sat,Weekend,10,B02598,258
2014-06-21,Jun,Sat,Weekend,10,B02617,193
2014-06-21,Jun,Sat,Weekend,10,B02682,198
2014-06-21,Jun,Sat,Weekend,10,B02764,11
2014-06-21,Jun,Sat,Weekend,11,B02512,32
2014-06-21,Jun,Sat,Weekend,11,B02598,273
2014-06-21,Jun,Sat,Weekend,11,B02617,213
2014-06-21,Jun,Sat,Weekend,11,B02682,207
2014-06-21,Jun,Sat,Weekend,11,B02764,15
2014-06-21,Jun,Sat,Weekend,12,B02512,39
2014-06-21,Jun,Sat,Weekend,12,B02598,245
2014-06-21,Jun,Sat,Weekend,12,B02617,258
2014-06-21,Jun,Sat,Weekend,12,B02682,193
2014-06-21,Jun,Sat,Weekend,12,B02764,10
2014-06-21,Jun,Sat,Weekend,13,B02512,38
2014-06-21,Jun,Sat,Weekend,13,B02598,293
2014-06-21,Jun,Sat,Weekend,13,B02617,246
2014-06-21,Jun,Sat,Weekend,13,B02682,245
2014-06-21,Jun,Sat,Weekend,13,B02764,10
2014-06-21,Jun,Sat,Weekend,14,B02512,40
2014-06-21,Jun,Sat,Weekend,14,B02598,330
2014-06-21,Jun,Sat,Weekend,14,B02617,280
2014-06-21,Jun,Sat,Weekend,14,B02682,253
2014-06-21,Jun,Sat,Weekend,14,B02764,11
2014-06-21,Jun,Sat,Weekend,15,B02512,51
2014-06-21,Jun,Sat,Weekend,15,B02598,395
2014-06-21,Jun,Sat,Weekend,15,B02617,314
2014-06-21,Jun,Sat,Weekend,15,B02682,310
2014-06-21,Jun,Sat,Weekend,15,B02764,13
2014-06-21,Jun,Sat,Weekend,16,B02512,76
2014-06-21,Jun,Sat,Weekend,16,B02598,503
2014-06-21,Jun,Sat,Weekend,16,B02617,437
2014-06-21,Jun,Sat,Weekend,16,B02682,415
2014-06-21,Jun,Sat,Weekend,16,B02764,15
2014-06-21,Jun,Sat,Weekend,17,B02512,57
2014-06-21,Jun,Sat,Weekend,17,B02598,441
2014-06-21,Jun,Sat,Weekend,17,B02617,347
2014-06-21,Jun,Sat,Weekend,17,B02682,377
2014-06-21,Jun,Sat,Weekend,17,B02764,9
2014-06-21,Jun,Sat,Weekend,18,B02512,64
2014-06-21,Jun,Sat,Weekend,18,B02598,506
2014-06-21,Jun,Sat,Weekend,18,B02617,418
2014-06-21,Jun,Sat,Weekend,18,B02682,360
2014-06-21,Jun,Sat,Weekend,18,B02764,16
2014-06-21,Jun,Sat,Weekend,19,B02512,41
2014-06-21,Jun,Sat,Weekend,19,B02598,384
2014-06-21,Jun,Sat,Weekend,19,B02617,324
2014-06-21,Jun,Sat,Weekend,19,B02682,316
2014-06-21,Jun,Sat,Weekend,19,B02764,10
2014-06-21,Jun,Sat,Weekend,20,B02512,59
2014-06-21,Jun,Sat,Weekend,20,B02598,427
2014-06-21,Jun,Sat,Weekend,20,B02617,319
2014-06-21,Jun,Sat,Weekend,20,B02682,311
2014-06-21,Jun,Sat,Weekend,20,B02764,12
2014-06-21,Jun,Sat,Weekend,21,B02512,58
2014-06-21,Jun,Sat,Weekend,21,B02598,522
2014-06-21,Jun,Sat,Weekend,21,B02617,432
2014-06-21,Jun,Sat,Weekend,21,B02682,392
2014-06-21,Jun,Sat,Weekend,21,B02764,17
2014-06-21,Jun,Sat,Weekend,22,B02512,74
2014-06-21,Jun,Sat,Weekend,22,B02598,577
2014-06-21,Jun,Sat,Weekend,22,B02617,512
2014-06-21,Jun,Sat,Weekend,22,B02682,472
2014-06-21,Jun,Sat,Weekend,22,B02764,17
2014-06-21,Jun,Sat,Weekend,23,B02512,50
2014-06-21,Jun,Sat,Weekend,23,B02598,492
2014-06-21,Jun,Sat,Weekend,23,B02617,419
2014-06-21,Jun,Sat,Weekend,23,B02682,407
2014-06-21,Jun,Sat,Weekend,23,B02764,18
2014-06-22,Jun,Sun,Weekend,0,B02512,33
2014-06-22,Jun,Sun,Weekend,0,B02598,351
2014-06-22,Jun,Sun,Weekend,0,B02617,321
2014-06-22,Jun,Sun,Weekend,0,B02682,287
2014-06-22,Jun,Sun,Weekend,0,B02764,6
2014-06-22,Jun,Sun,Weekend,1,B02512,27
2014-06-22,Jun,Sun,Weekend,1,B02598,238
2014-06-22,Jun,Sun,Weekend,1,B02617,217
2014-06-22,Jun,Sun,Weekend,1,B02682,200
2014-06-22,Jun,Sun,Weekend,1,B02764,5
2014-06-22,Jun,Sun,Weekend,2,B02512,16
2014-06-22,Jun,Sun,Weekend,2,B02598,155
2014-06-22,Jun,Sun,Weekend,2,B02617,151
2014-06-22,Jun,Sun,Weekend,2,B02682,125
2014-06-22,Jun,Sun,Weekend,2,B02764,6
2014-06-22,Jun,Sun,Weekend,3,B02512,8
2014-06-22,Jun,Sun,Weekend,3,B02598,117
2014-06-22,Jun,Sun,Weekend,3,B02617,116
2014-06-22,Jun,Sun,Weekend,3,B02682,76
2014-06-22,Jun,Sun,Weekend,3,B02764,4
2014-06-22,Jun,Sun,Weekend,4,B02512,8
2014-06-22,Jun,Sun,Weekend,4,B02598,64
2014-06-22,Jun,Sun,Weekend,4,B02617,55
2014-06-22,Jun,Sun,Weekend,4,B02682,55
2014-06-22,Jun,Sun,Weekend,4,B02764,2
2014-06-22,Jun,Sun,Weekend,5,B02512,7
2014-06-22,Jun,Sun,Weekend,5,B02598,78
2014-06-22,Jun,Sun,Weekend,5,B02617,46
2014-06-22,Jun,Sun,Weekend,5,B02682,74
2014-06-22,Jun,Sun,Weekend,5,B02764,2
2014-06-22,Jun,Sun,Weekend,6,B02512,10
2014-06-22,Jun,Sun,Weekend,6,B02598,71
2014-06-22,Jun,Sun,Weekend,6,B02617,52
2014-06-22,Jun,Sun,Weekend,6,B02682,72
2014-06-22,Jun,Sun,Weekend,6,B02764,5
2014-06-22,Jun,Sun,Weekend,7,B02512,12
2014-06-22,Jun,Sun,Weekend,7,B02598,84
2014-06-22,Jun,Sun,Weekend,7,B02617,67
2014-06-22,Jun,Sun,Weekend,7,B02682,72
2014-06-22,Jun,Sun,Weekend,7,B02764,4
2014-06-22,Jun,Sun,Weekend,8,B02512,19
2014-06-22,Jun,Sun,Weekend,8,B02598,133
2014-06-22,Jun,Sun,Weekend,8,B02617,116
2014-06-22,Jun,Sun,Weekend,8,B02682,116
2014-06-22,Jun,Sun,Weekend,8,B02764,7
2014-06-22,Jun,Sun,Weekend,9,B02512,19
2014-06-22,Jun,Sun,Weekend,9,B02598,165
2014-06-22,Jun,Sun,Weekend,9,B02617,190
2014-06-22,Jun,Sun,Weekend,9,B02682,148
2014-06-22,Jun,Sun,Weekend,9,B02764,7
2014-06-22,Jun,Sun,Weekend,10,B02512,26
2014-06-22,Jun,Sun,Weekend,10,B02598,212
2014-06-22,Jun,Sun,Weekend,10,B02617,195
2014-06-22,Jun,Sun,Weekend,10,B02682,190
2014-06-22,Jun,Sun,Weekend,10,B02764,12
2014-06-22,Jun,Sun,Weekend,11,B02512,29
2014-06-22,Jun,Sun,Weekend,11,B02598,261
2014-06-22,Jun,Sun,Weekend,11,B02617,227
2014-06-22,Jun,Sun,Weekend,11,B02682,220
2014-06-22,Jun,Sun,Weekend,11,B02764,6
2014-06-22,Jun,Sun,Weekend,12,B02512,37
2014-06-22,Jun,Sun,Weekend,12,B02598,303
2014-06-22,Jun,Sun,Weekend,12,B02617,268
2014-06-22,Jun,Sun,Weekend,12,B02682,228
2014-06-22,Jun,Sun,Weekend,12,B02764,8
2014-06-22,Jun,Sun,Weekend,13,B02512,36
2014-06-22,Jun,Sun,Weekend,13,B02598,301
2014-06-22,Jun,Sun,Weekend,13,B02617,257
2014-06-22,Jun,Sun,Weekend,13,B02682,247
2014-06-22,Jun,Sun,Weekend,13,B02764,21
2014-06-22,Jun,Sun,Weekend,14,B02512,46
2014-06-22,Jun,Sun,Weekend,14,B02598,327
2014-06-22,Jun,Sun,Weekend,14,B02617,280
2014-06-22,Jun,Sun,Weekend,14,B02682,253
2014-06-22,Jun,Sun,Weekend,14,B02764,15
2014-06-22,Jun,Sun,Weekend,15,B02512,62
2014-06-22,Jun,Sun,Weekend,15,B02598,385
2014-06-22,Jun,Sun,Weekend,15,B02617,352
2014-06-22,Jun,Sun,Weekend,15,B02682,337
2014-06-22,Jun,Sun,Weekend,15,B02764,10
2014-06-22,Jun,Sun,Weekend,16,B02512,80
2014-06-22,Jun,Sun,Weekend,16,B02598,444
2014-06-22,Jun,Sun,Weekend,16,B02617,402
2014-06-22,Jun,Sun,Weekend,16,B02682,367
2014-06-22,Jun,Sun,Weekend,16,B02764,11
2014-06-22,Jun,Sun,Weekend,17,B02512,60
2014-06-22,Jun,Sun,Weekend,17,B02598,349
2014-06-22,Jun,Sun,Weekend,17,B02617,319
2014-06-22,Jun,Sun,Weekend,17,B02682,271
2014-06-22,Jun,Sun,Weekend,17,B02764,9
2014-06-22,Jun,Sun,Weekend,18,B02512,43
2014-06-22,Jun,Sun,Weekend,18,B02598,233
2014-06-22,Jun,Sun,Weekend,18,B02617,215
2014-06-22,Jun,Sun,Weekend,18,B02682,216
2014-06-22,Jun,Sun,Weekend,18,B02764,5
2014-06-22,Jun,Sun,Weekend,19,B02512,48
2014-06-22,Jun,Sun,Weekend,19,B02598,367
2014-06-22,Jun,Sun,Weekend,19,B02617,303
2014-06-22,Jun,Sun,Weekend,19,B02682,295
2014-06-22,Jun,Sun,Weekend,19,B02764,8
2014-06-22,Jun,Sun,Weekend,20,B02512,40
2014-06-22,Jun,Sun,Weekend,20,B02598,301
2014-06-22,Jun,Sun,Weekend,20,B02617,266
2014-06-22,Jun,Sun,Weekend,20,B02682,246
2014-06-22,Jun,Sun,Weekend,20,B02764,14
2014-06-22,Jun,Sun,Weekend,21,B02512,45
2014-06-22,Jun,Sun,Weekend,21,B02598,311
2014-06-22,Jun,Sun,Weekend,21,B02617,290
2014-06-22,Jun,Sun,Weekend,21,B02682,262
2014-06-22,Jun,Sun,Weekend,21,B02764,9
2014-06-22,Jun,Sun,Weekend,22,B02512,31
2014-06-22,Jun,Sun,Weekend,22,B02598,266
2014-06-22,Jun,Sun,Weekend,22,B02617,220
2014-06-22,Jun,Sun,Weekend,22,B02682,231
2014-06-22,Jun,Sun,Weekend,22,B02764,7
2014-06-22,Jun,Sun,Weekend,23,B02512,15
2014-06-22,Jun,Sun,Weekend,23,B02598,133
2014-06-22,Jun,Sun,Weekend,23,B02617,108
2014-06-22,Jun,Sun,Weekend,23,B02682,103
2014-06-22,Jun,Sun,Weekend,23,B02764,9
2014-06-23,Jun,Mon,Weekday,0,B02512,7
2014-06-23,Jun,Mon,Weekday,0,B02598,59
2014-06-23,Jun,Mon,Weekday,0,B02617,51
2014-06-23,Jun,Mon,Weekday,0,B02682,38
2014-06-23,Jun,Mon,Weekday,0,B02764,2
2014-06-23,Jun,Mon,Weekday,1,B02512,3
2014-06-23,Jun,Mon,Weekday,1,B02598,37
2014-06-23,Jun,Mon,Weekday,1,B02617,27
2014-06-23,Jun,Mon,Weekday,1,B02682,34
2014-06-23,Jun,Mon,Weekday,2,B02512,1
2014-06-23,Jun,Mon,Weekday,2,B02598,29
2014-06-23,Jun,Mon,Weekday,2,B02617,26
2014-06-23,Jun,Mon,Weekday,2,B02682,24
2014-06-23,Jun,Mon,Weekday,3,B02512,10
2014-06-23,Jun,Mon,Weekday,3,B02598,85
2014-06-23,Jun,Mon,Weekday,3,B02617,66
2014-06-23,Jun,Mon,Weekday,3,B02682,62
2014-06-23,Jun,Mon,Weekday,3,B02764,2
2014-06-23,Jun,Mon,Weekday,4,B02512,12
2014-06-23,Jun,Mon,Weekday,4,B02598,133
2014-06-23,Jun,Mon,Weekday,4,B02617,112
2014-06-23,Jun,Mon,Weekday,4,B02682,99
2014-06-23,Jun,Mon,Weekday,4,B02764,7
2014-06-23,Jun,Mon,Weekday,5,B02512,20
2014-06-23,Jun,Mon,Weekday,5,B02598,178
2014-06-23,Jun,Mon,Weekday,5,B02617,163
2014-06-23,Jun,Mon,Weekday,5,B02682,190
2014-06-23,Jun,Mon,Weekday,5,B02764,4
2014-06-23,Jun,Mon,Weekday,6,B02512,36
2014-06-23,Jun,Mon,Weekday,6,B02598,295
2014-06-23,Jun,Mon,Weekday,6,B02617,225
2014-06-23,Jun,Mon,Weekday,6,B02682,250
2014-06-23,Jun,Mon,Weekday,6,B02764,16
2014-06-23,Jun,Mon,Weekday,7,B02512,59
2014-06-23,Jun,Mon,Weekday,7,B02598,381
2014-06-23,Jun,Mon,Weekday,7,B02617,323
2014-06-23,Jun,Mon,Weekday,7,B02682,346
2014-06-23,Jun,Mon,Weekday,7,B02764,13
2014-06-23,Jun,Mon,Weekday,8,B02512,50
2014-06-23,Jun,Mon,Weekday,8,B02598,328
2014-06-23,Jun,Mon,Weekday,8,B02617,298
2014-06-23,Jun,Mon,Weekday,8,B02682,297
2014-06-23,Jun,Mon,Weekday,8,B02764,20
2014-06-23,Jun,Mon,Weekday,9,B02512,23
2014-06-23,Jun,Mon,Weekday,9,B02598,253
2014-06-23,Jun,Mon,Weekday,9,B02617,196
2014-06-23,Jun,Mon,Weekday,9,B02682,213
2014-06-23,Jun,Mon,Weekday,9,B02764,14
2014-06-23,Jun,Mon,Weekday,10,B02512,34
2014-06-23,Jun,Mon,Weekday,10,B02598,214
2014-06-23,Jun,Mon,Weekday,10,B02617,190
2014-06-23,Jun,Mon,Weekday,10,B02682,186
2014-06-23,Jun,Mon,Weekday,10,B02764,8
2014-06-23,Jun,Mon,Weekday,11,B02512,38
2014-06-23,Jun,Mon,Weekday,11,B02598,239
2014-06-23,Jun,Mon,Weekday,11,B02617,196
2014-06-23,Jun,Mon,Weekday,11,B02682,150
2014-06-23,Jun,Mon,Weekday,11,B02764,9
2014-06-23,Jun,Mon,Weekday,12,B02512,36
2014-06-23,Jun,Mon,Weekday,12,B02598,259
2014-06-23,Jun,Mon,Weekday,12,B02617,211
2014-06-23,Jun,Mon,Weekday,12,B02682,189
2014-06-23,Jun,Mon,Weekday,12,B02764,11
2014-06-23,Jun,Mon,Weekday,13,B02512,40
2014-06-23,Jun,Mon,Weekday,13,B02598,270
2014-06-23,Jun,Mon,Weekday,13,B02617,248
2014-06-23,Jun,Mon,Weekday,13,B02682,213
2014-06-23,Jun,Mon,Weekday,13,B02764,18
2014-06-23,Jun,Mon,Weekday,14,B02512,43
2014-06-23,Jun,Mon,Weekday,14,B02598,322
2014-06-23,Jun,Mon,Weekday,14,B02617,318
2014-06-23,Jun,Mon,Weekday,14,B02682,266
2014-06-23,Jun,Mon,Weekday,14,B02764,22
2014-06-23,Jun,Mon,Weekday,15,B02512,59
2014-06-23,Jun,Mon,Weekday,15,B02598,407
2014-06-23,Jun,Mon,Weekday,15,B02617,353
2014-06-23,Jun,Mon,Weekday,15,B02682,331
2014-06-23,Jun,Mon,Weekday,15,B02764,15
2014-06-23,Jun,Mon,Weekday,16,B02512,67
2014-06-23,Jun,Mon,Weekday,16,B02598,462
2014-06-23,Jun,Mon,Weekday,16,B02617,413
2014-06-23,Jun,Mon,Weekday,16,B02682,356
2014-06-23,Jun,Mon,Weekday,16,B02764,23
2014-06-23,Jun,Mon,Weekday,17,B02512,64
2014-06-23,Jun,Mon,Weekday,17,B02598,509
2014-06-23,Jun,Mon,Weekday,17,B02617,432
2014-06-23,Jun,Mon,Weekday,17,B02682,378
2014-06-23,Jun,Mon,Weekday,17,B02764,24
2014-06-23,Jun,Mon,Weekday,18,B02512,55
2014-06-23,Jun,Mon,Weekday,18,B02598,412
2014-06-23,Jun,Mon,Weekday,18,B02617,360
2014-06-23,Jun,Mon,Weekday,18,B02682,307
2014-06-23,Jun,Mon,Weekday,18,B02764,16
2014-06-23,Jun,Mon,Weekday,19,B02512,46
2014-06-23,Jun,Mon,Weekday,19,B02598,309
2014-06-23,Jun,Mon,Weekday,19,B02617,306
2014-06-23,Jun,Mon,Weekday,19,B02682,254
2014-06-23,Jun,Mon,Weekday,19,B02764,13
2014-06-23,Jun,Mon,Weekday,20,B02512,42
2014-06-23,Jun,Mon,Weekday,20,B02598,333
2014-06-23,Jun,Mon,Weekday,20,B02617,331
2014-06-23,Jun,Mon,Weekday,20,B02682,268
2014-06-23,Jun,Mon,Weekday,20,B02764,14
2014-06-23,Jun,Mon,Weekday,21,B02512,36
2014-06-23,Jun,Mon,Weekday,21,B02598,330
2014-06-23,Jun,Mon,Weekday,21,B02617,269
2014-06-23,Jun,Mon,Weekday,21,B02682,253
2014-06-23,Jun,Mon,Weekday,21,B02764,13
2014-06-23,Jun,Mon,Weekday,22,B02512,20
2014-06-23,Jun,Mon,Weekday,22,B02598,235
2014-06-23,Jun,Mon,Weekday,22,B02617,198
2014-06-23,Jun,Mon,Weekday,22,B02682,201
2014-06-23,Jun,Mon,Weekday,22,B02764,8
2014-06-23,Jun,Mon,Weekday,23,B02512,8
2014-06-23,Jun,Mon,Weekday,23,B02598,127
2014-06-23,Jun,Mon,Weekday,23,B02617,117
2014-06-23,Jun,Mon,Weekday,23,B02682,108
2014-06-23,Jun,Mon,Weekday,23,B02764,6
2014-06-24,Jun,Tue,Weekday,0,B02512,2
2014-06-24,Jun,Tue,Weekday,0,B02598,70
2014-06-24,Jun,Tue,Weekday,0,B02617,50
2014-06-24,Jun,Tue,Weekday,0,B02682,44
2014-06-24,Jun,Tue,Weekday,0,B02764,3
2014-06-24,Jun,Tue,Weekday,1,B02512,2
2014-06-24,Jun,Tue,Weekday,1,B02598,40
2014-06-24,Jun,Tue,Weekday,1,B02617,32
2014-06-24,Jun,Tue,Weekday,1,B02682,33
2014-06-24,Jun,Tue,Weekday,1,B02764,3
2014-06-24,Jun,Tue,Weekday,2,B02512,1
2014-06-24,Jun,Tue,Weekday,2,B02598,32
2014-06-24,Jun,Tue,Weekday,2,B02617,14
2014-06-24,Jun,Tue,Weekday,2,B02682,21
2014-06-24,Jun,Tue,Weekday,2,B02764,3
2014-06-24,Jun,Tue,Weekday,3,B02512,6
2014-06-24,Jun,Tue,Weekday,3,B02598,50
2014-06-24,Jun,Tue,Weekday,3,B02617,39
2014-06-24,Jun,Tue,Weekday,3,B02682,50
2014-06-24,Jun,Tue,Weekday,3,B02764,2
2014-06-24,Jun,Tue,Weekday,4,B02512,10
2014-06-24,Jun,Tue,Weekday,4,B02598,80
2014-06-24,Jun,Tue,Weekday,4,B02617,76
2014-06-24,Jun,Tue,Weekday,4,B02682,67
2014-06-24,Jun,Tue,Weekday,4,B02764,1
2014-06-24,Jun,Tue,Weekday,5,B02512,13
2014-06-24,Jun,Tue,Weekday,5,B02598,154
2014-06-24,Jun,Tue,Weekday,5,B02617,134
2014-06-24,Jun,Tue,Weekday,5,B02682,140
2014-06-24,Jun,Tue,Weekday,5,B02764,4
2014-06-24,Jun,Tue,Weekday,6,B02512,30
2014-06-24,Jun,Tue,Weekday,6,B02598,267
2014-06-24,Jun,Tue,Weekday,6,B02617,229
2014-06-24,Jun,Tue,Weekday,6,B02682,222
2014-06-24,Jun,Tue,Weekday,6,B02764,8
2014-06-24,Jun,Tue,Weekday,7,B02512,49
2014-06-24,Jun,Tue,Weekday,7,B02598,412
2014-06-24,Jun,Tue,Weekday,7,B02617,361
2014-06-24,Jun,Tue,Weekday,7,B02682,342
2014-06-24,Jun,Tue,Weekday,7,B02764,11
2014-06-24,Jun,Tue,Weekday,8,B02512,38
2014-06-24,Jun,Tue,Weekday,8,B02598,364
2014-06-24,Jun,Tue,Weekday,8,B02617,332
2014-06-24,Jun,Tue,Weekday,8,B02682,302
2014-06-24,Jun,Tue,Weekday,8,B02764,8
2014-06-24,Jun,Tue,Weekday,9,B02512,36
2014-06-24,Jun,Tue,Weekday,9,B02598,278
2014-06-24,Jun,Tue,Weekday,9,B02617,244
2014-06-24,Jun,Tue,Weekday,9,B02682,230
2014-06-24,Jun,Tue,Weekday,9,B02764,8
2014-06-24,Jun,Tue,Weekday,10,B02512,26
2014-06-24,Jun,Tue,Weekday,10,B02598,250
2014-06-24,Jun,Tue,Weekday,10,B02617,233
2014-06-24,Jun,Tue,Weekday,10,B02682,185
2014-06-24,Jun,Tue,Weekday,10,B02764,12
2014-06-24,Jun,Tue,Weekday,11,B02512,28
2014-06-24,Jun,Tue,Weekday,11,B02598,236
2014-06-24,Jun,Tue,Weekday,11,B02617,246
2014-06-24,Jun,Tue,Weekday,11,B02682,209
2014-06-24,Jun,Tue,Weekday,11,B02764,15
2014-06-24,Jun,Tue,Weekday,12,B02512,32
2014-06-24,Jun,Tue,Weekday,12,B02598,262
2014-06-24,Jun,Tue,Weekday,12,B02617,244
2014-06-24,Jun,Tue,Weekday,12,B02682,220
2014-06-24,Jun,Tue,Weekday,12,B02764,7
2014-06-24,Jun,Tue,Weekday,13,B02512,42
2014-06-24,Jun,Tue,Weekday,13,B02598,307
2014-06-24,Jun,Tue,Weekday,13,B02617,254
2014-06-24,Jun,Tue,Weekday,13,B02682,237
2014-06-24,Jun,Tue,Weekday,13,B02764,20
2014-06-24,Jun,Tue,Weekday,14,B02512,49
2014-06-24,Jun,Tue,Weekday,14,B02598,394
2014-06-24,Jun,Tue,Weekday,14,B02617,336
2014-06-24,Jun,Tue,Weekday,14,B02682,289
2014-06-24,Jun,Tue,Weekday,14,B02764,22
2014-06-24,Jun,Tue,Weekday,15,B02512,55
2014-06-24,Jun,Tue,Weekday,15,B02598,503
2014-06-24,Jun,Tue,Weekday,15,B02617,416
2014-06-24,Jun,Tue,Weekday,15,B02682,355
2014-06-24,Jun,Tue,Weekday,15,B02764,17
2014-06-24,Jun,Tue,Weekday,16,B02512,60
2014-06-24,Jun,Tue,Weekday,16,B02598,556
2014-06-24,Jun,Tue,Weekday,16,B02617,486
2014-06-24,Jun,Tue,Weekday,16,B02682,475
2014-06-24,Jun,Tue,Weekday,16,B02764,23
2014-06-24,Jun,Tue,Weekday,17,B02512,76
2014-06-24,Jun,Tue,Weekday,17,B02598,613
2014-06-24,Jun,Tue,Weekday,17,B02617,611
2014-06-24,Jun,Tue,Weekday,17,B02682,498
2014-06-24,Jun,Tue,Weekday,17,B02764,23
2014-06-24,Jun,Tue,Weekday,18,B02512,64
2014-06-24,Jun,Tue,Weekday,18,B02598,466
2014-06-24,Jun,Tue,Weekday,18,B02617,456
2014-06-24,Jun,Tue,Weekday,18,B02682,389
2014-06-24,Jun,Tue,Weekday,18,B02764,17
2014-06-24,Jun,Tue,Weekday,19,B02512,60
2014-06-24,Jun,Tue,Weekday,19,B02598,436
2014-06-24,Jun,Tue,Weekday,19,B02617,391
2014-06-24,Jun,Tue,Weekday,19,B02682,340
2014-06-24,Jun,Tue,Weekday,19,B02764,13
2014-06-24,Jun,Tue,Weekday,20,B02512,59
2014-06-24,Jun,Tue,Weekday,20,B02598,498
2014-06-24,Jun,Tue,Weekday,20,B02617,456
2014-06-24,Jun,Tue,Weekday,20,B02682,413
2014-06-24,Jun,Tue,Weekday,20,B02764,24
2014-06-24,Jun,Tue,Weekday,21,B02512,53
2014-06-24,Jun,Tue,Weekday,21,B02598,486
2014-06-24,Jun,Tue,Weekday,21,B02617,417
2014-06-24,Jun,Tue,Weekday,21,B02682,365
2014-06-24,Jun,Tue,Weekday,21,B02764,23
2014-06-24,Jun,Tue,Weekday,22,B02512,46
2014-06-24,Jun,Tue,Weekday,22,B02598,362
2014-06-24,Jun,Tue,Weekday,22,B02617,306
2014-06-24,Jun,Tue,Weekday,22,B02682,249
2014-06-24,Jun,Tue,Weekday,22,B02764,14
2014-06-24,Jun,Tue,Weekday,23,B02512,19
2014-06-24,Jun,Tue,Weekday,23,B02598,202
2014-06-24,Jun,Tue,Weekday,23,B02617,144
2014-06-24,Jun,Tue,Weekday,23,B02682,137
2014-06-24,Jun,Tue,Weekday,23,B02764,5
2014-06-25,Jun,Wed,Weekday,0,B02512,7
2014-06-25,Jun,Wed,Weekday,0,B02598,106
2014-06-25,Jun,Wed,Weekday,0,B02617,84
2014-06-25,Jun,Wed,Weekday,0,B02682,75
2014-06-25,Jun,Wed,Weekday,0,B02764,4
2014-06-25,Jun,Wed,Weekday,1,B02512,4
2014-06-25,Jun,Wed,Weekday,1,B02598,49
2014-06-25,Jun,Wed,Weekday,1,B02617,38
2014-06-25,Jun,Wed,Weekday,1,B02682,40
2014-06-25,Jun,Wed,Weekday,1,B02764,1
2014-06-25,Jun,Wed,Weekday,2,B02512,4
2014-06-25,Jun,Wed,Weekday,2,B02598,36
2014-06-25,Jun,Wed,Weekday,2,B02617,23
2014-06-25,Jun,Wed,Weekday,2,B02682,37
2014-06-25,Jun,Wed,Weekday,2,B02764,3
2014-06-25,Jun,Wed,Weekday,3,B02512,6
2014-06-25,Jun,Wed,Weekday,3,B02598,68
2014-06-25,Jun,Wed,Weekday,3,B02617,46
2014-06-25,Jun,Wed,Weekday,3,B02682,57
2014-06-25,Jun,Wed,Weekday,3,B02764,2
2014-06-25,Jun,Wed,Weekday,4,B02512,10
2014-06-25,Jun,Wed,Weekday,4,B02598,98
2014-06-25,Jun,Wed,Weekday,4,B02617,81
2014-06-25,Jun,Wed,Weekday,4,B02682,72
2014-06-25,Jun,Wed,Weekday,4,B02764,1
2014-06-25,Jun,Wed,Weekday,5,B02512,17
2014-06-25,Jun,Wed,Weekday,5,B02598,143
2014-06-25,Jun,Wed,Weekday,5,B02617,132
2014-06-25,Jun,Wed,Weekday,5,B02682,132
2014-06-25,Jun,Wed,Weekday,5,B02764,3
2014-06-25,Jun,Wed,Weekday,6,B02512,30
2014-06-25,Jun,Wed,Weekday,6,B02598,322
2014-06-25,Jun,Wed,Weekday,6,B02617,276
2014-06-25,Jun,Wed,Weekday,6,B02682,254
2014-06-25,Jun,Wed,Weekday,6,B02764,7
2014-06-25,Jun,Wed,Weekday,7,B02512,80
2014-06-25,Jun,Wed,Weekday,7,B02598,498
2014-06-25,Jun,Wed,Weekday,7,B02617,437
2014-06-25,Jun,Wed,Weekday,7,B02682,427
2014-06-25,Jun,Wed,Weekday,7,B02764,7
2014-06-25,Jun,Wed,Weekday,8,B02512,58
2014-06-25,Jun,Wed,Weekday,8,B02598,419
2014-06-25,Jun,Wed,Weekday,8,B02617,353
2014-06-25,Jun,Wed,Weekday,8,B02682,349
2014-06-25,Jun,Wed,Weekday,8,B02764,9
2014-06-25,Jun,Wed,Weekday,9,B02512,37
2014-06-25,Jun,Wed,Weekday,9,B02598,306
2014-06-25,Jun,Wed,Weekday,9,B02617,251
2014-06-25,Jun,Wed,Weekday,9,B02682,273
2014-06-25,Jun,Wed,Weekday,9,B02764,10
2014-06-25,Jun,Wed,Weekday,10,B02512,39
2014-06-25,Jun,Wed,Weekday,10,B02598,329
2014-06-25,Jun,Wed,Weekday,10,B02617,265
2014-06-25,Jun,Wed,Weekday,10,B02682,229
2014-06-25,Jun,Wed,Weekday,10,B02764,17
2014-06-25,Jun,Wed,Weekday,11,B02512,47
2014-06-25,Jun,Wed,Weekday,11,B02598,315
2014-06-25,Jun,Wed,Weekday,11,B02617,243
2014-06-25,Jun,Wed,Weekday,11,B02682,257
2014-06-25,Jun,Wed,Weekday,11,B02764,10
2014-06-25,Jun,Wed,Weekday,12,B02512,36
2014-06-25,Jun,Wed,Weekday,12,B02598,373
2014-06-25,Jun,Wed,Weekday,12,B02617,294
2014-06-25,Jun,Wed,Weekday,12,B02682,252
2014-06-25,Jun,Wed,Weekday,12,B02764,18
2014-06-25,Jun,Wed,Weekday,13,B02512,42
2014-06-25,Jun,Wed,Weekday,13,B02598,354
2014-06-25,Jun,Wed,Weekday,13,B02617,340
2014-06-25,Jun,Wed,Weekday,13,B02682,305
2014-06-25,Jun,Wed,Weekday,13,B02764,14
2014-06-25,Jun,Wed,Weekday,14,B02512,50
2014-06-25,Jun,Wed,Weekday,14,B02598,484
2014-06-25,Jun,Wed,Weekday,14,B02617,424
2014-06-25,Jun,Wed,Weekday,14,B02682,377
2014-06-25,Jun,Wed,Weekday,14,B02764,28
2014-06-25,Jun,Wed,Weekday,15,B02512,70
2014-06-25,Jun,Wed,Weekday,15,B02598,590
2014-06-25,Jun,Wed,Weekday,15,B02617,519
2014-06-25,Jun,Wed,Weekday,15,B02682,457
2014-06-25,Jun,Wed,Weekday,15,B02764,22
2014-06-25,Jun,Wed,Weekday,16,B02512,89
2014-06-25,Jun,Wed,Weekday,16,B02598,684
2014-06-25,Jun,Wed,Weekday,16,B02617,633
2014-06-25,Jun,Wed,Weekday,16,B02682,547
2014-06-25,Jun,Wed,Weekday,16,B02764,26
2014-06-25,Jun,Wed,Weekday,17,B02512,90
2014-06-25,Jun,Wed,Weekday,17,B02598,771
2014-06-25,Jun,Wed,Weekday,17,B02617,694
2014-06-25,Jun,Wed,Weekday,17,B02682,593
2014-06-25,Jun,Wed,Weekday,17,B02764,28
2014-06-25,Jun,Wed,Weekday,18,B02512,107
2014-06-25,Jun,Wed,Weekday,18,B02598,806
2014-06-25,Jun,Wed,Weekday,18,B02617,777
2014-06-25,Jun,Wed,Weekday,18,B02682,614
2014-06-25,Jun,Wed,Weekday,18,B02764,31
2014-06-25,Jun,Wed,Weekday,19,B02512,66
2014-06-25,Jun,Wed,Weekday,19,B02598,573
2014-06-25,Jun,Wed,Weekday,19,B02617,529
2014-06-25,Jun,Wed,Weekday,19,B02682,448
2014-06-25,Jun,Wed,Weekday,19,B02764,29
2014-06-25,Jun,Wed,Weekday,20,B02512,79
2014-06-25,Jun,Wed,Weekday,20,B02598,596
2014-06-25,Jun,Wed,Weekday,20,B02617,608
2014-06-25,Jun,Wed,Weekday,20,B02682,456
2014-06-25,Jun,Wed,Weekday,20,B02764,21
2014-06-25,Jun,Wed,Weekday,21,B02512,80
2014-06-25,Jun,Wed,Weekday,21,B02598,646
2014-06-25,Jun,Wed,Weekday,21,B02617,578
2014-06-25,Jun,Wed,Weekday,21,B02682,490
2014-06-25,Jun,Wed,Weekday,21,B02764,22
2014-06-25,Jun,Wed,Weekday,22,B02512,52
2014-06-25,Jun,Wed,Weekday,22,B02598,424
2014-06-25,Jun,Wed,Weekday,22,B02617,407
2014-06-25,Jun,Wed,Weekday,22,B02682,370
2014-06-25,Jun,Wed,Weekday,22,B02764,21
2014-06-25,Jun,Wed,Weekday,23,B02512,44
2014-06-25,Jun,Wed,Weekday,23,B02598,321
2014-06-25,Jun,Wed,Weekday,23,B02617,267
2014-06-25,Jun,Wed,Weekday,23,B02682,252
2014-06-25,Jun,Wed,Weekday,23,B02764,9
2014-06-26,Jun,Thu,Weekday,0,B02512,21
2014-06-26,Jun,Thu,Weekday,0,B02598,146
2014-06-26,Jun,Thu,Weekday,0,B02617,125
2014-06-26,Jun,Thu,Weekday,0,B02682,130
2014-06-26,Jun,Thu,Weekday,0,B02764,9
2014-06-26,Jun,Thu,Weekday,1,B02512,10
2014-06-26,Jun,Thu,Weekday,1,B02598,83
2014-06-26,Jun,Thu,Weekday,1,B02617,95
2014-06-26,Jun,Thu,Weekday,1,B02682,83
2014-06-26,Jun,Thu,Weekday,1,B02764,4
2014-06-26,Jun,Thu,Weekday,2,B02512,4
2014-06-26,Jun,Thu,Weekday,2,B02598,48
2014-06-26,Jun,Thu,Weekday,2,B02617,38
2014-06-26,Jun,Thu,Weekday,2,B02682,33
2014-06-26,Jun,Thu,Weekday,2,B02764,3
2014-06-26,Jun,Thu,Weekday,3,B02512,7
2014-06-26,Jun,Thu,Weekday,3,B02598,66
2014-06-26,Jun,Thu,Weekday,3,B02617,67
2014-06-26,Jun,Thu,Weekday,3,B02682,61
2014-06-26,Jun,Thu,Weekday,3,B02764,6
2014-06-26,Jun,Thu,Weekday,4,B02512,12
2014-06-26,Jun,Thu,Weekday,4,B02598,86
2014-06-26,Jun,Thu,Weekday,4,B02617,95
2014-06-26,Jun,Thu,Weekday,4,B02682,96
2014-06-26,Jun,Thu,Weekday,4,B02764,3
2014-06-26,Jun,Thu,Weekday,5,B02512,20
2014-06-26,Jun,Thu,Weekday,5,B02598,146
2014-06-26,Jun,Thu,Weekday,5,B02617,149
2014-06-26,Jun,Thu,Weekday,5,B02682,148
2014-06-26,Jun,Thu,Weekday,5,B02764,7
2014-06-26,Jun,Thu,Weekday,6,B02512,35
2014-06-26,Jun,Thu,Weekday,6,B02598,319
2014-06-26,Jun,Thu,Weekday,6,B02617,289
2014-06-26,Jun,Thu,Weekday,6,B02682,272
2014-06-26,Jun,Thu,Weekday,6,B02764,8
2014-06-26,Jun,Thu,Weekday,7,B02512,56
2014-06-26,Jun,Thu,Weekday,7,B02598,444
2014-06-26,Jun,Thu,Weekday,7,B02617,393
2014-06-26,Jun,Thu,Weekday,7,B02682,419
2014-06-26,Jun,Thu,Weekday,7,B02764,10
2014-06-26,Jun,Thu,Weekday,8,B02512,58
2014-06-26,Jun,Thu,Weekday,8,B02598,461
2014-06-26,Jun,Thu,Weekday,8,B02617,352
2014-06-26,Jun,Thu,Weekday,8,B02682,395
2014-06-26,Jun,Thu,Weekday,8,B02764,17
2014-06-26,Jun,Thu,Weekday,9,B02512,44
2014-06-26,Jun,Thu,Weekday,9,B02598,351
2014-06-26,Jun,Thu,Weekday,9,B02617,293
2014-06-26,Jun,Thu,Weekday,9,B02682,289
2014-06-26,Jun,Thu,Weekday,9,B02764,11
2014-06-26,Jun,Thu,Weekday,10,B02512,56
2014-06-26,Jun,Thu,Weekday,10,B02598,345
2014-06-26,Jun,Thu,Weekday,10,B02617,331
2014-06-26,Jun,Thu,Weekday,10,B02682,292
2014-06-26,Jun,Thu,Weekday,10,B02764,13
2014-06-26,Jun,Thu,Weekday,11,B02512,55
2014-06-26,Jun,Thu,Weekday,11,B02598,299
2014-06-26,Jun,Thu,Weekday,11,B02617,266
2014-06-26,Jun,Thu,Weekday,11,B02682,268
2014-06-26,Jun,Thu,Weekday,11,B02764,12
2014-06-26,Jun,Thu,Weekday,12,B02512,49
2014-06-26,Jun,Thu,Weekday,12,B02598,325
2014-06-26,Jun,Thu,Weekday,12,B02617,307
2014-06-26,Jun,Thu,Weekday,12,B02682,246
2014-06-26,Jun,Thu,Weekday,12,B02764,14
2014-06-26,Jun,Thu,Weekday,13,B02512,64
2014-06-26,Jun,Thu,Weekday,13,B02598,406
2014-06-26,Jun,Thu,Weekday,13,B02617,369
2014-06-26,Jun,Thu,Weekday,13,B02682,327
2014-06-26,Jun,Thu,Weekday,13,B02764,10
2014-06-26,Jun,Thu,Weekday,14,B02512,72
2014-06-26,Jun,Thu,Weekday,14,B02598,525
2014-06-26,Jun,Thu,Weekday,14,B02617,432
2014-06-26,Jun,Thu,Weekday,14,B02682,404
2014-06-26,Jun,Thu,Weekday,14,B02764,21
2014-06-26,Jun,Thu,Weekday,15,B02512,78
2014-06-26,Jun,Thu,Weekday,15,B02598,623
2014-06-26,Jun,Thu,Weekday,15,B02617,562
2014-06-26,Jun,Thu,Weekday,15,B02682,472
2014-06-26,Jun,Thu,Weekday,15,B02764,23
2014-06-26,Jun,Thu,Weekday,16,B02512,98
2014-06-26,Jun,Thu,Weekday,16,B02598,634
2014-06-26,Jun,Thu,Weekday,16,B02617,615
2014-06-26,Jun,Thu,Weekday,16,B02682,524
2014-06-26,Jun,Thu,Weekday,16,B02764,18
2014-06-26,Jun,Thu,Weekday,17,B02512,110
2014-06-26,Jun,Thu,Weekday,17,B02598,756
2014-06-26,Jun,Thu,Weekday,17,B02617,715
2014-06-26,Jun,Thu,Weekday,17,B02682,608
2014-06-26,Jun,Thu,Weekday,17,B02764,25
2014-06-26,Jun,Thu,Weekday,18,B02512,94
2014-06-26,Jun,Thu,Weekday,18,B02598,711
2014-06-26,Jun,Thu,Weekday,18,B02617,687
2014-06-26,Jun,Thu,Weekday,18,B02682,562
2014-06-26,Jun,Thu,Weekday,18,B02764,24
2014-06-26,Jun,Thu,Weekday,19,B02512,86
2014-06-26,Jun,Thu,Weekday,19,B02598,616
2014-06-26,Jun,Thu,Weekday,19,B02617,599
2014-06-26,Jun,Thu,Weekday,19,B02682,502
2014-06-26,Jun,Thu,Weekday,19,B02764,25
2014-06-26,Jun,Thu,Weekday,20,B02512,91
2014-06-26,Jun,Thu,Weekday,20,B02598,699
2014-06-26,Jun,Thu,Weekday,20,B02617,658
2014-06-26,Jun,Thu,Weekday,20,B02682,559
2014-06-26,Jun,Thu,Weekday,20,B02764,21
2014-06-26,Jun,Thu,Weekday,21,B02512,106
2014-06-26,Jun,Thu,Weekday,21,B02598,728
2014-06-26,Jun,Thu,Weekday,21,B02617,659
2014-06-26,Jun,Thu,Weekday,21,B02682,563
2014-06-26,Jun,Thu,Weekday,21,B02764,30
2014-06-26,Jun,Thu,Weekday,22,B02512,82
2014-06-26,Jun,Thu,Weekday,22,B02598,638
2014-06-26,Jun,Thu,Weekday,22,B02617,556
2014-06-26,Jun,Thu,Weekday,22,B02682,463
2014-06-26,Jun,Thu,Weekday,22,B02764,19
2014-06-26,Jun,Thu,Weekday,23,B02512,43
2014-06-26,Jun,Thu,Weekday,23,B02598,363
2014-06-26,Jun,Thu,Weekday,23,B02617,347
2014-06-26,Jun,Thu,Weekday,23,B02682,286
2014-06-26,Jun,Thu,Weekday,23,B02764,13
2014-06-27,Jun,Fri,Weekday,0,B02512,19
2014-06-27,Jun,Fri,Weekday,0,B02598,183
2014-06-27,Jun,Fri,Weekday,0,B02617,150
2014-06-27,Jun,Fri,Weekday,0,B02682,117
2014-06-27,Jun,Fri,Weekday,0,B02764,6
2014-06-27,Jun,Fri,Weekday,1,B02512,10
2014-06-27,Jun,Fri,Weekday,1,B02598,93
2014-06-27,Jun,Fri,Weekday,1,B02617,91
2014-06-27,Jun,Fri,Weekday,1,B02682,85
2014-06-27,Jun,Fri,Weekday,1,B02764,1
2014-06-27,Jun,Fri,Weekday,2,B02512,7
2014-06-27,Jun,Fri,Weekday,2,B02598,68
2014-06-27,Jun,Fri,Weekday,2,B02617,46
2014-06-27,Jun,Fri,Weekday,2,B02682,48
2014-06-27,Jun,Fri,Weekday,2,B02764,1
2014-06-27,Jun,Fri,Weekday,3,B02512,11
2014-06-27,Jun,Fri,Weekday,3,B02598,98
2014-06-27,Jun,Fri,Weekday,3,B02617,83
2014-06-27,Jun,Fri,Weekday,3,B02682,68
2014-06-27,Jun,Fri,Weekday,3,B02764,3
2014-06-27,Jun,Fri,Weekday,4,B02512,12
2014-06-27,Jun,Fri,Weekday,4,B02598,111
2014-06-27,Jun,Fri,Weekday,4,B02617,87
2014-06-27,Jun,Fri,Weekday,4,B02682,90
2014-06-27,Jun,Fri,Weekday,4,B02764,6
2014-06-27,Jun,Fri,Weekday,5,B02512,15
2014-06-27,Jun,Fri,Weekday,5,B02598,168
2014-06-27,Jun,Fri,Weekday,5,B02617,132
2014-06-27,Jun,Fri,Weekday,5,B02682,138
2014-06-27,Jun,Fri,Weekday,5,B02764,7
2014-06-27,Jun,Fri,Weekday,6,B02512,25
2014-06-27,Jun,Fri,Weekday,6,B02598,250
2014-06-27,Jun,Fri,Weekday,6,B02617,251
2014-06-27,Jun,Fri,Weekday,6,B02682,242
2014-06-27,Jun,Fri,Weekday,6,B02764,5
2014-06-27,Jun,Fri,Weekday,7,B02512,35
2014-06-27,Jun,Fri,Weekday,7,B02598,454
2014-06-27,Jun,Fri,Weekday,7,B02617,383
2014-06-27,Jun,Fri,Weekday,7,B02682,363
2014-06-27,Jun,Fri,Weekday,7,B02764,7
2014-06-27,Jun,Fri,Weekday,8,B02512,48
2014-06-27,Jun,Fri,Weekday,8,B02598,405
2014-06-27,Jun,Fri,Weekday,8,B02617,320
2014-06-27,Jun,Fri,Weekday,8,B02682,338
2014-06-27,Jun,Fri,Weekday,8,B02764,8
2014-06-27,Jun,Fri,Weekday,9,B02512,39
2014-06-27,Jun,Fri,Weekday,9,B02598,305
2014-06-27,Jun,Fri,Weekday,9,B02617,265
2014-06-27,Jun,Fri,Weekday,9,B02682,251
2014-06-27,Jun,Fri,Weekday,9,B02764,13
2014-06-27,Jun,Fri,Weekday,10,B02512,40
2014-06-27,Jun,Fri,Weekday,10,B02598,293
2014-06-27,Jun,Fri,Weekday,10,B02617,252
2014-06-27,Jun,Fri,Weekday,10,B02682,228
2014-06-27,Jun,Fri,Weekday,10,B02764,9
2014-06-27,Jun,Fri,Weekday,11,B02512,44
2014-06-27,Jun,Fri,Weekday,11,B02598,319
2014-06-27,Jun,Fri,Weekday,11,B02617,335
2014-06-27,Jun,Fri,Weekday,11,B02682,243
2014-06-27,Jun,Fri,Weekday,11,B02764,16
2014-06-27,Jun,Fri,Weekday,12,B02512,66
2014-06-27,Jun,Fri,Weekday,12,B02598,325
2014-06-27,Jun,Fri,Weekday,12,B02617,297
2014-06-27,Jun,Fri,Weekday,12,B02682,262
2014-06-27,Jun,Fri,Weekday,12,B02764,11
2014-06-27,Jun,Fri,Weekday,13,B02512,64
2014-06-27,Jun,Fri,Weekday,13,B02598,337
2014-06-27,Jun,Fri,Weekday,13,B02617,348
2014-06-27,Jun,Fri,Weekday,13,B02682,313
2014-06-27,Jun,Fri,Weekday,13,B02764,14
2014-06-27,Jun,Fri,Weekday,14,B02512,58
2014-06-27,Jun,Fri,Weekday,14,B02598,457
2014-06-27,Jun,Fri,Weekday,14,B02617,412
2014-06-27,Jun,Fri,Weekday,14,B02682,370
2014-06-27,Jun,Fri,Weekday,14,B02764,14
2014-06-27,Jun,Fri,Weekday,15,B02512,87
2014-06-27,Jun,Fri,Weekday,15,B02598,552
2014-06-27,Jun,Fri,Weekday,15,B02617,527
2014-06-27,Jun,Fri,Weekday,15,B02682,407
2014-06-27,Jun,Fri,Weekday,15,B02764,25
2014-06-27,Jun,Fri,Weekday,16,B02512,78
2014-06-27,Jun,Fri,Weekday,16,B02598,589
2014-06-27,Jun,Fri,Weekday,16,B02617,560
2014-06-27,Jun,Fri,Weekday,16,B02682,488
2014-06-27,Jun,Fri,Weekday,16,B02764,31
2014-06-27,Jun,Fri,Weekday,17,B02512,80
2014-06-27,Jun,Fri,Weekday,17,B02598,578
2014-06-27,Jun,Fri,Weekday,17,B02617,555
2014-06-27,Jun,Fri,Weekday,17,B02682,449
2014-06-27,Jun,Fri,Weekday,17,B02764,29
2014-06-27,Jun,Fri,Weekday,18,B02512,64
2014-06-27,Jun,Fri,Weekday,18,B02598,573
2014-06-27,Jun,Fri,Weekday,18,B02617,534
2014-06-27,Jun,Fri,Weekday,18,B02682,426
2014-06-27,Jun,Fri,Weekday,18,B02764,17
2014-06-27,Jun,Fri,Weekday,19,B02512,36
2014-06-27,Jun,Fri,Weekday,19,B02598,454
2014-06-27,Jun,Fri,Weekday,19,B02617,385
2014-06-27,Jun,Fri,Weekday,19,B02682,376
2014-06-27,Jun,Fri,Weekday,19,B02764,14
2014-06-27,Jun,Fri,Weekday,20,B02512,43
2014-06-27,Jun,Fri,Weekday,20,B02598,420
2014-06-27,Jun,Fri,Weekday,20,B02617,396
2014-06-27,Jun,Fri,Weekday,20,B02682,354
2014-06-27,Jun,Fri,Weekday,20,B02764,20
2014-06-27,Jun,Fri,Weekday,21,B02512,56
2014-06-27,Jun,Fri,Weekday,21,B02598,556
2014-06-27,Jun,Fri,Weekday,21,B02617,492
2014-06-27,Jun,Fri,Weekday,21,B02682,429
2014-06-27,Jun,Fri,Weekday,21,B02764,21
2014-06-27,Jun,Fri,Weekday,22,B02512,65
2014-06-27,Jun,Fri,Weekday,22,B02598,563
2014-06-27,Jun,Fri,Weekday,22,B02617,574
2014-06-27,Jun,Fri,Weekday,22,B02682,465
2014-06-27,Jun,Fri,Weekday,22,B02764,21
2014-06-27,Jun,Fri,Weekday,23,B02512,52
2014-06-27,Jun,Fri,Weekday,23,B02598,495
2014-06-27,Jun,Fri,Weekday,23,B02617,471
2014-06-27,Jun,Fri,Weekday,23,B02682,388
2014-06-27,Jun,Fri,Weekday,23,B02764,12
2014-06-28,Jun,Sat,Weekend,0,B02512,27
2014-06-28,Jun,Sat,Weekend,0,B02598,317
2014-06-28,Jun,Sat,Weekend,0,B02617,320
2014-06-28,Jun,Sat,Weekend,0,B02682,261
2014-06-28,Jun,Sat,Weekend,0,B02764,11
2014-06-28,Jun,Sat,Weekend,1,B02512,19
2014-06-28,Jun,Sat,Weekend,1,B02598,234
2014-06-28,Jun,Sat,Weekend,1,B02617,239
2014-06-28,Jun,Sat,Weekend,1,B02682,188
2014-06-28,Jun,Sat,Weekend,1,B02764,4
2014-06-28,Jun,Sat,Weekend,2,B02512,8
2014-06-28,Jun,Sat,Weekend,2,B02598,143
2014-06-28,Jun,Sat,Weekend,2,B02617,154
2014-06-28,Jun,Sat,Weekend,2,B02682,121
2014-06-28,Jun,Sat,Weekend,2,B02764,5
2014-06-28,Jun,Sat,Weekend,3,B02512,7
2014-06-28,Jun,Sat,Weekend,3,B02598,123
2014-06-28,Jun,Sat,Weekend,3,B02617,142
2014-06-28,Jun,Sat,Weekend,3,B02682,111
2014-06-28,Jun,Sat,Weekend,4,B02512,4
2014-06-28,Jun,Sat,Weekend,4,B02598,87
2014-06-28,Jun,Sat,Weekend,4,B02617,70
2014-06-28,Jun,Sat,Weekend,4,B02682,76
2014-06-28,Jun,Sat,Weekend,4,B02764,1
2014-06-28,Jun,Sat,Weekend,5,B02512,12
2014-06-28,Jun,Sat,Weekend,5,B02598,112
2014-06-28,Jun,Sat,Weekend,5,B02617,75
2014-06-28,Jun,Sat,Weekend,5,B02682,82
2014-06-28,Jun,Sat,Weekend,5,B02764,2
2014-06-28,Jun,Sat,Weekend,6,B02512,12
2014-06-28,Jun,Sat,Weekend,6,B02598,114
2014-06-28,Jun,Sat,Weekend,6,B02617,76
2014-06-28,Jun,Sat,Weekend,6,B02682,88
2014-06-28,Jun,Sat,Weekend,6,B02764,2
2014-06-28,Jun,Sat,Weekend,7,B02512,14
2014-06-28,Jun,Sat,Weekend,7,B02598,122
2014-06-28,Jun,Sat,Weekend,7,B02617,122
2014-06-28,Jun,Sat,Weekend,7,B02682,101
2014-06-28,Jun,Sat,Weekend,7,B02764,3
2014-06-28,Jun,Sat,Weekend,8,B02512,17
2014-06-28,Jun,Sat,Weekend,8,B02598,165
2014-06-28,Jun,Sat,Weekend,8,B02617,150
2014-06-28,Jun,Sat,Weekend,8,B02682,139
2014-06-28,Jun,Sat,Weekend,8,B02764,6
2014-06-28,Jun,Sat,Weekend,9,B02512,34
2014-06-28,Jun,Sat,Weekend,9,B02598,223
2014-06-28,Jun,Sat,Weekend,9,B02617,209
2014-06-28,Jun,Sat,Weekend,9,B02682,187
2014-06-28,Jun,Sat,Weekend,9,B02764,11
2014-06-28,Jun,Sat,Weekend,10,B02512,58
2014-06-28,Jun,Sat,Weekend,10,B02598,270
2014-06-28,Jun,Sat,Weekend,10,B02617,231
2014-06-28,Jun,Sat,Weekend,10,B02682,209
2014-06-28,Jun,Sat,Weekend,10,B02764,13
2014-06-28,Jun,Sat,Weekend,11,B02512,40
2014-06-28,Jun,Sat,Weekend,11,B02598,265
2014-06-28,Jun,Sat,Weekend,11,B02617,237
2014-06-28,Jun,Sat,Weekend,11,B02682,197
2014-06-28,Jun,Sat,Weekend,11,B02764,8
2014-06-28,Jun,Sat,Weekend,12,B02512,49
2014-06-28,Jun,Sat,Weekend,12,B02598,272
2014-06-28,Jun,Sat,Weekend,12,B02617,269
2014-06-28,Jun,Sat,Weekend,12,B02682,223
2014-06-28,Jun,Sat,Weekend,12,B02764,6
2014-06-28,Jun,Sat,Weekend,13,B02512,32
2014-06-28,Jun,Sat,Weekend,13,B02598,281
2014-06-28,Jun,Sat,Weekend,13,B02617,280
2014-06-28,Jun,Sat,Weekend,13,B02682,235
2014-06-28,Jun,Sat,Weekend,13,B02764,10
2014-06-28,Jun,Sat,Weekend,14,B02512,49
2014-06-28,Jun,Sat,Weekend,14,B02598,382
2014-06-28,Jun,Sat,Weekend,14,B02617,359
2014-06-28,Jun,Sat,Weekend,14,B02682,298
2014-06-28,Jun,Sat,Weekend,14,B02764,15
2014-06-28,Jun,Sat,Weekend,15,B02512,53
2014-06-28,Jun,Sat,Weekend,15,B02598,477
2014-06-28,Jun,Sat,Weekend,15,B02617,455
2014-06-28,Jun,Sat,Weekend,15,B02682,370
2014-06-28,Jun,Sat,Weekend,15,B02764,18
2014-06-28,Jun,Sat,Weekend,16,B02512,60
2014-06-28,Jun,Sat,Weekend,16,B02598,494
2014-06-28,Jun,Sat,Weekend,16,B02617,475
2014-06-28,Jun,Sat,Weekend,16,B02682,393
2014-06-28,Jun,Sat,Weekend,16,B02764,11
2014-06-28,Jun,Sat,Weekend,17,B02512,53
2014-06-28,Jun,Sat,Weekend,17,B02598,449
2014-06-28,Jun,Sat,Weekend,17,B02617,439
2014-06-28,Jun,Sat,Weekend,17,B02682,337
2014-06-28,Jun,Sat,Weekend,17,B02764,11
2014-06-28,Jun,Sat,Weekend,18,B02512,63
2014-06-28,Jun,Sat,Weekend,18,B02598,446
2014-06-28,Jun,Sat,Weekend,18,B02617,415
2014-06-28,Jun,Sat,Weekend,18,B02682,349
2014-06-28,Jun,Sat,Weekend,18,B02764,17
2014-06-28,Jun,Sat,Weekend,19,B02512,55
2014-06-28,Jun,Sat,Weekend,19,B02598,360
2014-06-28,Jun,Sat,Weekend,19,B02617,327
2014-06-28,Jun,Sat,Weekend,19,B02682,329
2014-06-28,Jun,Sat,Weekend,19,B02764,10
2014-06-28,Jun,Sat,Weekend,20,B02512,51
2014-06-28,Jun,Sat,Weekend,20,B02598,402
2014-06-28,Jun,Sat,Weekend,20,B02617,393
2014-06-28,Jun,Sat,Weekend,20,B02682,326
2014-06-28,Jun,Sat,Weekend,20,B02764,18
2014-06-28,Jun,Sat,Weekend,21,B02512,54
2014-06-28,Jun,Sat,Weekend,21,B02598,509
2014-06-28,Jun,Sat,Weekend,21,B02617,484
2014-06-28,Jun,Sat,Weekend,21,B02682,375
2014-06-28,Jun,Sat,Weekend,21,B02764,6
2014-06-28,Jun,Sat,Weekend,22,B02512,63
2014-06-28,Jun,Sat,Weekend,22,B02598,524
2014-06-28,Jun,Sat,Weekend,22,B02617,536
2014-06-28,Jun,Sat,Weekend,22,B02682,462
2014-06-28,Jun,Sat,Weekend,22,B02764,9
2014-06-28,Jun,Sat,Weekend,23,B02512,58
2014-06-28,Jun,Sat,Weekend,23,B02598,516
2014-06-28,Jun,Sat,Weekend,23,B02617,483
2014-06-28,Jun,Sat,Weekend,23,B02682,428
2014-06-28,Jun,Sat,Weekend,23,B02764,7
2014-06-29,Jun,Sun,Weekend,0,B02512,39
2014-06-29,Jun,Sun,Weekend,0,B02598,364
2014-06-29,Jun,Sun,Weekend,0,B02617,368
2014-06-29,Jun,Sun,Weekend,0,B02682,326
2014-06-29,Jun,Sun,Weekend,0,B02764,8
2014-06-29,Jun,Sun,Weekend,1,B02512,24
2014-06-29,Jun,Sun,Weekend,1,B02598,284
2014-06-29,Jun,Sun,Weekend,1,B02617,293
2014-06-29,Jun,Sun,Weekend,1,B02682,280
2014-06-29,Jun,Sun,Weekend,1,B02764,7
2014-06-29,Jun,Sun,Weekend,2,B02512,27
2014-06-29,Jun,Sun,Weekend,2,B02598,242
2014-06-29,Jun,Sun,Weekend,2,B02617,251
2014-06-29,Jun,Sun,Weekend,2,B02682,238
2014-06-29,Jun,Sun,Weekend,2,B02764,6
2014-06-29,Jun,Sun,Weekend,3,B02512,10
2014-06-29,Jun,Sun,Weekend,3,B02598,176
2014-06-29,Jun,Sun,Weekend,3,B02617,181
2014-06-29,Jun,Sun,Weekend,3,B02682,176
2014-06-29,Jun,Sun,Weekend,3,B02764,2
2014-06-29,Jun,Sun,Weekend,4,B02512,7
2014-06-29,Jun,Sun,Weekend,4,B02598,88
2014-06-29,Jun,Sun,Weekend,4,B02617,80
2014-06-29,Jun,Sun,Weekend,4,B02682,65
2014-06-29,Jun,Sun,Weekend,4,B02764,2
2014-06-29,Jun,Sun,Weekend,5,B02512,11
2014-06-29,Jun,Sun,Weekend,5,B02598,76
2014-06-29,Jun,Sun,Weekend,5,B02617,68
2014-06-29,Jun,Sun,Weekend,5,B02682,60
2014-06-29,Jun,Sun,Weekend,6,B02512,8
2014-06-29,Jun,Sun,Weekend,6,B02598,90
2014-06-29,Jun,Sun,Weekend,6,B02617,74
2014-06-29,Jun,Sun,Weekend,6,B02682,63
2014-06-29,Jun,Sun,Weekend,6,B02764,2
2014-06-29,Jun,Sun,Weekend,7,B02512,19
2014-06-29,Jun,Sun,Weekend,7,B02598,93
2014-06-29,Jun,Sun,Weekend,7,B02617,84
2014-06-29,Jun,Sun,Weekend,7,B02682,70
2014-06-29,Jun,Sun,Weekend,7,B02764,4
2014-06-29,Jun,Sun,Weekend,8,B02512,14
2014-06-29,Jun,Sun,Weekend,8,B02598,160
2014-06-29,Jun,Sun,Weekend,8,B02617,133
2014-06-29,Jun,Sun,Weekend,8,B02682,116
2014-06-29,Jun,Sun,Weekend,8,B02764,7
2014-06-29,Jun,Sun,Weekend,9,B02512,36
2014-06-29,Jun,Sun,Weekend,9,B02598,217
2014-06-29,Jun,Sun,Weekend,9,B02617,204
2014-06-29,Jun,Sun,Weekend,9,B02682,152
2014-06-29,Jun,Sun,Weekend,9,B02764,7
2014-06-29,Jun,Sun,Weekend,10,B02512,36
2014-06-29,Jun,Sun,Weekend,10,B02598,255
2014-06-29,Jun,Sun,Weekend,10,B02617,238
2014-06-29,Jun,Sun,Weekend,10,B02682,170
2014-06-29,Jun,Sun,Weekend,10,B02764,10
2014-06-29,Jun,Sun,Weekend,11,B02512,34
2014-06-29,Jun,Sun,Weekend,11,B02598,241
2014-06-29,Jun,Sun,Weekend,11,B02617,213
2014-06-29,Jun,Sun,Weekend,11,B02682,200
2014-06-29,Jun,Sun,Weekend,11,B02764,9
2014-06-29,Jun,Sun,Weekend,12,B02512,35
2014-06-29,Jun,Sun,Weekend,12,B02598,267
2014-06-29,Jun,Sun,Weekend,12,B02617,237
2014-06-29,Jun,Sun,Weekend,12,B02682,187
2014-06-29,Jun,Sun,Weekend,12,B02764,7
2014-06-29,Jun,Sun,Weekend,13,B02512,42
2014-06-29,Jun,Sun,Weekend,13,B02598,317
2014-06-29,Jun,Sun,Weekend,13,B02617,283
2014-06-29,Jun,Sun,Weekend,13,B02682,215
2014-06-29,Jun,Sun,Weekend,13,B02764,10
2014-06-29,Jun,Sun,Weekend,14,B02512,44
2014-06-29,Jun,Sun,Weekend,14,B02598,305
2014-06-29,Jun,Sun,Weekend,14,B02617,329
2014-06-29,Jun,Sun,Weekend,14,B02682,238
2014-06-29,Jun,Sun,Weekend,14,B02764,11
2014-06-29,Jun,Sun,Weekend,15,B02512,51
2014-06-29,Jun,Sun,Weekend,15,B02598,407
2014-06-29,Jun,Sun,Weekend,15,B02617,339
2014-06-29,Jun,Sun,Weekend,15,B02682,278
2014-06-29,Jun,Sun,Weekend,15,B02764,16
2014-06-29,Jun,Sun,Weekend,16,B02512,44
2014-06-29,Jun,Sun,Weekend,16,B02598,385
2014-06-29,Jun,Sun,Weekend,16,B02617,348
2014-06-29,Jun,Sun,Weekend,16,B02682,278
2014-06-29,Jun,Sun,Weekend,16,B02764,13
2014-06-29,Jun,Sun,Weekend,17,B02512,41
2014-06-29,Jun,Sun,Weekend,17,B02598,391
2014-06-29,Jun,Sun,Weekend,17,B02617,372
2014-06-29,Jun,Sun,Weekend,17,B02682,244
2014-06-29,Jun,Sun,Weekend,17,B02764,12
2014-06-29,Jun,Sun,Weekend,18,B02512,40
2014-06-29,Jun,Sun,Weekend,18,B02598,338
2014-06-29,Jun,Sun,Weekend,18,B02617,320
2014-06-29,Jun,Sun,Weekend,18,B02682,218
2014-06-29,Jun,Sun,Weekend,18,B02764,11
2014-06-29,Jun,Sun,Weekend,19,B02512,40
2014-06-29,Jun,Sun,Weekend,19,B02598,265
2014-06-29,Jun,Sun,Weekend,19,B02617,250
2014-06-29,Jun,Sun,Weekend,19,B02682,208
2014-06-29,Jun,Sun,Weekend,19,B02764,6
2014-06-29,Jun,Sun,Weekend,20,B02512,34
2014-06-29,Jun,Sun,Weekend,20,B02598,317
2014-06-29,Jun,Sun,Weekend,20,B02617,275
2014-06-29,Jun,Sun,Weekend,20,B02682,228
2014-06-29,Jun,Sun,Weekend,20,B02764,8
2014-06-29,Jun,Sun,Weekend,21,B02512,48
2014-06-29,Jun,Sun,Weekend,21,B02598,324
2014-06-29,Jun,Sun,Weekend,21,B02617,311
2014-06-29,Jun,Sun,Weekend,21,B02682,218
2014-06-29,Jun,Sun,Weekend,21,B02764,6
2014-06-29,Jun,Sun,Weekend,22,B02512,19
2014-06-29,Jun,Sun,Weekend,22,B02598,277
2014-06-29,Jun,Sun,Weekend,22,B02617,258
2014-06-29,Jun,Sun,Weekend,22,B02682,182
2014-06-29,Jun,Sun,Weekend,22,B02764,5
2014-06-29,Jun,Sun,Weekend,23,B02512,15
2014-06-29,Jun,Sun,Weekend,23,B02598,159
2014-06-29,Jun,Sun,Weekend,23,B02617,136
2014-06-29,Jun,Sun,Weekend,23,B02682,125
2014-06-29,Jun,Sun,Weekend,23,B02764,2
2014-06-30,Jun,Mon,Weekday,0,B02512,6
2014-06-30,Jun,Mon,Weekday,0,B02598,68
2014-06-30,Jun,Mon,Weekday,0,B02617,71
2014-06-30,Jun,Mon,Weekday,0,B02682,64
2014-06-30,Jun,Mon,Weekday,0,B02764,1
2014-06-30,Jun,Mon,Weekday,1,B02512,6
2014-06-30,Jun,Mon,Weekday,1,B02598,41
2014-06-30,Jun,Mon,Weekday,1,B02617,51
2014-06-30,Jun,Mon,Weekday,1,B02682,40
2014-06-30,Jun,Mon,Weekday,2,B02512,5
2014-06-30,Jun,Mon,Weekday,2,B02598,43
2014-06-30,Jun,Mon,Weekday,2,B02617,43
2014-06-30,Jun,Mon,Weekday,2,B02682,26
2014-06-30,Jun,Mon,Weekday,2,B02764,1
2014-06-30,Jun,Mon,Weekday,3,B02512,10
2014-06-30,Jun,Mon,Weekday,3,B02598,76
2014-06-30,Jun,Mon,Weekday,3,B02617,64
2014-06-30,Jun,Mon,Weekday,3,B02682,72
2014-06-30,Jun,Mon,Weekday,3,B02764,1
2014-06-30,Jun,Mon,Weekday,4,B02512,9
2014-06-30,Jun,Mon,Weekday,4,B02598,98
2014-06-30,Jun,Mon,Weekday,4,B02617,92
2014-06-30,Jun,Mon,Weekday,4,B02682,101
2014-06-30,Jun,Mon,Weekday,5,B02512,16
2014-06-30,Jun,Mon,Weekday,5,B02598,145
2014-06-30,Jun,Mon,Weekday,5,B02617,121
2014-06-30,Jun,Mon,Weekday,5,B02682,160
2014-06-30,Jun,Mon,Weekday,5,B02764,3
2014-06-30,Jun,Mon,Weekday,6,B02512,25
2014-06-30,Jun,Mon,Weekday,6,B02598,259
2014-06-30,Jun,Mon,Weekday,6,B02617,226
2014-06-30,Jun,Mon,Weekday,6,B02682,245
2014-06-30,Jun,Mon,Weekday,6,B02764,13
2014-06-30,Jun,Mon,Weekday,7,B02512,53
2014-06-30,Jun,Mon,Weekday,7,B02598,392
2014-06-30,Jun,Mon,Weekday,7,B02617,365
2014-06-30,Jun,Mon,Weekday,7,B02682,327
2014-06-30,Jun,Mon,Weekday,7,B02764,18
2014-06-30,Jun,Mon,Weekday,8,B02512,52
2014-06-30,Jun,Mon,Weekday,8,B02598,394
2014-06-30,Jun,Mon,Weekday,8,B02617,337
2014-06-30,Jun,Mon,Weekday,8,B02682,321
2014-06-30,Jun,Mon,Weekday,8,B02764,16
2014-06-30,Jun,Mon,Weekday,9,B02512,32
2014-06-30,Jun,Mon,Weekday,9,B02598,264
2014-06-30,Jun,Mon,Weekday,9,B02617,260
2014-06-30,Jun,Mon,Weekday,9,B02682,200
2014-06-30,Jun,Mon,Weekday,9,B02764,7
2014-06-30,Jun,Mon,Weekday,10,B02512,42
2014-06-30,Jun,Mon,Weekday,10,B02598,245
2014-06-30,Jun,Mon,Weekday,10,B02617,198
2014-06-30,Jun,Mon,Weekday,10,B02682,195
2014-06-30,Jun,Mon,Weekday,10,B02764,5
2014-06-30,Jun,Mon,Weekday,11,B02512,33
2014-06-30,Jun,Mon,Weekday,11,B02598,238
2014-06-30,Jun,Mon,Weekday,11,B02617,202
2014-06-30,Jun,Mon,Weekday,11,B02682,220
2014-06-30,Jun,Mon,Weekday,11,B02764,5
2014-06-30,Jun,Mon,Weekday,12,B02512,37
2014-06-30,Jun,Mon,Weekday,12,B02598,261
2014-06-30,Jun,Mon,Weekday,12,B02617,217
2014-06-30,Jun,Mon,Weekday,12,B02682,213
2014-06-30,Jun,Mon,Weekday,12,B02764,17
2014-06-30,Jun,Mon,Weekday,13,B02512,53
2014-06-30,Jun,Mon,Weekday,13,B02598,294
2014-06-30,Jun,Mon,Weekday,13,B02617,259
2014-06-30,Jun,Mon,Weekday,13,B02682,228
2014-06-30,Jun,Mon,Weekday,13,B02764,14
2014-06-30,Jun,Mon,Weekday,14,B02512,44
2014-06-30,Jun,Mon,Weekday,14,B02598,328
2014-06-30,Jun,Mon,Weekday,14,B02617,293
2014-06-30,Jun,Mon,Weekday,14,B02682,288
2014-06-30,Jun,Mon,Weekday,14,B02764,18
2014-06-30,Jun,Mon,Weekday,15,B02512,56
2014-06-30,Jun,Mon,Weekday,15,B02598,393
2014-06-30,Jun,Mon,Weekday,15,B02617,375
2014-06-30,Jun,Mon,Weekday,15,B02682,270
2014-06-30,Jun,Mon,Weekday,15,B02764,23
2014-06-30,Jun,Mon,Weekday,16,B02512,73
2014-06-30,Jun,Mon,Weekday,16,B02598,440
2014-06-30,Jun,Mon,Weekday,16,B02617,446
2014-06-30,Jun,Mon,Weekday,16,B02682,379
2014-06-30,Jun,Mon,Weekday,16,B02764,18
2014-06-30,Jun,Mon,Weekday,17,B02512,58
2014-06-30,Jun,Mon,Weekday,17,B02598,460
2014-06-30,Jun,Mon,Weekday,17,B02617,415
2014-06-30,Jun,Mon,Weekday,17,B02682,369
2014-06-30,Jun,Mon,Weekday,17,B02764,18
2014-06-30,Jun,Mon,Weekday,18,B02512,58
2014-06-30,Jun,Mon,Weekday,18,B02598,390
2014-06-30,Jun,Mon,Weekday,18,B02617,369
2014-06-30,Jun,Mon,Weekday,18,B02682,317
2014-06-30,Jun,Mon,Weekday,18,B02764,17
2014-06-30,Jun,Mon,Weekday,19,B02512,62
2014-06-30,Jun,Mon,Weekday,19,B02598,383
2014-06-30,Jun,Mon,Weekday,19,B02617,333
2014-06-30,Jun,Mon,Weekday,19,B02682,293
2014-06-30,Jun,Mon,Weekday,19,B02764,7
2014-06-30,Jun,Mon,Weekday,20,B02512,62
2014-06-30,Jun,Mon,Weekday,20,B02598,418
2014-06-30,Jun,Mon,Weekday,20,B02617,374
2014-06-30,Jun,Mon,Weekday,20,B02682,308
2014-06-30,Jun,Mon,Weekday,20,B02764,8
2014-06-30,Jun,Mon,Weekday,21,B02512,39
2014-06-30,Jun,Mon,Weekday,21,B02598,361
2014-06-30,Jun,Mon,Weekday,21,B02617,304
2014-06-30,Jun,Mon,Weekday,21,B02682,240
2014-06-30,Jun,Mon,Weekday,21,B02764,9
2014-06-30,Jun,Mon,Weekday,22,B02512,33
2014-06-30,Jun,Mon,Weekday,22,B02598,223
2014-06-30,Jun,Mon,Weekday,22,B02617,211
2014-06-30,Jun,Mon,Weekday,22,B02682,190
2014-06-30,Jun,Mon,Weekday,22,B02764,6
2014-06-30,Jun,Mon,Weekday,23,B02512,13
2014-06-30,Jun,Mon,Weekday,23,B02598,152
2014-06-30,Jun,Mon,Weekday,23,B02617,129
2014-06-30,Jun,Mon,Weekday,23,B02682,102
2014-06-30,Jun,Mon,Weekday,23,B02764,4
2014-07-01,Jul,Tue,Weekday,0,B02512,8
2014-07-01,Jul,Tue,Weekday,0,B02598,64
2014-07-01,Jul,Tue,Weekday,0,B02617,77
2014-07-01,Jul,Tue,Weekday,0,B02682,67
2014-07-01,Jul,Tue,Weekday,1,B02512,5
2014-07-01,Jul,Tue,Weekday,1,B02598,49
2014-07-01,Jul,Tue,Weekday,1,B02617,28
2014-07-01,Jul,Tue,Weekday,1,B02682,29
2014-07-01,Jul,Tue,Weekday,2,B02512,2
2014-07-01,Jul,Tue,Weekday,2,B02598,30
2014-07-01,Jul,Tue,Weekday,2,B02617,28
2014-07-01,Jul,Tue,Weekday,2,B02682,21
2014-07-01,Jul,Tue,Weekday,2,B02764,1
2014-07-01,Jul,Tue,Weekday,3,B02512,7
2014-07-01,Jul,Tue,Weekday,3,B02598,51
2014-07-01,Jul,Tue,Weekday,3,B02617,37
2014-07-01,Jul,Tue,Weekday,3,B02682,39
2014-07-01,Jul,Tue,Weekday,4,B02512,5
2014-07-01,Jul,Tue,Weekday,4,B02598,65
2014-07-01,Jul,Tue,Weekday,4,B02617,67
2014-07-01,Jul,Tue,Weekday,4,B02682,86
2014-07-01,Jul,Tue,Weekday,5,B02512,11
2014-07-01,Jul,Tue,Weekday,5,B02598,112
2014-07-01,Jul,Tue,Weekday,5,B02617,116
2014-07-01,Jul,Tue,Weekday,5,B02682,106
2014-07-01,Jul,Tue,Weekday,5,B02764,3
2014-07-01,Jul,Tue,Weekday,6,B02512,33
2014-07-01,Jul,Tue,Weekday,6,B02598,229
2014-07-01,Jul,Tue,Weekday,6,B02617,232
2014-07-01,Jul,Tue,Weekday,6,B02682,211
2014-07-01,Jul,Tue,Weekday,6,B02764,10
2014-07-01,Jul,Tue,Weekday,7,B02512,50
2014-07-01,Jul,Tue,Weekday,7,B02598,406
2014-07-01,Jul,Tue,Weekday,7,B02617,369
2014-07-01,Jul,Tue,Weekday,7,B02682,358
2014-07-01,Jul,Tue,Weekday,7,B02764,13
2014-07-01,Jul,Tue,Weekday,8,B02512,44
2014-07-01,Jul,Tue,Weekday,8,B02598,365
2014-07-01,Jul,Tue,Weekday,8,B02617,332
2014-07-01,Jul,Tue,Weekday,8,B02682,321
2014-07-01,Jul,Tue,Weekday,8,B02764,14
2014-07-01,Jul,Tue,Weekday,9,B02512,41
2014-07-01,Jul,Tue,Weekday,9,B02598,299
2014-07-01,Jul,Tue,Weekday,9,B02617,285
2014-07-01,Jul,Tue,Weekday,9,B02682,251
2014-07-01,Jul,Tue,Weekday,9,B02764,9
2014-07-01,Jul,Tue,Weekday,10,B02512,43
2014-07-01,Jul,Tue,Weekday,10,B02598,245
2014-07-01,Jul,Tue,Weekday,10,B02617,272
2014-07-01,Jul,Tue,Weekday,10,B02682,240
2014-07-01,Jul,Tue,Weekday,10,B02764,11
2014-07-01,Jul,Tue,Weekday,11,B02512,47
2014-07-01,Jul,Tue,Weekday,11,B02598,263
2014-07-01,Jul,Tue,Weekday,11,B02617,260
2014-07-01,Jul,Tue,Weekday,11,B02682,216
2014-07-01,Jul,Tue,Weekday,11,B02764,9
2014-07-01,Jul,Tue,Weekday,12,B02512,45
2014-07-01,Jul,Tue,Weekday,12,B02598,334
2014-07-01,Jul,Tue,Weekday,12,B02617,269
2014-07-01,Jul,Tue,Weekday,12,B02682,252
2014-07-01,Jul,Tue,Weekday,12,B02764,20
2014-07-01,Jul,Tue,Weekday,13,B02512,53
2014-07-01,Jul,Tue,Weekday,13,B02598,350
2014-07-01,Jul,Tue,Weekday,13,B02617,337
2014-07-01,Jul,Tue,Weekday,13,B02682,283
2014-07-01,Jul,Tue,Weekday,13,B02764,17
2014-07-01,Jul,Tue,Weekday,14,B02512,63
2014-07-01,Jul,Tue,Weekday,14,B02598,507
2014-07-01,Jul,Tue,Weekday,14,B02617,480
2014-07-01,Jul,Tue,Weekday,14,B02682,377
2014-07-01,Jul,Tue,Weekday,14,B02764,23
2014-07-01,Jul,Tue,Weekday,15,B02512,67
2014-07-01,Jul,Tue,Weekday,15,B02598,488
2014-07-01,Jul,Tue,Weekday,15,B02617,455
2014-07-01,Jul,Tue,Weekday,15,B02682,373
2014-07-01,Jul,Tue,Weekday,15,B02764,13
2014-07-01,Jul,Tue,Weekday,16,B02512,62
2014-07-01,Jul,Tue,Weekday,16,B02598,420
2014-07-01,Jul,Tue,Weekday,16,B02617,459
2014-07-01,Jul,Tue,Weekday,16,B02682,300
2014-07-01,Jul,Tue,Weekday,16,B02764,19
2014-07-01,Jul,Tue,Weekday,17,B02512,98
2014-07-01,Jul,Tue,Weekday,17,B02598,637
2014-07-01,Jul,Tue,Weekday,17,B02617,627
2014-07-01,Jul,Tue,Weekday,17,B02682,470
2014-07-01,Jul,Tue,Weekday,17,B02764,26
2014-07-01,Jul,Tue,Weekday,18,B02512,80
2014-07-01,Jul,Tue,Weekday,18,B02598,520
2014-07-01,Jul,Tue,Weekday,18,B02617,460
2014-07-01,Jul,Tue,Weekday,18,B02682,385
2014-07-01,Jul,Tue,Weekday,18,B02764,23
2014-07-01,Jul,Tue,Weekday,19,B02512,77
2014-07-01,Jul,Tue,Weekday,19,B02598,485
2014-07-01,Jul,Tue,Weekday,19,B02617,429
2014-07-01,Jul,Tue,Weekday,19,B02682,350
2014-07-01,Jul,Tue,Weekday,19,B02764,18
2014-07-01,Jul,Tue,Weekday,20,B02512,68
2014-07-01,Jul,Tue,Weekday,20,B02598,463
2014-07-01,Jul,Tue,Weekday,20,B02617,489
2014-07-01,Jul,Tue,Weekday,20,B02682,356
2014-07-01,Jul,Tue,Weekday,20,B02764,18
2014-07-01,Jul,Tue,Weekday,21,B02512,59
2014-07-01,Jul,Tue,Weekday,21,B02598,456
2014-07-01,Jul,Tue,Weekday,21,B02617,419
2014-07-01,Jul,Tue,Weekday,21,B02682,313
2014-07-01,Jul,Tue,Weekday,21,B02764,16
2014-07-01,Jul,Tue,Weekday,22,B02512,37
2014-07-01,Jul,Tue,Weekday,22,B02598,253
2014-07-01,Jul,Tue,Weekday,22,B02617,275
2014-07-01,Jul,Tue,Weekday,22,B02682,225
2014-07-01,Jul,Tue,Weekday,22,B02764,8
2014-07-01,Jul,Tue,Weekday,23,B02512,15
2014-07-01,Jul,Tue,Weekday,23,B02598,145
2014-07-01,Jul,Tue,Weekday,23,B02617,153
2014-07-01,Jul,Tue,Weekday,23,B02682,115
2014-07-01,Jul,Tue,Weekday,23,B02764,2
2014-07-02,Jul,Wed,Weekday,0,B02512,10
2014-07-02,Jul,Wed,Weekday,0,B02598,70
2014-07-02,Jul,Wed,Weekday,0,B02617,79
2014-07-02,Jul,Wed,Weekday,0,B02682,77
2014-07-02,Jul,Wed,Weekday,0,B02764,3
2014-07-02,Jul,Wed,Weekday,1,B02512,4
2014-07-02,Jul,Wed,Weekday,1,B02598,49
2014-07-02,Jul,Wed,Weekday,1,B02617,47
2014-07-02,Jul,Wed,Weekday,1,B02682,38
2014-07-02,Jul,Wed,Weekday,1,B02764,2
2014-07-02,Jul,Wed,Weekday,2,B02598,43
2014-07-02,Jul,Wed,Weekday,2,B02617,43
2014-07-02,Jul,Wed,Weekday,2,B02682,36
2014-07-02,Jul,Wed,Weekday,2,B02764,1
2014-07-02,Jul,Wed,Weekday,3,B02512,4
2014-07-02,Jul,Wed,Weekday,3,B02598,73
2014-07-02,Jul,Wed,Weekday,3,B02617,48
2014-07-02,Jul,Wed,Weekday,3,B02682,60
2014-07-02,Jul,Wed,Weekday,3,B02764,2
2014-07-02,Jul,Wed,Weekday,4,B02512,10
2014-07-02,Jul,Wed,Weekday,4,B02598,76
2014-07-02,Jul,Wed,Weekday,4,B02617,86
2014-07-02,Jul,Wed,Weekday,4,B02682,80
2014-07-02,Jul,Wed,Weekday,4,B02764,4
2014-07-02,Jul,Wed,Weekday,5,B02512,15
2014-07-02,Jul,Wed,Weekday,5,B02598,125
2014-07-02,Jul,Wed,Weekday,5,B02617,111
2014-07-02,Jul,Wed,Weekday,5,B02682,129
2014-07-02,Jul,Wed,Weekday,5,B02764,3
2014-07-02,Jul,Wed,Weekday,6,B02512,31
2014-07-02,Jul,Wed,Weekday,6,B02598,233
2014-07-02,Jul,Wed,Weekday,6,B02617,247
2014-07-02,Jul,Wed,Weekday,6,B02682,243
2014-07-02,Jul,Wed,Weekday,6,B02764,7
2014-07-02,Jul,Wed,Weekday,7,B02512,67
2014-07-02,Jul,Wed,Weekday,7,B02598,422
2014-07-02,Jul,Wed,Weekday,7,B02617,420
2014-07-02,Jul,Wed,Weekday,7,B02682,390
2014-07-02,Jul,Wed,Weekday,7,B02764,6
2014-07-02,Jul,Wed,Weekday,8,B02512,65
2014-07-02,Jul,Wed,Weekday,8,B02598,370
2014-07-02,Jul,Wed,Weekday,8,B02617,371
2014-07-02,Jul,Wed,Weekday,8,B02682,335
2014-07-02,Jul,Wed,Weekday,8,B02764,11
2014-07-02,Jul,Wed,Weekday,9,B02512,49
2014-07-02,Jul,Wed,Weekday,9,B02598,278
2014-07-02,Jul,Wed,Weekday,9,B02617,267
2014-07-02,Jul,Wed,Weekday,9,B02682,227
2014-07-02,Jul,Wed,Weekday,9,B02764,5
2014-07-02,Jul,Wed,Weekday,10,B02512,44
2014-07-02,Jul,Wed,Weekday,10,B02598,272
2014-07-02,Jul,Wed,Weekday,10,B02617,281
2014-07-02,Jul,Wed,Weekday,10,B02682,237
2014-07-02,Jul,Wed,Weekday,10,B02764,10
2014-07-02,Jul,Wed,Weekday,11,B02512,43
2014-07-02,Jul,Wed,Weekday,11,B02598,287
2014-07-02,Jul,Wed,Weekday,11,B02617,278
2014-07-02,Jul,Wed,Weekday,11,B02682,258
2014-07-02,Jul,Wed,Weekday,11,B02764,11
2014-07-02,Jul,Wed,Weekday,12,B02512,52
2014-07-02,Jul,Wed,Weekday,12,B02598,324
2014-07-02,Jul,Wed,Weekday,12,B02617,285
2014-07-02,Jul,Wed,Weekday,12,B02682,260
2014-07-02,Jul,Wed,Weekday,12,B02764,11
2014-07-02,Jul,Wed,Weekday,13,B02512,40
2014-07-02,Jul,Wed,Weekday,13,B02598,366
2014-07-02,Jul,Wed,Weekday,13,B02617,340
2014-07-02,Jul,Wed,Weekday,13,B02682,306
2014-07-02,Jul,Wed,Weekday,13,B02764,11
2014-07-02,Jul,Wed,Weekday,14,B02512,51
2014-07-02,Jul,Wed,Weekday,14,B02598,421
2014-07-02,Jul,Wed,Weekday,14,B02617,411
2014-07-02,Jul,Wed,Weekday,14,B02682,306
2014-07-02,Jul,Wed,Weekday,14,B02764,14
2014-07-02,Jul,Wed,Weekday,15,B02512,61
2014-07-02,Jul,Wed,Weekday,15,B02598,544
2014-07-02,Jul,Wed,Weekday,15,B02617,480
2014-07-02,Jul,Wed,Weekday,15,B02682,421
2014-07-02,Jul,Wed,Weekday,15,B02764,22
2014-07-02,Jul,Wed,Weekday,16,B02512,90
2014-07-02,Jul,Wed,Weekday,16,B02598,747
2014-07-02,Jul,Wed,Weekday,16,B02617,689
2014-07-02,Jul,Wed,Weekday,16,B02682,600
2014-07-02,Jul,Wed,Weekday,16,B02764,33
2014-07-02,Jul,Wed,Weekday,17,B02512,129
2014-07-02,Jul,Wed,Weekday,17,B02598,832
2014-07-02,Jul,Wed,Weekday,17,B02617,782
2014-07-02,Jul,Wed,Weekday,17,B02682,701
2014-07-02,Jul,Wed,Weekday,17,B02764,35
2014-07-02,Jul,Wed,Weekday,18,B02512,161
2014-07-02,Jul,Wed,Weekday,18,B02598,992
2014-07-02,Jul,Wed,Weekday,18,B02617,952
2014-07-02,Jul,Wed,Weekday,18,B02682,801
2014-07-02,Jul,Wed,Weekday,18,B02764,40
2014-07-02,Jul,Wed,Weekday,19,B02512,121
2014-07-02,Jul,Wed,Weekday,19,B02598,757
2014-07-02,Jul,Wed,Weekday,19,B02617,756
2014-07-02,Jul,Wed,Weekday,19,B02682,650
2014-07-02,Jul,Wed,Weekday,19,B02764,33
2014-07-02,Jul,Wed,Weekday,20,B02512,73
2014-07-02,Jul,Wed,Weekday,20,B02598,539
2014-07-02,Jul,Wed,Weekday,20,B02617,598
2014-07-02,Jul,Wed,Weekday,20,B02682,465
2014-07-02,Jul,Wed,Weekday,20,B02764,26
2014-07-02,Jul,Wed,Weekday,21,B02512,78
2014-07-02,Jul,Wed,Weekday,21,B02598,511
2014-07-02,Jul,Wed,Weekday,21,B02617,502
2014-07-02,Jul,Wed,Weekday,21,B02682,419
2014-07-02,Jul,Wed,Weekday,21,B02764,18
2014-07-02,Jul,Wed,Weekday,22,B02512,42
2014-07-02,Jul,Wed,Weekday,22,B02598,295
2014-07-02,Jul,Wed,Weekday,22,B02617,351
2014-07-02,Jul,Wed,Weekday,22,B02682,247
2014-07-02,Jul,Wed,Weekday,22,B02764,10
2014-07-02,Jul,Wed,Weekday,23,B02512,25
2014-07-02,Jul,Wed,Weekday,23,B02598,173
2014-07-02,Jul,Wed,Weekday,23,B02617,212
2014-07-02,Jul,Wed,Weekday,23,B02682,171
2014-07-02,Jul,Wed,Weekday,23,B02764,5
2014-07-03,Jul,Thu,Weekday,0,B02512,15
2014-07-03,Jul,Thu,Weekday,0,B02598,114
2014-07-03,Jul,Thu,Weekday,0,B02617,125
2014-07-03,Jul,Thu,Weekday,0,B02682,103
2014-07-03,Jul,Thu,Weekday,0,B02764,2
2014-07-03,Jul,Thu,Weekday,1,B02512,7
2014-07-03,Jul,Thu,Weekday,1,B02598,53
2014-07-03,Jul,Thu,Weekday,1,B02617,73
2014-07-03,Jul,Thu,Weekday,1,B02682,61
2014-07-03,Jul,Thu,Weekday,2,B02512,8
2014-07-03,Jul,Thu,Weekday,2,B02598,40
2014-07-03,Jul,Thu,Weekday,2,B02617,42
2014-07-03,Jul,Thu,Weekday,2,B02682,38
2014-07-03,Jul,Thu,Weekday,3,B02512,8
2014-07-03,Jul,Thu,Weekday,3,B02598,96
2014-07-03,Jul,Thu,Weekday,3,B02617,65
2014-07-03,Jul,Thu,Weekday,3,B02682,79
2014-07-03,Jul,Thu,Weekday,4,B02512,8
2014-07-03,Jul,Thu,Weekday,4,B02598,110
2014-07-03,Jul,Thu,Weekday,4,B02617,90
2014-07-03,Jul,Thu,Weekday,4,B02682,109
2014-07-03,Jul,Thu,Weekday,4,B02764,4
2014-07-03,Jul,Thu,Weekday,5,B02512,13
2014-07-03,Jul,Thu,Weekday,5,B02598,145
2014-07-03,Jul,Thu,Weekday,5,B02617,111
2014-07-03,Jul,Thu,Weekday,5,B02682,146
2014-07-03,Jul,Thu,Weekday,5,B02764,6
2014-07-03,Jul,Thu,Weekday,6,B02512,26
2014-07-03,Jul,Thu,Weekday,6,B02598,216
2014-07-03,Jul,Thu,Weekday,6,B02617,212
2014-07-03,Jul,Thu,Weekday,6,B02682,222
2014-07-03,Jul,Thu,Weekday,6,B02764,4
2014-07-03,Jul,Thu,Weekday,7,B02512,44
2014-07-03,Jul,Thu,Weekday,7,B02598,350
2014-07-03,Jul,Thu,Weekday,7,B02617,375
2014-07-03,Jul,Thu,Weekday,7,B02682,319
2014-07-03,Jul,Thu,Weekday,7,B02764,15
2014-07-03,Jul,Thu,Weekday,8,B02512,42
2014-07-03,Jul,Thu,Weekday,8,B02598,314
2014-07-03,Jul,Thu,Weekday,8,B02617,337
2014-07-03,Jul,Thu,Weekday,8,B02682,297
2014-07-03,Jul,Thu,Weekday,8,B02764,14
2014-07-03,Jul,Thu,Weekday,9,B02512,43
2014-07-03,Jul,Thu,Weekday,9,B02598,254
2014-07-03,Jul,Thu,Weekday,9,B02617,263
2014-07-03,Jul,Thu,Weekday,9,B02682,218
2014-07-03,Jul,Thu,Weekday,9,B02764,9
2014-07-03,Jul,Thu,Weekday,10,B02512,35
2014-07-03,Jul,Thu,Weekday,10,B02598,250
2014-07-03,Jul,Thu,Weekday,10,B02617,248
2014-07-03,Jul,Thu,Weekday,10,B02682,206
2014-07-03,Jul,Thu,Weekday,10,B02764,7
2014-07-03,Jul,Thu,Weekday,11,B02512,46
2014-07-03,Jul,Thu,Weekday,11,B02598,304
2014-07-03,Jul,Thu,Weekday,11,B02617,301
2014-07-03,Jul,Thu,Weekday,11,B02682,237
2014-07-03,Jul,Thu,Weekday,11,B02764,16
2014-07-03,Jul,Thu,Weekday,12,B02512,62
2014-07-03,Jul,Thu,Weekday,12,B02598,327
2014-07-03,Jul,Thu,Weekday,12,B02617,338
2014-07-03,Jul,Thu,Weekday,12,B02682,285
2014-07-03,Jul,Thu,Weekday,12,B02764,15
2014-07-03,Jul,Thu,Weekday,13,B02512,52
2014-07-03,Jul,Thu,Weekday,13,B02598,385
2014-07-03,Jul,Thu,Weekday,13,B02617,337
2014-07-03,Jul,Thu,Weekday,13,B02682,323
2014-07-03,Jul,Thu,Weekday,13,B02764,18
2014-07-03,Jul,Thu,Weekday,14,B02512,57
2014-07-03,Jul,Thu,Weekday,14,B02598,468
2014-07-03,Jul,Thu,Weekday,14,B02617,422
2014-07-03,Jul,Thu,Weekday,14,B02682,346
2014-07-03,Jul,Thu,Weekday,14,B02764,16
2014-07-03,Jul,Thu,Weekday,15,B02512,70
2014-07-03,Jul,Thu,Weekday,15,B02598,492
2014-07-03,Jul,Thu,Weekday,15,B02617,463
2014-07-03,Jul,Thu,Weekday,15,B02682,386
2014-07-03,Jul,Thu,Weekday,15,B02764,16
2014-07-03,Jul,Thu,Weekday,16,B02512,56
2014-07-03,Jul,Thu,Weekday,16,B02598,487
2014-07-03,Jul,Thu,Weekday,16,B02617,404
2014-07-03,Jul,Thu,Weekday,16,B02682,308
2014-07-03,Jul,Thu,Weekday,16,B02764,12
2014-07-03,Jul,Thu,Weekday,17,B02512,47
2014-07-03,Jul,Thu,Weekday,17,B02598,339
2014-07-03,Jul,Thu,Weekday,17,B02617,379
2014-07-03,Jul,Thu,Weekday,17,B02682,293
2014-07-03,Jul,Thu,Weekday,17,B02764,15
2014-07-03,Jul,Thu,Weekday,18,B02512,99
2014-07-03,Jul,Thu,Weekday,18,B02598,632
2014-07-03,Jul,Thu,Weekday,18,B02617,640
2014-07-03,Jul,Thu,Weekday,18,B02682,458
2014-07-03,Jul,Thu,Weekday,18,B02764,21
2014-07-03,Jul,Thu,Weekday,19,B02512,124
2014-07-03,Jul,Thu,Weekday,19,B02598,646
2014-07-03,Jul,Thu,Weekday,19,B02617,665
2014-07-03,Jul,Thu,Weekday,19,B02682,560
2014-07-03,Jul,Thu,Weekday,19,B02764,25
2014-07-03,Jul,Thu,Weekday,20,B02512,58
2014-07-03,Jul,Thu,Weekday,20,B02598,416
2014-07-03,Jul,Thu,Weekday,20,B02617,427
2014-07-03,Jul,Thu,Weekday,20,B02682,373
2014-07-03,Jul,Thu,Weekday,20,B02764,16
2014-07-03,Jul,Thu,Weekday,21,B02512,34
2014-07-03,Jul,Thu,Weekday,21,B02598,319
2014-07-03,Jul,Thu,Weekday,21,B02617,295
2014-07-03,Jul,Thu,Weekday,21,B02682,233
2014-07-03,Jul,Thu,Weekday,21,B02764,9
2014-07-03,Jul,Thu,Weekday,22,B02512,36
2014-07-03,Jul,Thu,Weekday,22,B02598,270
2014-07-03,Jul,Thu,Weekday,22,B02617,257
2014-07-03,Jul,Thu,Weekday,22,B02682,203
2014-07-03,Jul,Thu,Weekday,22,B02764,9
2014-07-03,Jul,Thu,Weekday,23,B02512,24
2014-07-03,Jul,Thu,Weekday,23,B02598,213
2014-07-03,Jul,Thu,Weekday,23,B02617,236
2014-07-03,Jul,Thu,Weekday,23,B02682,183
2014-07-03,Jul,Thu,Weekday,23,B02764,3
2014-07-04,Jul,Fri,Weekday,0,B02512,13
2014-07-04,Jul,Fri,Weekday,0,B02598,134
2014-07-04,Jul,Fri,Weekday,0,B02617,165
2014-07-04,Jul,Fri,Weekday,0,B02682,138
2014-07-04,Jul,Fri,Weekday,0,B02764,4
2014-07-04,Jul,Fri,Weekday,1,B02512,15
2014-07-04,Jul,Fri,Weekday,1,B02598,101
2014-07-04,Jul,Fri,Weekday,1,B02617,115
2014-07-04,Jul,Fri,Weekday,1,B02682,124
2014-07-04,Jul,Fri,Weekday,1,B02764,1
2014-07-04,Jul,Fri,Weekday,2,B02512,12
2014-07-04,Jul,Fri,Weekday,2,B02598,95
2014-07-04,Jul,Fri,Weekday,2,B02617,93
2014-07-04,Jul,Fri,Weekday,2,B02682,84
2014-07-04,Jul,Fri,Weekday,2,B02764,2
2014-07-04,Jul,Fri,Weekday,3,B02512,4
2014-07-04,Jul,Fri,Weekday,3,B02598,108
2014-07-04,Jul,Fri,Weekday,3,B02617,84
2014-07-04,Jul,Fri,Weekday,3,B02682,83
2014-07-04,Jul,Fri,Weekday,3,B02764,2
2014-07-04,Jul,Fri,Weekday,4,B02512,6
2014-07-04,Jul,Fri,Weekday,4,B02598,71
2014-07-04,Jul,Fri,Weekday,4,B02617,73
2014-07-04,Jul,Fri,Weekday,4,B02682,78
2014-07-04,Jul,Fri,Weekday,4,B02764,1
2014-07-04,Jul,Fri,Weekday,5,B02512,5
2014-07-04,Jul,Fri,Weekday,5,B02598,92
2014-07-04,Jul,Fri,Weekday,5,B02617,71
2014-07-04,Jul,Fri,Weekday,5,B02682,78
2014-07-04,Jul,Fri,Weekday,5,B02764,2
2014-07-04,Jul,Fri,Weekday,6,B02512,8
2014-07-04,Jul,Fri,Weekday,6,B02598,83
2014-07-04,Jul,Fri,Weekday,6,B02617,92
2014-07-04,Jul,Fri,Weekday,6,B02682,85
2014-07-04,Jul,Fri,Weekday,6,B02764,2
2014-07-04,Jul,Fri,Weekday,7,B02512,10
2014-07-04,Jul,Fri,Weekday,7,B02598,83
2014-07-04,Jul,Fri,Weekday,7,B02617,86
2014-07-04,Jul,Fri,Weekday,7,B02682,85
2014-07-04,Jul,Fri,Weekday,7,B02764,3
2014-07-04,Jul,Fri,Weekday,8,B02512,20
2014-07-04,Jul,Fri,Weekday,8,B02598,100
2014-07-04,Jul,Fri,Weekday,8,B02617,96
2014-07-04,Jul,Fri,Weekday,8,B02682,102
2014-07-04,Jul,Fri,Weekday,8,B02764,7
2014-07-04,Jul,Fri,Weekday,9,B02512,19
2014-07-04,Jul,Fri,Weekday,9,B02598,122
2014-07-04,Jul,Fri,Weekday,9,B02617,149
2014-07-04,Jul,Fri,Weekday,9,B02682,112
2014-07-04,Jul,Fri,Weekday,9,B02764,9
2014-07-04,Jul,Fri,Weekday,10,B02512,33
2014-07-04,Jul,Fri,Weekday,10,B02598,129
2014-07-04,Jul,Fri,Weekday,10,B02617,187
2014-07-04,Jul,Fri,Weekday,10,B02682,138
2014-07-04,Jul,Fri,Weekday,10,B02764,8
2014-07-04,Jul,Fri,Weekday,11,B02512,28
2014-07-04,Jul,Fri,Weekday,11,B02598,170
2014-07-04,Jul,Fri,Weekday,11,B02617,216
2014-07-04,Jul,Fri,Weekday,11,B02682,147
2014-07-04,Jul,Fri,Weekday,11,B02764,11
2014-07-04,Jul,Fri,Weekday,12,B02512,25
2014-07-04,Jul,Fri,Weekday,12,B02598,230
2014-07-04,Jul,Fri,Weekday,12,B02617,280
2014-07-04,Jul,Fri,Weekday,12,B02682,190
2014-07-04,Jul,Fri,Weekday,12,B02764,10
2014-07-04,Jul,Fri,Weekday,13,B02512,37
2014-07-04,Jul,Fri,Weekday,13,B02598,311
2014-07-04,Jul,Fri,Weekday,13,B02617,340
2014-07-04,Jul,Fri,Weekday,13,B02682,275
2014-07-04,Jul,Fri,Weekday,13,B02764,9
2014-07-04,Jul,Fri,Weekday,14,B02512,30
2014-07-04,Jul,Fri,Weekday,14,B02598,310
2014-07-04,Jul,Fri,Weekday,14,B02617,322
2014-07-04,Jul,Fri,Weekday,14,B02682,227
2014-07-04,Jul,Fri,Weekday,14,B02764,14
2014-07-04,Jul,Fri,Weekday,15,B02512,26
2014-07-04,Jul,Fri,Weekday,15,B02598,269
2014-07-04,Jul,Fri,Weekday,15,B02617,296
2014-07-04,Jul,Fri,Weekday,15,B02682,198
2014-07-04,Jul,Fri,Weekday,15,B02764,2
2014-07-04,Jul,Fri,Weekday,16,B02512,28
2014-07-04,Jul,Fri,Weekday,16,B02598,188
2014-07-04,Jul,Fri,Weekday,16,B02617,243
2014-07-04,Jul,Fri,Weekday,16,B02682,156
2014-07-04,Jul,Fri,Weekday,16,B02764,5
2014-07-04,Jul,Fri,Weekday,17,B02512,27
2014-07-04,Jul,Fri,Weekday,17,B02598,243
2014-07-04,Jul,Fri,Weekday,17,B02617,278
2014-07-04,Jul,Fri,Weekday,17,B02682,188
2014-07-04,Jul,Fri,Weekday,17,B02764,5
2014-07-04,Jul,Fri,Weekday,18,B02512,27
2014-07-04,Jul,Fri,Weekday,18,B02598,218
2014-07-04,Jul,Fri,Weekday,18,B02617,292
2014-07-04,Jul,Fri,Weekday,18,B02682,185
2014-07-04,Jul,Fri,Weekday,18,B02764,6
2014-07-04,Jul,Fri,Weekday,19,B02512,36
2014-07-04,Jul,Fri,Weekday,19,B02598,216
2014-07-04,Jul,Fri,Weekday,19,B02617,259
2014-07-04,Jul,Fri,Weekday,19,B02682,178
2014-07-04,Jul,Fri,Weekday,19,B02764,7
2014-07-04,Jul,Fri,Weekday,20,B02512,21
2014-07-04,Jul,Fri,Weekday,20,B02598,209
2014-07-04,Jul,Fri,Weekday,20,B02617,238
2014-07-04,Jul,Fri,Weekday,20,B02682,167
2014-07-04,Jul,Fri,Weekday,20,B02764,6
2014-07-04,Jul,Fri,Weekday,21,B02512,39
2014-07-04,Jul,Fri,Weekday,21,B02598,318
2014-07-04,Jul,Fri,Weekday,21,B02617,345
2014-07-04,Jul,Fri,Weekday,21,B02682,252
2014-07-04,Jul,Fri,Weekday,21,B02764,8
2014-07-04,Jul,Fri,Weekday,22,B02512,37
2014-07-04,Jul,Fri,Weekday,22,B02598,379
2014-07-04,Jul,Fri,Weekday,22,B02617,419
2014-07-04,Jul,Fri,Weekday,22,B02682,279
2014-07-04,Jul,Fri,Weekday,22,B02764,7
2014-07-04,Jul,Fri,Weekday,23,B02512,41
2014-07-04,Jul,Fri,Weekday,23,B02598,336
2014-07-04,Jul,Fri,Weekday,23,B02617,394
2014-07-04,Jul,Fri,Weekday,23,B02682,263
2014-07-04,Jul,Fri,Weekday,23,B02764,10
2014-07-05,Jul,Sat,Weekend,0,B02512,27
2014-07-05,Jul,Sat,Weekend,0,B02598,212
2014-07-05,Jul,Sat,Weekend,0,B02617,254
2014-07-05,Jul,Sat,Weekend,0,B02682,187
2014-07-05,Jul,Sat,Weekend,0,B02764,6
2014-07-05,Jul,Sat,Weekend,1,B02512,8
2014-07-05,Jul,Sat,Weekend,1,B02598,126
2014-07-05,Jul,Sat,Weekend,1,B02617,147
2014-07-05,Jul,Sat,Weekend,1,B02682,100
2014-07-05,Jul,Sat,Weekend,1,B02764,3
2014-07-05,Jul,Sat,Weekend,2,B02512,3
2014-07-05,Jul,Sat,Weekend,2,B02598,106
2014-07-05,Jul,Sat,Weekend,2,B02617,92
2014-07-05,Jul,Sat,Weekend,2,B02682,79
2014-07-05,Jul,Sat,Weekend,2,B02764,5
2014-07-05,Jul,Sat,Weekend,3,B02512,3
2014-07-05,Jul,Sat,Weekend,3,B02598,84
2014-07-05,Jul,Sat,Weekend,3,B02617,65
2014-07-05,Jul,Sat,Weekend,3,B02682,65
2014-07-05,Jul,Sat,Weekend,3,B02764,4
2014-07-05,Jul,Sat,Weekend,4,B02512,3
2014-07-05,Jul,Sat,Weekend,4,B02598,51
2014-07-05,Jul,Sat,Weekend,4,B02617,31
2014-07-05,Jul,Sat,Weekend,4,B02682,44
2014-07-05,Jul,Sat,Weekend,4,B02764,2
2014-07-05,Jul,Sat,Weekend,5,B02512,2
2014-07-05,Jul,Sat,Weekend,5,B02598,42
2014-07-05,Jul,Sat,Weekend,5,B02617,37
2014-07-05,Jul,Sat,Weekend,5,B02682,57
2014-07-05,Jul,Sat,Weekend,5,B02764,1
2014-07-05,Jul,Sat,Weekend,6,B02512,2
2014-07-05,Jul,Sat,Weekend,6,B02598,44
2014-07-05,Jul,Sat,Weekend,6,B02617,36
2014-07-05,Jul,Sat,Weekend,6,B02682,35
2014-07-05,Jul,Sat,Weekend,6,B02764,3
2014-07-05,Jul,Sat,Weekend,7,B02512,9
2014-07-05,Jul,Sat,Weekend,7,B02598,62
2014-07-05,Jul,Sat,Weekend,7,B02617,61
2014-07-05,Jul,Sat,Weekend,7,B02682,49
2014-07-05,Jul,Sat,Weekend,7,B02764,4
2014-07-05,Jul,Sat,Weekend,8,B02512,10
2014-07-05,Jul,Sat,Weekend,8,B02598,72
2014-07-05,Jul,Sat,Weekend,8,B02617,104
2014-07-05,Jul,Sat,Weekend,8,B02682,67
2014-07-05,Jul,Sat,Weekend,8,B02764,2
2014-07-05,Jul,Sat,Weekend,9,B02512,15
2014-07-05,Jul,Sat,Weekend,9,B02598,126
2014-07-05,Jul,Sat,Weekend,9,B02617,121
2014-07-05,Jul,Sat,Weekend,9,B02682,96
2014-07-05,Jul,Sat,Weekend,9,B02764,8
2014-07-05,Jul,Sat,Weekend,10,B02512,18
2014-07-05,Jul,Sat,Weekend,10,B02598,129
2014-07-05,Jul,Sat,Weekend,10,B02617,189
2014-07-05,Jul,Sat,Weekend,10,B02682,114
2014-07-05,Jul,Sat,Weekend,10,B02764,6
2014-07-05,Jul,Sat,Weekend,11,B02512,17
2014-07-05,Jul,Sat,Weekend,11,B02598,151
2014-07-05,Jul,Sat,Weekend,11,B02617,180
2014-07-05,Jul,Sat,Weekend,11,B02682,129
2014-07-05,Jul,Sat,Weekend,11,B02764,6
2014-07-05,Jul,Sat,Weekend,12,B02512,17
2014-07-05,Jul,Sat,Weekend,12,B02598,163
2014-07-05,Jul,Sat,Weekend,12,B02617,180
2014-07-05,Jul,Sat,Weekend,12,B02682,108
2014-07-05,Jul,Sat,Weekend,12,B02764,4
2014-07-05,Jul,Sat,Weekend,13,B02512,26
2014-07-05,Jul,Sat,Weekend,13,B02598,179
2014-07-05,Jul,Sat,Weekend,13,B02617,186
2014-07-05,Jul,Sat,Weekend,13,B02682,117
2014-07-05,Jul,Sat,Weekend,13,B02764,6
2014-07-05,Jul,Sat,Weekend,14,B02512,19
2014-07-05,Jul,Sat,Weekend,14,B02598,187
2014-07-05,Jul,Sat,Weekend,14,B02617,210
2014-07-05,Jul,Sat,Weekend,14,B02682,163
2014-07-05,Jul,Sat,Weekend,14,B02764,8
2014-07-05,Jul,Sat,Weekend,15,B02512,19
2014-07-05,Jul,Sat,Weekend,15,B02598,179
2014-07-05,Jul,Sat,Weekend,15,B02617,207
2014-07-05,Jul,Sat,Weekend,15,B02682,146
2014-07-05,Jul,Sat,Weekend,15,B02764,10
2014-07-05,Jul,Sat,Weekend,16,B02512,23
2014-07-05,Jul,Sat,Weekend,16,B02598,172
2014-07-05,Jul,Sat,Weekend,16,B02617,202
2014-07-05,Jul,Sat,Weekend,16,B02682,155
2014-07-05,Jul,Sat,Weekend,16,B02764,5
2014-07-05,Jul,Sat,Weekend,17,B02512,33
2014-07-05,Jul,Sat,Weekend,17,B02598,204
2014-07-05,Jul,Sat,Weekend,17,B02617,222
2014-07-05,Jul,Sat,Weekend,17,B02682,156
2014-07-05,Jul,Sat,Weekend,17,B02764,7
2014-07-05,Jul,Sat,Weekend,18,B02512,23
2014-07-05,Jul,Sat,Weekend,18,B02598,210
2014-07-05,Jul,Sat,Weekend,18,B02617,246
2014-07-05,Jul,Sat,Weekend,18,B02682,184
2014-07-05,Jul,Sat,Weekend,18,B02764,5
2014-07-05,Jul,Sat,Weekend,19,B02512,24
2014-07-05,Jul,Sat,Weekend,19,B02598,167
2014-07-05,Jul,Sat,Weekend,19,B02617,217
2014-07-05,Jul,Sat,Weekend,19,B02682,136
2014-07-05,Jul,Sat,Weekend,19,B02764,4
2014-07-05,Jul,Sat,Weekend,20,B02512,26
2014-07-05,Jul,Sat,Weekend,20,B02598,221
2014-07-05,Jul,Sat,Weekend,20,B02617,234
2014-07-05,Jul,Sat,Weekend,20,B02682,178
2014-07-05,Jul,Sat,Weekend,20,B02764,5
2014-07-05,Jul,Sat,Weekend,21,B02512,29
2014-07-05,Jul,Sat,Weekend,21,B02598,244
2014-07-05,Jul,Sat,Weekend,21,B02617,246
2014-07-05,Jul,Sat,Weekend,21,B02682,171
2014-07-05,Jul,Sat,Weekend,21,B02764,2
2014-07-05,Jul,Sat,Weekend,22,B02512,26
2014-07-05,Jul,Sat,Weekend,22,B02598,244
2014-07-05,Jul,Sat,Weekend,22,B02617,266
2014-07-05,Jul,Sat,Weekend,22,B02682,192
2014-07-05,Jul,Sat,Weekend,22,B02764,7
2014-07-05,Jul,Sat,Weekend,23,B02512,15
2014-07-05,Jul,Sat,Weekend,23,B02598,182
2014-07-05,Jul,Sat,Weekend,23,B02617,207
2014-07-05,Jul,Sat,Weekend,23,B02682,154
2014-07-05,Jul,Sat,Weekend,23,B02764,1
2014-07-06,Jul,Sun,Weekend,0,B02512,15
2014-07-06,Jul,Sun,Weekend,0,B02598,130
2014-07-06,Jul,Sun,Weekend,0,B02617,121
2014-07-06,Jul,Sun,Weekend,0,B02682,128
2014-07-06,Jul,Sun,Weekend,0,B02764,6
2014-07-06,Jul,Sun,Weekend,1,B02512,4
2014-07-06,Jul,Sun,Weekend,1,B02598,93
2014-07-06,Jul,Sun,Weekend,1,B02617,85
2014-07-06,Jul,Sun,Weekend,1,B02682,90
2014-07-06,Jul,Sun,Weekend,1,B02764,6
2014-07-06,Jul,Sun,Weekend,2,B02512,11
2014-07-06,Jul,Sun,Weekend,2,B02598,68
2014-07-06,Jul,Sun,Weekend,2,B02617,81
2014-07-06,Jul,Sun,Weekend,2,B02682,91
2014-07-06,Jul,Sun,Weekend,2,B02764,3
2014-07-06,Jul,Sun,Weekend,3,B02512,5
2014-07-06,Jul,Sun,Weekend,3,B02598,73
2014-07-06,Jul,Sun,Weekend,3,B02617,76
2014-07-06,Jul,Sun,Weekend,3,B02682,76
2014-07-06,Jul,Sun,Weekend,3,B02764,6
2014-07-06,Jul,Sun,Weekend,4,B02512,1
2014-07-06,Jul,Sun,Weekend,4,B02598,41
2014-07-06,Jul,Sun,Weekend,4,B02617,36
2014-07-06,Jul,Sun,Weekend,4,B02682,45
2014-07-06,Jul,Sun,Weekend,4,B02764,4
2014-07-06,Jul,Sun,Weekend,5,B02512,4
2014-07-06,Jul,Sun,Weekend,5,B02598,48
2014-07-06,Jul,Sun,Weekend,5,B02617,44
2014-07-06,Jul,Sun,Weekend,5,B02682,51
2014-07-06,Jul,Sun,Weekend,5,B02764,3
2014-07-06,Jul,Sun,Weekend,6,B02512,7
2014-07-06,Jul,Sun,Weekend,6,B02598,52
2014-07-06,Jul,Sun,Weekend,6,B02617,47
2014-07-06,Jul,Sun,Weekend,6,B02682,55
2014-07-06,Jul,Sun,Weekend,7,B02512,9
2014-07-06,Jul,Sun,Weekend,7,B02598,60
2014-07-06,Jul,Sun,Weekend,7,B02617,53
2014-07-06,Jul,Sun,Weekend,7,B02682,46
2014-07-06,Jul,Sun,Weekend,7,B02764,2
2014-07-06,Jul,Sun,Weekend,8,B02512,8
2014-07-06,Jul,Sun,Weekend,8,B02598,85
2014-07-06,Jul,Sun,Weekend,8,B02617,85
2014-07-06,Jul,Sun,Weekend,8,B02682,68
2014-07-06,Jul,Sun,Weekend,8,B02764,3
2014-07-06,Jul,Sun,Weekend,9,B02512,23
2014-07-06,Jul,Sun,Weekend,9,B02598,108
2014-07-06,Jul,Sun,Weekend,9,B02617,135
2014-07-06,Jul,Sun,Weekend,9,B02682,87
2014-07-06,Jul,Sun,Weekend,9,B02764,8
2014-07-06,Jul,Sun,Weekend,10,B02512,30
2014-07-06,Jul,Sun,Weekend,10,B02598,146
2014-07-06,Jul,Sun,Weekend,10,B02617,180
2014-07-06,Jul,Sun,Weekend,10,B02682,118
2014-07-06,Jul,Sun,Weekend,10,B02764,5
2014-07-06,Jul,Sun,Weekend,11,B02512,33
2014-07-06,Jul,Sun,Weekend,11,B02598,177
2014-07-06,Jul,Sun,Weekend,11,B02617,191
2014-07-06,Jul,Sun,Weekend,11,B02682,127
2014-07-06,Jul,Sun,Weekend,11,B02764,8
2014-07-06,Jul,Sun,Weekend,12,B02512,26
2014-07-06,Jul,Sun,Weekend,12,B02598,176
2014-07-06,Jul,Sun,Weekend,12,B02617,191
2014-07-06,Jul,Sun,Weekend,12,B02682,139
2014-07-06,Jul,Sun,Weekend,12,B02764,5
2014-07-06,Jul,Sun,Weekend,13,B02512,30
2014-07-06,Jul,Sun,Weekend,13,B02598,240
2014-07-06,Jul,Sun,Weekend,13,B02617,270
2014-07-06,Jul,Sun,Weekend,13,B02682,206
2014-07-06,Jul,Sun,Weekend,13,B02764,12
2014-07-06,Jul,Sun,Weekend,14,B02512,23
2014-07-06,Jul,Sun,Weekend,14,B02598,232
2014-07-06,Jul,Sun,Weekend,14,B02617,263
2014-07-06,Jul,Sun,Weekend,14,B02682,186
2014-07-06,Jul,Sun,Weekend,14,B02764,8
2014-07-06,Jul,Sun,Weekend,15,B02512,26
2014-07-06,Jul,Sun,Weekend,15,B02598,247
2014-07-06,Jul,Sun,Weekend,15,B02617,288
2014-07-06,Jul,Sun,Weekend,15,B02682,210
2014-07-06,Jul,Sun,Weekend,15,B02764,6
2014-07-06,Jul,Sun,Weekend,16,B02512,31
2014-07-06,Jul,Sun,Weekend,16,B02598,263
2014-07-06,Jul,Sun,Weekend,16,B02617,265
2014-07-06,Jul,Sun,Weekend,16,B02682,192
2014-07-06,Jul,Sun,Weekend,16,B02764,4
2014-07-06,Jul,Sun,Weekend,17,B02512,18
2014-07-06,Jul,Sun,Weekend,17,B02598,220
2014-07-06,Jul,Sun,Weekend,17,B02617,248
2014-07-06,Jul,Sun,Weekend,17,B02682,185
2014-07-06,Jul,Sun,Weekend,17,B02764,2
2014-07-06,Jul,Sun,Weekend,18,B02512,22
2014-07-06,Jul,Sun,Weekend,18,B02598,249
2014-07-06,Jul,Sun,Weekend,18,B02617,274
2014-07-06,Jul,Sun,Weekend,18,B02682,191
2014-07-06,Jul,Sun,Weekend,18,B02764,7
2014-07-06,Jul,Sun,Weekend,19,B02512,25
2014-07-06,Jul,Sun,Weekend,19,B02598,223
2014-07-06,Jul,Sun,Weekend,19,B02617,234
2014-07-06,Jul,Sun,Weekend,19,B02682,192
2014-07-06,Jul,Sun,Weekend,19,B02764,6
2014-07-06,Jul,Sun,Weekend,20,B02512,22
2014-07-06,Jul,Sun,Weekend,20,B02598,244
2014-07-06,Jul,Sun,Weekend,20,B02617,269
2014-07-06,Jul,Sun,Weekend,20,B02682,219
2014-07-06,Jul,Sun,Weekend,20,B02764,8
2014-07-06,Jul,Sun,Weekend,21,B02512,25
2014-07-06,Jul,Sun,Weekend,21,B02598,267
2014-07-06,Jul,Sun,Weekend,21,B02617,257
2014-07-06,Jul,Sun,Weekend,21,B02682,191
2014-07-06,Jul,Sun,Weekend,21,B02764,3
2014-07-06,Jul,Sun,Weekend,22,B02512,21
2014-07-06,Jul,Sun,Weekend,22,B02598,208
2014-07-06,Jul,Sun,Weekend,22,B02617,205
2014-07-06,Jul,Sun,Weekend,22,B02682,151
2014-07-06,Jul,Sun,Weekend,22,B02764,4
2014-07-06,Jul,Sun,Weekend,23,B02512,11
2014-07-06,Jul,Sun,Weekend,23,B02598,130
2014-07-06,Jul,Sun,Weekend,23,B02617,90
2014-07-06,Jul,Sun,Weekend,23,B02682,81
2014-07-06,Jul,Sun,Weekend,23,B02764,1
2014-07-07,Jul,Mon,Weekday,0,B02512,5
2014-07-07,Jul,Mon,Weekday,0,B02598,58
2014-07-07,Jul,Mon,Weekday,0,B02617,53
2014-07-07,Jul,Mon,Weekday,0,B02682,49
2014-07-07,Jul,Mon,Weekday,0,B02764,1
2014-07-07,Jul,Mon,Weekday,1,B02512,4
2014-07-07,Jul,Mon,Weekday,1,B02598,33
2014-07-07,Jul,Mon,Weekday,1,B02617,41
2014-07-07,Jul,Mon,Weekday,1,B02682,19
2014-07-07,Jul,Mon,Weekday,2,B02512,4
2014-07-07,Jul,Mon,Weekday,2,B02598,19
2014-07-07,Jul,Mon,Weekday,2,B02617,18
2014-07-07,Jul,Mon,Weekday,2,B02682,23
2014-07-07,Jul,Mon,Weekday,3,B02512,7
2014-07-07,Jul,Mon,Weekday,3,B02598,71
2014-07-07,Jul,Mon,Weekday,3,B02617,62
2014-07-07,Jul,Mon,Weekday,3,B02682,57
2014-07-07,Jul,Mon,Weekday,4,B02512,15
2014-07-07,Jul,Mon,Weekday,4,B02598,131
2014-07-07,Jul,Mon,Weekday,4,B02617,118
2014-07-07,Jul,Mon,Weekday,4,B02682,91
2014-07-07,Jul,Mon,Weekday,4,B02764,2
2014-07-07,Jul,Mon,Weekday,5,B02512,14
2014-07-07,Jul,Mon,Weekday,5,B02598,171
2014-07-07,Jul,Mon,Weekday,5,B02617,174
2014-07-07,Jul,Mon,Weekday,5,B02682,143
2014-07-07,Jul,Mon,Weekday,5,B02764,5
2014-07-07,Jul,Mon,Weekday,6,B02512,30
2014-07-07,Jul,Mon,Weekday,6,B02598,225
2014-07-07,Jul,Mon,Weekday,6,B02617,236
2014-07-07,Jul,Mon,Weekday,6,B02682,211
2014-07-07,Jul,Mon,Weekday,6,B02764,8
2014-07-07,Jul,Mon,Weekday,7,B02512,42
2014-07-07,Jul,Mon,Weekday,7,B02598,358
2014-07-07,Jul,Mon,Weekday,7,B02617,363
2014-07-07,Jul,Mon,Weekday,7,B02682,317
2014-07-07,Jul,Mon,Weekday,7,B02764,17
2014-07-07,Jul,Mon,Weekday,8,B02512,39
2014-07-07,Jul,Mon,Weekday,8,B02598,280
2014-07-07,Jul,Mon,Weekday,8,B02617,295
2014-07-07,Jul,Mon,Weekday,8,B02682,262
2014-07-07,Jul,Mon,Weekday,8,B02764,7
2014-07-07,Jul,Mon,Weekday,9,B02512,32
2014-07-07,Jul,Mon,Weekday,9,B02598,198
2014-07-07,Jul,Mon,Weekday,9,B02617,200
2014-07-07,Jul,Mon,Weekday,9,B02682,174
2014-07-07,Jul,Mon,Weekday,9,B02764,8
2014-07-07,Jul,Mon,Weekday,10,B02512,31
2014-07-07,Jul,Mon,Weekday,10,B02598,194
2014-07-07,Jul,Mon,Weekday,10,B02617,211
2014-07-07,Jul,Mon,Weekday,10,B02682,178
2014-07-07,Jul,Mon,Weekday,10,B02764,4
2014-07-07,Jul,Mon,Weekday,11,B02512,34
2014-07-07,Jul,Mon,Weekday,11,B02598,218
2014-07-07,Jul,Mon,Weekday,11,B02617,209
2014-07-07,Jul,Mon,Weekday,11,B02682,181
2014-07-07,Jul,Mon,Weekday,11,B02764,5
2014-07-07,Jul,Mon,Weekday,12,B02512,49
2014-07-07,Jul,Mon,Weekday,12,B02598,232
2014-07-07,Jul,Mon,Weekday,12,B02617,220
2014-07-07,Jul,Mon,Weekday,12,B02682,202
2014-07-07,Jul,Mon,Weekday,12,B02764,6
2014-07-07,Jul,Mon,Weekday,13,B02512,45
2014-07-07,Jul,Mon,Weekday,13,B02598,239
2014-07-07,Jul,Mon,Weekday,13,B02617,322
2014-07-07,Jul,Mon,Weekday,13,B02682,238
2014-07-07,Jul,Mon,Weekday,13,B02764,14
2014-07-07,Jul,Mon,Weekday,14,B02512,48
2014-07-07,Jul,Mon,Weekday,14,B02598,310
2014-07-07,Jul,Mon,Weekday,14,B02617,350
2014-07-07,Jul,Mon,Weekday,14,B02682,267
2014-07-07,Jul,Mon,Weekday,14,B02764,13
2014-07-07,Jul,Mon,Weekday,15,B02512,42
2014-07-07,Jul,Mon,Weekday,15,B02598,363
2014-07-07,Jul,Mon,Weekday,15,B02617,365
2014-07-07,Jul,Mon,Weekday,15,B02682,301
2014-07-07,Jul,Mon,Weekday,15,B02764,10
2014-07-07,Jul,Mon,Weekday,16,B02512,62
2014-07-07,Jul,Mon,Weekday,16,B02598,440
2014-07-07,Jul,Mon,Weekday,16,B02617,446
2014-07-07,Jul,Mon,Weekday,16,B02682,350
2014-07-07,Jul,Mon,Weekday,16,B02764,19
2014-07-07,Jul,Mon,Weekday,17,B02512,59
2014-07-07,Jul,Mon,Weekday,17,B02598,460
2014-07-07,Jul,Mon,Weekday,17,B02617,523
2014-07-07,Jul,Mon,Weekday,17,B02682,378
2014-07-07,Jul,Mon,Weekday,17,B02764,15
2014-07-07,Jul,Mon,Weekday,18,B02512,74
2014-07-07,Jul,Mon,Weekday,18,B02598,391
2014-07-07,Jul,Mon,Weekday,18,B02617,460
2014-07-07,Jul,Mon,Weekday,18,B02682,331
2014-07-07,Jul,Mon,Weekday,18,B02764,18
2014-07-07,Jul,Mon,Weekday,19,B02512,81
2014-07-07,Jul,Mon,Weekday,19,B02598,390
2014-07-07,Jul,Mon,Weekday,19,B02617,461
2014-07-07,Jul,Mon,Weekday,19,B02682,312
2014-07-07,Jul,Mon,Weekday,19,B02764,9
2014-07-07,Jul,Mon,Weekday,20,B02512,61
2014-07-07,Jul,Mon,Weekday,20,B02598,352
2014-07-07,Jul,Mon,Weekday,20,B02617,418
2014-07-07,Jul,Mon,Weekday,20,B02682,283
2014-07-07,Jul,Mon,Weekday,20,B02764,8
2014-07-07,Jul,Mon,Weekday,21,B02512,45
2014-07-07,Jul,Mon,Weekday,21,B02598,334
2014-07-07,Jul,Mon,Weekday,21,B02617,390
2014-07-07,Jul,Mon,Weekday,21,B02682,270
2014-07-07,Jul,Mon,Weekday,21,B02764,11
2014-07-07,Jul,Mon,Weekday,22,B02512,33
2014-07-07,Jul,Mon,Weekday,22,B02598,231
2014-07-07,Jul,Mon,Weekday,22,B02617,253
2014-07-07,Jul,Mon,Weekday,22,B02682,211
2014-07-07,Jul,Mon,Weekday,22,B02764,7
2014-07-07,Jul,Mon,Weekday,23,B02512,18
2014-07-07,Jul,Mon,Weekday,23,B02598,184
2014-07-07,Jul,Mon,Weekday,23,B02617,170
2014-07-07,Jul,Mon,Weekday,23,B02682,128
2014-07-07,Jul,Mon,Weekday,23,B02764,3
2014-07-08,Jul,Tue,Weekday,0,B02512,13
2014-07-08,Jul,Tue,Weekday,0,B02598,129
2014-07-08,Jul,Tue,Weekday,0,B02617,97
2014-07-08,Jul,Tue,Weekday,0,B02682,99
2014-07-08,Jul,Tue,Weekday,0,B02764,3
2014-07-08,Jul,Tue,Weekday,1,B02512,4
2014-07-08,Jul,Tue,Weekday,1,B02598,61
2014-07-08,Jul,Tue,Weekday,1,B02617,58
2014-07-08,Jul,Tue,Weekday,1,B02682,41
2014-07-08,Jul,Tue,Weekday,1,B02764,1
2014-07-08,Jul,Tue,Weekday,2,B02512,3
2014-07-08,Jul,Tue,Weekday,2,B02598,38
2014-07-08,Jul,Tue,Weekday,2,B02617,27
2014-07-08,Jul,Tue,Weekday,2,B02682,31
2014-07-08,Jul,Tue,Weekday,2,B02764,3
2014-07-08,Jul,Tue,Weekday,3,B02512,6
2014-07-08,Jul,Tue,Weekday,3,B02598,62
2014-07-08,Jul,Tue,Weekday,3,B02617,68
2014-07-08,Jul,Tue,Weekday,3,B02682,53
2014-07-08,Jul,Tue,Weekday,3,B02764,1
2014-07-08,Jul,Tue,Weekday,4,B02512,7
2014-07-08,Jul,Tue,Weekday,4,B02598,97
2014-07-08,Jul,Tue,Weekday,4,B02617,94
2014-07-08,Jul,Tue,Weekday,4,B02682,81
2014-07-08,Jul,Tue,Weekday,4,B02764,1
2014-07-08,Jul,Tue,Weekday,5,B02512,15
2014-07-08,Jul,Tue,Weekday,5,B02598,150
2014-07-08,Jul,Tue,Weekday,5,B02617,198
2014-07-08,Jul,Tue,Weekday,5,B02682,161
2014-07-08,Jul,Tue,Weekday,5,B02764,11
2014-07-08,Jul,Tue,Weekday,6,B02512,34
2014-07-08,Jul,Tue,Weekday,6,B02598,295
2014-07-08,Jul,Tue,Weekday,6,B02617,310
2014-07-08,Jul,Tue,Weekday,6,B02682,295
2014-07-08,Jul,Tue,Weekday,6,B02764,21
2014-07-08,Jul,Tue,Weekday,7,B02512,58
2014-07-08,Jul,Tue,Weekday,7,B02598,412
2014-07-08,Jul,Tue,Weekday,7,B02617,475
2014-07-08,Jul,Tue,Weekday,7,B02682,399
2014-07-08,Jul,Tue,Weekday,7,B02764,22
2014-07-08,Jul,Tue,Weekday,8,B02512,50
2014-07-08,Jul,Tue,Weekday,8,B02598,418
2014-07-08,Jul,Tue,Weekday,8,B02617,427
2014-07-08,Jul,Tue,Weekday,8,B02682,397
2014-07-08,Jul,Tue,Weekday,8,B02764,19
2014-07-08,Jul,Tue,Weekday,9,B02512,50
2014-07-08,Jul,Tue,Weekday,9,B02598,295
2014-07-08,Jul,Tue,Weekday,9,B02617,348
2014-07-08,Jul,Tue,Weekday,9,B02682,251
2014-07-08,Jul,Tue,Weekday,9,B02764,17
2014-07-08,Jul,Tue,Weekday,10,B02512,50
2014-07-08,Jul,Tue,Weekday,10,B02598,319
2014-07-08,Jul,Tue,Weekday,10,B02617,316
2014-07-08,Jul,Tue,Weekday,10,B02682,233
2014-07-08,Jul,Tue,Weekday,10,B02764,23
2014-07-08,Jul,Tue,Weekday,11,B02512,52
2014-07-08,Jul,Tue,Weekday,11,B02598,329
2014-07-08,Jul,Tue,Weekday,11,B02617,294
2014-07-08,Jul,Tue,Weekday,11,B02682,245
2014-07-08,Jul,Tue,Weekday,11,B02764,12
2014-07-08,Jul,Tue,Weekday,12,B02512,62
2014-07-08,Jul,Tue,Weekday,12,B02598,376
2014-07-08,Jul,Tue,Weekday,12,B02617,358
2014-07-08,Jul,Tue,Weekday,12,B02682,264
2014-07-08,Jul,Tue,Weekday,12,B02764,19
2014-07-08,Jul,Tue,Weekday,13,B02512,57
2014-07-08,Jul,Tue,Weekday,13,B02598,392
2014-07-08,Jul,Tue,Weekday,13,B02617,398
2014-07-08,Jul,Tue,Weekday,13,B02682,309
2014-07-08,Jul,Tue,Weekday,13,B02764,12
2014-07-08,Jul,Tue,Weekday,14,B02512,70
2014-07-08,Jul,Tue,Weekday,14,B02598,443
2014-07-08,Jul,Tue,Weekday,14,B02617,474
2014-07-08,Jul,Tue,Weekday,14,B02682,370
2014-07-08,Jul,Tue,Weekday,14,B02764,22
2014-07-08,Jul,Tue,Weekday,15,B02512,70
2014-07-08,Jul,Tue,Weekday,15,B02598,496
2014-07-08,Jul,Tue,Weekday,15,B02617,527
2014-07-08,Jul,Tue,Weekday,15,B02682,372
2014-07-08,Jul,Tue,Weekday,15,B02764,29
2014-07-08,Jul,Tue,Weekday,16,B02512,89
2014-07-08,Jul,Tue,Weekday,16,B02598,619
2014-07-08,Jul,Tue,Weekday,16,B02617,624
2014-07-08,Jul,Tue,Weekday,16,B02682,437
2014-07-08,Jul,Tue,Weekday,16,B02764,26
2014-07-08,Jul,Tue,Weekday,17,B02512,113
2014-07-08,Jul,Tue,Weekday,17,B02598,737
2014-07-08,Jul,Tue,Weekday,17,B02617,714
2014-07-08,Jul,Tue,Weekday,17,B02682,527
2014-07-08,Jul,Tue,Weekday,17,B02764,32
2014-07-08,Jul,Tue,Weekday,18,B02512,110
2014-07-08,Jul,Tue,Weekday,18,B02598,604
2014-07-08,Jul,Tue,Weekday,18,B02617,680
2014-07-08,Jul,Tue,Weekday,18,B02682,483
2014-07-08,Jul,Tue,Weekday,18,B02764,22
2014-07-08,Jul,Tue,Weekday,19,B02512,90
2014-07-08,Jul,Tue,Weekday,19,B02598,513
2014-07-08,Jul,Tue,Weekday,19,B02617,581
2014-07-08,Jul,Tue,Weekday,19,B02682,417
2014-07-08,Jul,Tue,Weekday,19,B02764,17
2014-07-08,Jul,Tue,Weekday,20,B02512,75
2014-07-08,Jul,Tue,Weekday,20,B02598,510
2014-07-08,Jul,Tue,Weekday,20,B02617,600
2014-07-08,Jul,Tue,Weekday,20,B02682,460
2014-07-08,Jul,Tue,Weekday,20,B02764,18
2014-07-08,Jul,Tue,Weekday,21,B02512,81
2014-07-08,Jul,Tue,Weekday,21,B02598,551
2014-07-08,Jul,Tue,Weekday,21,B02617,615
2014-07-08,Jul,Tue,Weekday,21,B02682,420
2014-07-08,Jul,Tue,Weekday,21,B02764,13
2014-07-08,Jul,Tue,Weekday,22,B02512,39
2014-07-08,Jul,Tue,Weekday,22,B02598,378
2014-07-08,Jul,Tue,Weekday,22,B02617,418
2014-07-08,Jul,Tue,Weekday,22,B02682,289
2014-07-08,Jul,Tue,Weekday,22,B02764,10
2014-07-08,Jul,Tue,Weekday,23,B02512,23
2014-07-08,Jul,Tue,Weekday,23,B02598,218
2014-07-08,Jul,Tue,Weekday,23,B02617,220
2014-07-08,Jul,Tue,Weekday,23,B02682,185
2014-07-08,Jul,Tue,Weekday,23,B02764,6
2014-07-09,Jul,Wed,Weekday,0,B02512,9
2014-07-09,Jul,Wed,Weekday,0,B02598,119
2014-07-09,Jul,Wed,Weekday,0,B02617,127
2014-07-09,Jul,Wed,Weekday,0,B02682,105
2014-07-09,Jul,Wed,Weekday,0,B02764,1
2014-07-09,Jul,Wed,Weekday,1,B02512,7
2014-07-09,Jul,Wed,Weekday,1,B02598,69
2014-07-09,Jul,Wed,Weekday,1,B02617,77
2014-07-09,Jul,Wed,Weekday,1,B02682,60
2014-07-09,Jul,Wed,Weekday,1,B02764,1
2014-07-09,Jul,Wed,Weekday,2,B02512,5
2014-07-09,Jul,Wed,Weekday,2,B02598,59
2014-07-09,Jul,Wed,Weekday,2,B02617,41
2014-07-09,Jul,Wed,Weekday,2,B02682,30
2014-07-09,Jul,Wed,Weekday,3,B02512,7
2014-07-09,Jul,Wed,Weekday,3,B02598,79
2014-07-09,Jul,Wed,Weekday,3,B02617,73
2014-07-09,Jul,Wed,Weekday,3,B02682,56
2014-07-09,Jul,Wed,Weekday,3,B02764,2
2014-07-09,Jul,Wed,Weekday,4,B02512,13
2014-07-09,Jul,Wed,Weekday,4,B02598,98
2014-07-09,Jul,Wed,Weekday,4,B02617,104
2014-07-09,Jul,Wed,Weekday,4,B02682,88
2014-07-09,Jul,Wed,Weekday,4,B02764,3
2014-07-09,Jul,Wed,Weekday,5,B02512,29
2014-07-09,Jul,Wed,Weekday,5,B02598,186
2014-07-09,Jul,Wed,Weekday,5,B02617,191
2014-07-09,Jul,Wed,Weekday,5,B02682,164
2014-07-09,Jul,Wed,Weekday,5,B02764,2
2014-07-09,Jul,Wed,Weekday,6,B02512,41
2014-07-09,Jul,Wed,Weekday,6,B02598,313
2014-07-09,Jul,Wed,Weekday,6,B02617,353
2014-07-09,Jul,Wed,Weekday,6,B02682,272
2014-07-09,Jul,Wed,Weekday,6,B02764,9
2014-07-09,Jul,Wed,Weekday,7,B02512,68
2014-07-09,Jul,Wed,Weekday,7,B02598,426
2014-07-09,Jul,Wed,Weekday,7,B02617,501
2014-07-09,Jul,Wed,Weekday,7,B02682,382
2014-07-09,Jul,Wed,Weekday,7,B02764,11
2014-07-09,Jul,Wed,Weekday,8,B02512,63
2014-07-09,Jul,Wed,Weekday,8,B02598,440
2014-07-09,Jul,Wed,Weekday,8,B02617,492
2014-07-09,Jul,Wed,Weekday,8,B02682,387
2014-07-09,Jul,Wed,Weekday,8,B02764,12
2014-07-09,Jul,Wed,Weekday,9,B02512,43
2014-07-09,Jul,Wed,Weekday,9,B02598,334
2014-07-09,Jul,Wed,Weekday,9,B02617,381
2014-07-09,Jul,Wed,Weekday,9,B02682,268
2014-07-09,Jul,Wed,Weekday,9,B02764,9
2014-07-09,Jul,Wed,Weekday,10,B02512,56
2014-07-09,Jul,Wed,Weekday,10,B02598,284
2014-07-09,Jul,Wed,Weekday,10,B02617,366
2014-07-09,Jul,Wed,Weekday,10,B02682,260
2014-07-09,Jul,Wed,Weekday,10,B02764,10
2014-07-09,Jul,Wed,Weekday,11,B02512,60
2014-07-09,Jul,Wed,Weekday,11,B02598,328
2014-07-09,Jul,Wed,Weekday,11,B02617,376
2014-07-09,Jul,Wed,Weekday,11,B02682,260
2014-07-09,Jul,Wed,Weekday,11,B02764,18
2014-07-09,Jul,Wed,Weekday,12,B02512,51
2014-07-09,Jul,Wed,Weekday,12,B02598,348
2014-07-09,Jul,Wed,Weekday,12,B02617,353
2014-07-09,Jul,Wed,Weekday,12,B02682,259
2014-07-09,Jul,Wed,Weekday,12,B02764,16
2014-07-09,Jul,Wed,Weekday,13,B02512,59
2014-07-09,Jul,Wed,Weekday,13,B02598,374
2014-07-09,Jul,Wed,Weekday,13,B02617,438
2014-07-09,Jul,Wed,Weekday,13,B02682,303
2014-07-09,Jul,Wed,Weekday,13,B02764,19
2014-07-09,Jul,Wed,Weekday,14,B02512,73
2014-07-09,Jul,Wed,Weekday,14,B02598,454
2014-07-09,Jul,Wed,Weekday,14,B02617,496
2014-07-09,Jul,Wed,Weekday,14,B02682,377
2014-07-09,Jul,Wed,Weekday,14,B02764,20
2014-07-09,Jul,Wed,Weekday,15,B02512,81
2014-07-09,Jul,Wed,Weekday,15,B02598,548
2014-07-09,Jul,Wed,Weekday,15,B02617,576
2014-07-09,Jul,Wed,Weekday,15,B02682,397
2014-07-09,Jul,Wed,Weekday,15,B02764,18
2014-07-09,Jul,Wed,Weekday,16,B02512,94
2014-07-09,Jul,Wed,Weekday,16,B02598,611
2014-07-09,Jul,Wed,Weekday,16,B02617,652
2014-07-09,Jul,Wed,Weekday,16,B02682,459
2014-07-09,Jul,Wed,Weekday,16,B02764,23
2014-07-09,Jul,Wed,Weekday,17,B02512,125
2014-07-09,Jul,Wed,Weekday,17,B02598,730
2014-07-09,Jul,Wed,Weekday,17,B02617,742
2014-07-09,Jul,Wed,Weekday,17,B02682,542
2014-07-09,Jul,Wed,Weekday,17,B02764,14
2014-07-09,Jul,Wed,Weekday,18,B02512,116
2014-07-09,Jul,Wed,Weekday,18,B02598,667
2014-07-09,Jul,Wed,Weekday,18,B02617,787
2014-07-09,Jul,Wed,Weekday,18,B02682,567
2014-07-09,Jul,Wed,Weekday,18,B02764,15
2014-07-09,Jul,Wed,Weekday,19,B02512,99
2014-07-09,Jul,Wed,Weekday,19,B02598,615
2014-07-09,Jul,Wed,Weekday,19,B02617,755
2014-07-09,Jul,Wed,Weekday,19,B02682,519
2014-07-09,Jul,Wed,Weekday,19,B02764,18
2014-07-09,Jul,Wed,Weekday,20,B02512,107
2014-07-09,Jul,Wed,Weekday,20,B02598,576
2014-07-09,Jul,Wed,Weekday,20,B02617,686
2014-07-09,Jul,Wed,Weekday,20,B02682,492
2014-07-09,Jul,Wed,Weekday,20,B02764,15
2014-07-09,Jul,Wed,Weekday,21,B02512,83
2014-07-09,Jul,Wed,Weekday,21,B02598,569
2014-07-09,Jul,Wed,Weekday,21,B02617,632
2014-07-09,Jul,Wed,Weekday,21,B02682,462
2014-07-09,Jul,Wed,Weekday,21,B02764,13
2014-07-09,Jul,Wed,Weekday,22,B02512,55
2014-07-09,Jul,Wed,Weekday,22,B02598,465
2014-07-09,Jul,Wed,Weekday,22,B02617,502
2014-07-09,Jul,Wed,Weekday,22,B02682,331
2014-07-09,Jul,Wed,Weekday,22,B02764,8
2014-07-09,Jul,Wed,Weekday,23,B02512,22
2014-07-09,Jul,Wed,Weekday,23,B02598,249
2014-07-09,Jul,Wed,Weekday,23,B02617,301
2014-07-09,Jul,Wed,Weekday,23,B02682,209
2014-07-09,Jul,Wed,Weekday,23,B02764,2
2014-07-10,Jul,Thu,Weekday,0,B02512,20
2014-07-10,Jul,Thu,Weekday,0,B02598,161
2014-07-10,Jul,Thu,Weekday,0,B02617,144
2014-07-10,Jul,Thu,Weekday,0,B02682,111
2014-07-10,Jul,Thu,Weekday,0,B02764,1
2014-07-10,Jul,Thu,Weekday,1,B02512,11
2014-07-10,Jul,Thu,Weekday,1,B02598,85
2014-07-10,Jul,Thu,Weekday,1,B02617,69
2014-07-10,Jul,Thu,Weekday,1,B02682,47
2014-07-10,Jul,Thu,Weekday,2,B02512,5
2014-07-10,Jul,Thu,Weekday,2,B02598,44
2014-07-10,Jul,Thu,Weekday,2,B02617,61
2014-07-10,Jul,Thu,Weekday,2,B02682,36
2014-07-10,Jul,Thu,Weekday,3,B02512,12
2014-07-10,Jul,Thu,Weekday,3,B02598,86
2014-07-10,Jul,Thu,Weekday,3,B02617,66
2014-07-10,Jul,Thu,Weekday,3,B02682,68
2014-07-10,Jul,Thu,Weekday,3,B02764,1
2014-07-10,Jul,Thu,Weekday,4,B02512,13
2014-07-10,Jul,Thu,Weekday,4,B02598,101
2014-07-10,Jul,Thu,Weekday,4,B02617,94
2014-07-10,Jul,Thu,Weekday,4,B02682,92
2014-07-10,Jul,Thu,Weekday,4,B02764,3
2014-07-10,Jul,Thu,Weekday,5,B02512,25
2014-07-10,Jul,Thu,Weekday,5,B02598,178
2014-07-10,Jul,Thu,Weekday,5,B02617,177
2014-07-10,Jul,Thu,Weekday,5,B02682,180
2014-07-10,Jul,Thu,Weekday,5,B02764,6
2014-07-10,Jul,Thu,Weekday,6,B02512,46
2014-07-10,Jul,Thu,Weekday,6,B02598,343
2014-07-10,Jul,Thu,Weekday,6,B02617,345
2014-07-10,Jul,Thu,Weekday,6,B02682,325
2014-07-10,Jul,Thu,Weekday,6,B02764,19
2014-07-10,Jul,Thu,Weekday,7,B02512,58
2014-07-10,Jul,Thu,Weekday,7,B02598,450
2014-07-10,Jul,Thu,Weekday,7,B02617,521
2014-07-10,Jul,Thu,Weekday,7,B02682,379
2014-07-10,Jul,Thu,Weekday,7,B02764,20
2014-07-10,Jul,Thu,Weekday,8,B02512,63
2014-07-10,Jul,Thu,Weekday,8,B02598,453
2014-07-10,Jul,Thu,Weekday,8,B02617,512
2014-07-10,Jul,Thu,Weekday,8,B02682,426
2014-07-10,Jul,Thu,Weekday,8,B02764,19
2014-07-10,Jul,Thu,Weekday,9,B02512,44
2014-07-10,Jul,Thu,Weekday,9,B02598,339
2014-07-10,Jul,Thu,Weekday,9,B02617,392
2014-07-10,Jul,Thu,Weekday,9,B02682,271
2014-07-10,Jul,Thu,Weekday,9,B02764,21
2014-07-10,Jul,Thu,Weekday,10,B02512,63
2014-07-10,Jul,Thu,Weekday,10,B02598,341
2014-07-10,Jul,Thu,Weekday,10,B02617,369
2014-07-10,Jul,Thu,Weekday,10,B02682,262
2014-07-10,Jul,Thu,Weekday,10,B02764,18
2014-07-10,Jul,Thu,Weekday,11,B02512,59
2014-07-10,Jul,Thu,Weekday,11,B02598,342
2014-07-10,Jul,Thu,Weekday,11,B02617,367
2014-07-10,Jul,Thu,Weekday,11,B02682,272
2014-07-10,Jul,Thu,Weekday,11,B02764,17
2014-07-10,Jul,Thu,Weekday,12,B02512,56
2014-07-10,Jul,Thu,Weekday,12,B02598,362
2014-07-10,Jul,Thu,Weekday,12,B02617,359
2014-07-10,Jul,Thu,Weekday,12,B02682,294
2014-07-10,Jul,Thu,Weekday,12,B02764,19
2014-07-10,Jul,Thu,Weekday,13,B02512,64
2014-07-10,Jul,Thu,Weekday,13,B02598,391
2014-07-10,Jul,Thu,Weekday,13,B02617,448
2014-07-10,Jul,Thu,Weekday,13,B02682,321
2014-07-10,Jul,Thu,Weekday,13,B02764,22
2014-07-10,Jul,Thu,Weekday,14,B02512,70
2014-07-10,Jul,Thu,Weekday,14,B02598,479
2014-07-10,Jul,Thu,Weekday,14,B02617,561
2014-07-10,Jul,Thu,Weekday,14,B02682,359
2014-07-10,Jul,Thu,Weekday,14,B02764,19
2014-07-10,Jul,Thu,Weekday,15,B02512,98
2014-07-10,Jul,Thu,Weekday,15,B02598,605
2014-07-10,Jul,Thu,Weekday,15,B02617,675
2014-07-10,Jul,Thu,Weekday,15,B02682,451
2014-07-10,Jul,Thu,Weekday,15,B02764,26
2014-07-10,Jul,Thu,Weekday,16,B02512,98
2014-07-10,Jul,Thu,Weekday,16,B02598,672
2014-07-10,Jul,Thu,Weekday,16,B02617,787
2014-07-10,Jul,Thu,Weekday,16,B02682,553
2014-07-10,Jul,Thu,Weekday,16,B02764,36
2014-07-10,Jul,Thu,Weekday,17,B02512,111
2014-07-10,Jul,Thu,Weekday,17,B02598,730
2014-07-10,Jul,Thu,Weekday,17,B02617,878
2014-07-10,Jul,Thu,Weekday,17,B02682,560
2014-07-10,Jul,Thu,Weekday,17,B02764,25
2014-07-10,Jul,Thu,Weekday,18,B02512,94
2014-07-10,Jul,Thu,Weekday,18,B02598,673
2014-07-10,Jul,Thu,Weekday,18,B02617,869
2014-07-10,Jul,Thu,Weekday,18,B02682,529
2014-07-10,Jul,Thu,Weekday,18,B02764,19
2014-07-10,Jul,Thu,Weekday,19,B02512,87
2014-07-10,Jul,Thu,Weekday,19,B02598,670
2014-07-10,Jul,Thu,Weekday,19,B02617,761
2014-07-10,Jul,Thu,Weekday,19,B02682,482
2014-07-10,Jul,Thu,Weekday,19,B02764,26
2014-07-10,Jul,Thu,Weekday,20,B02512,89
2014-07-10,Jul,Thu,Weekday,20,B02598,703
2014-07-10,Jul,Thu,Weekday,20,B02617,860
2014-07-10,Jul,Thu,Weekday,20,B02682,518
2014-07-10,Jul,Thu,Weekday,20,B02764,27
2014-07-10,Jul,Thu,Weekday,21,B02512,103
2014-07-10,Jul,Thu,Weekday,21,B02598,650
2014-07-10,Jul,Thu,Weekday,21,B02617,766
2014-07-10,Jul,Thu,Weekday,21,B02682,522
2014-07-10,Jul,Thu,Weekday,21,B02764,14
2014-07-10,Jul,Thu,Weekday,22,B02512,73
2014-07-10,Jul,Thu,Weekday,22,B02598,577
2014-07-10,Jul,Thu,Weekday,22,B02617,665
2014-07-10,Jul,Thu,Weekday,22,B02682,424
2014-07-10,Jul,Thu,Weekday,22,B02764,18
2014-07-10,Jul,Thu,Weekday,23,B02512,39
2014-07-10,Jul,Thu,Weekday,23,B02598,370
2014-07-10,Jul,Thu,Weekday,23,B02617,400
2014-07-10,Jul,Thu,Weekday,23,B02682,321
2014-07-10,Jul,Thu,Weekday,23,B02764,10
2014-07-11,Jul,Fri,Weekday,0,B02512,19
2014-07-11,Jul,Fri,Weekday,0,B02598,189
2014-07-11,Jul,Fri,Weekday,0,B02617,245
2014-07-11,Jul,Fri,Weekday,0,B02682,147
2014-07-11,Jul,Fri,Weekday,0,B02764,5
2014-07-11,Jul,Fri,Weekday,1,B02512,7
2014-07-11,Jul,Fri,Weekday,1,B02598,109
2014-07-11,Jul,Fri,Weekday,1,B02617,131
2014-07-11,Jul,Fri,Weekday,1,B02682,99
2014-07-11,Jul,Fri,Weekday,1,B02764,4
2014-07-11,Jul,Fri,Weekday,2,B02512,8
2014-07-11,Jul,Fri,Weekday,2,B02598,62
2014-07-11,Jul,Fri,Weekday,2,B02617,91
2014-07-11,Jul,Fri,Weekday,2,B02682,67
2014-07-11,Jul,Fri,Weekday,2,B02764,3
2014-07-11,Jul,Fri,Weekday,3,B02512,9
2014-07-11,Jul,Fri,Weekday,3,B02598,96
2014-07-11,Jul,Fri,Weekday,3,B02617,105
2014-07-11,Jul,Fri,Weekday,3,B02682,79
2014-07-11,Jul,Fri,Weekday,3,B02764,2
2014-07-11,Jul,Fri,Weekday,4,B02512,5
2014-07-11,Jul,Fri,Weekday,4,B02598,115
2014-07-11,Jul,Fri,Weekday,4,B02617,111
2014-07-11,Jul,Fri,Weekday,4,B02682,101
2014-07-11,Jul,Fri,Weekday,4,B02764,1
2014-07-11,Jul,Fri,Weekday,5,B02512,16
2014-07-11,Jul,Fri,Weekday,5,B02598,164
2014-07-11,Jul,Fri,Weekday,5,B02617,191
2014-07-11,Jul,Fri,Weekday,5,B02682,183
2014-07-11,Jul,Fri,Weekday,5,B02764,6
2014-07-11,Jul,Fri,Weekday,6,B02512,32
2014-07-11,Jul,Fri,Weekday,6,B02598,282
2014-07-11,Jul,Fri,Weekday,6,B02617,295
2014-07-11,Jul,Fri,Weekday,6,B02682,268
2014-07-11,Jul,Fri,Weekday,6,B02764,6
2014-07-11,Jul,Fri,Weekday,7,B02512,51
2014-07-11,Jul,Fri,Weekday,7,B02598,399
2014-07-11,Jul,Fri,Weekday,7,B02617,460
2014-07-11,Jul,Fri,Weekday,7,B02682,349
2014-07-11,Jul,Fri,Weekday,7,B02764,17
2014-07-11,Jul,Fri,Weekday,8,B02512,55
2014-07-11,Jul,Fri,Weekday,8,B02598,429
2014-07-11,Jul,Fri,Weekday,8,B02617,426
2014-07-11,Jul,Fri,Weekday,8,B02682,345
2014-07-11,Jul,Fri,Weekday,8,B02764,17
2014-07-11,Jul,Fri,Weekday,9,B02512,43
2014-07-11,Jul,Fri,Weekday,9,B02598,336
2014-07-11,Jul,Fri,Weekday,9,B02617,335
2014-07-11,Jul,Fri,Weekday,9,B02682,271
2014-07-11,Jul,Fri,Weekday,9,B02764,23
2014-07-11,Jul,Fri,Weekday,10,B02512,42
2014-07-11,Jul,Fri,Weekday,10,B02598,302
2014-07-11,Jul,Fri,Weekday,10,B02617,375
2014-07-11,Jul,Fri,Weekday,10,B02682,281
2014-07-11,Jul,Fri,Weekday,10,B02764,17
2014-07-11,Jul,Fri,Weekday,11,B02512,54
2014-07-11,Jul,Fri,Weekday,11,B02598,319
2014-07-11,Jul,Fri,Weekday,11,B02617,378
2014-07-11,Jul,Fri,Weekday,11,B02682,275
2014-07-11,Jul,Fri,Weekday,11,B02764,11
2014-07-11,Jul,Fri,Weekday,12,B02512,65
2014-07-11,Jul,Fri,Weekday,12,B02598,321
2014-07-11,Jul,Fri,Weekday,12,B02617,347
2014-07-11,Jul,Fri,Weekday,12,B02682,286
2014-07-11,Jul,Fri,Weekday,12,B02764,16
2014-07-11,Jul,Fri,Weekday,13,B02512,79
2014-07-11,Jul,Fri,Weekday,13,B02598,407
2014-07-11,Jul,Fri,Weekday,13,B02617,481
2014-07-11,Jul,Fri,Weekday,13,B02682,302
2014-07-11,Jul,Fri,Weekday,13,B02764,17
2014-07-11,Jul,Fri,Weekday,14,B02512,64
2014-07-11,Jul,Fri,Weekday,14,B02598,476
2014-07-11,Jul,Fri,Weekday,14,B02617,583
2014-07-11,Jul,Fri,Weekday,14,B02682,377
2014-07-11,Jul,Fri,Weekday,14,B02764,18
2014-07-11,Jul,Fri,Weekday,15,B02512,87
2014-07-11,Jul,Fri,Weekday,15,B02598,553
2014-07-11,Jul,Fri,Weekday,15,B02617,669
2014-07-11,Jul,Fri,Weekday,15,B02682,419
2014-07-11,Jul,Fri,Weekday,15,B02764,25
2014-07-11,Jul,Fri,Weekday,16,B02512,82
2014-07-11,Jul,Fri,Weekday,16,B02598,581
2014-07-11,Jul,Fri,Weekday,16,B02617,773
2014-07-11,Jul,Fri,Weekday,16,B02682,445
2014-07-11,Jul,Fri,Weekday,16,B02764,22
2014-07-11,Jul,Fri,Weekday,17,B02512,97
2014-07-11,Jul,Fri,Weekday,17,B02598,625
2014-07-11,Jul,Fri,Weekday,17,B02617,764
2014-07-11,Jul,Fri,Weekday,17,B02682,470
2014-07-11,Jul,Fri,Weekday,17,B02764,17
2014-07-11,Jul,Fri,Weekday,18,B02512,86
2014-07-11,Jul,Fri,Weekday,18,B02598,639
2014-07-11,Jul,Fri,Weekday,18,B02617,781
2014-07-11,Jul,Fri,Weekday,18,B02682,438
2014-07-11,Jul,Fri,Weekday,18,B02764,23
2014-07-11,Jul,Fri,Weekday,19,B02512,59
2014-07-11,Jul,Fri,Weekday,19,B02598,517
2014-07-11,Jul,Fri,Weekday,19,B02617,613
2014-07-11,Jul,Fri,Weekday,19,B02682,382
2014-07-11,Jul,Fri,Weekday,19,B02764,12
2014-07-11,Jul,Fri,Weekday,20,B02512,66
2014-07-11,Jul,Fri,Weekday,20,B02598,470
2014-07-11,Jul,Fri,Weekday,20,B02617,586
2014-07-11,Jul,Fri,Weekday,20,B02682,365
2014-07-11,Jul,Fri,Weekday,20,B02764,13
2014-07-11,Jul,Fri,Weekday,21,B02512,71
2014-07-11,Jul,Fri,Weekday,21,B02598,573
2014-07-11,Jul,Fri,Weekday,21,B02617,716
2014-07-11,Jul,Fri,Weekday,21,B02682,416
2014-07-11,Jul,Fri,Weekday,21,B02764,8
2014-07-11,Jul,Fri,Weekday,22,B02512,73
2014-07-11,Jul,Fri,Weekday,22,B02598,654
2014-07-11,Jul,Fri,Weekday,22,B02617,753
2014-07-11,Jul,Fri,Weekday,22,B02682,470
2014-07-11,Jul,Fri,Weekday,22,B02764,8
2014-07-11,Jul,Fri,Weekday,23,B02512,62
2014-07-11,Jul,Fri,Weekday,23,B02598,527
2014-07-11,Jul,Fri,Weekday,23,B02617,626
2014-07-11,Jul,Fri,Weekday,23,B02682,407
2014-07-11,Jul,Fri,Weekday,23,B02764,7
2014-07-12,Jul,Sat,Weekend,0,B02512,29
2014-07-12,Jul,Sat,Weekend,0,B02598,424
2014-07-12,Jul,Sat,Weekend,0,B02617,522
2014-07-12,Jul,Sat,Weekend,0,B02682,322
2014-07-12,Jul,Sat,Weekend,0,B02764,5
2014-07-12,Jul,Sat,Weekend,1,B02512,21
2014-07-12,Jul,Sat,Weekend,1,B02598,285
2014-07-12,Jul,Sat,Weekend,1,B02617,368
2014-07-12,Jul,Sat,Weekend,1,B02682,215
2014-07-12,Jul,Sat,Weekend,1,B02764,4
2014-07-12,Jul,Sat,Weekend,2,B02512,18
2014-07-12,Jul,Sat,Weekend,2,B02598,201
2014-07-12,Jul,Sat,Weekend,2,B02617,234
2014-07-12,Jul,Sat,Weekend,2,B02682,155
2014-07-12,Jul,Sat,Weekend,2,B02764,1
2014-07-12,Jul,Sat,Weekend,3,B02512,6
2014-07-12,Jul,Sat,Weekend,3,B02598,131
2014-07-12,Jul,Sat,Weekend,3,B02617,181
2014-07-12,Jul,Sat,Weekend,3,B02682,93
2014-07-12,Jul,Sat,Weekend,4,B02512,7
2014-07-12,Jul,Sat,Weekend,4,B02598,99
2014-07-12,Jul,Sat,Weekend,4,B02617,94
2014-07-12,Jul,Sat,Weekend,4,B02682,61
2014-07-12,Jul,Sat,Weekend,5,B02512,5
2014-07-12,Jul,Sat,Weekend,5,B02598,115
2014-07-12,Jul,Sat,Weekend,5,B02617,111
2014-07-12,Jul,Sat,Weekend,5,B02682,89
2014-07-12,Jul,Sat,Weekend,5,B02764,1
2014-07-12,Jul,Sat,Weekend,6,B02512,10
2014-07-12,Jul,Sat,Weekend,6,B02598,112
2014-07-12,Jul,Sat,Weekend,6,B02617,115
2014-07-12,Jul,Sat,Weekend,6,B02682,103
2014-07-12,Jul,Sat,Weekend,6,B02764,2
2014-07-12,Jul,Sat,Weekend,7,B02512,21
2014-07-12,Jul,Sat,Weekend,7,B02598,142
2014-07-12,Jul,Sat,Weekend,7,B02617,157
2014-07-12,Jul,Sat,Weekend,7,B02682,126
2014-07-12,Jul,Sat,Weekend,7,B02764,4
2014-07-12,Jul,Sat,Weekend,8,B02512,29
2014-07-12,Jul,Sat,Weekend,8,B02598,201
2014-07-12,Jul,Sat,Weekend,8,B02617,192
2014-07-12,Jul,Sat,Weekend,8,B02682,157
2014-07-12,Jul,Sat,Weekend,8,B02764,8
2014-07-12,Jul,Sat,Weekend,9,B02512,32
2014-07-12,Jul,Sat,Weekend,9,B02598,249
2014-07-12,Jul,Sat,Weekend,9,B02617,254
2014-07-12,Jul,Sat,Weekend,9,B02682,206
2014-07-12,Jul,Sat,Weekend,9,B02764,15
2014-07-12,Jul,Sat,Weekend,10,B02512,43
2014-07-12,Jul,Sat,Weekend,10,B02598,298
2014-07-12,Jul,Sat,Weekend,10,B02617,298
2014-07-12,Jul,Sat,Weekend,10,B02682,251
2014-07-12,Jul,Sat,Weekend,10,B02764,20
2014-07-12,Jul,Sat,Weekend,11,B02512,45
2014-07-12,Jul,Sat,Weekend,11,B02598,339
2014-07-12,Jul,Sat,Weekend,11,B02617,346
2014-07-12,Jul,Sat,Weekend,11,B02682,245
2014-07-12,Jul,Sat,Weekend,11,B02764,19
2014-07-12,Jul,Sat,Weekend,12,B02512,56
2014-07-12,Jul,Sat,Weekend,12,B02598,332
2014-07-12,Jul,Sat,Weekend,12,B02617,377
2014-07-12,Jul,Sat,Weekend,12,B02682,269
2014-07-12,Jul,Sat,Weekend,12,B02764,13
2014-07-12,Jul,Sat,Weekend,13,B02512,47
2014-07-12,Jul,Sat,Weekend,13,B02598,352
2014-07-12,Jul,Sat,Weekend,13,B02617,407
2014-07-12,Jul,Sat,Weekend,13,B02682,296
2014-07-12,Jul,Sat,Weekend,13,B02764,20
2014-07-12,Jul,Sat,Weekend,14,B02512,61
2014-07-12,Jul,Sat,Weekend,14,B02598,434
2014-07-12,Jul,Sat,Weekend,14,B02617,506
2014-07-12,Jul,Sat,Weekend,14,B02682,319
2014-07-12,Jul,Sat,Weekend,14,B02764,21
2014-07-12,Jul,Sat,Weekend,15,B02512,62
2014-07-12,Jul,Sat,Weekend,15,B02598,489
2014-07-12,Jul,Sat,Weekend,15,B02617,550
2014-07-12,Jul,Sat,Weekend,15,B02682,367
2014-07-12,Jul,Sat,Weekend,15,B02764,18
2014-07-12,Jul,Sat,Weekend,16,B02512,51
2014-07-12,Jul,Sat,Weekend,16,B02598,543
2014-07-12,Jul,Sat,Weekend,16,B02617,667
2014-07-12,Jul,Sat,Weekend,16,B02682,399
2014-07-12,Jul,Sat,Weekend,16,B02764,18
2014-07-12,Jul,Sat,Weekend,17,B02512,65
2014-07-12,Jul,Sat,Weekend,17,B02598,553
2014-07-12,Jul,Sat,Weekend,17,B02617,659
2014-07-12,Jul,Sat,Weekend,17,B02682,395
2014-07-12,Jul,Sat,Weekend,17,B02764,20
2014-07-12,Jul,Sat,Weekend,18,B02512,52
2014-07-12,Jul,Sat,Weekend,18,B02598,534
2014-07-12,Jul,Sat,Weekend,18,B02617,672
2014-07-12,Jul,Sat,Weekend,18,B02682,404
2014-07-12,Jul,Sat,Weekend,18,B02764,11
2014-07-12,Jul,Sat,Weekend,19,B02512,57
2014-07-12,Jul,Sat,Weekend,19,B02598,443
2014-07-12,Jul,Sat,Weekend,19,B02617,548
2014-07-12,Jul,Sat,Weekend,19,B02682,359
2014-07-12,Jul,Sat,Weekend,19,B02764,13
2014-07-12,Jul,Sat,Weekend,20,B02512,53
2014-07-12,Jul,Sat,Weekend,20,B02598,441
2014-07-12,Jul,Sat,Weekend,20,B02617,572
2014-07-12,Jul,Sat,Weekend,20,B02682,384
2014-07-12,Jul,Sat,Weekend,20,B02764,2
2014-07-12,Jul,Sat,Weekend,21,B02512,60
2014-07-12,Jul,Sat,Weekend,21,B02598,513
2014-07-12,Jul,Sat,Weekend,21,B02617,659
2014-07-12,Jul,Sat,Weekend,21,B02682,412
2014-07-12,Jul,Sat,Weekend,21,B02764,4
2014-07-12,Jul,Sat,Weekend,22,B02512,62
2014-07-12,Jul,Sat,Weekend,22,B02598,582
2014-07-12,Jul,Sat,Weekend,22,B02617,746
2014-07-12,Jul,Sat,Weekend,22,B02682,461
2014-07-12,Jul,Sat,Weekend,22,B02764,4
2014-07-12,Jul,Sat,Weekend,23,B02512,63
2014-07-12,Jul,Sat,Weekend,23,B02598,568
2014-07-12,Jul,Sat,Weekend,23,B02617,632
2014-07-12,Jul,Sat,Weekend,23,B02682,415
2014-07-12,Jul,Sat,Weekend,23,B02764,8
2014-07-13,Jul,Sun,Weekend,0,B02512,42
2014-07-13,Jul,Sun,Weekend,0,B02598,420
2014-07-13,Jul,Sun,Weekend,0,B02617,507
2014-07-13,Jul,Sun,Weekend,0,B02682,329
2014-07-13,Jul,Sun,Weekend,0,B02764,6
2014-07-13,Jul,Sun,Weekend,1,B02512,36
2014-07-13,Jul,Sun,Weekend,1,B02598,283
2014-07-13,Jul,Sun,Weekend,1,B02617,414
2014-07-13,Jul,Sun,Weekend,1,B02682,226
2014-07-13,Jul,Sun,Weekend,2,B02512,22
2014-07-13,Jul,Sun,Weekend,2,B02598,224
2014-07-13,Jul,Sun,Weekend,2,B02617,302
2014-07-13,Jul,Sun,Weekend,2,B02682,169
2014-07-13,Jul,Sun,Weekend,2,B02764,2
2014-07-13,Jul,Sun,Weekend,3,B02512,16
2014-07-13,Jul,Sun,Weekend,3,B02598,147
2014-07-13,Jul,Sun,Weekend,3,B02617,197
2014-07-13,Jul,Sun,Weekend,3,B02682,110
2014-07-13,Jul,Sun,Weekend,3,B02764,1
2014-07-13,Jul,Sun,Weekend,4,B02512,5
2014-07-13,Jul,Sun,Weekend,4,B02598,85
2014-07-13,Jul,Sun,Weekend,4,B02617,110
2014-07-13,Jul,Sun,Weekend,4,B02682,65
2014-07-13,Jul,Sun,Weekend,5,B02512,6
2014-07-13,Jul,Sun,Weekend,5,B02598,84
2014-07-13,Jul,Sun,Weekend,5,B02617,92
2014-07-13,Jul,Sun,Weekend,5,B02682,58
2014-07-13,Jul,Sun,Weekend,6,B02512,13
2014-07-13,Jul,Sun,Weekend,6,B02598,95
2014-07-13,Jul,Sun,Weekend,6,B02617,81
2014-07-13,Jul,Sun,Weekend,6,B02682,67
2014-07-13,Jul,Sun,Weekend,6,B02764,3
2014-07-13,Jul,Sun,Weekend,7,B02512,15
2014-07-13,Jul,Sun,Weekend,7,B02598,102
2014-07-13,Jul,Sun,Weekend,7,B02617,139
2014-07-13,Jul,Sun,Weekend,7,B02682,92
2014-07-13,Jul,Sun,Weekend,7,B02764,5
2014-07-13,Jul,Sun,Weekend,8,B02512,23
2014-07-13,Jul,Sun,Weekend,8,B02598,167
2014-07-13,Jul,Sun,Weekend,8,B02617,188
2014-07-13,Jul,Sun,Weekend,8,B02682,125
2014-07-13,Jul,Sun,Weekend,8,B02764,13
2014-07-13,Jul,Sun,Weekend,9,B02512,42
2014-07-13,Jul,Sun,Weekend,9,B02598,228
2014-07-13,Jul,Sun,Weekend,9,B02617,302
2014-07-13,Jul,Sun,Weekend,9,B02682,199
2014-07-13,Jul,Sun,Weekend,9,B02764,10
2014-07-13,Jul,Sun,Weekend,10,B02512,41
2014-07-13,Jul,Sun,Weekend,10,B02598,291
2014-07-13,Jul,Sun,Weekend,10,B02617,329
2014-07-13,Jul,Sun,Weekend,10,B02682,219
2014-07-13,Jul,Sun,Weekend,10,B02764,18
2014-07-13,Jul,Sun,Weekend,11,B02512,54
2014-07-13,Jul,Sun,Weekend,11,B02598,355
2014-07-13,Jul,Sun,Weekend,11,B02617,386
2014-07-13,Jul,Sun,Weekend,11,B02682,261
2014-07-13,Jul,Sun,Weekend,11,B02764,19
2014-07-13,Jul,Sun,Weekend,12,B02512,61
2014-07-13,Jul,Sun,Weekend,12,B02598,348
2014-07-13,Jul,Sun,Weekend,12,B02617,432
2014-07-13,Jul,Sun,Weekend,12,B02682,285
2014-07-13,Jul,Sun,Weekend,12,B02764,16
2014-07-13,Jul,Sun,Weekend,13,B02512,63
2014-07-13,Jul,Sun,Weekend,13,B02598,383
2014-07-13,Jul,Sun,Weekend,13,B02617,477
2014-07-13,Jul,Sun,Weekend,13,B02682,322
2014-07-13,Jul,Sun,Weekend,13,B02764,12
2014-07-13,Jul,Sun,Weekend,14,B02512,64
2014-07-13,Jul,Sun,Weekend,14,B02598,397
2014-07-13,Jul,Sun,Weekend,14,B02617,492
2014-07-13,Jul,Sun,Weekend,14,B02682,305
2014-07-13,Jul,Sun,Weekend,14,B02764,14
2014-07-13,Jul,Sun,Weekend,15,B02512,53
2014-07-13,Jul,Sun,Weekend,15,B02598,319
2014-07-13,Jul,Sun,Weekend,15,B02617,425
2014-07-13,Jul,Sun,Weekend,15,B02682,258
2014-07-13,Jul,Sun,Weekend,15,B02764,15
2014-07-13,Jul,Sun,Weekend,16,B02512,56
2014-07-13,Jul,Sun,Weekend,16,B02598,420
2014-07-13,Jul,Sun,Weekend,16,B02617,499
2014-07-13,Jul,Sun,Weekend,16,B02682,305
2014-07-13,Jul,Sun,Weekend,16,B02764,17
2014-07-13,Jul,Sun,Weekend,17,B02512,72
2014-07-13,Jul,Sun,Weekend,17,B02598,434
2014-07-13,Jul,Sun,Weekend,17,B02617,566
2014-07-13,Jul,Sun,Weekend,17,B02682,338
2014-07-13,Jul,Sun,Weekend,17,B02764,18
2014-07-13,Jul,Sun,Weekend,18,B02512,53
2014-07-13,Jul,Sun,Weekend,18,B02598,334
2014-07-13,Jul,Sun,Weekend,18,B02617,450
2014-07-13,Jul,Sun,Weekend,18,B02682,298
2014-07-13,Jul,Sun,Weekend,18,B02764,10
2014-07-13,Jul,Sun,Weekend,19,B02512,31
2014-07-13,Jul,Sun,Weekend,19,B02598,280
2014-07-13,Jul,Sun,Weekend,19,B02617,404
2014-07-13,Jul,Sun,Weekend,19,B02682,242
2014-07-13,Jul,Sun,Weekend,19,B02764,15
2014-07-13,Jul,Sun,Weekend,20,B02512,39
2014-07-13,Jul,Sun,Weekend,20,B02598,290
2014-07-13,Jul,Sun,Weekend,20,B02617,413
2014-07-13,Jul,Sun,Weekend,20,B02682,283
2014-07-13,Jul,Sun,Weekend,20,B02764,5
2014-07-13,Jul,Sun,Weekend,21,B02512,36
2014-07-13,Jul,Sun,Weekend,21,B02598,308
2014-07-13,Jul,Sun,Weekend,21,B02617,337
2014-07-13,Jul,Sun,Weekend,21,B02682,223
2014-07-13,Jul,Sun,Weekend,21,B02764,6
2014-07-13,Jul,Sun,Weekend,22,B02512,44
2014-07-13,Jul,Sun,Weekend,22,B02598,309
2014-07-13,Jul,Sun,Weekend,22,B02617,356
2014-07-13,Jul,Sun,Weekend,22,B02682,219
2014-07-13,Jul,Sun,Weekend,22,B02764,6
2014-07-13,Jul,Sun,Weekend,23,B02512,28
2014-07-13,Jul,Sun,Weekend,23,B02598,229
2014-07-13,Jul,Sun,Weekend,23,B02617,311
2014-07-13,Jul,Sun,Weekend,23,B02682,213
2014-07-13,Jul,Sun,Weekend,23,B02764,4
2014-07-14,Jul,Mon,Weekday,0,B02512,13
2014-07-14,Jul,Mon,Weekday,0,B02598,130
2014-07-14,Jul,Mon,Weekday,0,B02617,150
2014-07-14,Jul,Mon,Weekday,0,B02682,122
2014-07-14,Jul,Mon,Weekday,0,B02764,2
2014-07-14,Jul,Mon,Weekday,1,B02512,7
2014-07-14,Jul,Mon,Weekday,1,B02598,61
2014-07-14,Jul,Mon,Weekday,1,B02617,72
2014-07-14,Jul,Mon,Weekday,1,B02682,52
2014-07-14,Jul,Mon,Weekday,2,B02512,6
2014-07-14,Jul,Mon,Weekday,2,B02598,49
2014-07-14,Jul,Mon,Weekday,2,B02617,32
2014-07-14,Jul,Mon,Weekday,2,B02682,30
2014-07-14,Jul,Mon,Weekday,3,B02512,14
2014-07-14,Jul,Mon,Weekday,3,B02598,93
2014-07-14,Jul,Mon,Weekday,3,B02617,92
2014-07-14,Jul,Mon,Weekday,3,B02682,72
2014-07-14,Jul,Mon,Weekday,3,B02764,3
2014-07-14,Jul,Mon,Weekday,4,B02512,17
2014-07-14,Jul,Mon,Weekday,4,B02598,146
2014-07-14,Jul,Mon,Weekday,4,B02617,136
2014-07-14,Jul,Mon,Weekday,4,B02682,105
2014-07-14,Jul,Mon,Weekday,4,B02764,4
2014-07-14,Jul,Mon,Weekday,5,B02512,29
2014-07-14,Jul,Mon,Weekday,5,B02598,206
2014-07-14,Jul,Mon,Weekday,5,B02617,243
2014-07-14,Jul,Mon,Weekday,5,B02682,195
2014-07-14,Jul,Mon,Weekday,5,B02764,13
2014-07-14,Jul,Mon,Weekday,6,B02512,33
2014-07-14,Jul,Mon,Weekday,6,B02598,295
2014-07-14,Jul,Mon,Weekday,6,B02617,375
2014-07-14,Jul,Mon,Weekday,6,B02682,266
2014-07-14,Jul,Mon,Weekday,6,B02764,21
2014-07-14,Jul,Mon,Weekday,7,B02512,68
2014-07-14,Jul,Mon,Weekday,7,B02598,425
2014-07-14,Jul,Mon,Weekday,7,B02617,478
2014-07-14,Jul,Mon,Weekday,7,B02682,387
2014-07-14,Jul,Mon,Weekday,7,B02764,21
2014-07-14,Jul,Mon,Weekday,8,B02512,60
2014-07-14,Jul,Mon,Weekday,8,B02598,378
2014-07-14,Jul,Mon,Weekday,8,B02617,477
2014-07-14,Jul,Mon,Weekday,8,B02682,340
2014-07-14,Jul,Mon,Weekday,8,B02764,22
2014-07-14,Jul,Mon,Weekday,9,B02512,48
2014-07-14,Jul,Mon,Weekday,9,B02598,337
2014-07-14,Jul,Mon,Weekday,9,B02617,350
2014-07-14,Jul,Mon,Weekday,9,B02682,261
2014-07-14,Jul,Mon,Weekday,9,B02764,16
2014-07-14,Jul,Mon,Weekday,10,B02512,55
2014-07-14,Jul,Mon,Weekday,10,B02598,283
2014-07-14,Jul,Mon,Weekday,10,B02617,339
2014-07-14,Jul,Mon,Weekday,10,B02682,255
2014-07-14,Jul,Mon,Weekday,10,B02764,14
2014-07-14,Jul,Mon,Weekday,11,B02512,57
2014-07-14,Jul,Mon,Weekday,11,B02598,270
2014-07-14,Jul,Mon,Weekday,11,B02617,364
2014-07-14,Jul,Mon,Weekday,11,B02682,212
2014-07-14,Jul,Mon,Weekday,11,B02764,10
2014-07-14,Jul,Mon,Weekday,12,B02512,51
2014-07-14,Jul,Mon,Weekday,12,B02598,261
2014-07-14,Jul,Mon,Weekday,12,B02617,323
2014-07-14,Jul,Mon,Weekday,12,B02682,235
2014-07-14,Jul,Mon,Weekday,12,B02764,13
2014-07-14,Jul,Mon,Weekday,13,B02512,39
2014-07-14,Jul,Mon,Weekday,13,B02598,305
2014-07-14,Jul,Mon,Weekday,13,B02617,369
2014-07-14,Jul,Mon,Weekday,13,B02682,232
2014-07-14,Jul,Mon,Weekday,13,B02764,14
2014-07-14,Jul,Mon,Weekday,14,B02512,55
2014-07-14,Jul,Mon,Weekday,14,B02598,378
2014-07-14,Jul,Mon,Weekday,14,B02617,464
2014-07-14,Jul,Mon,Weekday,14,B02682,281
2014-07-14,Jul,Mon,Weekday,14,B02764,14
2014-07-14,Jul,Mon,Weekday,15,B02512,77
2014-07-14,Jul,Mon,Weekday,15,B02598,430
2014-07-14,Jul,Mon,Weekday,15,B02617,520
2014-07-14,Jul,Mon,Weekday,15,B02682,296
2014-07-14,Jul,Mon,Weekday,15,B02764,11
2014-07-14,Jul,Mon,Weekday,16,B02512,84
2014-07-14,Jul,Mon,Weekday,16,B02598,510
2014-07-14,Jul,Mon,Weekday,16,B02617,702
2014-07-14,Jul,Mon,Weekday,16,B02682,425
2014-07-14,Jul,Mon,Weekday,16,B02764,26
2014-07-14,Jul,Mon,Weekday,17,B02512,126
2014-07-14,Jul,Mon,Weekday,17,B02598,703
2014-07-14,Jul,Mon,Weekday,17,B02617,878
2014-07-14,Jul,Mon,Weekday,17,B02682,558
2014-07-14,Jul,Mon,Weekday,17,B02764,31
2014-07-14,Jul,Mon,Weekday,18,B02512,108
2014-07-14,Jul,Mon,Weekday,18,B02598,624
2014-07-14,Jul,Mon,Weekday,18,B02617,783
2014-07-14,Jul,Mon,Weekday,18,B02682,436
2014-07-14,Jul,Mon,Weekday,18,B02764,26
2014-07-14,Jul,Mon,Weekday,19,B02512,135
2014-07-14,Jul,Mon,Weekday,19,B02598,678
2014-07-14,Jul,Mon,Weekday,19,B02617,826
2014-07-14,Jul,Mon,Weekday,19,B02682,516
2014-07-14,Jul,Mon,Weekday,19,B02764,22
2014-07-14,Jul,Mon,Weekday,20,B02512,133
2014-07-14,Jul,Mon,Weekday,20,B02598,690
2014-07-14,Jul,Mon,Weekday,20,B02617,878
2014-07-14,Jul,Mon,Weekday,20,B02682,549
2014-07-14,Jul,Mon,Weekday,20,B02764,23
2014-07-14,Jul,Mon,Weekday,21,B02512,102
2014-07-14,Jul,Mon,Weekday,21,B02598,675
2014-07-14,Jul,Mon,Weekday,21,B02617,754
2014-07-14,Jul,Mon,Weekday,21,B02682,499
2014-07-14,Jul,Mon,Weekday,21,B02764,24
2014-07-14,Jul,Mon,Weekday,22,B02512,41
2014-07-14,Jul,Mon,Weekday,22,B02598,411
2014-07-14,Jul,Mon,Weekday,22,B02617,426
2014-07-14,Jul,Mon,Weekday,22,B02682,317
2014-07-14,Jul,Mon,Weekday,22,B02764,11
2014-07-14,Jul,Mon,Weekday,23,B02512,17
2014-07-14,Jul,Mon,Weekday,23,B02598,226
2014-07-14,Jul,Mon,Weekday,23,B02617,238
2014-07-14,Jul,Mon,Weekday,23,B02682,158
2014-07-14,Jul,Mon,Weekday,23,B02764,2
2014-07-15,Jul,Tue,Weekday,0,B02512,9
2014-07-15,Jul,Tue,Weekday,0,B02598,132
2014-07-15,Jul,Tue,Weekday,0,B02617,118
2014-07-15,Jul,Tue,Weekday,0,B02682,90
2014-07-15,Jul,Tue,Weekday,0,B02764,4
2014-07-15,Jul,Tue,Weekday,1,B02512,4
2014-07-15,Jul,Tue,Weekday,1,B02598,66
2014-07-15,Jul,Tue,Weekday,1,B02617,51
2014-07-15,Jul,Tue,Weekday,1,B02682,47
2014-07-15,Jul,Tue,Weekday,1,B02764,1
2014-07-15,Jul,Tue,Weekday,2,B02512,5
2014-07-15,Jul,Tue,Weekday,2,B02598,39
2014-07-15,Jul,Tue,Weekday,2,B02617,35
2014-07-15,Jul,Tue,Weekday,2,B02682,28
2014-07-15,Jul,Tue,Weekday,3,B02512,9
2014-07-15,Jul,Tue,Weekday,3,B02598,82
2014-07-15,Jul,Tue,Weekday,3,B02617,57
2014-07-15,Jul,Tue,Weekday,3,B02682,58
2014-07-15,Jul,Tue,Weekday,3,B02764,1
2014-07-15,Jul,Tue,Weekday,4,B02512,12
2014-07-15,Jul,Tue,Weekday,4,B02598,117
2014-07-15,Jul,Tue,Weekday,4,B02617,108
2014-07-15,Jul,Tue,Weekday,4,B02682,91
2014-07-15,Jul,Tue,Weekday,4,B02764,2
2014-07-15,Jul,Tue,Weekday,5,B02512,22
2014-07-15,Jul,Tue,Weekday,5,B02598,206
2014-07-15,Jul,Tue,Weekday,5,B02617,201
2014-07-15,Jul,Tue,Weekday,5,B02682,174
2014-07-15,Jul,Tue,Weekday,5,B02764,4
2014-07-15,Jul,Tue,Weekday,6,B02512,58
2014-07-15,Jul,Tue,Weekday,6,B02598,338
2014-07-15,Jul,Tue,Weekday,6,B02617,360
2014-07-15,Jul,Tue,Weekday,6,B02682,308
2014-07-15,Jul,Tue,Weekday,6,B02764,12
2014-07-15,Jul,Tue,Weekday,7,B02512,65
2014-07-15,Jul,Tue,Weekday,7,B02598,446
2014-07-15,Jul,Tue,Weekday,7,B02617,516
2014-07-15,Jul,Tue,Weekday,7,B02682,383
2014-07-15,Jul,Tue,Weekday,7,B02764,20
2014-07-15,Jul,Tue,Weekday,8,B02512,65
2014-07-15,Jul,Tue,Weekday,8,B02598,436
2014-07-15,Jul,Tue,Weekday,8,B02617,498
2014-07-15,Jul,Tue,Weekday,8,B02682,386
2014-07-15,Jul,Tue,Weekday,8,B02764,16
2014-07-15,Jul,Tue,Weekday,9,B02512,41
2014-07-15,Jul,Tue,Weekday,9,B02598,317
2014-07-15,Jul,Tue,Weekday,9,B02617,385
2014-07-15,Jul,Tue,Weekday,9,B02682,272
2014-07-15,Jul,Tue,Weekday,9,B02764,21
2014-07-15,Jul,Tue,Weekday,10,B02512,62
2014-07-15,Jul,Tue,Weekday,10,B02598,293
2014-07-15,Jul,Tue,Weekday,10,B02617,387
2014-07-15,Jul,Tue,Weekday,10,B02682,251
2014-07-15,Jul,Tue,Weekday,10,B02764,14
2014-07-15,Jul,Tue,Weekday,11,B02512,53
2014-07-15,Jul,Tue,Weekday,11,B02598,317
2014-07-15,Jul,Tue,Weekday,11,B02617,408
2014-07-15,Jul,Tue,Weekday,11,B02682,287
2014-07-15,Jul,Tue,Weekday,11,B02764,17
2014-07-15,Jul,Tue,Weekday,12,B02512,61
2014-07-15,Jul,Tue,Weekday,12,B02598,340
2014-07-15,Jul,Tue,Weekday,12,B02617,385
2014-07-15,Jul,Tue,Weekday,12,B02682,245
2014-07-15,Jul,Tue,Weekday,12,B02764,18
2014-07-15,Jul,Tue,Weekday,13,B02512,102
2014-07-15,Jul,Tue,Weekday,13,B02598,627
2014-07-15,Jul,Tue,Weekday,13,B02617,717
2014-07-15,Jul,Tue,Weekday,13,B02682,495
2014-07-15,Jul,Tue,Weekday,13,B02764,31
2014-07-15,Jul,Tue,Weekday,14,B02512,75
2014-07-15,Jul,Tue,Weekday,14,B02598,625
2014-07-15,Jul,Tue,Weekday,14,B02617,704
2014-07-15,Jul,Tue,Weekday,14,B02682,447
2014-07-15,Jul,Tue,Weekday,14,B02764,24
2014-07-15,Jul,Tue,Weekday,15,B02512,83
2014-07-15,Jul,Tue,Weekday,15,B02598,553
2014-07-15,Jul,Tue,Weekday,15,B02617,647
2014-07-15,Jul,Tue,Weekday,15,B02682,420
2014-07-15,Jul,Tue,Weekday,15,B02764,18
2014-07-15,Jul,Tue,Weekday,16,B02512,98
2014-07-15,Jul,Tue,Weekday,16,B02598,717
2014-07-15,Jul,Tue,Weekday,16,B02617,780
2014-07-15,Jul,Tue,Weekday,16,B02682,472
2014-07-15,Jul,Tue,Weekday,16,B02764,21
2014-07-15,Jul,Tue,Weekday,17,B02512,147
2014-07-15,Jul,Tue,Weekday,17,B02598,961
2014-07-15,Jul,Tue,Weekday,17,B02617,1177
2014-07-15,Jul,Tue,Weekday,17,B02682,722
2014-07-15,Jul,Tue,Weekday,17,B02764,38
2014-07-15,Jul,Tue,Weekday,18,B02512,179
2014-07-15,Jul,Tue,Weekday,18,B02598,1046
2014-07-15,Jul,Tue,Weekday,18,B02617,1264
2014-07-15,Jul,Tue,Weekday,18,B02682,783
2014-07-15,Jul,Tue,Weekday,18,B02764,30
2014-07-15,Jul,Tue,Weekday,19,B02512,175
2014-07-15,Jul,Tue,Weekday,19,B02598,1022
2014-07-15,Jul,Tue,Weekday,19,B02617,1244
2014-07-15,Jul,Tue,Weekday,19,B02682,756
2014-07-15,Jul,Tue,Weekday,19,B02764,28
2014-07-15,Jul,Tue,Weekday,20,B02512,156
2014-07-15,Jul,Tue,Weekday,20,B02598,863
2014-07-15,Jul,Tue,Weekday,20,B02617,1123
2014-07-15,Jul,Tue,Weekday,20,B02682,680
2014-07-15,Jul,Tue,Weekday,20,B02764,18
2014-07-15,Jul,Tue,Weekday,21,B02512,93
2014-07-15,Jul,Tue,Weekday,21,B02598,576
2014-07-15,Jul,Tue,Weekday,21,B02617,778
2014-07-15,Jul,Tue,Weekday,21,B02682,410
2014-07-15,Jul,Tue,Weekday,21,B02764,14
2014-07-15,Jul,Tue,Weekday,22,B02512,58
2014-07-15,Jul,Tue,Weekday,22,B02598,405
2014-07-15,Jul,Tue,Weekday,22,B02617,549
2014-07-15,Jul,Tue,Weekday,22,B02682,317
2014-07-15,Jul,Tue,Weekday,22,B02764,5
2014-07-15,Jul,Tue,Weekday,23,B02512,22
2014-07-15,Jul,Tue,Weekday,23,B02598,226
2014-07-15,Jul,Tue,Weekday,23,B02617,285
2014-07-15,Jul,Tue,Weekday,23,B02682,180
2014-07-15,Jul,Tue,Weekday,23,B02764,5
2014-07-16,Jul,Wed,Weekday,0,B02512,11
2014-07-16,Jul,Wed,Weekday,0,B02598,123
2014-07-16,Jul,Wed,Weekday,0,B02617,189
2014-07-16,Jul,Wed,Weekday,0,B02682,107
2014-07-16,Jul,Wed,Weekday,0,B02764,2
2014-07-16,Jul,Wed,Weekday,1,B02512,4
2014-07-16,Jul,Wed,Weekday,1,B02598,71
2014-07-16,Jul,Wed,Weekday,1,B02617,87
2014-07-16,Jul,Wed,Weekday,1,B02682,54
2014-07-16,Jul,Wed,Weekday,2,B02512,5
2014-07-16,Jul,Wed,Weekday,2,B02598,48
2014-07-16,Jul,Wed,Weekday,2,B02617,66
2014-07-16,Jul,Wed,Weekday,2,B02682,50
2014-07-16,Jul,Wed,Weekday,3,B02512,6
2014-07-16,Jul,Wed,Weekday,3,B02598,88
2014-07-16,Jul,Wed,Weekday,3,B02617,63
2014-07-16,Jul,Wed,Weekday,3,B02682,66
2014-07-16,Jul,Wed,Weekday,3,B02764,3
2014-07-16,Jul,Wed,Weekday,4,B02512,4
2014-07-16,Jul,Wed,Weekday,4,B02598,112
2014-07-16,Jul,Wed,Weekday,4,B02617,124
2014-07-16,Jul,Wed,Weekday,4,B02682,101
2014-07-16,Jul,Wed,Weekday,4,B02764,1
2014-07-16,Jul,Wed,Weekday,5,B02512,24
2014-07-16,Jul,Wed,Weekday,5,B02598,181
2014-07-16,Jul,Wed,Weekday,5,B02617,235
2014-07-16,Jul,Wed,Weekday,5,B02682,182
2014-07-16,Jul,Wed,Weekday,5,B02764,6
2014-07-16,Jul,Wed,Weekday,6,B02512,41
2014-07-16,Jul,Wed,Weekday,6,B02598,332
2014-07-16,Jul,Wed,Weekday,6,B02617,433
2014-07-16,Jul,Wed,Weekday,6,B02682,309
2014-07-16,Jul,Wed,Weekday,6,B02764,10
2014-07-16,Jul,Wed,Weekday,7,B02512,64
2014-07-16,Jul,Wed,Weekday,7,B02598,458
2014-07-16,Jul,Wed,Weekday,7,B02617,577
2014-07-16,Jul,Wed,Weekday,7,B02682,439
2014-07-16,Jul,Wed,Weekday,7,B02764,22
2014-07-16,Jul,Wed,Weekday,8,B02512,57
2014-07-16,Jul,Wed,Weekday,8,B02598,447
2014-07-16,Jul,Wed,Weekday,8,B02617,599
2014-07-16,Jul,Wed,Weekday,8,B02682,431
2014-07-16,Jul,Wed,Weekday,8,B02764,15
2014-07-16,Jul,Wed,Weekday,9,B02512,45
2014-07-16,Jul,Wed,Weekday,9,B02598,348
2014-07-16,Jul,Wed,Weekday,9,B02617,423
2014-07-16,Jul,Wed,Weekday,9,B02682,299
2014-07-16,Jul,Wed,Weekday,9,B02764,20
2014-07-16,Jul,Wed,Weekday,10,B02512,52
2014-07-16,Jul,Wed,Weekday,10,B02598,336
2014-07-16,Jul,Wed,Weekday,10,B02617,374
2014-07-16,Jul,Wed,Weekday,10,B02682,254
2014-07-16,Jul,Wed,Weekday,10,B02764,13
2014-07-16,Jul,Wed,Weekday,11,B02512,50
2014-07-16,Jul,Wed,Weekday,11,B02598,279
2014-07-16,Jul,Wed,Weekday,11,B02617,396
2014-07-16,Jul,Wed,Weekday,11,B02682,255
2014-07-16,Jul,Wed,Weekday,11,B02764,24
2014-07-16,Jul,Wed,Weekday,12,B02512,63
2014-07-16,Jul,Wed,Weekday,12,B02598,298
2014-07-16,Jul,Wed,Weekday,12,B02617,388
2014-07-16,Jul,Wed,Weekday,12,B02682,232
2014-07-16,Jul,Wed,Weekday,12,B02764,17
2014-07-16,Jul,Wed,Weekday,13,B02512,72
2014-07-16,Jul,Wed,Weekday,13,B02598,335
2014-07-16,Jul,Wed,Weekday,13,B02617,393
2014-07-16,Jul,Wed,Weekday,13,B02682,280
2014-07-16,Jul,Wed,Weekday,13,B02764,20
2014-07-16,Jul,Wed,Weekday,14,B02512,70
2014-07-16,Jul,Wed,Weekday,14,B02598,431
2014-07-16,Jul,Wed,Weekday,14,B02617,520
2014-07-16,Jul,Wed,Weekday,14,B02682,312
2014-07-16,Jul,Wed,Weekday,14,B02764,18
2014-07-16,Jul,Wed,Weekday,15,B02512,90
2014-07-16,Jul,Wed,Weekday,15,B02598,570
2014-07-16,Jul,Wed,Weekday,15,B02617,659
2014-07-16,Jul,Wed,Weekday,15,B02682,395
2014-07-16,Jul,Wed,Weekday,15,B02764,18
2014-07-16,Jul,Wed,Weekday,16,B02512,88
2014-07-16,Jul,Wed,Weekday,16,B02598,584
2014-07-16,Jul,Wed,Weekday,16,B02617,762
2014-07-16,Jul,Wed,Weekday,16,B02682,457
2014-07-16,Jul,Wed,Weekday,16,B02764,25
2014-07-16,Jul,Wed,Weekday,17,B02512,104
2014-07-16,Jul,Wed,Weekday,17,B02598,636
2014-07-16,Jul,Wed,Weekday,17,B02617,853
2014-07-16,Jul,Wed,Weekday,17,B02682,484
2014-07-16,Jul,Wed,Weekday,17,B02764,27
2014-07-16,Jul,Wed,Weekday,18,B02512,87
2014-07-16,Jul,Wed,Weekday,18,B02598,543
2014-07-16,Jul,Wed,Weekday,18,B02617,829
2014-07-16,Jul,Wed,Weekday,18,B02682,455
2014-07-16,Jul,Wed,Weekday,18,B02764,19
2014-07-16,Jul,Wed,Weekday,19,B02512,86
2014-07-16,Jul,Wed,Weekday,19,B02598,536
2014-07-16,Jul,Wed,Weekday,19,B02617,767
2014-07-16,Jul,Wed,Weekday,19,B02682,432
2014-07-16,Jul,Wed,Weekday,19,B02764,19
2014-07-16,Jul,Wed,Weekday,20,B02512,97
2014-07-16,Jul,Wed,Weekday,20,B02598,532
2014-07-16,Jul,Wed,Weekday,20,B02617,811
2014-07-16,Jul,Wed,Weekday,20,B02682,479
2014-07-16,Jul,Wed,Weekday,20,B02764,21
2014-07-16,Jul,Wed,Weekday,21,B02512,88
2014-07-16,Jul,Wed,Weekday,21,B02598,540
2014-07-16,Jul,Wed,Weekday,21,B02617,761
2014-07-16,Jul,Wed,Weekday,21,B02682,455
2014-07-16,Jul,Wed,Weekday,21,B02764,24
2014-07-16,Jul,Wed,Weekday,22,B02512,68
2014-07-16,Jul,Wed,Weekday,22,B02598,469
2014-07-16,Jul,Wed,Weekday,22,B02617,607
2014-07-16,Jul,Wed,Weekday,22,B02682,366
2014-07-16,Jul,Wed,Weekday,22,B02764,10
2014-07-16,Jul,Wed,Weekday,23,B02512,35
2014-07-16,Jul,Wed,Weekday,23,B02598,293
2014-07-16,Jul,Wed,Weekday,23,B02617,343
2014-07-16,Jul,Wed,Weekday,23,B02682,211
2014-07-16,Jul,Wed,Weekday,23,B02764,8
2014-07-17,Jul,Thu,Weekday,0,B02512,12
2014-07-17,Jul,Thu,Weekday,0,B02598,131
2014-07-17,Jul,Thu,Weekday,0,B02617,171
2014-07-17,Jul,Thu,Weekday,0,B02682,97
2014-07-17,Jul,Thu,Weekday,0,B02764,4
2014-07-17,Jul,Thu,Weekday,1,B02512,12
2014-07-17,Jul,Thu,Weekday,1,B02598,79
2014-07-17,Jul,Thu,Weekday,1,B02617,95
2014-07-17,Jul,Thu,Weekday,1,B02682,61
2014-07-17,Jul,Thu,Weekday,1,B02764,2
2014-07-17,Jul,Thu,Weekday,2,B02512,10
2014-07-17,Jul,Thu,Weekday,2,B02598,62
2014-07-17,Jul,Thu,Weekday,2,B02617,75
2014-07-17,Jul,Thu,Weekday,2,B02682,38
2014-07-17,Jul,Thu,Weekday,2,B02764,2
2014-07-17,Jul,Thu,Weekday,3,B02512,6
2014-07-17,Jul,Thu,Weekday,3,B02598,77
2014-07-17,Jul,Thu,Weekday,3,B02617,100
2014-07-17,Jul,Thu,Weekday,3,B02682,72
2014-07-17,Jul,Thu,Weekday,3,B02764,4
2014-07-17,Jul,Thu,Weekday,4,B02512,7
2014-07-17,Jul,Thu,Weekday,4,B02598,132
2014-07-17,Jul,Thu,Weekday,4,B02617,156
2014-07-17,Jul,Thu,Weekday,4,B02682,123
2014-07-17,Jul,Thu,Weekday,4,B02764,5
2014-07-17,Jul,Thu,Weekday,5,B02512,13
2014-07-17,Jul,Thu,Weekday,5,B02598,227
2014-07-17,Jul,Thu,Weekday,5,B02617,266
2014-07-17,Jul,Thu,Weekday,5,B02682,185
2014-07-17,Jul,Thu,Weekday,5,B02764,7
2014-07-17,Jul,Thu,Weekday,6,B02512,48
2014-07-17,Jul,Thu,Weekday,6,B02598,284
2014-07-17,Jul,Thu,Weekday,6,B02617,362
2014-07-17,Jul,Thu,Weekday,6,B02682,252
2014-07-17,Jul,Thu,Weekday,6,B02764,6
2014-07-17,Jul,Thu,Weekday,7,B02512,72
2014-07-17,Jul,Thu,Weekday,7,B02598,410
2014-07-17,Jul,Thu,Weekday,7,B02617,505
2014-07-17,Jul,Thu,Weekday,7,B02682,365
2014-07-17,Jul,Thu,Weekday,7,B02764,15
2014-07-17,Jul,Thu,Weekday,8,B02512,55
2014-07-17,Jul,Thu,Weekday,8,B02598,406
2014-07-17,Jul,Thu,Weekday,8,B02617,534
2014-07-17,Jul,Thu,Weekday,8,B02682,342
2014-07-17,Jul,Thu,Weekday,8,B02764,14
2014-07-17,Jul,Thu,Weekday,9,B02512,58
2014-07-17,Jul,Thu,Weekday,9,B02598,312
2014-07-17,Jul,Thu,Weekday,9,B02617,415
2014-07-17,Jul,Thu,Weekday,9,B02682,264
2014-07-17,Jul,Thu,Weekday,9,B02764,14
2014-07-17,Jul,Thu,Weekday,10,B02512,53
2014-07-17,Jul,Thu,Weekday,10,B02598,288
2014-07-17,Jul,Thu,Weekday,10,B02617,415
2014-07-17,Jul,Thu,Weekday,10,B02682,263
2014-07-17,Jul,Thu,Weekday,10,B02764,12
2014-07-17,Jul,Thu,Weekday,11,B02512,47
2014-07-17,Jul,Thu,Weekday,11,B02598,313
2014-07-17,Jul,Thu,Weekday,11,B02617,429
2014-07-17,Jul,Thu,Weekday,11,B02682,288
2014-07-17,Jul,Thu,Weekday,11,B02764,13
2014-07-17,Jul,Thu,Weekday,12,B02512,56
2014-07-17,Jul,Thu,Weekday,12,B02598,357
2014-07-17,Jul,Thu,Weekday,12,B02617,412
2014-07-17,Jul,Thu,Weekday,12,B02682,271
2014-07-17,Jul,Thu,Weekday,12,B02764,22
2014-07-17,Jul,Thu,Weekday,13,B02512,51
2014-07-17,Jul,Thu,Weekday,13,B02598,405
2014-07-17,Jul,Thu,Weekday,13,B02617,484
2014-07-17,Jul,Thu,Weekday,13,B02682,322
2014-07-17,Jul,Thu,Weekday,13,B02764,22
2014-07-17,Jul,Thu,Weekday,14,B02512,57
2014-07-17,Jul,Thu,Weekday,14,B02598,465
2014-07-17,Jul,Thu,Weekday,14,B02617,596
2014-07-17,Jul,Thu,Weekday,14,B02682,377
2014-07-17,Jul,Thu,Weekday,14,B02764,16
2014-07-17,Jul,Thu,Weekday,15,B02512,72
2014-07-17,Jul,Thu,Weekday,15,B02598,530
2014-07-17,Jul,Thu,Weekday,15,B02617,723
2014-07-17,Jul,Thu,Weekday,15,B02682,402
2014-07-17,Jul,Thu,Weekday,15,B02764,14
2014-07-17,Jul,Thu,Weekday,16,B02512,86
2014-07-17,Jul,Thu,Weekday,16,B02598,640
2014-07-17,Jul,Thu,Weekday,16,B02617,788
2014-07-17,Jul,Thu,Weekday,16,B02682,473
2014-07-17,Jul,Thu,Weekday,16,B02764,28
2014-07-17,Jul,Thu,Weekday,17,B02512,85
2014-07-17,Jul,Thu,Weekday,17,B02598,697
2014-07-17,Jul,Thu,Weekday,17,B02617,918
2014-07-17,Jul,Thu,Weekday,17,B02682,534
2014-07-17,Jul,Thu,Weekday,17,B02764,23
2014-07-17,Jul,Thu,Weekday,18,B02512,98
2014-07-17,Jul,Thu,Weekday,18,B02598,675
2014-07-17,Jul,Thu,Weekday,18,B02617,908
2014-07-17,Jul,Thu,Weekday,18,B02682,556
2014-07-17,Jul,Thu,Weekday,18,B02764,29
2014-07-17,Jul,Thu,Weekday,19,B02512,98
2014-07-17,Jul,Thu,Weekday,19,B02598,650
2014-07-17,Jul,Thu,Weekday,19,B02617,798
2014-07-17,Jul,Thu,Weekday,19,B02682,488
2014-07-17,Jul,Thu,Weekday,19,B02764,22
2014-07-17,Jul,Thu,Weekday,20,B02512,94
2014-07-17,Jul,Thu,Weekday,20,B02598,605
2014-07-17,Jul,Thu,Weekday,20,B02617,763
2014-07-17,Jul,Thu,Weekday,20,B02682,469
2014-07-17,Jul,Thu,Weekday,20,B02764,22
2014-07-17,Jul,Thu,Weekday,21,B02512,94
2014-07-17,Jul,Thu,Weekday,21,B02598,701
2014-07-17,Jul,Thu,Weekday,21,B02617,828
2014-07-17,Jul,Thu,Weekday,21,B02682,523
2014-07-17,Jul,Thu,Weekday,21,B02764,27
2014-07-17,Jul,Thu,Weekday,22,B02512,64
2014-07-17,Jul,Thu,Weekday,22,B02598,604
2014-07-17,Jul,Thu,Weekday,22,B02617,801
2014-07-17,Jul,Thu,Weekday,22,B02682,468
2014-07-17,Jul,Thu,Weekday,22,B02764,24
2014-07-17,Jul,Thu,Weekday,23,B02512,36
2014-07-17,Jul,Thu,Weekday,23,B02598,396
2014-07-17,Jul,Thu,Weekday,23,B02617,522
2014-07-17,Jul,Thu,Weekday,23,B02682,324
2014-07-17,Jul,Thu,Weekday,23,B02764,12
2014-07-18,Jul,Fri,Weekday,0,B02512,19
2014-07-18,Jul,Fri,Weekday,0,B02598,191
2014-07-18,Jul,Fri,Weekday,0,B02617,289
2014-07-18,Jul,Fri,Weekday,0,B02682,181
2014-07-18,Jul,Fri,Weekday,0,B02764,7
2014-07-18,Jul,Fri,Weekday,1,B02512,11
2014-07-18,Jul,Fri,Weekday,1,B02598,120
2014-07-18,Jul,Fri,Weekday,1,B02617,155
2014-07-18,Jul,Fri,Weekday,1,B02682,101
2014-07-18,Jul,Fri,Weekday,1,B02764,1
2014-07-18,Jul,Fri,Weekday,2,B02512,5
2014-07-18,Jul,Fri,Weekday,2,B02598,84
2014-07-18,Jul,Fri,Weekday,2,B02617,106
2014-07-18,Jul,Fri,Weekday,2,B02682,57
2014-07-18,Jul,Fri,Weekday,3,B02512,8
2014-07-18,Jul,Fri,Weekday,3,B02598,108
2014-07-18,Jul,Fri,Weekday,3,B02617,124
2014-07-18,Jul,Fri,Weekday,3,B02682,92
2014-07-18,Jul,Fri,Weekday,3,B02764,3
2014-07-18,Jul,Fri,Weekday,4,B02512,12
2014-07-18,Jul,Fri,Weekday,4,B02598,134
2014-07-18,Jul,Fri,Weekday,4,B02617,136
2014-07-18,Jul,Fri,Weekday,4,B02682,111
2014-07-18,Jul,Fri,Weekday,4,B02764,3
2014-07-18,Jul,Fri,Weekday,5,B02512,18
2014-07-18,Jul,Fri,Weekday,5,B02598,168
2014-07-18,Jul,Fri,Weekday,5,B02617,233
2014-07-18,Jul,Fri,Weekday,5,B02682,163
2014-07-18,Jul,Fri,Weekday,5,B02764,4
2014-07-18,Jul,Fri,Weekday,6,B02512,36
2014-07-18,Jul,Fri,Weekday,6,B02598,257
2014-07-18,Jul,Fri,Weekday,6,B02617,353
2014-07-18,Jul,Fri,Weekday,6,B02682,242
2014-07-18,Jul,Fri,Weekday,6,B02764,5
2014-07-18,Jul,Fri,Weekday,7,B02512,58
2014-07-18,Jul,Fri,Weekday,7,B02598,374
2014-07-18,Jul,Fri,Weekday,7,B02617,457
2014-07-18,Jul,Fri,Weekday,7,B02682,351
2014-07-18,Jul,Fri,Weekday,7,B02764,8
2014-07-18,Jul,Fri,Weekday,8,B02512,55
2014-07-18,Jul,Fri,Weekday,8,B02598,388
2014-07-18,Jul,Fri,Weekday,8,B02617,463
2014-07-18,Jul,Fri,Weekday,8,B02682,332
2014-07-18,Jul,Fri,Weekday,8,B02764,12
2014-07-18,Jul,Fri,Weekday,9,B02512,49
2014-07-18,Jul,Fri,Weekday,9,B02598,312
2014-07-18,Jul,Fri,Weekday,9,B02617,435
2014-07-18,Jul,Fri,Weekday,9,B02682,292
2014-07-18,Jul,Fri,Weekday,9,B02764,12
2014-07-18,Jul,Fri,Weekday,10,B02512,42
2014-07-18,Jul,Fri,Weekday,10,B02598,261
2014-07-18,Jul,Fri,Weekday,10,B02617,380
2014-07-18,Jul,Fri,Weekday,10,B02682,255
2014-07-18,Jul,Fri,Weekday,10,B02764,17
2014-07-18,Jul,Fri,Weekday,11,B02512,45
2014-07-18,Jul,Fri,Weekday,11,B02598,282
2014-07-18,Jul,Fri,Weekday,11,B02617,447
2014-07-18,Jul,Fri,Weekday,11,B02682,231
2014-07-18,Jul,Fri,Weekday,11,B02764,14
2014-07-18,Jul,Fri,Weekday,12,B02512,53
2014-07-18,Jul,Fri,Weekday,12,B02598,296
2014-07-18,Jul,Fri,Weekday,12,B02617,400
2014-07-18,Jul,Fri,Weekday,12,B02682,239
2014-07-18,Jul,Fri,Weekday,12,B02764,20
2014-07-18,Jul,Fri,Weekday,13,B02512,65
2014-07-18,Jul,Fri,Weekday,13,B02598,351
2014-07-18,Jul,Fri,Weekday,13,B02617,479
2014-07-18,Jul,Fri,Weekday,13,B02682,266
2014-07-18,Jul,Fri,Weekday,13,B02764,13
2014-07-18,Jul,Fri,Weekday,14,B02512,77
2014-07-18,Jul,Fri,Weekday,14,B02598,428
2014-07-18,Jul,Fri,Weekday,14,B02617,631
2014-07-18,Jul,Fri,Weekday,14,B02682,350
2014-07-18,Jul,Fri,Weekday,14,B02764,20
2014-07-18,Jul,Fri,Weekday,15,B02512,84
2014-07-18,Jul,Fri,Weekday,15,B02598,543
2014-07-18,Jul,Fri,Weekday,15,B02617,747
2014-07-18,Jul,Fri,Weekday,15,B02682,431
2014-07-18,Jul,Fri,Weekday,15,B02764,13
2014-07-18,Jul,Fri,Weekday,16,B02512,85
2014-07-18,Jul,Fri,Weekday,16,B02598,600
2014-07-18,Jul,Fri,Weekday,16,B02617,843
2014-07-18,Jul,Fri,Weekday,16,B02682,473
2014-07-18,Jul,Fri,Weekday,16,B02764,19
2014-07-18,Jul,Fri,Weekday,17,B02512,68
2014-07-18,Jul,Fri,Weekday,17,B02598,590
2014-07-18,Jul,Fri,Weekday,17,B02617,792
2014-07-18,Jul,Fri,Weekday,17,B02682,441
2014-07-18,Jul,Fri,Weekday,17,B02764,21
2014-07-18,Jul,Fri,Weekday,18,B02512,79
2014-07-18,Jul,Fri,Weekday,18,B02598,628
2014-07-18,Jul,Fri,Weekday,18,B02617,819
2014-07-18,Jul,Fri,Weekday,18,B02682,439
2014-07-18,Jul,Fri,Weekday,18,B02764,14
2014-07-18,Jul,Fri,Weekday,19,B02512,68
2014-07-18,Jul,Fri,Weekday,19,B02598,554
2014-07-18,Jul,Fri,Weekday,19,B02617,776
2014-07-18,Jul,Fri,Weekday,19,B02682,452
2014-07-18,Jul,Fri,Weekday,19,B02764,25
2014-07-18,Jul,Fri,Weekday,20,B02512,69
2014-07-18,Jul,Fri,Weekday,20,B02598,527
2014-07-18,Jul,Fri,Weekday,20,B02617,737
2014-07-18,Jul,Fri,Weekday,20,B02682,409
2014-07-18,Jul,Fri,Weekday,20,B02764,12
2014-07-18,Jul,Fri,Weekday,21,B02512,86
2014-07-18,Jul,Fri,Weekday,21,B02598,592
2014-07-18,Jul,Fri,Weekday,21,B02617,814
2014-07-18,Jul,Fri,Weekday,21,B02682,469
2014-07-18,Jul,Fri,Weekday,21,B02764,13
2014-07-18,Jul,Fri,Weekday,22,B02512,73
2014-07-18,Jul,Fri,Weekday,22,B02598,632
2014-07-18,Jul,Fri,Weekday,22,B02617,844
2014-07-18,Jul,Fri,Weekday,22,B02682,517
2014-07-18,Jul,Fri,Weekday,22,B02764,16
2014-07-18,Jul,Fri,Weekday,23,B02512,55
2014-07-18,Jul,Fri,Weekday,23,B02598,477
2014-07-18,Jul,Fri,Weekday,23,B02617,691
2014-07-18,Jul,Fri,Weekday,23,B02682,414
2014-07-18,Jul,Fri,Weekday,23,B02764,12
2014-07-19,Jul,Sat,Weekend,0,B02512,43
2014-07-19,Jul,Sat,Weekend,0,B02598,366
2014-07-19,Jul,Sat,Weekend,0,B02617,501
2014-07-19,Jul,Sat,Weekend,0,B02682,290
2014-07-19,Jul,Sat,Weekend,0,B02764,8
2014-07-19,Jul,Sat,Weekend,1,B02512,31
2014-07-19,Jul,Sat,Weekend,1,B02598,268
2014-07-19,Jul,Sat,Weekend,1,B02617,412
2014-07-19,Jul,Sat,Weekend,1,B02682,223
2014-07-19,Jul,Sat,Weekend,1,B02764,2
2014-07-19,Jul,Sat,Weekend,2,B02512,26
2014-07-19,Jul,Sat,Weekend,2,B02598,231
2014-07-19,Jul,Sat,Weekend,2,B02617,318
2014-07-19,Jul,Sat,Weekend,2,B02682,170
2014-07-19,Jul,Sat,Weekend,2,B02764,4
2014-07-19,Jul,Sat,Weekend,3,B02512,20
2014-07-19,Jul,Sat,Weekend,3,B02598,178
2014-07-19,Jul,Sat,Weekend,3,B02617,224
2014-07-19,Jul,Sat,Weekend,3,B02682,138
2014-07-19,Jul,Sat,Weekend,3,B02764,3
2014-07-19,Jul,Sat,Weekend,4,B02512,10
2014-07-19,Jul,Sat,Weekend,4,B02598,102
2014-07-19,Jul,Sat,Weekend,4,B02617,127
2014-07-19,Jul,Sat,Weekend,4,B02682,79
2014-07-19,Jul,Sat,Weekend,4,B02764,1
2014-07-19,Jul,Sat,Weekend,5,B02512,13
2014-07-19,Jul,Sat,Weekend,5,B02598,86
2014-07-19,Jul,Sat,Weekend,5,B02617,111
2014-07-19,Jul,Sat,Weekend,5,B02682,97
2014-07-19,Jul,Sat,Weekend,6,B02512,16
2014-07-19,Jul,Sat,Weekend,6,B02598,110
2014-07-19,Jul,Sat,Weekend,6,B02617,145
2014-07-19,Jul,Sat,Weekend,6,B02682,110
2014-07-19,Jul,Sat,Weekend,6,B02764,3
2014-07-19,Jul,Sat,Weekend,7,B02512,17
2014-07-19,Jul,Sat,Weekend,7,B02598,130
2014-07-19,Jul,Sat,Weekend,7,B02617,172
2014-07-19,Jul,Sat,Weekend,7,B02682,139
2014-07-19,Jul,Sat,Weekend,7,B02764,5
2014-07-19,Jul,Sat,Weekend,8,B02512,23
2014-07-19,Jul,Sat,Weekend,8,B02598,167
2014-07-19,Jul,Sat,Weekend,8,B02617,217
2014-07-19,Jul,Sat,Weekend,8,B02682,197
2014-07-19,Jul,Sat,Weekend,8,B02764,8
2014-07-19,Jul,Sat,Weekend,9,B02512,31
2014-07-19,Jul,Sat,Weekend,9,B02598,224
2014-07-19,Jul,Sat,Weekend,9,B02617,259
2014-07-19,Jul,Sat,Weekend,9,B02682,213
2014-07-19,Jul,Sat,Weekend,9,B02764,15
2014-07-19,Jul,Sat,Weekend,10,B02512,30
2014-07-19,Jul,Sat,Weekend,10,B02598,279
2014-07-19,Jul,Sat,Weekend,10,B02617,340
2014-07-19,Jul,Sat,Weekend,10,B02682,280
2014-07-19,Jul,Sat,Weekend,10,B02764,12
2014-07-19,Jul,Sat,Weekend,11,B02512,40
2014-07-19,Jul,Sat,Weekend,11,B02598,302
2014-07-19,Jul,Sat,Weekend,11,B02617,391
2014-07-19,Jul,Sat,Weekend,11,B02682,252
2014-07-19,Jul,Sat,Weekend,11,B02764,14
2014-07-19,Jul,Sat,Weekend,12,B02512,41
2014-07-19,Jul,Sat,Weekend,12,B02598,338
2014-07-19,Jul,Sat,Weekend,12,B02617,418
2014-07-19,Jul,Sat,Weekend,12,B02682,232
2014-07-19,Jul,Sat,Weekend,12,B02764,17
2014-07-19,Jul,Sat,Weekend,13,B02512,44
2014-07-19,Jul,Sat,Weekend,13,B02598,320
2014-07-19,Jul,Sat,Weekend,13,B02617,374
2014-07-19,Jul,Sat,Weekend,13,B02682,257
2014-07-19,Jul,Sat,Weekend,13,B02764,16
2014-07-19,Jul,Sat,Weekend,14,B02512,27
2014-07-19,Jul,Sat,Weekend,14,B02598,356
2014-07-19,Jul,Sat,Weekend,14,B02617,490
2014-07-19,Jul,Sat,Weekend,14,B02682,298
2014-07-19,Jul,Sat,Weekend,14,B02764,15
2014-07-19,Jul,Sat,Weekend,15,B02512,50
2014-07-19,Jul,Sat,Weekend,15,B02598,419
2014-07-19,Jul,Sat,Weekend,15,B02617,567
2014-07-19,Jul,Sat,Weekend,15,B02682,324
2014-07-19,Jul,Sat,Weekend,15,B02764,15
2014-07-19,Jul,Sat,Weekend,16,B02512,61
2014-07-19,Jul,Sat,Weekend,16,B02598,452
2014-07-19,Jul,Sat,Weekend,16,B02617,608
2014-07-19,Jul,Sat,Weekend,16,B02682,385
2014-07-19,Jul,Sat,Weekend,16,B02764,16
2014-07-19,Jul,Sat,Weekend,17,B02512,60
2014-07-19,Jul,Sat,Weekend,17,B02598,466
2014-07-19,Jul,Sat,Weekend,17,B02617,636
2014-07-19,Jul,Sat,Weekend,17,B02682,353
2014-07-19,Jul,Sat,Weekend,17,B02764,12
2014-07-19,Jul,Sat,Weekend,18,B02512,69
2014-07-19,Jul,Sat,Weekend,18,B02598,519
2014-07-19,Jul,Sat,Weekend,18,B02617,694
2014-07-19,Jul,Sat,Weekend,18,B02682,390
2014-07-19,Jul,Sat,Weekend,18,B02764,11
2014-07-19,Jul,Sat,Weekend,19,B02512,58
2014-07-19,Jul,Sat,Weekend,19,B02598,430
2014-07-19,Jul,Sat,Weekend,19,B02617,573
2014-07-19,Jul,Sat,Weekend,19,B02682,311
2014-07-19,Jul,Sat,Weekend,19,B02764,13
2014-07-19,Jul,Sat,Weekend,20,B02512,54
2014-07-19,Jul,Sat,Weekend,20,B02598,460
2014-07-19,Jul,Sat,Weekend,20,B02617,650
2014-07-19,Jul,Sat,Weekend,20,B02682,352
2014-07-19,Jul,Sat,Weekend,20,B02764,9
2014-07-19,Jul,Sat,Weekend,21,B02512,65
2014-07-19,Jul,Sat,Weekend,21,B02598,540
2014-07-19,Jul,Sat,Weekend,21,B02617,706
2014-07-19,Jul,Sat,Weekend,21,B02682,404
2014-07-19,Jul,Sat,Weekend,21,B02764,6
2014-07-19,Jul,Sat,Weekend,22,B02512,72
2014-07-19,Jul,Sat,Weekend,22,B02598,596
2014-07-19,Jul,Sat,Weekend,22,B02617,786
2014-07-19,Jul,Sat,Weekend,22,B02682,434
2014-07-19,Jul,Sat,Weekend,22,B02764,5
2014-07-19,Jul,Sat,Weekend,23,B02512,45
2014-07-19,Jul,Sat,Weekend,23,B02598,509
2014-07-19,Jul,Sat,Weekend,23,B02617,693
2014-07-19,Jul,Sat,Weekend,23,B02682,374
2014-07-19,Jul,Sat,Weekend,23,B02764,8
2014-07-20,Jul,Sun,Weekend,0,B02512,45
2014-07-20,Jul,Sun,Weekend,0,B02598,402
2014-07-20,Jul,Sun,Weekend,0,B02617,559
2014-07-20,Jul,Sun,Weekend,0,B02682,339
2014-07-20,Jul,Sun,Weekend,0,B02764,8
2014-07-20,Jul,Sun,Weekend,1,B02512,32
2014-07-20,Jul,Sun,Weekend,1,B02598,330
2014-07-20,Jul,Sun,Weekend,1,B02617,444
2014-07-20,Jul,Sun,Weekend,1,B02682,254
2014-07-20,Jul,Sun,Weekend,1,B02764,5
2014-07-20,Jul,Sun,Weekend,2,B02512,19
2014-07-20,Jul,Sun,Weekend,2,B02598,220
2014-07-20,Jul,Sun,Weekend,2,B02617,339
2014-07-20,Jul,Sun,Weekend,2,B02682,181
2014-07-20,Jul,Sun,Weekend,2,B02764,5
2014-07-20,Jul,Sun,Weekend,3,B02512,11
2014-07-20,Jul,Sun,Weekend,3,B02598,179
2014-07-20,Jul,Sun,Weekend,3,B02617,236
2014-07-20,Jul,Sun,Weekend,3,B02682,133
2014-07-20,Jul,Sun,Weekend,3,B02764,3
2014-07-20,Jul,Sun,Weekend,4,B02512,6
2014-07-20,Jul,Sun,Weekend,4,B02598,73
2014-07-20,Jul,Sun,Weekend,4,B02617,123
2014-07-20,Jul,Sun,Weekend,4,B02682,65
2014-07-20,Jul,Sun,Weekend,4,B02764,1
2014-07-20,Jul,Sun,Weekend,5,B02512,5
2014-07-20,Jul,Sun,Weekend,5,B02598,83
2014-07-20,Jul,Sun,Weekend,5,B02617,104
2014-07-20,Jul,Sun,Weekend,5,B02682,64
2014-07-20,Jul,Sun,Weekend,5,B02764,2
2014-07-20,Jul,Sun,Weekend,6,B02512,8
2014-07-20,Jul,Sun,Weekend,6,B02598,74
2014-07-20,Jul,Sun,Weekend,6,B02617,106
2014-07-20,Jul,Sun,Weekend,6,B02682,96
2014-07-20,Jul,Sun,Weekend,6,B02764,1
2014-07-20,Jul,Sun,Weekend,7,B02512,22
2014-07-20,Jul,Sun,Weekend,7,B02598,94
2014-07-20,Jul,Sun,Weekend,7,B02617,147
2014-07-20,Jul,Sun,Weekend,7,B02682,122
2014-07-20,Jul,Sun,Weekend,7,B02764,5
2014-07-20,Jul,Sun,Weekend,8,B02512,23
2014-07-20,Jul,Sun,Weekend,8,B02598,145
2014-07-20,Jul,Sun,Weekend,8,B02617,191
2014-07-20,Jul,Sun,Weekend,8,B02682,148
2014-07-20,Jul,Sun,Weekend,8,B02764,7
2014-07-20,Jul,Sun,Weekend,9,B02512,34
2014-07-20,Jul,Sun,Weekend,9,B02598,192
2014-07-20,Jul,Sun,Weekend,9,B02617,304
2014-07-20,Jul,Sun,Weekend,9,B02682,187
2014-07-20,Jul,Sun,Weekend,9,B02764,10
2014-07-20,Jul,Sun,Weekend,10,B02512,43
2014-07-20,Jul,Sun,Weekend,10,B02598,247
2014-07-20,Jul,Sun,Weekend,10,B02617,354
2014-07-20,Jul,Sun,Weekend,10,B02682,210
2014-07-20,Jul,Sun,Weekend,10,B02764,14
2014-07-20,Jul,Sun,Weekend,11,B02512,48
2014-07-20,Jul,Sun,Weekend,11,B02598,339
2014-07-20,Jul,Sun,Weekend,11,B02617,395
2014-07-20,Jul,Sun,Weekend,11,B02682,260
2014-07-20,Jul,Sun,Weekend,11,B02764,12
2014-07-20,Jul,Sun,Weekend,12,B02512,51
2014-07-20,Jul,Sun,Weekend,12,B02598,321
2014-07-20,Jul,Sun,Weekend,12,B02617,382
2014-07-20,Jul,Sun,Weekend,12,B02682,226
2014-07-20,Jul,Sun,Weekend,12,B02764,15
2014-07-20,Jul,Sun,Weekend,13,B02512,57
2014-07-20,Jul,Sun,Weekend,13,B02598,367
2014-07-20,Jul,Sun,Weekend,13,B02617,475
2014-07-20,Jul,Sun,Weekend,13,B02682,277
2014-07-20,Jul,Sun,Weekend,13,B02764,18
2014-07-20,Jul,Sun,Weekend,14,B02512,67
2014-07-20,Jul,Sun,Weekend,14,B02598,383
2014-07-20,Jul,Sun,Weekend,14,B02617,537
2014-07-20,Jul,Sun,Weekend,14,B02682,276
2014-07-20,Jul,Sun,Weekend,14,B02764,11
2014-07-20,Jul,Sun,Weekend,15,B02512,52
2014-07-20,Jul,Sun,Weekend,15,B02598,408
2014-07-20,Jul,Sun,Weekend,15,B02617,531
2014-07-20,Jul,Sun,Weekend,15,B02682,300
2014-07-20,Jul,Sun,Weekend,15,B02764,12
2014-07-20,Jul,Sun,Weekend,16,B02512,54
2014-07-20,Jul,Sun,Weekend,16,B02598,399
2014-07-20,Jul,Sun,Weekend,16,B02617,540
2014-07-20,Jul,Sun,Weekend,16,B02682,311
2014-07-20,Jul,Sun,Weekend,16,B02764,14
2014-07-20,Jul,Sun,Weekend,17,B02512,50
2014-07-20,Jul,Sun,Weekend,17,B02598,429
2014-07-20,Jul,Sun,Weekend,17,B02617,570
2014-07-20,Jul,Sun,Weekend,17,B02682,334
2014-07-20,Jul,Sun,Weekend,17,B02764,10
2014-07-20,Jul,Sun,Weekend,18,B02512,35
2014-07-20,Jul,Sun,Weekend,18,B02598,341
2014-07-20,Jul,Sun,Weekend,18,B02617,470
2014-07-20,Jul,Sun,Weekend,18,B02682,275
2014-07-20,Jul,Sun,Weekend,18,B02764,9
2014-07-20,Jul,Sun,Weekend,19,B02512,46
2014-07-20,Jul,Sun,Weekend,19,B02598,266
2014-07-20,Jul,Sun,Weekend,19,B02617,408
2014-07-20,Jul,Sun,Weekend,19,B02682,234
2014-07-20,Jul,Sun,Weekend,19,B02764,3
2014-07-20,Jul,Sun,Weekend,20,B02512,45
2014-07-20,Jul,Sun,Weekend,20,B02598,321
2014-07-20,Jul,Sun,Weekend,20,B02617,486
2014-07-20,Jul,Sun,Weekend,20,B02682,255
2014-07-20,Jul,Sun,Weekend,20,B02764,1
2014-07-20,Jul,Sun,Weekend,21,B02512,46
2014-07-20,Jul,Sun,Weekend,21,B02598,308
2014-07-20,Jul,Sun,Weekend,21,B02617,439
2014-07-20,Jul,Sun,Weekend,21,B02682,254
2014-07-20,Jul,Sun,Weekend,21,B02764,2
2014-07-20,Jul,Sun,Weekend,22,B02512,34
2014-07-20,Jul,Sun,Weekend,22,B02598,257
2014-07-20,Jul,Sun,Weekend,22,B02617,368
2014-07-20,Jul,Sun,Weekend,22,B02682,225
2014-07-20,Jul,Sun,Weekend,22,B02764,5
2014-07-20,Jul,Sun,Weekend,23,B02512,17
2014-07-20,Jul,Sun,Weekend,23,B02598,164
2014-07-20,Jul,Sun,Weekend,23,B02617,180
2014-07-20,Jul,Sun,Weekend,23,B02682,129
2014-07-20,Jul,Sun,Weekend,23,B02764,4
2014-07-21,Jul,Mon,Weekday,0,B02512,12
2014-07-21,Jul,Mon,Weekday,0,B02598,78
2014-07-21,Jul,Mon,Weekday,0,B02617,97
2014-07-21,Jul,Mon,Weekday,0,B02682,64
2014-07-21,Jul,Mon,Weekday,0,B02764,2
2014-07-21,Jul,Mon,Weekday,1,B02512,4
2014-07-21,Jul,Mon,Weekday,1,B02598,36
2014-07-21,Jul,Mon,Weekday,1,B02617,55
2014-07-21,Jul,Mon,Weekday,1,B02682,33
2014-07-21,Jul,Mon,Weekday,1,B02764,1
2014-07-21,Jul,Mon,Weekday,2,B02512,8
2014-07-21,Jul,Mon,Weekday,2,B02598,36
2014-07-21,Jul,Mon,Weekday,2,B02617,37
2014-07-21,Jul,Mon,Weekday,2,B02682,29
2014-07-21,Jul,Mon,Weekday,3,B02512,14
2014-07-21,Jul,Mon,Weekday,3,B02598,91
2014-07-21,Jul,Mon,Weekday,3,B02617,100
2014-07-21,Jul,Mon,Weekday,3,B02682,84
2014-07-21,Jul,Mon,Weekday,3,B02764,3
2014-07-21,Jul,Mon,Weekday,4,B02512,10
2014-07-21,Jul,Mon,Weekday,4,B02598,136
2014-07-21,Jul,Mon,Weekday,4,B02617,157
2014-07-21,Jul,Mon,Weekday,4,B02682,126
2014-07-21,Jul,Mon,Weekday,4,B02764,3
2014-07-21,Jul,Mon,Weekday,5,B02512,19
2014-07-21,Jul,Mon,Weekday,5,B02598,190
2014-07-21,Jul,Mon,Weekday,5,B02617,276
2014-07-21,Jul,Mon,Weekday,5,B02682,183
2014-07-21,Jul,Mon,Weekday,5,B02764,9
2014-07-21,Jul,Mon,Weekday,6,B02512,40
2014-07-21,Jul,Mon,Weekday,6,B02598,271
2014-07-21,Jul,Mon,Weekday,6,B02617,364
2014-07-21,Jul,Mon,Weekday,6,B02682,276
2014-07-21,Jul,Mon,Weekday,6,B02764,15
2014-07-21,Jul,Mon,Weekday,7,B02512,62
2014-07-21,Jul,Mon,Weekday,7,B02598,396
2014-07-21,Jul,Mon,Weekday,7,B02617,522
2014-07-21,Jul,Mon,Weekday,7,B02682,364
2014-07-21,Jul,Mon,Weekday,7,B02764,17
2014-07-21,Jul,Mon,Weekday,8,B02512,51
2014-07-21,Jul,Mon,Weekday,8,B02598,355
2014-07-21,Jul,Mon,Weekday,8,B02617,485
2014-07-21,Jul,Mon,Weekday,8,B02682,349
2014-07-21,Jul,Mon,Weekday,8,B02764,23
2014-07-21,Jul,Mon,Weekday,9,B02512,55
2014-07-21,Jul,Mon,Weekday,9,B02598,286
2014-07-21,Jul,Mon,Weekday,9,B02617,362
2014-07-21,Jul,Mon,Weekday,9,B02682,244
2014-07-21,Jul,Mon,Weekday,9,B02764,16
2014-07-21,Jul,Mon,Weekday,10,B02512,46
2014-07-21,Jul,Mon,Weekday,10,B02598,245
2014-07-21,Jul,Mon,Weekday,10,B02617,364
2014-07-21,Jul,Mon,Weekday,10,B02682,233
2014-07-21,Jul,Mon,Weekday,10,B02764,14
2014-07-21,Jul,Mon,Weekday,11,B02512,50
2014-07-21,Jul,Mon,Weekday,11,B02598,263
2014-07-21,Jul,Mon,Weekday,11,B02617,373
2014-07-21,Jul,Mon,Weekday,11,B02682,211
2014-07-21,Jul,Mon,Weekday,11,B02764,20
2014-07-21,Jul,Mon,Weekday,12,B02512,37
2014-07-21,Jul,Mon,Weekday,12,B02598,291
2014-07-21,Jul,Mon,Weekday,12,B02617,369
2014-07-21,Jul,Mon,Weekday,12,B02682,234
2014-07-21,Jul,Mon,Weekday,12,B02764,25
2014-07-21,Jul,Mon,Weekday,13,B02512,49
2014-07-21,Jul,Mon,Weekday,13,B02598,307
2014-07-21,Jul,Mon,Weekday,13,B02617,419
2014-07-21,Jul,Mon,Weekday,13,B02682,250
2014-07-21,Jul,Mon,Weekday,13,B02764,18
2014-07-21,Jul,Mon,Weekday,14,B02512,59
2014-07-21,Jul,Mon,Weekday,14,B02598,343
2014-07-21,Jul,Mon,Weekday,14,B02617,528
2014-07-21,Jul,Mon,Weekday,14,B02682,254
2014-07-21,Jul,Mon,Weekday,14,B02764,16
2014-07-21,Jul,Mon,Weekday,15,B02512,61
2014-07-21,Jul,Mon,Weekday,15,B02598,402
2014-07-21,Jul,Mon,Weekday,15,B02617,576
2014-07-21,Jul,Mon,Weekday,15,B02682,325
2014-07-21,Jul,Mon,Weekday,15,B02764,20
2014-07-21,Jul,Mon,Weekday,16,B02512,80
2014-07-21,Jul,Mon,Weekday,16,B02598,483
2014-07-21,Jul,Mon,Weekday,16,B02617,697
2014-07-21,Jul,Mon,Weekday,16,B02682,393
2014-07-21,Jul,Mon,Weekday,16,B02764,20
2014-07-21,Jul,Mon,Weekday,17,B02512,73
2014-07-21,Jul,Mon,Weekday,17,B02598,510
2014-07-21,Jul,Mon,Weekday,17,B02617,778
2014-07-21,Jul,Mon,Weekday,17,B02682,430
2014-07-21,Jul,Mon,Weekday,17,B02764,25
2014-07-21,Jul,Mon,Weekday,18,B02512,59
2014-07-21,Jul,Mon,Weekday,18,B02598,455
2014-07-21,Jul,Mon,Weekday,18,B02617,718
2014-07-21,Jul,Mon,Weekday,18,B02682,384
2014-07-21,Jul,Mon,Weekday,18,B02764,20
2014-07-21,Jul,Mon,Weekday,19,B02512,59
2014-07-21,Jul,Mon,Weekday,19,B02598,410
2014-07-21,Jul,Mon,Weekday,19,B02617,640
2014-07-21,Jul,Mon,Weekday,19,B02682,311
2014-07-21,Jul,Mon,Weekday,19,B02764,16
2014-07-21,Jul,Mon,Weekday,20,B02512,57
2014-07-21,Jul,Mon,Weekday,20,B02598,411
2014-07-21,Jul,Mon,Weekday,20,B02617,615
2014-07-21,Jul,Mon,Weekday,20,B02682,331
2014-07-21,Jul,Mon,Weekday,20,B02764,14
2014-07-21,Jul,Mon,Weekday,21,B02512,54
2014-07-21,Jul,Mon,Weekday,21,B02598,378
2014-07-21,Jul,Mon,Weekday,21,B02617,542
2014-07-21,Jul,Mon,Weekday,21,B02682,280
2014-07-21,Jul,Mon,Weekday,21,B02764,11
2014-07-21,Jul,Mon,Weekday,22,B02512,30
2014-07-21,Jul,Mon,Weekday,22,B02598,298
2014-07-21,Jul,Mon,Weekday,22,B02617,391
2014-07-21,Jul,Mon,Weekday,22,B02682,208
2014-07-21,Jul,Mon,Weekday,22,B02764,5
2014-07-21,Jul,Mon,Weekday,23,B02512,13
2014-07-21,Jul,Mon,Weekday,23,B02598,166
2014-07-21,Jul,Mon,Weekday,23,B02617,234
2014-07-21,Jul,Mon,Weekday,23,B02682,129
2014-07-21,Jul,Mon,Weekday,23,B02764,2
2014-07-22,Jul,Tue,Weekday,0,B02512,8
2014-07-22,Jul,Tue,Weekday,0,B02598,86
2014-07-22,Jul,Tue,Weekday,0,B02617,119
2014-07-22,Jul,Tue,Weekday,0,B02682,78
2014-07-22,Jul,Tue,Weekday,1,B02512,5
2014-07-22,Jul,Tue,Weekday,1,B02598,50
2014-07-22,Jul,Tue,Weekday,1,B02617,68
2014-07-22,Jul,Tue,Weekday,1,B02682,37
2014-07-22,Jul,Tue,Weekday,1,B02764,1
2014-07-22,Jul,Tue,Weekday,2,B02512,3
2014-07-22,Jul,Tue,Weekday,2,B02598,51
2014-07-22,Jul,Tue,Weekday,2,B02617,46
2014-07-22,Jul,Tue,Weekday,2,B02682,31
2014-07-22,Jul,Tue,Weekday,3,B02512,15
2014-07-22,Jul,Tue,Weekday,3,B02598,78
2014-07-22,Jul,Tue,Weekday,3,B02617,64
2014-07-22,Jul,Tue,Weekday,3,B02682,42
2014-07-22,Jul,Tue,Weekday,3,B02764,1
2014-07-22,Jul,Tue,Weekday,4,B02512,16
2014-07-22,Jul,Tue,Weekday,4,B02598,102
2014-07-22,Jul,Tue,Weekday,4,B02617,113
2014-07-22,Jul,Tue,Weekday,4,B02682,88
2014-07-22,Jul,Tue,Weekday,4,B02764,2
2014-07-22,Jul,Tue,Weekday,5,B02512,25
2014-07-22,Jul,Tue,Weekday,5,B02598,196
2014-07-22,Jul,Tue,Weekday,5,B02617,236
2014-07-22,Jul,Tue,Weekday,5,B02682,157
2014-07-22,Jul,Tue,Weekday,5,B02764,7
2014-07-22,Jul,Tue,Weekday,6,B02512,41
2014-07-22,Jul,Tue,Weekday,6,B02598,301
2014-07-22,Jul,Tue,Weekday,6,B02617,423
2014-07-22,Jul,Tue,Weekday,6,B02682,282
2014-07-22,Jul,Tue,Weekday,6,B02764,9
2014-07-22,Jul,Tue,Weekday,7,B02512,62
2014-07-22,Jul,Tue,Weekday,7,B02598,409
2014-07-22,Jul,Tue,Weekday,7,B02617,568
2014-07-22,Jul,Tue,Weekday,7,B02682,360
2014-07-22,Jul,Tue,Weekday,7,B02764,14
2014-07-22,Jul,Tue,Weekday,8,B02512,60
2014-07-22,Jul,Tue,Weekday,8,B02598,424
2014-07-22,Jul,Tue,Weekday,8,B02617,609
2014-07-22,Jul,Tue,Weekday,8,B02682,378
2014-07-22,Jul,Tue,Weekday,8,B02764,21
2014-07-22,Jul,Tue,Weekday,9,B02512,42
2014-07-22,Jul,Tue,Weekday,9,B02598,350
2014-07-22,Jul,Tue,Weekday,9,B02617,455
2014-07-22,Jul,Tue,Weekday,9,B02682,286
2014-07-22,Jul,Tue,Weekday,9,B02764,13
2014-07-22,Jul,Tue,Weekday,10,B02512,51
2014-07-22,Jul,Tue,Weekday,10,B02598,306
2014-07-22,Jul,Tue,Weekday,10,B02617,432
2014-07-22,Jul,Tue,Weekday,10,B02682,271
2014-07-22,Jul,Tue,Weekday,10,B02764,14
2014-07-22,Jul,Tue,Weekday,11,B02512,44
2014-07-22,Jul,Tue,Weekday,11,B02598,340
2014-07-22,Jul,Tue,Weekday,11,B02617,465
2014-07-22,Jul,Tue,Weekday,11,B02682,253
2014-07-22,Jul,Tue,Weekday,11,B02764,11
2014-07-22,Jul,Tue,Weekday,12,B02512,49
2014-07-22,Jul,Tue,Weekday,12,B02598,338
2014-07-22,Jul,Tue,Weekday,12,B02617,456
2014-07-22,Jul,Tue,Weekday,12,B02682,258
2014-07-22,Jul,Tue,Weekday,12,B02764,17
2014-07-22,Jul,Tue,Weekday,13,B02512,64
2014-07-22,Jul,Tue,Weekday,13,B02598,388
2014-07-22,Jul,Tue,Weekday,13,B02617,537
2014-07-22,Jul,Tue,Weekday,13,B02682,308
2014-07-22,Jul,Tue,Weekday,13,B02764,17
2014-07-22,Jul,Tue,Weekday,14,B02512,65
2014-07-22,Jul,Tue,Weekday,14,B02598,420
2014-07-22,Jul,Tue,Weekday,14,B02617,625
2014-07-22,Jul,Tue,Weekday,14,B02682,355
2014-07-22,Jul,Tue,Weekday,14,B02764,21
2014-07-22,Jul,Tue,Weekday,15,B02512,84
2014-07-22,Jul,Tue,Weekday,15,B02598,524
2014-07-22,Jul,Tue,Weekday,15,B02617,724
2014-07-22,Jul,Tue,Weekday,15,B02682,387
2014-07-22,Jul,Tue,Weekday,15,B02764,23
2014-07-22,Jul,Tue,Weekday,16,B02512,104
2014-07-22,Jul,Tue,Weekday,16,B02598,652
2014-07-22,Jul,Tue,Weekday,16,B02617,956
2014-07-22,Jul,Tue,Weekday,16,B02682,473
2014-07-22,Jul,Tue,Weekday,16,B02764,22
2014-07-22,Jul,Tue,Weekday,17,B02512,121
2014-07-22,Jul,Tue,Weekday,17,B02598,719
2014-07-22,Jul,Tue,Weekday,17,B02617,967
2014-07-22,Jul,Tue,Weekday,17,B02682,581
2014-07-22,Jul,Tue,Weekday,17,B02764,25
2014-07-22,Jul,Tue,Weekday,18,B02512,110
2014-07-22,Jul,Tue,Weekday,18,B02598,647
2014-07-22,Jul,Tue,Weekday,18,B02617,884
2014-07-22,Jul,Tue,Weekday,18,B02682,534
2014-07-22,Jul,Tue,Weekday,18,B02764,21
2014-07-22,Jul,Tue,Weekday,19,B02512,108
2014-07-22,Jul,Tue,Weekday,19,B02598,516
2014-07-22,Jul,Tue,Weekday,19,B02617,754
2014-07-22,Jul,Tue,Weekday,19,B02682,440
2014-07-22,Jul,Tue,Weekday,19,B02764,23
2014-07-22,Jul,Tue,Weekday,20,B02512,99
2014-07-22,Jul,Tue,Weekday,20,B02598,519
2014-07-22,Jul,Tue,Weekday,20,B02617,801
2014-07-22,Jul,Tue,Weekday,20,B02682,472
2014-07-22,Jul,Tue,Weekday,20,B02764,16
2014-07-22,Jul,Tue,Weekday,21,B02512,84
2014-07-22,Jul,Tue,Weekday,21,B02598,530
2014-07-22,Jul,Tue,Weekday,21,B02617,720
2014-07-22,Jul,Tue,Weekday,21,B02682,398
2014-07-22,Jul,Tue,Weekday,21,B02764,13
2014-07-22,Jul,Tue,Weekday,22,B02512,62
2014-07-22,Jul,Tue,Weekday,22,B02598,369
2014-07-22,Jul,Tue,Weekday,22,B02617,524
2014-07-22,Jul,Tue,Weekday,22,B02682,332
2014-07-22,Jul,Tue,Weekday,22,B02764,19
2014-07-22,Jul,Tue,Weekday,23,B02512,23
2014-07-22,Jul,Tue,Weekday,23,B02598,226
2014-07-22,Jul,Tue,Weekday,23,B02617,301
2014-07-22,Jul,Tue,Weekday,23,B02682,180
2014-07-22,Jul,Tue,Weekday,23,B02764,5
2014-07-23,Jul,Wed,Weekday,0,B02512,12
2014-07-23,Jul,Wed,Weekday,0,B02598,107
2014-07-23,Jul,Wed,Weekday,0,B02617,156
2014-07-23,Jul,Wed,Weekday,0,B02682,101
2014-07-23,Jul,Wed,Weekday,0,B02764,3
2014-07-23,Jul,Wed,Weekday,1,B02512,8
2014-07-23,Jul,Wed,Weekday,1,B02598,65
2014-07-23,Jul,Wed,Weekday,1,B02617,89
2014-07-23,Jul,Wed,Weekday,1,B02682,49
2014-07-23,Jul,Wed,Weekday,2,B02512,9
2014-07-23,Jul,Wed,Weekday,2,B02598,57
2014-07-23,Jul,Wed,Weekday,2,B02617,63
2014-07-23,Jul,Wed,Weekday,2,B02682,47
2014-07-23,Jul,Wed,Weekday,2,B02764,1
2014-07-23,Jul,Wed,Weekday,3,B02512,11
2014-07-23,Jul,Wed,Weekday,3,B02598,70
2014-07-23,Jul,Wed,Weekday,3,B02617,94
2014-07-23,Jul,Wed,Weekday,3,B02682,68
2014-07-23,Jul,Wed,Weekday,4,B02512,12
2014-07-23,Jul,Wed,Weekday,4,B02598,114
2014-07-23,Jul,Wed,Weekday,4,B02617,144
2014-07-23,Jul,Wed,Weekday,4,B02682,97
2014-07-23,Jul,Wed,Weekday,4,B02764,3
2014-07-23,Jul,Wed,Weekday,5,B02512,21
2014-07-23,Jul,Wed,Weekday,5,B02598,184
2014-07-23,Jul,Wed,Weekday,5,B02617,232
2014-07-23,Jul,Wed,Weekday,5,B02682,174
2014-07-23,Jul,Wed,Weekday,5,B02764,8
2014-07-23,Jul,Wed,Weekday,6,B02512,39
2014-07-23,Jul,Wed,Weekday,6,B02598,312
2014-07-23,Jul,Wed,Weekday,6,B02617,409
2014-07-23,Jul,Wed,Weekday,6,B02682,285
2014-07-23,Jul,Wed,Weekday,6,B02764,14
2014-07-23,Jul,Wed,Weekday,7,B02512,61
2014-07-23,Jul,Wed,Weekday,7,B02598,410
2014-07-23,Jul,Wed,Weekday,7,B02617,602
2014-07-23,Jul,Wed,Weekday,7,B02682,377
2014-07-23,Jul,Wed,Weekday,7,B02764,26
2014-07-23,Jul,Wed,Weekday,8,B02512,56
2014-07-23,Jul,Wed,Weekday,8,B02598,468
2014-07-23,Jul,Wed,Weekday,8,B02617,593
2014-07-23,Jul,Wed,Weekday,8,B02682,393
2014-07-23,Jul,Wed,Weekday,8,B02764,19
2014-07-23,Jul,Wed,Weekday,9,B02512,54
2014-07-23,Jul,Wed,Weekday,9,B02598,364
2014-07-23,Jul,Wed,Weekday,9,B02617,472
2014-07-23,Jul,Wed,Weekday,9,B02682,290
2014-07-23,Jul,Wed,Weekday,9,B02764,19
2014-07-23,Jul,Wed,Weekday,10,B02512,39
2014-07-23,Jul,Wed,Weekday,10,B02598,344
2014-07-23,Jul,Wed,Weekday,10,B02617,451
2014-07-23,Jul,Wed,Weekday,10,B02682,322
2014-07-23,Jul,Wed,Weekday,10,B02764,19
2014-07-23,Jul,Wed,Weekday,11,B02512,52
2014-07-23,Jul,Wed,Weekday,11,B02598,341
2014-07-23,Jul,Wed,Weekday,11,B02617,519
2014-07-23,Jul,Wed,Weekday,11,B02682,300
2014-07-23,Jul,Wed,Weekday,11,B02764,18
2014-07-23,Jul,Wed,Weekday,12,B02512,53
2014-07-23,Jul,Wed,Weekday,12,B02598,363
2014-07-23,Jul,Wed,Weekday,12,B02617,535
2014-07-23,Jul,Wed,Weekday,12,B02682,301
2014-07-23,Jul,Wed,Weekday,12,B02764,20
2014-07-23,Jul,Wed,Weekday,13,B02512,69
2014-07-23,Jul,Wed,Weekday,13,B02598,444
2014-07-23,Jul,Wed,Weekday,13,B02617,641
2014-07-23,Jul,Wed,Weekday,13,B02682,344
2014-07-23,Jul,Wed,Weekday,13,B02764,16
2014-07-23,Jul,Wed,Weekday,14,B02512,86
2014-07-23,Jul,Wed,Weekday,14,B02598,528
2014-07-23,Jul,Wed,Weekday,14,B02617,733
2014-07-23,Jul,Wed,Weekday,14,B02682,385
2014-07-23,Jul,Wed,Weekday,14,B02764,26
2014-07-23,Jul,Wed,Weekday,15,B02512,99
2014-07-23,Jul,Wed,Weekday,15,B02598,632
2014-07-23,Jul,Wed,Weekday,15,B02617,853
2014-07-23,Jul,Wed,Weekday,15,B02682,470
2014-07-23,Jul,Wed,Weekday,15,B02764,18
2014-07-23,Jul,Wed,Weekday,16,B02512,111
2014-07-23,Jul,Wed,Weekday,16,B02598,754
2014-07-23,Jul,Wed,Weekday,16,B02617,923
2014-07-23,Jul,Wed,Weekday,16,B02682,553
2014-07-23,Jul,Wed,Weekday,16,B02764,30
2014-07-23,Jul,Wed,Weekday,17,B02512,118
2014-07-23,Jul,Wed,Weekday,17,B02598,782
2014-07-23,Jul,Wed,Weekday,17,B02617,1030
2014-07-23,Jul,Wed,Weekday,17,B02682,553
2014-07-23,Jul,Wed,Weekday,17,B02764,36
2014-07-23,Jul,Wed,Weekday,18,B02512,128
2014-07-23,Jul,Wed,Weekday,18,B02598,743
2014-07-23,Jul,Wed,Weekday,18,B02617,998
2014-07-23,Jul,Wed,Weekday,18,B02682,536
2014-07-23,Jul,Wed,Weekday,18,B02764,29
2014-07-23,Jul,Wed,Weekday,19,B02512,151
2014-07-23,Jul,Wed,Weekday,19,B02598,664
2014-07-23,Jul,Wed,Weekday,19,B02617,959
2014-07-23,Jul,Wed,Weekday,19,B02682,515
2014-07-23,Jul,Wed,Weekday,19,B02764,31
2014-07-23,Jul,Wed,Weekday,20,B02512,153
2014-07-23,Jul,Wed,Weekday,20,B02598,806
2014-07-23,Jul,Wed,Weekday,20,B02617,1156
2014-07-23,Jul,Wed,Weekday,20,B02682,651
2014-07-23,Jul,Wed,Weekday,20,B02764,25
2014-07-23,Jul,Wed,Weekday,21,B02512,128
2014-07-23,Jul,Wed,Weekday,21,B02598,731
2014-07-23,Jul,Wed,Weekday,21,B02617,1065
2014-07-23,Jul,Wed,Weekday,21,B02682,615
2014-07-23,Jul,Wed,Weekday,21,B02764,20
2014-07-23,Jul,Wed,Weekday,22,B02512,80
2014-07-23,Jul,Wed,Weekday,22,B02598,559
2014-07-23,Jul,Wed,Weekday,22,B02617,771
2014-07-23,Jul,Wed,Weekday,22,B02682,433
2014-07-23,Jul,Wed,Weekday,22,B02764,15
2014-07-23,Jul,Wed,Weekday,23,B02512,34
2014-07-23,Jul,Wed,Weekday,23,B02598,262
2014-07-23,Jul,Wed,Weekday,23,B02617,385
2014-07-23,Jul,Wed,Weekday,23,B02682,247
2014-07-23,Jul,Wed,Weekday,23,B02764,10
2014-07-24,Jul,Thu,Weekday,0,B02512,14
2014-07-24,Jul,Thu,Weekday,0,B02598,128
2014-07-24,Jul,Thu,Weekday,0,B02617,197
2014-07-24,Jul,Thu,Weekday,0,B02682,105
2014-07-24,Jul,Thu,Weekday,0,B02764,2
2014-07-24,Jul,Thu,Weekday,1,B02512,4
2014-07-24,Jul,Thu,Weekday,1,B02598,54
2014-07-24,Jul,Thu,Weekday,1,B02617,93
2014-07-24,Jul,Thu,Weekday,1,B02682,72
2014-07-24,Jul,Thu,Weekday,2,B02512,2
2014-07-24,Jul,Thu,Weekday,2,B02598,57
2014-07-24,Jul,Thu,Weekday,2,B02617,61
2014-07-24,Jul,Thu,Weekday,2,B02682,56
2014-07-24,Jul,Thu,Weekday,3,B02512,6
2014-07-24,Jul,Thu,Weekday,3,B02598,87
2014-07-24,Jul,Thu,Weekday,3,B02617,98
2014-07-24,Jul,Thu,Weekday,3,B02682,61
2014-07-24,Jul,Thu,Weekday,4,B02512,13
2014-07-24,Jul,Thu,Weekday,4,B02598,125
2014-07-24,Jul,Thu,Weekday,4,B02617,171
2014-07-24,Jul,Thu,Weekday,4,B02682,109
2014-07-24,Jul,Thu,Weekday,4,B02764,2
2014-07-24,Jul,Thu,Weekday,5,B02512,21
2014-07-24,Jul,Thu,Weekday,5,B02598,195
2014-07-24,Jul,Thu,Weekday,5,B02617,259
2014-07-24,Jul,Thu,Weekday,5,B02682,162
2014-07-24,Jul,Thu,Weekday,5,B02764,8
2014-07-24,Jul,Thu,Weekday,6,B02512,40
2014-07-24,Jul,Thu,Weekday,6,B02598,306
2014-07-24,Jul,Thu,Weekday,6,B02617,385
2014-07-24,Jul,Thu,Weekday,6,B02682,263
2014-07-24,Jul,Thu,Weekday,6,B02764,8
2014-07-24,Jul,Thu,Weekday,7,B02512,50
2014-07-24,Jul,Thu,Weekday,7,B02598,407
2014-07-24,Jul,Thu,Weekday,7,B02617,541
2014-07-24,Jul,Thu,Weekday,7,B02682,338
2014-07-24,Jul,Thu,Weekday,7,B02764,17
2014-07-24,Jul,Thu,Weekday,8,B02512,62
2014-07-24,Jul,Thu,Weekday,8,B02598,450
2014-07-24,Jul,Thu,Weekday,8,B02617,551
2014-07-24,Jul,Thu,Weekday,8,B02682,349
2014-07-24,Jul,Thu,Weekday,8,B02764,17
2014-07-24,Jul,Thu,Weekday,9,B02512,42
2014-07-24,Jul,Thu,Weekday,9,B02598,373
2014-07-24,Jul,Thu,Weekday,9,B02617,500
2014-07-24,Jul,Thu,Weekday,9,B02682,299
2014-07-24,Jul,Thu,Weekday,9,B02764,16
2014-07-24,Jul,Thu,Weekday,10,B02512,46
2014-07-24,Jul,Thu,Weekday,10,B02598,349
2014-07-24,Jul,Thu,Weekday,10,B02617,437
2014-07-24,Jul,Thu,Weekday,10,B02682,265
2014-07-24,Jul,Thu,Weekday,10,B02764,13
2014-07-24,Jul,Thu,Weekday,11,B02512,51
2014-07-24,Jul,Thu,Weekday,11,B02598,378
2014-07-24,Jul,Thu,Weekday,11,B02617,487
2014-07-24,Jul,Thu,Weekday,11,B02682,281
2014-07-24,Jul,Thu,Weekday,11,B02764,21
2014-07-24,Jul,Thu,Weekday,12,B02512,57
2014-07-24,Jul,Thu,Weekday,12,B02598,358
2014-07-24,Jul,Thu,Weekday,12,B02617,446
2014-07-24,Jul,Thu,Weekday,12,B02682,268
2014-07-24,Jul,Thu,Weekday,12,B02764,13
2014-07-24,Jul,Thu,Weekday,13,B02512,62
2014-07-24,Jul,Thu,Weekday,13,B02598,396
2014-07-24,Jul,Thu,Weekday,13,B02617,547
2014-07-24,Jul,Thu,Weekday,13,B02682,258
2014-07-24,Jul,Thu,Weekday,13,B02764,20
2014-07-24,Jul,Thu,Weekday,14,B02512,71
2014-07-24,Jul,Thu,Weekday,14,B02598,457
2014-07-24,Jul,Thu,Weekday,14,B02617,621
2014-07-24,Jul,Thu,Weekday,14,B02682,363
2014-07-24,Jul,Thu,Weekday,14,B02764,23
2014-07-24,Jul,Thu,Weekday,15,B02512,83
2014-07-24,Jul,Thu,Weekday,15,B02598,543
2014-07-24,Jul,Thu,Weekday,15,B02617,690
2014-07-24,Jul,Thu,Weekday,15,B02682,369
2014-07-24,Jul,Thu,Weekday,15,B02764,19
2014-07-24,Jul,Thu,Weekday,16,B02512,69
2014-07-24,Jul,Thu,Weekday,16,B02598,672
2014-07-24,Jul,Thu,Weekday,16,B02617,890
2014-07-24,Jul,Thu,Weekday,16,B02682,447
2014-07-24,Jul,Thu,Weekday,16,B02764,31
2014-07-24,Jul,Thu,Weekday,17,B02512,97
2014-07-24,Jul,Thu,Weekday,17,B02598,714
2014-07-24,Jul,Thu,Weekday,17,B02617,1004
2014-07-24,Jul,Thu,Weekday,17,B02682,532
2014-07-24,Jul,Thu,Weekday,17,B02764,38
2014-07-24,Jul,Thu,Weekday,18,B02512,96
2014-07-24,Jul,Thu,Weekday,18,B02598,712
2014-07-24,Jul,Thu,Weekday,18,B02617,999
2014-07-24,Jul,Thu,Weekday,18,B02682,537
2014-07-24,Jul,Thu,Weekday,18,B02764,28
2014-07-24,Jul,Thu,Weekday,19,B02512,112
2014-07-24,Jul,Thu,Weekday,19,B02598,705
2014-07-24,Jul,Thu,Weekday,19,B02617,979
2014-07-24,Jul,Thu,Weekday,19,B02682,506
2014-07-24,Jul,Thu,Weekday,19,B02764,14
2014-07-24,Jul,Thu,Weekday,20,B02512,95
2014-07-24,Jul,Thu,Weekday,20,B02598,673
2014-07-24,Jul,Thu,Weekday,20,B02617,975
2014-07-24,Jul,Thu,Weekday,20,B02682,511
2014-07-24,Jul,Thu,Weekday,20,B02764,23
2014-07-24,Jul,Thu,Weekday,21,B02512,83
2014-07-24,Jul,Thu,Weekday,21,B02598,664
2014-07-24,Jul,Thu,Weekday,21,B02617,876
2014-07-24,Jul,Thu,Weekday,21,B02682,510
2014-07-24,Jul,Thu,Weekday,21,B02764,19
2014-07-24,Jul,Thu,Weekday,22,B02512,95
2014-07-24,Jul,Thu,Weekday,22,B02598,609
2014-07-24,Jul,Thu,Weekday,22,B02617,814
2014-07-24,Jul,Thu,Weekday,22,B02682,452
2014-07-24,Jul,Thu,Weekday,22,B02764,16
2014-07-24,Jul,Thu,Weekday,23,B02512,42
2014-07-24,Jul,Thu,Weekday,23,B02598,391
2014-07-24,Jul,Thu,Weekday,23,B02617,550
2014-07-24,Jul,Thu,Weekday,23,B02682,295
2014-07-24,Jul,Thu,Weekday,23,B02764,7
2014-07-25,Jul,Fri,Weekday,0,B02512,22
2014-07-25,Jul,Fri,Weekday,0,B02598,219
2014-07-25,Jul,Fri,Weekday,0,B02617,308
2014-07-25,Jul,Fri,Weekday,0,B02682,159
2014-07-25,Jul,Fri,Weekday,0,B02764,6
2014-07-25,Jul,Fri,Weekday,1,B02512,15
2014-07-25,Jul,Fri,Weekday,1,B02598,150
2014-07-25,Jul,Fri,Weekday,1,B02617,171
2014-07-25,Jul,Fri,Weekday,1,B02682,109
2014-07-25,Jul,Fri,Weekday,1,B02764,2
2014-07-25,Jul,Fri,Weekday,2,B02512,12
2014-07-25,Jul,Fri,Weekday,2,B02598,87
2014-07-25,Jul,Fri,Weekday,2,B02617,117
2014-07-25,Jul,Fri,Weekday,2,B02682,74
2014-07-25,Jul,Fri,Weekday,3,B02512,11
2014-07-25,Jul,Fri,Weekday,3,B02598,89
2014-07-25,Jul,Fri,Weekday,3,B02617,126
2014-07-25,Jul,Fri,Weekday,3,B02682,95
2014-07-25,Jul,Fri,Weekday,3,B02764,2
2014-07-25,Jul,Fri,Weekday,4,B02512,18
2014-07-25,Jul,Fri,Weekday,4,B02598,125
2014-07-25,Jul,Fri,Weekday,4,B02617,147
2014-07-25,Jul,Fri,Weekday,4,B02682,105
2014-07-25,Jul,Fri,Weekday,4,B02764,6
2014-07-25,Jul,Fri,Weekday,5,B02512,22
2014-07-25,Jul,Fri,Weekday,5,B02598,174
2014-07-25,Jul,Fri,Weekday,5,B02617,231
2014-07-25,Jul,Fri,Weekday,5,B02682,162
2014-07-25,Jul,Fri,Weekday,5,B02764,6
2014-07-25,Jul,Fri,Weekday,6,B02512,37
2014-07-25,Jul,Fri,Weekday,6,B02598,274
2014-07-25,Jul,Fri,Weekday,6,B02617,344
2014-07-25,Jul,Fri,Weekday,6,B02682,236
2014-07-25,Jul,Fri,Weekday,6,B02764,10
2014-07-25,Jul,Fri,Weekday,7,B02512,57
2014-07-25,Jul,Fri,Weekday,7,B02598,371
2014-07-25,Jul,Fri,Weekday,7,B02617,466
2014-07-25,Jul,Fri,Weekday,7,B02682,332
2014-07-25,Jul,Fri,Weekday,7,B02764,15
2014-07-25,Jul,Fri,Weekday,8,B02512,66
2014-07-25,Jul,Fri,Weekday,8,B02598,370
2014-07-25,Jul,Fri,Weekday,8,B02617,510
2014-07-25,Jul,Fri,Weekday,8,B02682,340
2014-07-25,Jul,Fri,Weekday,8,B02764,19
2014-07-25,Jul,Fri,Weekday,9,B02512,61
2014-07-25,Jul,Fri,Weekday,9,B02598,336
2014-07-25,Jul,Fri,Weekday,9,B02617,428
2014-07-25,Jul,Fri,Weekday,9,B02682,272
2014-07-25,Jul,Fri,Weekday,9,B02764,15
2014-07-25,Jul,Fri,Weekday,10,B02512,40
2014-07-25,Jul,Fri,Weekday,10,B02598,307
2014-07-25,Jul,Fri,Weekday,10,B02617,414
2014-07-25,Jul,Fri,Weekday,10,B02682,252
2014-07-25,Jul,Fri,Weekday,10,B02764,23
2014-07-25,Jul,Fri,Weekday,11,B02512,53
2014-07-25,Jul,Fri,Weekday,11,B02598,271
2014-07-25,Jul,Fri,Weekday,11,B02617,448
2014-07-25,Jul,Fri,Weekday,11,B02682,253
2014-07-25,Jul,Fri,Weekday,11,B02764,21
2014-07-25,Jul,Fri,Weekday,12,B02512,65
2014-07-25,Jul,Fri,Weekday,12,B02598,294
2014-07-25,Jul,Fri,Weekday,12,B02617,392
2014-07-25,Jul,Fri,Weekday,12,B02682,243
2014-07-25,Jul,Fri,Weekday,12,B02764,20
2014-07-25,Jul,Fri,Weekday,13,B02512,60
2014-07-25,Jul,Fri,Weekday,13,B02598,335
2014-07-25,Jul,Fri,Weekday,13,B02617,518
2014-07-25,Jul,Fri,Weekday,13,B02682,259
2014-07-25,Jul,Fri,Weekday,13,B02764,15
2014-07-25,Jul,Fri,Weekday,14,B02512,68
2014-07-25,Jul,Fri,Weekday,14,B02598,442
2014-07-25,Jul,Fri,Weekday,14,B02617,624
2014-07-25,Jul,Fri,Weekday,14,B02682,379
2014-07-25,Jul,Fri,Weekday,14,B02764,17
2014-07-25,Jul,Fri,Weekday,15,B02512,64
2014-07-25,Jul,Fri,Weekday,15,B02598,498
2014-07-25,Jul,Fri,Weekday,15,B02617,705
2014-07-25,Jul,Fri,Weekday,15,B02682,382
2014-07-25,Jul,Fri,Weekday,15,B02764,20
2014-07-25,Jul,Fri,Weekday,16,B02512,79
2014-07-25,Jul,Fri,Weekday,16,B02598,576
2014-07-25,Jul,Fri,Weekday,16,B02617,804
2014-07-25,Jul,Fri,Weekday,16,B02682,415
2014-07-25,Jul,Fri,Weekday,16,B02764,23
2014-07-25,Jul,Fri,Weekday,17,B02512,76
2014-07-25,Jul,Fri,Weekday,17,B02598,636
2014-07-25,Jul,Fri,Weekday,17,B02617,869
2014-07-25,Jul,Fri,Weekday,17,B02682,434
2014-07-25,Jul,Fri,Weekday,17,B02764,16
2014-07-25,Jul,Fri,Weekday,18,B02512,76
2014-07-25,Jul,Fri,Weekday,18,B02598,642
2014-07-25,Jul,Fri,Weekday,18,B02617,844
2014-07-25,Jul,Fri,Weekday,18,B02682,430
2014-07-25,Jul,Fri,Weekday,18,B02764,16
2014-07-25,Jul,Fri,Weekday,19,B02512,76
2014-07-25,Jul,Fri,Weekday,19,B02598,563
2014-07-25,Jul,Fri,Weekday,19,B02617,740
2014-07-25,Jul,Fri,Weekday,19,B02682,405
2014-07-25,Jul,Fri,Weekday,19,B02764,9
2014-07-25,Jul,Fri,Weekday,20,B02512,75
2014-07-25,Jul,Fri,Weekday,20,B02598,502
2014-07-25,Jul,Fri,Weekday,20,B02617,810
2014-07-25,Jul,Fri,Weekday,20,B02682,407
2014-07-25,Jul,Fri,Weekday,20,B02764,10
2014-07-25,Jul,Fri,Weekday,21,B02512,71
2014-07-25,Jul,Fri,Weekday,21,B02598,568
2014-07-25,Jul,Fri,Weekday,21,B02617,848
2014-07-25,Jul,Fri,Weekday,21,B02682,435
2014-07-25,Jul,Fri,Weekday,21,B02764,12
2014-07-25,Jul,Fri,Weekday,22,B02512,82
2014-07-25,Jul,Fri,Weekday,22,B02598,585
2014-07-25,Jul,Fri,Weekday,22,B02617,827
2014-07-25,Jul,Fri,Weekday,22,B02682,428
2014-07-25,Jul,Fri,Weekday,22,B02764,20
2014-07-25,Jul,Fri,Weekday,23,B02512,59
2014-07-25,Jul,Fri,Weekday,23,B02598,495
2014-07-25,Jul,Fri,Weekday,23,B02617,775
2014-07-25,Jul,Fri,Weekday,23,B02682,415
2014-07-25,Jul,Fri,Weekday,23,B02764,11
2014-07-26,Jul,Sat,Weekend,0,B02512,44
2014-07-26,Jul,Sat,Weekend,0,B02598,327
2014-07-26,Jul,Sat,Weekend,0,B02617,569
2014-07-26,Jul,Sat,Weekend,0,B02682,297
2014-07-26,Jul,Sat,Weekend,0,B02764,8
2014-07-26,Jul,Sat,Weekend,1,B02512,27
2014-07-26,Jul,Sat,Weekend,1,B02598,262
2014-07-26,Jul,Sat,Weekend,1,B02617,428
2014-07-26,Jul,Sat,Weekend,1,B02682,218
2014-07-26,Jul,Sat,Weekend,1,B02764,5
2014-07-26,Jul,Sat,Weekend,2,B02512,24
2014-07-26,Jul,Sat,Weekend,2,B02598,176
2014-07-26,Jul,Sat,Weekend,2,B02617,307
2014-07-26,Jul,Sat,Weekend,2,B02682,170
2014-07-26,Jul,Sat,Weekend,3,B02512,14
2014-07-26,Jul,Sat,Weekend,3,B02598,158
2014-07-26,Jul,Sat,Weekend,3,B02617,215
2014-07-26,Jul,Sat,Weekend,3,B02682,122
2014-07-26,Jul,Sat,Weekend,4,B02512,11
2014-07-26,Jul,Sat,Weekend,4,B02598,112
2014-07-26,Jul,Sat,Weekend,4,B02617,164
2014-07-26,Jul,Sat,Weekend,4,B02682,86
2014-07-26,Jul,Sat,Weekend,4,B02764,3
2014-07-26,Jul,Sat,Weekend,5,B02512,6
2014-07-26,Jul,Sat,Weekend,5,B02598,97
2014-07-26,Jul,Sat,Weekend,5,B02617,141
2014-07-26,Jul,Sat,Weekend,5,B02682,85
2014-07-26,Jul,Sat,Weekend,5,B02764,1
2014-07-26,Jul,Sat,Weekend,6,B02512,12
2014-07-26,Jul,Sat,Weekend,6,B02598,104
2014-07-26,Jul,Sat,Weekend,6,B02617,153
2014-07-26,Jul,Sat,Weekend,6,B02682,99
2014-07-26,Jul,Sat,Weekend,7,B02512,16
2014-07-26,Jul,Sat,Weekend,7,B02598,149
2014-07-26,Jul,Sat,Weekend,7,B02617,184
2014-07-26,Jul,Sat,Weekend,7,B02682,141
2014-07-26,Jul,Sat,Weekend,7,B02764,6
2014-07-26,Jul,Sat,Weekend,8,B02512,23
2014-07-26,Jul,Sat,Weekend,8,B02598,193
2014-07-26,Jul,Sat,Weekend,8,B02617,245
2014-07-26,Jul,Sat,Weekend,8,B02682,176
2014-07-26,Jul,Sat,Weekend,8,B02764,10
2014-07-26,Jul,Sat,Weekend,9,B02512,39
2014-07-26,Jul,Sat,Weekend,9,B02598,254
2014-07-26,Jul,Sat,Weekend,9,B02617,301
2014-07-26,Jul,Sat,Weekend,9,B02682,198
2014-07-26,Jul,Sat,Weekend,9,B02764,12
2014-07-26,Jul,Sat,Weekend,10,B02512,43
2014-07-26,Jul,Sat,Weekend,10,B02598,279
2014-07-26,Jul,Sat,Weekend,10,B02617,386
2014-07-26,Jul,Sat,Weekend,10,B02682,265
2014-07-26,Jul,Sat,Weekend,10,B02764,13
2014-07-26,Jul,Sat,Weekend,11,B02512,40
2014-07-26,Jul,Sat,Weekend,11,B02598,322
2014-07-26,Jul,Sat,Weekend,11,B02617,426
2014-07-26,Jul,Sat,Weekend,11,B02682,265
2014-07-26,Jul,Sat,Weekend,11,B02764,16
2014-07-26,Jul,Sat,Weekend,12,B02512,48
2014-07-26,Jul,Sat,Weekend,12,B02598,339
2014-07-26,Jul,Sat,Weekend,12,B02617,470
2014-07-26,Jul,Sat,Weekend,12,B02682,261
2014-07-26,Jul,Sat,Weekend,12,B02764,14
2014-07-26,Jul,Sat,Weekend,13,B02512,39
2014-07-26,Jul,Sat,Weekend,13,B02598,348
2014-07-26,Jul,Sat,Weekend,13,B02617,529
2014-07-26,Jul,Sat,Weekend,13,B02682,246
2014-07-26,Jul,Sat,Weekend,13,B02764,17
2014-07-26,Jul,Sat,Weekend,14,B02512,57
2014-07-26,Jul,Sat,Weekend,14,B02598,435
2014-07-26,Jul,Sat,Weekend,14,B02617,584
2014-07-26,Jul,Sat,Weekend,14,B02682,284
2014-07-26,Jul,Sat,Weekend,14,B02764,17
2014-07-26,Jul,Sat,Weekend,15,B02512,74
2014-07-26,Jul,Sat,Weekend,15,B02598,515
2014-07-26,Jul,Sat,Weekend,15,B02617,699
2014-07-26,Jul,Sat,Weekend,15,B02682,346
2014-07-26,Jul,Sat,Weekend,15,B02764,23
2014-07-26,Jul,Sat,Weekend,16,B02512,70
2014-07-26,Jul,Sat,Weekend,16,B02598,557
2014-07-26,Jul,Sat,Weekend,16,B02617,707
2014-07-26,Jul,Sat,Weekend,16,B02682,370
2014-07-26,Jul,Sat,Weekend,16,B02764,21
2014-07-26,Jul,Sat,Weekend,17,B02512,78
2014-07-26,Jul,Sat,Weekend,17,B02598,504
2014-07-26,Jul,Sat,Weekend,17,B02617,705
2014-07-26,Jul,Sat,Weekend,17,B02682,342
2014-07-26,Jul,Sat,Weekend,17,B02764,13
2014-07-26,Jul,Sat,Weekend,18,B02512,81
2014-07-26,Jul,Sat,Weekend,18,B02598,555
2014-07-26,Jul,Sat,Weekend,18,B02617,781
2014-07-26,Jul,Sat,Weekend,18,B02682,381
2014-07-26,Jul,Sat,Weekend,18,B02764,16
2014-07-26,Jul,Sat,Weekend,19,B02512,72
2014-07-26,Jul,Sat,Weekend,19,B02598,503
2014-07-26,Jul,Sat,Weekend,19,B02617,644
2014-07-26,Jul,Sat,Weekend,19,B02682,325
2014-07-26,Jul,Sat,Weekend,19,B02764,16
2014-07-26,Jul,Sat,Weekend,20,B02512,82
2014-07-26,Jul,Sat,Weekend,20,B02598,549
2014-07-26,Jul,Sat,Weekend,20,B02617,719
2014-07-26,Jul,Sat,Weekend,20,B02682,386
2014-07-26,Jul,Sat,Weekend,20,B02764,19
2014-07-26,Jul,Sat,Weekend,21,B02512,83
2014-07-26,Jul,Sat,Weekend,21,B02598,579
2014-07-26,Jul,Sat,Weekend,21,B02617,766
2014-07-26,Jul,Sat,Weekend,21,B02682,404
2014-07-26,Jul,Sat,Weekend,21,B02764,8
2014-07-26,Jul,Sat,Weekend,22,B02512,69
2014-07-26,Jul,Sat,Weekend,22,B02598,603
2014-07-26,Jul,Sat,Weekend,22,B02617,783
2014-07-26,Jul,Sat,Weekend,22,B02682,389
2014-07-26,Jul,Sat,Weekend,22,B02764,10
2014-07-26,Jul,Sat,Weekend,23,B02512,69
2014-07-26,Jul,Sat,Weekend,23,B02598,543
2014-07-26,Jul,Sat,Weekend,23,B02617,728
2014-07-26,Jul,Sat,Weekend,23,B02682,374
2014-07-26,Jul,Sat,Weekend,23,B02764,12
2014-07-27,Jul,Sun,Weekend,0,B02512,34
2014-07-27,Jul,Sun,Weekend,0,B02598,393
2014-07-27,Jul,Sun,Weekend,0,B02617,574
2014-07-27,Jul,Sun,Weekend,0,B02682,292
2014-07-27,Jul,Sun,Weekend,0,B02764,10
2014-07-27,Jul,Sun,Weekend,1,B02512,33
2014-07-27,Jul,Sun,Weekend,1,B02598,320
2014-07-27,Jul,Sun,Weekend,1,B02617,433
2014-07-27,Jul,Sun,Weekend,1,B02682,222
2014-07-27,Jul,Sun,Weekend,1,B02764,8
2014-07-27,Jul,Sun,Weekend,2,B02512,31
2014-07-27,Jul,Sun,Weekend,2,B02598,237
2014-07-27,Jul,Sun,Weekend,2,B02617,339
2014-07-27,Jul,Sun,Weekend,2,B02682,201
2014-07-27,Jul,Sun,Weekend,2,B02764,8
2014-07-27,Jul,Sun,Weekend,3,B02512,14
2014-07-27,Jul,Sun,Weekend,3,B02598,175
2014-07-27,Jul,Sun,Weekend,3,B02617,282
2014-07-27,Jul,Sun,Weekend,3,B02682,166
2014-07-27,Jul,Sun,Weekend,3,B02764,2
2014-07-27,Jul,Sun,Weekend,4,B02512,8
2014-07-27,Jul,Sun,Weekend,4,B02598,86
2014-07-27,Jul,Sun,Weekend,4,B02617,154
2014-07-27,Jul,Sun,Weekend,4,B02682,71
2014-07-27,Jul,Sun,Weekend,4,B02764,3
2014-07-27,Jul,Sun,Weekend,5,B02512,8
2014-07-27,Jul,Sun,Weekend,5,B02598,74
2014-07-27,Jul,Sun,Weekend,5,B02617,128
2014-07-27,Jul,Sun,Weekend,5,B02682,67
2014-07-27,Jul,Sun,Weekend,6,B02512,11
2014-07-27,Jul,Sun,Weekend,6,B02598,83
2014-07-27,Jul,Sun,Weekend,6,B02617,139
2014-07-27,Jul,Sun,Weekend,6,B02682,88
2014-07-27,Jul,Sun,Weekend,6,B02764,1
2014-07-27,Jul,Sun,Weekend,7,B02512,10
2014-07-27,Jul,Sun,Weekend,7,B02598,89
2014-07-27,Jul,Sun,Weekend,7,B02617,155
2014-07-27,Jul,Sun,Weekend,7,B02682,94
2014-07-27,Jul,Sun,Weekend,7,B02764,4
2014-07-27,Jul,Sun,Weekend,8,B02512,25
2014-07-27,Jul,Sun,Weekend,8,B02598,153
2014-07-27,Jul,Sun,Weekend,8,B02617,242
2014-07-27,Jul,Sun,Weekend,8,B02682,161
2014-07-27,Jul,Sun,Weekend,8,B02764,7
2014-07-27,Jul,Sun,Weekend,9,B02512,34
2014-07-27,Jul,Sun,Weekend,9,B02598,231
2014-07-27,Jul,Sun,Weekend,9,B02617,302
2014-07-27,Jul,Sun,Weekend,9,B02682,185
2014-07-27,Jul,Sun,Weekend,9,B02764,9
2014-07-27,Jul,Sun,Weekend,10,B02512,37
2014-07-27,Jul,Sun,Weekend,10,B02598,300
2014-07-27,Jul,Sun,Weekend,10,B02617,406
2014-07-27,Jul,Sun,Weekend,10,B02682,210
2014-07-27,Jul,Sun,Weekend,10,B02764,7
2014-07-27,Jul,Sun,Weekend,11,B02512,41
2014-07-27,Jul,Sun,Weekend,11,B02598,378
2014-07-27,Jul,Sun,Weekend,11,B02617,476
2014-07-27,Jul,Sun,Weekend,11,B02682,266
2014-07-27,Jul,Sun,Weekend,11,B02764,9
2014-07-27,Jul,Sun,Weekend,12,B02512,33
2014-07-27,Jul,Sun,Weekend,12,B02598,354
2014-07-27,Jul,Sun,Weekend,12,B02617,491
2014-07-27,Jul,Sun,Weekend,12,B02682,247
2014-07-27,Jul,Sun,Weekend,12,B02764,11
2014-07-27,Jul,Sun,Weekend,13,B02512,46
2014-07-27,Jul,Sun,Weekend,13,B02598,382
2014-07-27,Jul,Sun,Weekend,13,B02617,544
2014-07-27,Jul,Sun,Weekend,13,B02682,308
2014-07-27,Jul,Sun,Weekend,13,B02764,12
2014-07-27,Jul,Sun,Weekend,14,B02512,39
2014-07-27,Jul,Sun,Weekend,14,B02598,385
2014-07-27,Jul,Sun,Weekend,14,B02617,575
2014-07-27,Jul,Sun,Weekend,14,B02682,311
2014-07-27,Jul,Sun,Weekend,14,B02764,14
2014-07-27,Jul,Sun,Weekend,15,B02512,48
2014-07-27,Jul,Sun,Weekend,15,B02598,426
2014-07-27,Jul,Sun,Weekend,15,B02617,591
2014-07-27,Jul,Sun,Weekend,15,B02682,336
2014-07-27,Jul,Sun,Weekend,15,B02764,11
2014-07-27,Jul,Sun,Weekend,16,B02512,42
2014-07-27,Jul,Sun,Weekend,16,B02598,445
2014-07-27,Jul,Sun,Weekend,16,B02617,668
2014-07-27,Jul,Sun,Weekend,16,B02682,327
2014-07-27,Jul,Sun,Weekend,16,B02764,15
2014-07-27,Jul,Sun,Weekend,17,B02512,61
2014-07-27,Jul,Sun,Weekend,17,B02598,409
2014-07-27,Jul,Sun,Weekend,17,B02617,641
2014-07-27,Jul,Sun,Weekend,17,B02682,307
2014-07-27,Jul,Sun,Weekend,17,B02764,14
2014-07-27,Jul,Sun,Weekend,18,B02512,47
2014-07-27,Jul,Sun,Weekend,18,B02598,357
2014-07-27,Jul,Sun,Weekend,18,B02617,569
2014-07-27,Jul,Sun,Weekend,18,B02682,263
2014-07-27,Jul,Sun,Weekend,18,B02764,9
2014-07-27,Jul,Sun,Weekend,19,B02512,40
2014-07-27,Jul,Sun,Weekend,19,B02598,300
2014-07-27,Jul,Sun,Weekend,19,B02617,489
2014-07-27,Jul,Sun,Weekend,19,B02682,255
2014-07-27,Jul,Sun,Weekend,19,B02764,7
2014-07-27,Jul,Sun,Weekend,20,B02512,30
2014-07-27,Jul,Sun,Weekend,20,B02598,325
2014-07-27,Jul,Sun,Weekend,20,B02617,487
2014-07-27,Jul,Sun,Weekend,20,B02682,261
2014-07-27,Jul,Sun,Weekend,20,B02764,9
2014-07-27,Jul,Sun,Weekend,21,B02512,39
2014-07-27,Jul,Sun,Weekend,21,B02598,336
2014-07-27,Jul,Sun,Weekend,21,B02617,442
2014-07-27,Jul,Sun,Weekend,21,B02682,216
2014-07-27,Jul,Sun,Weekend,21,B02764,5
2014-07-27,Jul,Sun,Weekend,22,B02512,25
2014-07-27,Jul,Sun,Weekend,22,B02598,283
2014-07-27,Jul,Sun,Weekend,22,B02617,382
2014-07-27,Jul,Sun,Weekend,22,B02682,186
2014-07-27,Jul,Sun,Weekend,22,B02764,3
2014-07-27,Jul,Sun,Weekend,23,B02512,13
2014-07-27,Jul,Sun,Weekend,23,B02598,204
2014-07-27,Jul,Sun,Weekend,23,B02617,240
2014-07-27,Jul,Sun,Weekend,23,B02682,144
2014-07-27,Jul,Sun,Weekend,23,B02764,5
2014-07-28,Jul,Mon,Weekday,0,B02512,9
2014-07-28,Jul,Mon,Weekday,0,B02598,123
2014-07-28,Jul,Mon,Weekday,0,B02617,184
2014-07-28,Jul,Mon,Weekday,0,B02682,108
2014-07-28,Jul,Mon,Weekday,1,B02512,7
2014-07-28,Jul,Mon,Weekday,1,B02598,53
2014-07-28,Jul,Mon,Weekday,1,B02617,90
2014-07-28,Jul,Mon,Weekday,1,B02682,45
2014-07-28,Jul,Mon,Weekday,2,B02512,10
2014-07-28,Jul,Mon,Weekday,2,B02598,46
2014-07-28,Jul,Mon,Weekday,2,B02617,52
2014-07-28,Jul,Mon,Weekday,2,B02682,40
2014-07-28,Jul,Mon,Weekday,3,B02512,10
2014-07-28,Jul,Mon,Weekday,3,B02598,78
2014-07-28,Jul,Mon,Weekday,3,B02617,100
2014-07-28,Jul,Mon,Weekday,3,B02682,67
2014-07-28,Jul,Mon,Weekday,3,B02764,1
2014-07-28,Jul,Mon,Weekday,4,B02512,20
2014-07-28,Jul,Mon,Weekday,4,B02598,122
2014-07-28,Jul,Mon,Weekday,4,B02617,166
2014-07-28,Jul,Mon,Weekday,4,B02682,105
2014-07-28,Jul,Mon,Weekday,4,B02764,5
2014-07-28,Jul,Mon,Weekday,5,B02512,38
2014-07-28,Jul,Mon,Weekday,5,B02598,160
2014-07-28,Jul,Mon,Weekday,5,B02617,227
2014-07-28,Jul,Mon,Weekday,5,B02682,159
2014-07-28,Jul,Mon,Weekday,5,B02764,7
2014-07-28,Jul,Mon,Weekday,6,B02512,60
2014-07-28,Jul,Mon,Weekday,6,B02598,289
2014-07-28,Jul,Mon,Weekday,6,B02617,387
2014-07-28,Jul,Mon,Weekday,6,B02682,234
2014-07-28,Jul,Mon,Weekday,6,B02764,8
2014-07-28,Jul,Mon,Weekday,7,B02512,65
2014-07-28,Jul,Mon,Weekday,7,B02598,368
2014-07-28,Jul,Mon,Weekday,7,B02617,468
2014-07-28,Jul,Mon,Weekday,7,B02682,313
2014-07-28,Jul,Mon,Weekday,7,B02764,15
2014-07-28,Jul,Mon,Weekday,8,B02512,76
2014-07-28,Jul,Mon,Weekday,8,B02598,375
2014-07-28,Jul,Mon,Weekday,8,B02617,560
2014-07-28,Jul,Mon,Weekday,8,B02682,350
2014-07-28,Jul,Mon,Weekday,8,B02764,13
2014-07-28,Jul,Mon,Weekday,9,B02512,55
2014-07-28,Jul,Mon,Weekday,9,B02598,298
2014-07-28,Jul,Mon,Weekday,9,B02617,460
2014-07-28,Jul,Mon,Weekday,9,B02682,282
2014-07-28,Jul,Mon,Weekday,9,B02764,10
2014-07-28,Jul,Mon,Weekday,10,B02512,41
2014-07-28,Jul,Mon,Weekday,10,B02598,284
2014-07-28,Jul,Mon,Weekday,10,B02617,406
2014-07-28,Jul,Mon,Weekday,10,B02682,213
2014-07-28,Jul,Mon,Weekday,10,B02764,13
2014-07-28,Jul,Mon,Weekday,11,B02512,43
2014-07-28,Jul,Mon,Weekday,11,B02598,283
2014-07-28,Jul,Mon,Weekday,11,B02617,435
2014-07-28,Jul,Mon,Weekday,11,B02682,240
2014-07-28,Jul,Mon,Weekday,11,B02764,14
2014-07-28,Jul,Mon,Weekday,12,B02512,45
2014-07-28,Jul,Mon,Weekday,12,B02598,278
2014-07-28,Jul,Mon,Weekday,12,B02617,401
2014-07-28,Jul,Mon,Weekday,12,B02682,225
2014-07-28,Jul,Mon,Weekday,12,B02764,15
2014-07-28,Jul,Mon,Weekday,13,B02512,62
2014-07-28,Jul,Mon,Weekday,13,B02598,309
2014-07-28,Jul,Mon,Weekday,13,B02617,437
2014-07-28,Jul,Mon,Weekday,13,B02682,243
2014-07-28,Jul,Mon,Weekday,13,B02764,7
2014-07-28,Jul,Mon,Weekday,14,B02512,72
2014-07-28,Jul,Mon,Weekday,14,B02598,338
2014-07-28,Jul,Mon,Weekday,14,B02617,523
2014-07-28,Jul,Mon,Weekday,14,B02682,278
2014-07-28,Jul,Mon,Weekday,14,B02764,13
2014-07-28,Jul,Mon,Weekday,15,B02512,72
2014-07-28,Jul,Mon,Weekday,15,B02598,316
2014-07-28,Jul,Mon,Weekday,15,B02617,574
2014-07-28,Jul,Mon,Weekday,15,B02682,282
2014-07-28,Jul,Mon,Weekday,15,B02764,14
2014-07-28,Jul,Mon,Weekday,16,B02512,96
2014-07-28,Jul,Mon,Weekday,16,B02598,417
2014-07-28,Jul,Mon,Weekday,16,B02617,692
2014-07-28,Jul,Mon,Weekday,16,B02682,329
2014-07-28,Jul,Mon,Weekday,16,B02764,12
2014-07-28,Jul,Mon,Weekday,17,B02512,96
2014-07-28,Jul,Mon,Weekday,17,B02598,492
2014-07-28,Jul,Mon,Weekday,17,B02617,781
2014-07-28,Jul,Mon,Weekday,17,B02682,400
2014-07-28,Jul,Mon,Weekday,17,B02764,12
2014-07-28,Jul,Mon,Weekday,18,B02512,82
2014-07-28,Jul,Mon,Weekday,18,B02598,484
2014-07-28,Jul,Mon,Weekday,18,B02617,712
2014-07-28,Jul,Mon,Weekday,18,B02682,377
2014-07-28,Jul,Mon,Weekday,18,B02764,9
2014-07-28,Jul,Mon,Weekday,19,B02512,72
2014-07-28,Jul,Mon,Weekday,19,B02598,431
2014-07-28,Jul,Mon,Weekday,19,B02617,660
2014-07-28,Jul,Mon,Weekday,19,B02682,336
2014-07-28,Jul,Mon,Weekday,19,B02764,13
2014-07-28,Jul,Mon,Weekday,20,B02512,80
2014-07-28,Jul,Mon,Weekday,20,B02598,428
2014-07-28,Jul,Mon,Weekday,20,B02617,648
2014-07-28,Jul,Mon,Weekday,20,B02682,315
2014-07-28,Jul,Mon,Weekday,20,B02764,9
2014-07-28,Jul,Mon,Weekday,21,B02512,73
2014-07-28,Jul,Mon,Weekday,21,B02598,368
2014-07-28,Jul,Mon,Weekday,21,B02617,575
2014-07-28,Jul,Mon,Weekday,21,B02682,246
2014-07-28,Jul,Mon,Weekday,21,B02764,9
2014-07-28,Jul,Mon,Weekday,22,B02512,37
2014-07-28,Jul,Mon,Weekday,22,B02598,318
2014-07-28,Jul,Mon,Weekday,22,B02617,400
2014-07-28,Jul,Mon,Weekday,22,B02682,196
2014-07-28,Jul,Mon,Weekday,22,B02764,4
2014-07-28,Jul,Mon,Weekday,23,B02512,19
2014-07-28,Jul,Mon,Weekday,23,B02598,170
2014-07-28,Jul,Mon,Weekday,23,B02617,263
2014-07-28,Jul,Mon,Weekday,23,B02682,126
2014-07-29,Jul,Tue,Weekday,0,B02512,11
2014-07-29,Jul,Tue,Weekday,0,B02598,83
2014-07-29,Jul,Tue,Weekday,0,B02617,140
2014-07-29,Jul,Tue,Weekday,0,B02682,74
2014-07-29,Jul,Tue,Weekday,1,B02512,7
2014-07-29,Jul,Tue,Weekday,1,B02598,42
2014-07-29,Jul,Tue,Weekday,1,B02617,75
2014-07-29,Jul,Tue,Weekday,1,B02682,49
2014-07-29,Jul,Tue,Weekday,2,B02512,5
2014-07-29,Jul,Tue,Weekday,2,B02598,31
2014-07-29,Jul,Tue,Weekday,2,B02617,63
2014-07-29,Jul,Tue,Weekday,2,B02682,35
2014-07-29,Jul,Tue,Weekday,3,B02512,10
2014-07-29,Jul,Tue,Weekday,3,B02598,67
2014-07-29,Jul,Tue,Weekday,3,B02617,76
2014-07-29,Jul,Tue,Weekday,3,B02682,51
2014-07-29,Jul,Tue,Weekday,4,B02512,13
2014-07-29,Jul,Tue,Weekday,4,B02598,99
2014-07-29,Jul,Tue,Weekday,4,B02617,122
2014-07-29,Jul,Tue,Weekday,4,B02682,91
2014-07-29,Jul,Tue,Weekday,4,B02764,4
2014-07-29,Jul,Tue,Weekday,5,B02512,21
2014-07-29,Jul,Tue,Weekday,5,B02598,166
2014-07-29,Jul,Tue,Weekday,5,B02617,267
2014-07-29,Jul,Tue,Weekday,5,B02682,160
2014-07-29,Jul,Tue,Weekday,5,B02764,5
2014-07-29,Jul,Tue,Weekday,6,B02512,43
2014-07-29,Jul,Tue,Weekday,6,B02598,269
2014-07-29,Jul,Tue,Weekday,6,B02617,416
2014-07-29,Jul,Tue,Weekday,6,B02682,269
2014-07-29,Jul,Tue,Weekday,6,B02764,12
2014-07-29,Jul,Tue,Weekday,7,B02512,60
2014-07-29,Jul,Tue,Weekday,7,B02598,375
2014-07-29,Jul,Tue,Weekday,7,B02617,535
2014-07-29,Jul,Tue,Weekday,7,B02682,364
2014-07-29,Jul,Tue,Weekday,7,B02764,11
2014-07-29,Jul,Tue,Weekday,8,B02512,57
2014-07-29,Jul,Tue,Weekday,8,B02598,377
2014-07-29,Jul,Tue,Weekday,8,B02617,560
2014-07-29,Jul,Tue,Weekday,8,B02682,374
2014-07-29,Jul,Tue,Weekday,8,B02764,14
2014-07-29,Jul,Tue,Weekday,9,B02512,53
2014-07-29,Jul,Tue,Weekday,9,B02598,280
2014-07-29,Jul,Tue,Weekday,9,B02617,445
2014-07-29,Jul,Tue,Weekday,9,B02682,246
2014-07-29,Jul,Tue,Weekday,9,B02764,9
2014-07-29,Jul,Tue,Weekday,10,B02512,45
2014-07-29,Jul,Tue,Weekday,10,B02598,315
2014-07-29,Jul,Tue,Weekday,10,B02617,434
2014-07-29,Jul,Tue,Weekday,10,B02682,252
2014-07-29,Jul,Tue,Weekday,10,B02764,8
2014-07-29,Jul,Tue,Weekday,11,B02512,51
2014-07-29,Jul,Tue,Weekday,11,B02598,283
2014-07-29,Jul,Tue,Weekday,11,B02617,449
2014-07-29,Jul,Tue,Weekday,11,B02682,222
2014-07-29,Jul,Tue,Weekday,11,B02764,12
2014-07-29,Jul,Tue,Weekday,12,B02512,49
2014-07-29,Jul,Tue,Weekday,12,B02598,309
2014-07-29,Jul,Tue,Weekday,12,B02617,394
2014-07-29,Jul,Tue,Weekday,12,B02682,213
2014-07-29,Jul,Tue,Weekday,12,B02764,23
2014-07-29,Jul,Tue,Weekday,13,B02512,61
2014-07-29,Jul,Tue,Weekday,13,B02598,320
2014-07-29,Jul,Tue,Weekday,13,B02617,481
2014-07-29,Jul,Tue,Weekday,13,B02682,219
2014-07-29,Jul,Tue,Weekday,13,B02764,8
2014-07-29,Jul,Tue,Weekday,14,B02512,70
2014-07-29,Jul,Tue,Weekday,14,B02598,410
2014-07-29,Jul,Tue,Weekday,14,B02617,569
2014-07-29,Jul,Tue,Weekday,14,B02682,293
2014-07-29,Jul,Tue,Weekday,14,B02764,19
2014-07-29,Jul,Tue,Weekday,15,B02512,64
2014-07-29,Jul,Tue,Weekday,15,B02598,482
2014-07-29,Jul,Tue,Weekday,15,B02617,689
2014-07-29,Jul,Tue,Weekday,15,B02682,346
2014-07-29,Jul,Tue,Weekday,15,B02764,17
2014-07-29,Jul,Tue,Weekday,16,B02512,87
2014-07-29,Jul,Tue,Weekday,16,B02598,558
2014-07-29,Jul,Tue,Weekday,16,B02617,804
2014-07-29,Jul,Tue,Weekday,16,B02682,397
2014-07-29,Jul,Tue,Weekday,16,B02764,23
2014-07-29,Jul,Tue,Weekday,17,B02512,139
2014-07-29,Jul,Tue,Weekday,17,B02598,639
2014-07-29,Jul,Tue,Weekday,17,B02617,985
2014-07-29,Jul,Tue,Weekday,17,B02682,486
2014-07-29,Jul,Tue,Weekday,17,B02764,24
2014-07-29,Jul,Tue,Weekday,18,B02512,107
2014-07-29,Jul,Tue,Weekday,18,B02598,641
2014-07-29,Jul,Tue,Weekday,18,B02617,915
2014-07-29,Jul,Tue,Weekday,18,B02682,444
2014-07-29,Jul,Tue,Weekday,18,B02764,20
2014-07-29,Jul,Tue,Weekday,19,B02512,101
2014-07-29,Jul,Tue,Weekday,19,B02598,564
2014-07-29,Jul,Tue,Weekday,19,B02617,843
2014-07-29,Jul,Tue,Weekday,19,B02682,418
2014-07-29,Jul,Tue,Weekday,19,B02764,14
2014-07-29,Jul,Tue,Weekday,20,B02512,114
2014-07-29,Jul,Tue,Weekday,20,B02598,558
2014-07-29,Jul,Tue,Weekday,20,B02617,869
2014-07-29,Jul,Tue,Weekday,20,B02682,421
2014-07-29,Jul,Tue,Weekday,20,B02764,15
2014-07-29,Jul,Tue,Weekday,21,B02512,91
2014-07-29,Jul,Tue,Weekday,21,B02598,521
2014-07-29,Jul,Tue,Weekday,21,B02617,733
2014-07-29,Jul,Tue,Weekday,21,B02682,377
2014-07-29,Jul,Tue,Weekday,21,B02764,16
2014-07-29,Jul,Tue,Weekday,22,B02512,43
2014-07-29,Jul,Tue,Weekday,22,B02598,358
2014-07-29,Jul,Tue,Weekday,22,B02617,535
2014-07-29,Jul,Tue,Weekday,22,B02682,288
2014-07-29,Jul,Tue,Weekday,22,B02764,10
2014-07-29,Jul,Tue,Weekday,23,B02512,38
2014-07-29,Jul,Tue,Weekday,23,B02598,222
2014-07-29,Jul,Tue,Weekday,23,B02617,336
2014-07-29,Jul,Tue,Weekday,23,B02682,186
2014-07-29,Jul,Tue,Weekday,23,B02764,6
2014-07-30,Jul,Wed,Weekday,0,B02512,15
2014-07-30,Jul,Wed,Weekday,0,B02598,98
2014-07-30,Jul,Wed,Weekday,0,B02617,168
2014-07-30,Jul,Wed,Weekday,0,B02682,80
2014-07-30,Jul,Wed,Weekday,0,B02764,1
2014-07-30,Jul,Wed,Weekday,1,B02512,6
2014-07-30,Jul,Wed,Weekday,1,B02598,50
2014-07-30,Jul,Wed,Weekday,1,B02617,77
2014-07-30,Jul,Wed,Weekday,1,B02682,52
2014-07-30,Jul,Wed,Weekday,2,B02512,1
2014-07-30,Jul,Wed,Weekday,2,B02598,44
2014-07-30,Jul,Wed,Weekday,2,B02617,77
2014-07-30,Jul,Wed,Weekday,2,B02682,54
2014-07-30,Jul,Wed,Weekday,3,B02512,5
2014-07-30,Jul,Wed,Weekday,3,B02598,74
2014-07-30,Jul,Wed,Weekday,3,B02617,93
2014-07-30,Jul,Wed,Weekday,3,B02682,74
2014-07-30,Jul,Wed,Weekday,3,B02764,1
2014-07-30,Jul,Wed,Weekday,4,B02512,14
2014-07-30,Jul,Wed,Weekday,4,B02598,93
2014-07-30,Jul,Wed,Weekday,4,B02617,144
2014-07-30,Jul,Wed,Weekday,4,B02682,100
2014-07-30,Jul,Wed,Weekday,4,B02764,5
2014-07-30,Jul,Wed,Weekday,5,B02512,23
2014-07-30,Jul,Wed,Weekday,5,B02598,158
2014-07-30,Jul,Wed,Weekday,5,B02617,260
2014-07-30,Jul,Wed,Weekday,5,B02682,153
2014-07-30,Jul,Wed,Weekday,5,B02764,3
2014-07-30,Jul,Wed,Weekday,6,B02512,50
2014-07-30,Jul,Wed,Weekday,6,B02598,297
2014-07-30,Jul,Wed,Weekday,6,B02617,445
2014-07-30,Jul,Wed,Weekday,6,B02682,286
2014-07-30,Jul,Wed,Weekday,6,B02764,6
2014-07-30,Jul,Wed,Weekday,7,B02512,70
2014-07-30,Jul,Wed,Weekday,7,B02598,400
2014-07-30,Jul,Wed,Weekday,7,B02617,549
2014-07-30,Jul,Wed,Weekday,7,B02682,364
2014-07-30,Jul,Wed,Weekday,7,B02764,17
2014-07-30,Jul,Wed,Weekday,8,B02512,65
2014-07-30,Jul,Wed,Weekday,8,B02598,418
2014-07-30,Jul,Wed,Weekday,8,B02617,619
2014-07-30,Jul,Wed,Weekday,8,B02682,388
2014-07-30,Jul,Wed,Weekday,8,B02764,11
2014-07-30,Jul,Wed,Weekday,9,B02512,44
2014-07-30,Jul,Wed,Weekday,9,B02598,335
2014-07-30,Jul,Wed,Weekday,9,B02617,509
2014-07-30,Jul,Wed,Weekday,9,B02682,319
2014-07-30,Jul,Wed,Weekday,9,B02764,17
2014-07-30,Jul,Wed,Weekday,10,B02512,49
2014-07-30,Jul,Wed,Weekday,10,B02598,318
2014-07-30,Jul,Wed,Weekday,10,B02617,472
2014-07-30,Jul,Wed,Weekday,10,B02682,297
2014-07-30,Jul,Wed,Weekday,10,B02764,16
2014-07-30,Jul,Wed,Weekday,11,B02512,56
2014-07-30,Jul,Wed,Weekday,11,B02598,306
2014-07-30,Jul,Wed,Weekday,11,B02617,472
2014-07-30,Jul,Wed,Weekday,11,B02682,257
2014-07-30,Jul,Wed,Weekday,11,B02764,21
2014-07-30,Jul,Wed,Weekday,12,B02512,75
2014-07-30,Jul,Wed,Weekday,12,B02598,334
2014-07-30,Jul,Wed,Weekday,12,B02617,491
2014-07-30,Jul,Wed,Weekday,12,B02682,282
2014-07-30,Jul,Wed,Weekday,12,B02764,14
2014-07-30,Jul,Wed,Weekday,13,B02512,64
2014-07-30,Jul,Wed,Weekday,13,B02598,324
2014-07-30,Jul,Wed,Weekday,13,B02617,551
2014-07-30,Jul,Wed,Weekday,13,B02682,288
2014-07-30,Jul,Wed,Weekday,13,B02764,13
2014-07-30,Jul,Wed,Weekday,14,B02512,75
2014-07-30,Jul,Wed,Weekday,14,B02598,434
2014-07-30,Jul,Wed,Weekday,14,B02617,644
2014-07-30,Jul,Wed,Weekday,14,B02682,317
2014-07-30,Jul,Wed,Weekday,14,B02764,27
2014-07-30,Jul,Wed,Weekday,15,B02512,68
2014-07-30,Jul,Wed,Weekday,15,B02598,525
2014-07-30,Jul,Wed,Weekday,15,B02617,763
2014-07-30,Jul,Wed,Weekday,15,B02682,386
2014-07-30,Jul,Wed,Weekday,15,B02764,25
2014-07-30,Jul,Wed,Weekday,16,B02512,90
2014-07-30,Jul,Wed,Weekday,16,B02598,658
2014-07-30,Jul,Wed,Weekday,16,B02617,873
2014-07-30,Jul,Wed,Weekday,16,B02682,486
2014-07-30,Jul,Wed,Weekday,16,B02764,29
2014-07-30,Jul,Wed,Weekday,17,B02512,110
2014-07-30,Jul,Wed,Weekday,17,B02598,718
2014-07-30,Jul,Wed,Weekday,17,B02617,1013
2014-07-30,Jul,Wed,Weekday,17,B02682,553
2014-07-30,Jul,Wed,Weekday,17,B02764,20
2014-07-30,Jul,Wed,Weekday,18,B02512,104
2014-07-30,Jul,Wed,Weekday,18,B02598,692
2014-07-30,Jul,Wed,Weekday,18,B02617,963
2014-07-30,Jul,Wed,Weekday,18,B02682,492
2014-07-30,Jul,Wed,Weekday,18,B02764,23
2014-07-30,Jul,Wed,Weekday,19,B02512,93
2014-07-30,Jul,Wed,Weekday,19,B02598,605
2014-07-30,Jul,Wed,Weekday,19,B02617,903
2014-07-30,Jul,Wed,Weekday,19,B02682,469
2014-07-30,Jul,Wed,Weekday,19,B02764,10
2014-07-30,Jul,Wed,Weekday,20,B02512,87
2014-07-30,Jul,Wed,Weekday,20,B02598,697
2014-07-30,Jul,Wed,Weekday,20,B02617,933
2014-07-30,Jul,Wed,Weekday,20,B02682,448
2014-07-30,Jul,Wed,Weekday,20,B02764,18
2014-07-30,Jul,Wed,Weekday,21,B02512,86
2014-07-30,Jul,Wed,Weekday,21,B02598,607
2014-07-30,Jul,Wed,Weekday,21,B02617,874
2014-07-30,Jul,Wed,Weekday,21,B02682,449
2014-07-30,Jul,Wed,Weekday,21,B02764,21
2014-07-30,Jul,Wed,Weekday,22,B02512,60
2014-07-30,Jul,Wed,Weekday,22,B02598,450
2014-07-30,Jul,Wed,Weekday,22,B02617,707
2014-07-30,Jul,Wed,Weekday,22,B02682,362
2014-07-30,Jul,Wed,Weekday,22,B02764,12
2014-07-30,Jul,Wed,Weekday,23,B02512,24
2014-07-30,Jul,Wed,Weekday,23,B02598,248
2014-07-30,Jul,Wed,Weekday,23,B02617,430
2014-07-30,Jul,Wed,Weekday,23,B02682,218
2014-07-30,Jul,Wed,Weekday,23,B02764,9
2014-07-31,Jul,Thu,Weekday,0,B02512,12
2014-07-31,Jul,Thu,Weekday,0,B02598,131
2014-07-31,Jul,Thu,Weekday,0,B02617,212
2014-07-31,Jul,Thu,Weekday,0,B02682,131
2014-07-31,Jul,Thu,Weekday,0,B02764,7
2014-07-31,Jul,Thu,Weekday,1,B02512,3
2014-07-31,Jul,Thu,Weekday,1,B02598,65
2014-07-31,Jul,Thu,Weekday,1,B02617,123
2014-07-31,Jul,Thu,Weekday,1,B02682,84
2014-07-31,Jul,Thu,Weekday,1,B02764,4
2014-07-31,Jul,Thu,Weekday,2,B02512,4
2014-07-31,Jul,Thu,Weekday,2,B02598,49
2014-07-31,Jul,Thu,Weekday,2,B02617,99
2014-07-31,Jul,Thu,Weekday,2,B02682,65
2014-07-31,Jul,Thu,Weekday,2,B02764,1
2014-07-31,Jul,Thu,Weekday,3,B02512,10
2014-07-31,Jul,Thu,Weekday,3,B02598,77
2014-07-31,Jul,Thu,Weekday,3,B02617,128
2014-07-31,Jul,Thu,Weekday,3,B02682,76
2014-07-31,Jul,Thu,Weekday,4,B02512,16
2014-07-31,Jul,Thu,Weekday,4,B02598,113
2014-07-31,Jul,Thu,Weekday,4,B02617,163
2014-07-31,Jul,Thu,Weekday,4,B02682,121
2014-07-31,Jul,Thu,Weekday,4,B02764,4
2014-07-31,Jul,Thu,Weekday,5,B02512,21
2014-07-31,Jul,Thu,Weekday,5,B02598,152
2014-07-31,Jul,Thu,Weekday,5,B02617,238
2014-07-31,Jul,Thu,Weekday,5,B02682,183
2014-07-31,Jul,Thu,Weekday,5,B02764,7
2014-07-31,Jul,Thu,Weekday,6,B02512,51
2014-07-31,Jul,Thu,Weekday,6,B02598,297
2014-07-31,Jul,Thu,Weekday,6,B02617,435
2014-07-31,Jul,Thu,Weekday,6,B02682,288
2014-07-31,Jul,Thu,Weekday,6,B02764,13
2014-07-31,Jul,Thu,Weekday,7,B02512,59
2014-07-31,Jul,Thu,Weekday,7,B02598,382
2014-07-31,Jul,Thu,Weekday,7,B02617,608
2014-07-31,Jul,Thu,Weekday,7,B02682,387
2014-07-31,Jul,Thu,Weekday,7,B02764,22
2014-07-31,Jul,Thu,Weekday,8,B02512,57
2014-07-31,Jul,Thu,Weekday,8,B02598,402
2014-07-31,Jul,Thu,Weekday,8,B02617,576
2014-07-31,Jul,Thu,Weekday,8,B02682,370
2014-07-31,Jul,Thu,Weekday,8,B02764,21
2014-07-31,Jul,Thu,Weekday,9,B02512,43
2014-07-31,Jul,Thu,Weekday,9,B02598,336
2014-07-31,Jul,Thu,Weekday,9,B02617,514
2014-07-31,Jul,Thu,Weekday,9,B02682,321
2014-07-31,Jul,Thu,Weekday,9,B02764,24
2014-07-31,Jul,Thu,Weekday,10,B02512,53
2014-07-31,Jul,Thu,Weekday,10,B02598,317
2014-07-31,Jul,Thu,Weekday,10,B02617,469
2014-07-31,Jul,Thu,Weekday,10,B02682,281
2014-07-31,Jul,Thu,Weekday,10,B02764,11
2014-07-31,Jul,Thu,Weekday,11,B02512,61
2014-07-31,Jul,Thu,Weekday,11,B02598,327
2014-07-31,Jul,Thu,Weekday,11,B02617,434
2014-07-31,Jul,Thu,Weekday,11,B02682,262
2014-07-31,Jul,Thu,Weekday,11,B02764,17
2014-07-31,Jul,Thu,Weekday,12,B02512,69
2014-07-31,Jul,Thu,Weekday,12,B02598,339
2014-07-31,Jul,Thu,Weekday,12,B02617,462
2014-07-31,Jul,Thu,Weekday,12,B02682,251
2014-07-31,Jul,Thu,Weekday,12,B02764,12
2014-07-31,Jul,Thu,Weekday,13,B02512,80
2014-07-31,Jul,Thu,Weekday,13,B02598,380
2014-07-31,Jul,Thu,Weekday,13,B02617,586
2014-07-31,Jul,Thu,Weekday,13,B02682,283
2014-07-31,Jul,Thu,Weekday,13,B02764,18
2014-07-31,Jul,Thu,Weekday,14,B02512,77
2014-07-31,Jul,Thu,Weekday,14,B02598,493
2014-07-31,Jul,Thu,Weekday,14,B02617,658
2014-07-31,Jul,Thu,Weekday,14,B02682,354
2014-07-31,Jul,Thu,Weekday,14,B02764,18
2014-07-31,Jul,Thu,Weekday,15,B02512,80
2014-07-31,Jul,Thu,Weekday,15,B02598,589
2014-07-31,Jul,Thu,Weekday,15,B02617,776
2014-07-31,Jul,Thu,Weekday,15,B02682,456
2014-07-31,Jul,Thu,Weekday,15,B02764,26
2014-07-31,Jul,Thu,Weekday,16,B02512,111
2014-07-31,Jul,Thu,Weekday,16,B02598,649
2014-07-31,Jul,Thu,Weekday,16,B02617,895
2014-07-31,Jul,Thu,Weekday,16,B02682,467
2014-07-31,Jul,Thu,Weekday,16,B02764,32
2014-07-31,Jul,Thu,Weekday,17,B02512,113
2014-07-31,Jul,Thu,Weekday,17,B02598,737
2014-07-31,Jul,Thu,Weekday,17,B02617,1050
2014-07-31,Jul,Thu,Weekday,17,B02682,530
2014-07-31,Jul,Thu,Weekday,17,B02764,36
2014-07-31,Jul,Thu,Weekday,18,B02512,97
2014-07-31,Jul,Thu,Weekday,18,B02598,775
2014-07-31,Jul,Thu,Weekday,18,B02617,1116
2014-07-31,Jul,Thu,Weekday,18,B02682,511
2014-07-31,Jul,Thu,Weekday,18,B02764,32
2014-07-31,Jul,Thu,Weekday,19,B02512,82
2014-07-31,Jul,Thu,Weekday,19,B02598,768
2014-07-31,Jul,Thu,Weekday,19,B02617,1034
2014-07-31,Jul,Thu,Weekday,19,B02682,524
2014-07-31,Jul,Thu,Weekday,19,B02764,22
2014-07-31,Jul,Thu,Weekday,20,B02512,114
2014-07-31,Jul,Thu,Weekday,20,B02598,759
2014-07-31,Jul,Thu,Weekday,20,B02617,1035
2014-07-31,Jul,Thu,Weekday,20,B02682,527
2014-07-31,Jul,Thu,Weekday,20,B02764,25
2014-07-31,Jul,Thu,Weekday,21,B02512,94
2014-07-31,Jul,Thu,Weekday,21,B02598,688
2014-07-31,Jul,Thu,Weekday,21,B02617,950
2014-07-31,Jul,Thu,Weekday,21,B02682,521
2014-07-31,Jul,Thu,Weekday,21,B02764,22
2014-07-31,Jul,Thu,Weekday,22,B02512,99
2014-07-31,Jul,Thu,Weekday,22,B02598,636
2014-07-31,Jul,Thu,Weekday,22,B02617,869
2014-07-31,Jul,Thu,Weekday,22,B02682,474
2014-07-31,Jul,Thu,Weekday,22,B02764,21
2014-07-31,Jul,Thu,Weekday,23,B02512,45
2014-07-31,Jul,Thu,Weekday,23,B02598,383
2014-07-31,Jul,Thu,Weekday,23,B02617,610
2014-07-31,Jul,Thu,Weekday,23,B02682,337
2014-07-31,Jul,Thu,Weekday,23,B02764,7
2014-08-01,Aug,Fri,Weekday,0,B02512,27
2014-08-01,Aug,Fri,Weekday,0,B02598,195
2014-08-01,Aug,Fri,Weekday,0,B02617,316
2014-08-01,Aug,Fri,Weekday,0,B02682,190
2014-08-01,Aug,Fri,Weekday,0,B02764,6
2014-08-01,Aug,Fri,Weekday,1,B02512,15
2014-08-01,Aug,Fri,Weekday,1,B02598,117
2014-08-01,Aug,Fri,Weekday,1,B02617,201
2014-08-01,Aug,Fri,Weekday,1,B02682,113
2014-08-01,Aug,Fri,Weekday,1,B02764,5
2014-08-01,Aug,Fri,Weekday,2,B02512,8
2014-08-01,Aug,Fri,Weekday,2,B02598,65
2014-08-01,Aug,Fri,Weekday,2,B02617,139
2014-08-01,Aug,Fri,Weekday,2,B02682,76
2014-08-01,Aug,Fri,Weekday,2,B02764,1
2014-08-01,Aug,Fri,Weekday,3,B02512,13
2014-08-01,Aug,Fri,Weekday,3,B02598,85
2014-08-01,Aug,Fri,Weekday,3,B02617,132
2014-08-01,Aug,Fri,Weekday,3,B02682,86
2014-08-01,Aug,Fri,Weekday,3,B02764,2
2014-08-01,Aug,Fri,Weekday,4,B02512,13
2014-08-01,Aug,Fri,Weekday,4,B02598,106
2014-08-01,Aug,Fri,Weekday,4,B02617,174
2014-08-01,Aug,Fri,Weekday,4,B02682,111
2014-08-01,Aug,Fri,Weekday,4,B02764,8
2014-08-01,Aug,Fri,Weekday,5,B02512,22
2014-08-01,Aug,Fri,Weekday,5,B02598,158
2014-08-01,Aug,Fri,Weekday,5,B02617,238
2014-08-01,Aug,Fri,Weekday,5,B02682,179
2014-08-01,Aug,Fri,Weekday,5,B02764,7
2014-08-01,Aug,Fri,Weekday,6,B02512,48
2014-08-01,Aug,Fri,Weekday,6,B02598,255
2014-08-01,Aug,Fri,Weekday,6,B02617,357
2014-08-01,Aug,Fri,Weekday,6,B02682,255
2014-08-01,Aug,Fri,Weekday,6,B02764,13
2014-08-01,Aug,Fri,Weekday,7,B02512,45
2014-08-01,Aug,Fri,Weekday,7,B02598,380
2014-08-01,Aug,Fri,Weekday,7,B02617,516
2014-08-01,Aug,Fri,Weekday,7,B02682,349
2014-08-01,Aug,Fri,Weekday,7,B02764,17
2014-08-01,Aug,Fri,Weekday,8,B02512,51
2014-08-01,Aug,Fri,Weekday,8,B02598,381
2014-08-01,Aug,Fri,Weekday,8,B02617,560
2014-08-01,Aug,Fri,Weekday,8,B02682,322
2014-08-01,Aug,Fri,Weekday,8,B02764,23
2014-08-01,Aug,Fri,Weekday,9,B02512,41
2014-08-01,Aug,Fri,Weekday,9,B02598,342
2014-08-01,Aug,Fri,Weekday,9,B02617,478
2014-08-01,Aug,Fri,Weekday,9,B02682,276
2014-08-01,Aug,Fri,Weekday,9,B02764,16
2014-08-01,Aug,Fri,Weekday,10,B02512,45
2014-08-01,Aug,Fri,Weekday,10,B02598,311
2014-08-01,Aug,Fri,Weekday,10,B02617,467
2014-08-01,Aug,Fri,Weekday,10,B02682,269
2014-08-01,Aug,Fri,Weekday,10,B02764,17
2014-08-01,Aug,Fri,Weekday,11,B02512,63
2014-08-01,Aug,Fri,Weekday,11,B02598,314
2014-08-01,Aug,Fri,Weekday,11,B02617,443
2014-08-01,Aug,Fri,Weekday,11,B02682,240
2014-08-01,Aug,Fri,Weekday,11,B02764,19
2014-08-01,Aug,Fri,Weekday,12,B02512,55
2014-08-01,Aug,Fri,Weekday,12,B02598,307
2014-08-01,Aug,Fri,Weekday,12,B02617,462
2014-08-01,Aug,Fri,Weekday,12,B02682,242
2014-08-01,Aug,Fri,Weekday,12,B02764,19
2014-08-01,Aug,Fri,Weekday,13,B02512,63
2014-08-01,Aug,Fri,Weekday,13,B02598,394
2014-08-01,Aug,Fri,Weekday,13,B02617,614
2014-08-01,Aug,Fri,Weekday,13,B02682,312
2014-08-01,Aug,Fri,Weekday,13,B02764,15
2014-08-01,Aug,Fri,Weekday,14,B02512,66
2014-08-01,Aug,Fri,Weekday,14,B02598,460
2014-08-01,Aug,Fri,Weekday,14,B02617,676
2014-08-01,Aug,Fri,Weekday,14,B02682,363
2014-08-01,Aug,Fri,Weekday,14,B02764,20
2014-08-01,Aug,Fri,Weekday,15,B02512,103
2014-08-01,Aug,Fri,Weekday,15,B02598,567
2014-08-01,Aug,Fri,Weekday,15,B02617,773
2014-08-01,Aug,Fri,Weekday,15,B02682,416
2014-08-01,Aug,Fri,Weekday,15,B02764,26
2014-08-01,Aug,Fri,Weekday,16,B02512,93
2014-08-01,Aug,Fri,Weekday,16,B02598,620
2014-08-01,Aug,Fri,Weekday,16,B02617,927
2014-08-01,Aug,Fri,Weekday,16,B02682,461
2014-08-01,Aug,Fri,Weekday,16,B02764,21
2014-08-01,Aug,Fri,Weekday,17,B02512,86
2014-08-01,Aug,Fri,Weekday,17,B02598,705
2014-08-01,Aug,Fri,Weekday,17,B02617,969
2014-08-01,Aug,Fri,Weekday,17,B02682,457
2014-08-01,Aug,Fri,Weekday,17,B02764,25
2014-08-01,Aug,Fri,Weekday,18,B02512,93
2014-08-01,Aug,Fri,Weekday,18,B02598,688
2014-08-01,Aug,Fri,Weekday,18,B02617,945
2014-08-01,Aug,Fri,Weekday,18,B02682,444
2014-08-01,Aug,Fri,Weekday,18,B02764,26
2014-08-01,Aug,Fri,Weekday,19,B02512,80
2014-08-01,Aug,Fri,Weekday,19,B02598,623
2014-08-01,Aug,Fri,Weekday,19,B02617,927
2014-08-01,Aug,Fri,Weekday,19,B02682,478
2014-08-01,Aug,Fri,Weekday,19,B02764,12
2014-08-01,Aug,Fri,Weekday,20,B02512,72
2014-08-01,Aug,Fri,Weekday,20,B02598,560
2014-08-01,Aug,Fri,Weekday,20,B02617,838
2014-08-01,Aug,Fri,Weekday,20,B02682,432
2014-08-01,Aug,Fri,Weekday,20,B02764,21
2014-08-01,Aug,Fri,Weekday,21,B02512,92
2014-08-01,Aug,Fri,Weekday,21,B02598,604
2014-08-01,Aug,Fri,Weekday,21,B02617,859
2014-08-01,Aug,Fri,Weekday,21,B02682,456
2014-08-01,Aug,Fri,Weekday,21,B02764,24
2014-08-01,Aug,Fri,Weekday,22,B02512,87
2014-08-01,Aug,Fri,Weekday,22,B02598,674
2014-08-01,Aug,Fri,Weekday,22,B02617,976
2014-08-01,Aug,Fri,Weekday,22,B02682,490
2014-08-01,Aug,Fri,Weekday,22,B02764,20
2014-08-01,Aug,Fri,Weekday,23,B02512,61
2014-08-01,Aug,Fri,Weekday,23,B02598,481
2014-08-01,Aug,Fri,Weekday,23,B02617,823
2014-08-01,Aug,Fri,Weekday,23,B02682,416
2014-08-01,Aug,Fri,Weekday,23,B02764,13
2014-08-02,Aug,Sat,Weekend,0,B02512,40
2014-08-02,Aug,Sat,Weekend,0,B02598,348
2014-08-02,Aug,Sat,Weekend,0,B02617,625
2014-08-02,Aug,Sat,Weekend,0,B02682,296
2014-08-02,Aug,Sat,Weekend,0,B02764,19
2014-08-02,Aug,Sat,Weekend,1,B02512,31
2014-08-02,Aug,Sat,Weekend,1,B02598,276
2014-08-02,Aug,Sat,Weekend,1,B02617,479
2014-08-02,Aug,Sat,Weekend,1,B02682,201
2014-08-02,Aug,Sat,Weekend,1,B02764,9
2014-08-02,Aug,Sat,Weekend,2,B02512,13
2014-08-02,Aug,Sat,Weekend,2,B02598,175
2014-08-02,Aug,Sat,Weekend,2,B02617,325
2014-08-02,Aug,Sat,Weekend,2,B02682,125
2014-08-02,Aug,Sat,Weekend,2,B02764,7
2014-08-02,Aug,Sat,Weekend,3,B02512,11
2014-08-02,Aug,Sat,Weekend,3,B02598,144
2014-08-02,Aug,Sat,Weekend,3,B02617,251
2014-08-02,Aug,Sat,Weekend,3,B02682,116
2014-08-02,Aug,Sat,Weekend,3,B02764,10
2014-08-02,Aug,Sat,Weekend,4,B02512,12
2014-08-02,Aug,Sat,Weekend,4,B02598,105
2014-08-02,Aug,Sat,Weekend,4,B02617,193
2014-08-02,Aug,Sat,Weekend,4,B02682,90
2014-08-02,Aug,Sat,Weekend,4,B02764,7
2014-08-02,Aug,Sat,Weekend,5,B02512,13
2014-08-02,Aug,Sat,Weekend,5,B02598,104
2014-08-02,Aug,Sat,Weekend,5,B02617,193
2014-08-02,Aug,Sat,Weekend,5,B02682,102
2014-08-02,Aug,Sat,Weekend,5,B02764,5
2014-08-02,Aug,Sat,Weekend,6,B02512,17
2014-08-02,Aug,Sat,Weekend,6,B02598,108
2014-08-02,Aug,Sat,Weekend,6,B02617,198
2014-08-02,Aug,Sat,Weekend,6,B02682,134
2014-08-02,Aug,Sat,Weekend,6,B02764,7
2014-08-02,Aug,Sat,Weekend,7,B02512,22
2014-08-02,Aug,Sat,Weekend,7,B02598,156
2014-08-02,Aug,Sat,Weekend,7,B02617,213
2014-08-02,Aug,Sat,Weekend,7,B02682,152
2014-08-02,Aug,Sat,Weekend,7,B02764,10
2014-08-02,Aug,Sat,Weekend,8,B02512,36
2014-08-02,Aug,Sat,Weekend,8,B02598,204
2014-08-02,Aug,Sat,Weekend,8,B02617,297
2014-08-02,Aug,Sat,Weekend,8,B02682,167
2014-08-02,Aug,Sat,Weekend,8,B02764,15
2014-08-02,Aug,Sat,Weekend,9,B02512,32
2014-08-02,Aug,Sat,Weekend,9,B02598,248
2014-08-02,Aug,Sat,Weekend,9,B02617,305
2014-08-02,Aug,Sat,Weekend,9,B02682,198
2014-08-02,Aug,Sat,Weekend,9,B02764,14
2014-08-02,Aug,Sat,Weekend,10,B02512,39
2014-08-02,Aug,Sat,Weekend,10,B02598,245
2014-08-02,Aug,Sat,Weekend,10,B02617,371
2014-08-02,Aug,Sat,Weekend,10,B02682,197
2014-08-02,Aug,Sat,Weekend,10,B02764,15
2014-08-02,Aug,Sat,Weekend,11,B02512,41
2014-08-02,Aug,Sat,Weekend,11,B02598,295
2014-08-02,Aug,Sat,Weekend,11,B02617,392
2014-08-02,Aug,Sat,Weekend,11,B02682,216
2014-08-02,Aug,Sat,Weekend,11,B02764,9
2014-08-02,Aug,Sat,Weekend,12,B02512,35
2014-08-02,Aug,Sat,Weekend,12,B02598,318
2014-08-02,Aug,Sat,Weekend,12,B02617,446
2014-08-02,Aug,Sat,Weekend,12,B02682,235
2014-08-02,Aug,Sat,Weekend,12,B02764,19
2014-08-02,Aug,Sat,Weekend,13,B02512,41
2014-08-02,Aug,Sat,Weekend,13,B02598,320
2014-08-02,Aug,Sat,Weekend,13,B02617,478
2014-08-02,Aug,Sat,Weekend,13,B02682,258
2014-08-02,Aug,Sat,Weekend,13,B02764,13
2014-08-02,Aug,Sat,Weekend,14,B02512,63
2014-08-02,Aug,Sat,Weekend,14,B02598,398
2014-08-02,Aug,Sat,Weekend,14,B02617,598
2014-08-02,Aug,Sat,Weekend,14,B02682,281
2014-08-02,Aug,Sat,Weekend,14,B02764,22
2014-08-02,Aug,Sat,Weekend,15,B02512,44
2014-08-02,Aug,Sat,Weekend,15,B02598,440
2014-08-02,Aug,Sat,Weekend,15,B02617,727
2014-08-02,Aug,Sat,Weekend,15,B02682,384
2014-08-02,Aug,Sat,Weekend,15,B02764,20
2014-08-02,Aug,Sat,Weekend,16,B02512,69
2014-08-02,Aug,Sat,Weekend,16,B02598,509
2014-08-02,Aug,Sat,Weekend,16,B02617,730
2014-08-02,Aug,Sat,Weekend,16,B02682,379
2014-08-02,Aug,Sat,Weekend,16,B02764,14
2014-08-02,Aug,Sat,Weekend,17,B02512,64
2014-08-02,Aug,Sat,Weekend,17,B02598,526
2014-08-02,Aug,Sat,Weekend,17,B02617,773
2014-08-02,Aug,Sat,Weekend,17,B02682,374
2014-08-02,Aug,Sat,Weekend,17,B02764,19
2014-08-02,Aug,Sat,Weekend,18,B02512,78
2014-08-02,Aug,Sat,Weekend,18,B02598,532
2014-08-02,Aug,Sat,Weekend,18,B02617,878
2014-08-02,Aug,Sat,Weekend,18,B02682,426
2014-08-02,Aug,Sat,Weekend,18,B02764,20
2014-08-02,Aug,Sat,Weekend,19,B02512,65
2014-08-02,Aug,Sat,Weekend,19,B02598,520
2014-08-02,Aug,Sat,Weekend,19,B02617,829
2014-08-02,Aug,Sat,Weekend,19,B02682,413
2014-08-02,Aug,Sat,Weekend,19,B02764,17
2014-08-02,Aug,Sat,Weekend,20,B02512,71
2014-08-02,Aug,Sat,Weekend,20,B02598,518
2014-08-02,Aug,Sat,Weekend,20,B02617,822
2014-08-02,Aug,Sat,Weekend,20,B02682,382
2014-08-02,Aug,Sat,Weekend,20,B02764,20
2014-08-02,Aug,Sat,Weekend,21,B02512,71
2014-08-02,Aug,Sat,Weekend,21,B02598,588
2014-08-02,Aug,Sat,Weekend,21,B02617,880
2014-08-02,Aug,Sat,Weekend,21,B02682,380
2014-08-02,Aug,Sat,Weekend,21,B02764,19
2014-08-02,Aug,Sat,Weekend,22,B02512,82
2014-08-02,Aug,Sat,Weekend,22,B02598,622
2014-08-02,Aug,Sat,Weekend,22,B02617,936
2014-08-02,Aug,Sat,Weekend,22,B02682,431
2014-08-02,Aug,Sat,Weekend,22,B02764,25
2014-08-02,Aug,Sat,Weekend,23,B02512,72
2014-08-02,Aug,Sat,Weekend,23,B02598,509
2014-08-02,Aug,Sat,Weekend,23,B02617,813
2014-08-02,Aug,Sat,Weekend,23,B02682,363
2014-08-02,Aug,Sat,Weekend,23,B02764,21
2014-08-03,Aug,Sun,Weekend,0,B02512,45
2014-08-03,Aug,Sun,Weekend,0,B02598,410
2014-08-03,Aug,Sun,Weekend,0,B02617,739
2014-08-03,Aug,Sun,Weekend,0,B02682,334
2014-08-03,Aug,Sun,Weekend,0,B02764,15
2014-08-03,Aug,Sun,Weekend,1,B02512,40
2014-08-03,Aug,Sun,Weekend,1,B02598,288
2014-08-03,Aug,Sun,Weekend,1,B02617,528
2014-08-03,Aug,Sun,Weekend,1,B02682,242
2014-08-03,Aug,Sun,Weekend,1,B02764,11
2014-08-03,Aug,Sun,Weekend,2,B02512,23
2014-08-03,Aug,Sun,Weekend,2,B02598,177
2014-08-03,Aug,Sun,Weekend,2,B02617,367
2014-08-03,Aug,Sun,Weekend,2,B02682,160
2014-08-03,Aug,Sun,Weekend,2,B02764,9
2014-08-03,Aug,Sun,Weekend,3,B02512,17
2014-08-03,Aug,Sun,Weekend,3,B02598,149
2014-08-03,Aug,Sun,Weekend,3,B02617,261
2014-08-03,Aug,Sun,Weekend,3,B02682,131
2014-08-03,Aug,Sun,Weekend,3,B02764,6
2014-08-03,Aug,Sun,Weekend,4,B02512,11
2014-08-03,Aug,Sun,Weekend,4,B02598,82
2014-08-03,Aug,Sun,Weekend,4,B02617,148
2014-08-03,Aug,Sun,Weekend,4,B02682,67
2014-08-03,Aug,Sun,Weekend,4,B02764,7
2014-08-03,Aug,Sun,Weekend,5,B02512,14
2014-08-03,Aug,Sun,Weekend,5,B02598,88
2014-08-03,Aug,Sun,Weekend,5,B02617,143
2014-08-03,Aug,Sun,Weekend,5,B02682,80
2014-08-03,Aug,Sun,Weekend,5,B02764,7
2014-08-03,Aug,Sun,Weekend,6,B02512,17
2014-08-03,Aug,Sun,Weekend,6,B02598,73
2014-08-03,Aug,Sun,Weekend,6,B02617,142
2014-08-03,Aug,Sun,Weekend,6,B02682,86
2014-08-03,Aug,Sun,Weekend,6,B02764,5
2014-08-03,Aug,Sun,Weekend,7,B02512,26
2014-08-03,Aug,Sun,Weekend,7,B02598,118
2014-08-03,Aug,Sun,Weekend,7,B02617,213
2014-08-03,Aug,Sun,Weekend,7,B02682,104
2014-08-03,Aug,Sun,Weekend,7,B02764,7
2014-08-03,Aug,Sun,Weekend,8,B02512,17
2014-08-03,Aug,Sun,Weekend,8,B02598,147
2014-08-03,Aug,Sun,Weekend,8,B02617,245
2014-08-03,Aug,Sun,Weekend,8,B02682,135
2014-08-03,Aug,Sun,Weekend,8,B02764,12
2014-08-03,Aug,Sun,Weekend,9,B02512,25
2014-08-03,Aug,Sun,Weekend,9,B02598,201
2014-08-03,Aug,Sun,Weekend,9,B02617,311
2014-08-03,Aug,Sun,Weekend,9,B02682,185
2014-08-03,Aug,Sun,Weekend,9,B02764,10
2014-08-03,Aug,Sun,Weekend,10,B02512,52
2014-08-03,Aug,Sun,Weekend,10,B02598,268
2014-08-03,Aug,Sun,Weekend,10,B02617,423
2014-08-03,Aug,Sun,Weekend,10,B02682,244
2014-08-03,Aug,Sun,Weekend,10,B02764,15
2014-08-03,Aug,Sun,Weekend,11,B02512,44
2014-08-03,Aug,Sun,Weekend,11,B02598,317
2014-08-03,Aug,Sun,Weekend,11,B02617,478
2014-08-03,Aug,Sun,Weekend,11,B02682,265
2014-08-03,Aug,Sun,Weekend,11,B02764,14
2014-08-03,Aug,Sun,Weekend,12,B02512,48
2014-08-03,Aug,Sun,Weekend,12,B02598,303
2014-08-03,Aug,Sun,Weekend,12,B02617,473
2014-08-03,Aug,Sun,Weekend,12,B02682,275
2014-08-03,Aug,Sun,Weekend,12,B02764,11
2014-08-03,Aug,Sun,Weekend,13,B02512,47
2014-08-03,Aug,Sun,Weekend,13,B02598,331
2014-08-03,Aug,Sun,Weekend,13,B02617,491
2014-08-03,Aug,Sun,Weekend,13,B02682,260
2014-08-03,Aug,Sun,Weekend,13,B02764,15
2014-08-03,Aug,Sun,Weekend,14,B02512,48
2014-08-03,Aug,Sun,Weekend,14,B02598,361
2014-08-03,Aug,Sun,Weekend,14,B02617,547
2014-08-03,Aug,Sun,Weekend,14,B02682,306
2014-08-03,Aug,Sun,Weekend,14,B02764,12
2014-08-03,Aug,Sun,Weekend,15,B02512,59
2014-08-03,Aug,Sun,Weekend,15,B02598,375
2014-08-03,Aug,Sun,Weekend,15,B02617,625
2014-08-03,Aug,Sun,Weekend,15,B02682,323
2014-08-03,Aug,Sun,Weekend,15,B02764,12
2014-08-03,Aug,Sun,Weekend,16,B02512,69
2014-08-03,Aug,Sun,Weekend,16,B02598,433
2014-08-03,Aug,Sun,Weekend,16,B02617,696
2014-08-03,Aug,Sun,Weekend,16,B02682,358
2014-08-03,Aug,Sun,Weekend,16,B02764,18
2014-08-03,Aug,Sun,Weekend,17,B02512,57
2014-08-03,Aug,Sun,Weekend,17,B02598,439
2014-08-03,Aug,Sun,Weekend,17,B02617,700
2014-08-03,Aug,Sun,Weekend,17,B02682,322
2014-08-03,Aug,Sun,Weekend,17,B02764,22
2014-08-03,Aug,Sun,Weekend,18,B02512,56
2014-08-03,Aug,Sun,Weekend,18,B02598,347
2014-08-03,Aug,Sun,Weekend,18,B02617,608
2014-08-03,Aug,Sun,Weekend,18,B02682,274
2014-08-03,Aug,Sun,Weekend,18,B02764,19
2014-08-03,Aug,Sun,Weekend,19,B02512,54
2014-08-03,Aug,Sun,Weekend,19,B02598,325
2014-08-03,Aug,Sun,Weekend,19,B02617,572
2014-08-03,Aug,Sun,Weekend,19,B02682,267
2014-08-03,Aug,Sun,Weekend,19,B02764,14
2014-08-03,Aug,Sun,Weekend,20,B02512,52
2014-08-03,Aug,Sun,Weekend,20,B02598,350
2014-08-03,Aug,Sun,Weekend,20,B02617,569
2014-08-03,Aug,Sun,Weekend,20,B02682,264
2014-08-03,Aug,Sun,Weekend,20,B02764,18
2014-08-03,Aug,Sun,Weekend,21,B02512,46
2014-08-03,Aug,Sun,Weekend,21,B02598,326
2014-08-03,Aug,Sun,Weekend,21,B02617,475
2014-08-03,Aug,Sun,Weekend,21,B02682,255
2014-08-03,Aug,Sun,Weekend,21,B02764,15
2014-08-03,Aug,Sun,Weekend,22,B02512,25
2014-08-03,Aug,Sun,Weekend,22,B02598,232
2014-08-03,Aug,Sun,Weekend,22,B02617,384
2014-08-03,Aug,Sun,Weekend,22,B02682,194
2014-08-03,Aug,Sun,Weekend,22,B02764,12
2014-08-03,Aug,Sun,Weekend,23,B02512,22
2014-08-03,Aug,Sun,Weekend,23,B02598,153
2014-08-03,Aug,Sun,Weekend,23,B02617,256
2014-08-03,Aug,Sun,Weekend,23,B02682,115
2014-08-03,Aug,Sun,Weekend,23,B02764,13
2014-08-04,Aug,Mon,Weekday,0,B02512,16
2014-08-04,Aug,Mon,Weekday,0,B02598,92
2014-08-04,Aug,Mon,Weekday,0,B02617,129
2014-08-04,Aug,Mon,Weekday,0,B02682,63
2014-08-04,Aug,Mon,Weekday,0,B02764,4
2014-08-04,Aug,Mon,Weekday,1,B02512,4
2014-08-04,Aug,Mon,Weekday,1,B02598,46
2014-08-04,Aug,Mon,Weekday,1,B02617,81
2014-08-04,Aug,Mon,Weekday,1,B02682,27
2014-08-04,Aug,Mon,Weekday,1,B02764,7
2014-08-04,Aug,Mon,Weekday,2,B02512,10
2014-08-04,Aug,Mon,Weekday,2,B02598,36
2014-08-04,Aug,Mon,Weekday,2,B02617,45
2014-08-04,Aug,Mon,Weekday,2,B02682,29
2014-08-04,Aug,Mon,Weekday,2,B02764,6
2014-08-04,Aug,Mon,Weekday,3,B02512,18
2014-08-04,Aug,Mon,Weekday,3,B02598,83
2014-08-04,Aug,Mon,Weekday,3,B02617,132
2014-08-04,Aug,Mon,Weekday,3,B02682,72
2014-08-04,Aug,Mon,Weekday,3,B02764,3
2014-08-04,Aug,Mon,Weekday,4,B02512,17
2014-08-04,Aug,Mon,Weekday,4,B02598,130
2014-08-04,Aug,Mon,Weekday,4,B02617,170
2014-08-04,Aug,Mon,Weekday,4,B02682,104
2014-08-04,Aug,Mon,Weekday,4,B02764,4
2014-08-04,Aug,Mon,Weekday,5,B02512,28
2014-08-04,Aug,Mon,Weekday,5,B02598,188
2014-08-04,Aug,Mon,Weekday,5,B02617,297
2014-08-04,Aug,Mon,Weekday,5,B02682,170
2014-08-04,Aug,Mon,Weekday,5,B02764,8
2014-08-04,Aug,Mon,Weekday,6,B02512,55
2014-08-04,Aug,Mon,Weekday,6,B02598,297
2014-08-04,Aug,Mon,Weekday,6,B02617,463
2014-08-04,Aug,Mon,Weekday,6,B02682,285
2014-08-04,Aug,Mon,Weekday,6,B02764,11
2014-08-04,Aug,Mon,Weekday,7,B02512,56
2014-08-04,Aug,Mon,Weekday,7,B02598,400
2014-08-04,Aug,Mon,Weekday,7,B02617,608
2014-08-04,Aug,Mon,Weekday,7,B02682,339
2014-08-04,Aug,Mon,Weekday,7,B02764,17
2014-08-04,Aug,Mon,Weekday,8,B02512,45
2014-08-04,Aug,Mon,Weekday,8,B02598,379
2014-08-04,Aug,Mon,Weekday,8,B02617,582
2014-08-04,Aug,Mon,Weekday,8,B02682,322
2014-08-04,Aug,Mon,Weekday,8,B02764,17
2014-08-04,Aug,Mon,Weekday,9,B02512,47
2014-08-04,Aug,Mon,Weekday,9,B02598,290
2014-08-04,Aug,Mon,Weekday,9,B02617,424
2014-08-04,Aug,Mon,Weekday,9,B02682,239
2014-08-04,Aug,Mon,Weekday,9,B02764,22
2014-08-04,Aug,Mon,Weekday,10,B02512,39
2014-08-04,Aug,Mon,Weekday,10,B02598,266
2014-08-04,Aug,Mon,Weekday,10,B02617,457
2014-08-04,Aug,Mon,Weekday,10,B02682,229
2014-08-04,Aug,Mon,Weekday,10,B02764,17
2014-08-04,Aug,Mon,Weekday,11,B02512,51
2014-08-04,Aug,Mon,Weekday,11,B02598,240
2014-08-04,Aug,Mon,Weekday,11,B02617,420
2014-08-04,Aug,Mon,Weekday,11,B02682,247
2014-08-04,Aug,Mon,Weekday,11,B02764,24
2014-08-04,Aug,Mon,Weekday,12,B02512,44
2014-08-04,Aug,Mon,Weekday,12,B02598,222
2014-08-04,Aug,Mon,Weekday,12,B02617,431
2014-08-04,Aug,Mon,Weekday,12,B02682,202
2014-08-04,Aug,Mon,Weekday,12,B02764,17
2014-08-04,Aug,Mon,Weekday,13,B02512,56
2014-08-04,Aug,Mon,Weekday,13,B02598,292
2014-08-04,Aug,Mon,Weekday,13,B02617,500
2014-08-04,Aug,Mon,Weekday,13,B02682,232
2014-08-04,Aug,Mon,Weekday,13,B02764,23
2014-08-04,Aug,Mon,Weekday,14,B02512,72
2014-08-04,Aug,Mon,Weekday,14,B02598,334
2014-08-04,Aug,Mon,Weekday,14,B02617,575
2014-08-04,Aug,Mon,Weekday,14,B02682,269
2014-08-04,Aug,Mon,Weekday,14,B02764,25
2014-08-04,Aug,Mon,Weekday,15,B02512,61
2014-08-04,Aug,Mon,Weekday,15,B02598,404
2014-08-04,Aug,Mon,Weekday,15,B02617,636
2014-08-04,Aug,Mon,Weekday,15,B02682,295
2014-08-04,Aug,Mon,Weekday,15,B02764,28
2014-08-04,Aug,Mon,Weekday,16,B02512,84
2014-08-04,Aug,Mon,Weekday,16,B02598,490
2014-08-04,Aug,Mon,Weekday,16,B02617,758
2014-08-04,Aug,Mon,Weekday,16,B02682,352
2014-08-04,Aug,Mon,Weekday,16,B02764,21
2014-08-04,Aug,Mon,Weekday,17,B02512,89
2014-08-04,Aug,Mon,Weekday,17,B02598,546
2014-08-04,Aug,Mon,Weekday,17,B02617,857
2014-08-04,Aug,Mon,Weekday,17,B02682,376
2014-08-04,Aug,Mon,Weekday,17,B02764,17
2014-08-04,Aug,Mon,Weekday,18,B02512,78
2014-08-04,Aug,Mon,Weekday,18,B02598,477
2014-08-04,Aug,Mon,Weekday,18,B02617,787
2014-08-04,Aug,Mon,Weekday,18,B02682,394
2014-08-04,Aug,Mon,Weekday,18,B02764,30
2014-08-04,Aug,Mon,Weekday,19,B02512,80
2014-08-04,Aug,Mon,Weekday,19,B02598,421
2014-08-04,Aug,Mon,Weekday,19,B02617,721
2014-08-04,Aug,Mon,Weekday,19,B02682,333
2014-08-04,Aug,Mon,Weekday,19,B02764,17
2014-08-04,Aug,Mon,Weekday,20,B02512,74
2014-08-04,Aug,Mon,Weekday,20,B02598,399
2014-08-04,Aug,Mon,Weekday,20,B02617,718
2014-08-04,Aug,Mon,Weekday,20,B02682,318
2014-08-04,Aug,Mon,Weekday,20,B02764,19
2014-08-04,Aug,Mon,Weekday,21,B02512,58
2014-08-04,Aug,Mon,Weekday,21,B02598,364
2014-08-04,Aug,Mon,Weekday,21,B02617,599
2014-08-04,Aug,Mon,Weekday,21,B02682,264
2014-08-04,Aug,Mon,Weekday,21,B02764,13
2014-08-04,Aug,Mon,Weekday,22,B02512,44
2014-08-04,Aug,Mon,Weekday,22,B02598,265
2014-08-04,Aug,Mon,Weekday,22,B02617,444
2014-08-04,Aug,Mon,Weekday,22,B02682,189
2014-08-04,Aug,Mon,Weekday,22,B02764,11
2014-08-04,Aug,Mon,Weekday,23,B02512,19
2014-08-04,Aug,Mon,Weekday,23,B02598,163
2014-08-04,Aug,Mon,Weekday,23,B02617,287
2014-08-04,Aug,Mon,Weekday,23,B02682,139
2014-08-04,Aug,Mon,Weekday,23,B02764,12
2014-08-05,Aug,Tue,Weekday,0,B02512,9
2014-08-05,Aug,Tue,Weekday,0,B02598,83
2014-08-05,Aug,Tue,Weekday,0,B02617,148
2014-08-05,Aug,Tue,Weekday,0,B02682,64
2014-08-05,Aug,Tue,Weekday,0,B02764,6
2014-08-05,Aug,Tue,Weekday,1,B02512,9
2014-08-05,Aug,Tue,Weekday,1,B02598,34
2014-08-05,Aug,Tue,Weekday,1,B02617,99
2014-08-05,Aug,Tue,Weekday,1,B02682,39
2014-08-05,Aug,Tue,Weekday,1,B02764,5
2014-08-05,Aug,Tue,Weekday,2,B02512,3
2014-08-05,Aug,Tue,Weekday,2,B02598,29
2014-08-05,Aug,Tue,Weekday,2,B02617,72
2014-08-05,Aug,Tue,Weekday,2,B02682,27
2014-08-05,Aug,Tue,Weekday,2,B02764,3
2014-08-05,Aug,Tue,Weekday,3,B02512,6
2014-08-05,Aug,Tue,Weekday,3,B02598,57
2014-08-05,Aug,Tue,Weekday,3,B02617,94
2014-08-05,Aug,Tue,Weekday,3,B02682,52
2014-08-05,Aug,Tue,Weekday,3,B02764,7
2014-08-05,Aug,Tue,Weekday,4,B02512,12
2014-08-05,Aug,Tue,Weekday,4,B02598,91
2014-08-05,Aug,Tue,Weekday,4,B02617,161
2014-08-05,Aug,Tue,Weekday,4,B02682,74
2014-08-05,Aug,Tue,Weekday,4,B02764,13
2014-08-05,Aug,Tue,Weekday,5,B02512,17
2014-08-05,Aug,Tue,Weekday,5,B02598,163
2014-08-05,Aug,Tue,Weekday,5,B02617,286
2014-08-05,Aug,Tue,Weekday,5,B02682,159
2014-08-05,Aug,Tue,Weekday,5,B02764,7
2014-08-05,Aug,Tue,Weekday,6,B02512,43
2014-08-05,Aug,Tue,Weekday,6,B02598,265
2014-08-05,Aug,Tue,Weekday,6,B02617,449
2014-08-05,Aug,Tue,Weekday,6,B02682,236
2014-08-05,Aug,Tue,Weekday,6,B02764,14
2014-08-05,Aug,Tue,Weekday,7,B02512,68
2014-08-05,Aug,Tue,Weekday,7,B02598,370
2014-08-05,Aug,Tue,Weekday,7,B02617,587
2014-08-05,Aug,Tue,Weekday,7,B02682,384
2014-08-05,Aug,Tue,Weekday,7,B02764,23
2014-08-05,Aug,Tue,Weekday,8,B02512,65
2014-08-05,Aug,Tue,Weekday,8,B02598,379
2014-08-05,Aug,Tue,Weekday,8,B02617,588
2014-08-05,Aug,Tue,Weekday,8,B02682,345
2014-08-05,Aug,Tue,Weekday,8,B02764,20
2014-08-05,Aug,Tue,Weekday,9,B02512,47
2014-08-05,Aug,Tue,Weekday,9,B02598,280
2014-08-05,Aug,Tue,Weekday,9,B02617,502
2014-08-05,Aug,Tue,Weekday,9,B02682,260
2014-08-05,Aug,Tue,Weekday,9,B02764,20
2014-08-05,Aug,Tue,Weekday,10,B02512,50
2014-08-05,Aug,Tue,Weekday,10,B02598,297
2014-08-05,Aug,Tue,Weekday,10,B02617,438
2014-08-05,Aug,Tue,Weekday,10,B02682,249
2014-08-05,Aug,Tue,Weekday,10,B02764,16
2014-08-05,Aug,Tue,Weekday,11,B02512,58
2014-08-05,Aug,Tue,Weekday,11,B02598,290
2014-08-05,Aug,Tue,Weekday,11,B02617,503
2014-08-05,Aug,Tue,Weekday,11,B02682,243
2014-08-05,Aug,Tue,Weekday,11,B02764,15
2014-08-05,Aug,Tue,Weekday,12,B02512,52
2014-08-05,Aug,Tue,Weekday,12,B02598,293
2014-08-05,Aug,Tue,Weekday,12,B02617,454
2014-08-05,Aug,Tue,Weekday,12,B02682,252
2014-08-05,Aug,Tue,Weekday,12,B02764,19
2014-08-05,Aug,Tue,Weekday,13,B02512,60
2014-08-05,Aug,Tue,Weekday,13,B02598,298
2014-08-05,Aug,Tue,Weekday,13,B02617,529
2014-08-05,Aug,Tue,Weekday,13,B02682,257
2014-08-05,Aug,Tue,Weekday,13,B02764,22
2014-08-05,Aug,Tue,Weekday,14,B02512,82
2014-08-05,Aug,Tue,Weekday,14,B02598,406
2014-08-05,Aug,Tue,Weekday,14,B02617,652
2014-08-05,Aug,Tue,Weekday,14,B02682,315
2014-08-05,Aug,Tue,Weekday,14,B02764,26
2014-08-05,Aug,Tue,Weekday,15,B02512,71
2014-08-05,Aug,Tue,Weekday,15,B02598,450
2014-08-05,Aug,Tue,Weekday,15,B02617,758
2014-08-05,Aug,Tue,Weekday,15,B02682,369
2014-08-05,Aug,Tue,Weekday,15,B02764,29
2014-08-05,Aug,Tue,Weekday,16,B02512,83
2014-08-05,Aug,Tue,Weekday,16,B02598,518
2014-08-05,Aug,Tue,Weekday,16,B02617,890
2014-08-05,Aug,Tue,Weekday,16,B02682,444
2014-08-05,Aug,Tue,Weekday,16,B02764,30
2014-08-05,Aug,Tue,Weekday,17,B02512,83
2014-08-05,Aug,Tue,Weekday,17,B02598,605
2014-08-05,Aug,Tue,Weekday,17,B02617,1026
2014-08-05,Aug,Tue,Weekday,17,B02682,453
2014-08-05,Aug,Tue,Weekday,17,B02764,38
2014-08-05,Aug,Tue,Weekday,18,B02512,77
2014-08-05,Aug,Tue,Weekday,18,B02598,595
2014-08-05,Aug,Tue,Weekday,18,B02617,918
2014-08-05,Aug,Tue,Weekday,18,B02682,415
2014-08-05,Aug,Tue,Weekday,18,B02764,25
2014-08-05,Aug,Tue,Weekday,19,B02512,81
2014-08-05,Aug,Tue,Weekday,19,B02598,532
2014-08-05,Aug,Tue,Weekday,19,B02617,870
2014-08-05,Aug,Tue,Weekday,19,B02682,368
2014-08-05,Aug,Tue,Weekday,19,B02764,22
2014-08-05,Aug,Tue,Weekday,20,B02512,77
2014-08-05,Aug,Tue,Weekday,20,B02598,560
2014-08-05,Aug,Tue,Weekday,20,B02617,863
2014-08-05,Aug,Tue,Weekday,20,B02682,397
2014-08-05,Aug,Tue,Weekday,20,B02764,36
2014-08-05,Aug,Tue,Weekday,21,B02512,57
2014-08-05,Aug,Tue,Weekday,21,B02598,465
2014-08-05,Aug,Tue,Weekday,21,B02617,814
2014-08-05,Aug,Tue,Weekday,21,B02682,381
2014-08-05,Aug,Tue,Weekday,21,B02764,27
2014-08-05,Aug,Tue,Weekday,22,B02512,40
2014-08-05,Aug,Tue,Weekday,22,B02598,362
2014-08-05,Aug,Tue,Weekday,22,B02617,571
2014-08-05,Aug,Tue,Weekday,22,B02682,281
2014-08-05,Aug,Tue,Weekday,22,B02764,22
2014-08-05,Aug,Tue,Weekday,23,B02512,17
2014-08-05,Aug,Tue,Weekday,23,B02598,202
2014-08-05,Aug,Tue,Weekday,23,B02617,339
2014-08-05,Aug,Tue,Weekday,23,B02682,166
2014-08-05,Aug,Tue,Weekday,23,B02764,17
2014-08-06,Aug,Wed,Weekday,0,B02512,7
2014-08-06,Aug,Wed,Weekday,0,B02598,104
2014-08-06,Aug,Wed,Weekday,0,B02617,162
2014-08-06,Aug,Wed,Weekday,0,B02682,107
2014-08-06,Aug,Wed,Weekday,0,B02764,9
2014-08-06,Aug,Wed,Weekday,1,B02512,6
2014-08-06,Aug,Wed,Weekday,1,B02598,58
2014-08-06,Aug,Wed,Weekday,1,B02617,90
2014-08-06,Aug,Wed,Weekday,1,B02682,52
2014-08-06,Aug,Wed,Weekday,1,B02764,7
2014-08-06,Aug,Wed,Weekday,2,B02512,10
2014-08-06,Aug,Wed,Weekday,2,B02598,48
2014-08-06,Aug,Wed,Weekday,2,B02617,63
2014-08-06,Aug,Wed,Weekday,2,B02682,51
2014-08-06,Aug,Wed,Weekday,2,B02764,5
2014-08-06,Aug,Wed,Weekday,3,B02512,9
2014-08-06,Aug,Wed,Weekday,3,B02598,85
2014-08-06,Aug,Wed,Weekday,3,B02617,114
2014-08-06,Aug,Wed,Weekday,3,B02682,56
2014-08-06,Aug,Wed,Weekday,3,B02764,6
2014-08-06,Aug,Wed,Weekday,4,B02512,9
2014-08-06,Aug,Wed,Weekday,4,B02598,114
2014-08-06,Aug,Wed,Weekday,4,B02617,169
2014-08-06,Aug,Wed,Weekday,4,B02682,114
2014-08-06,Aug,Wed,Weekday,4,B02764,6
2014-08-06,Aug,Wed,Weekday,5,B02512,26
2014-08-06,Aug,Wed,Weekday,5,B02598,189
2014-08-06,Aug,Wed,Weekday,5,B02617,304
2014-08-06,Aug,Wed,Weekday,5,B02682,171
2014-08-06,Aug,Wed,Weekday,5,B02764,19
2014-08-06,Aug,Wed,Weekday,6,B02512,46
2014-08-06,Aug,Wed,Weekday,6,B02598,312
2014-08-06,Aug,Wed,Weekday,6,B02617,503
2014-08-06,Aug,Wed,Weekday,6,B02682,245
2014-08-06,Aug,Wed,Weekday,6,B02764,24
2014-08-06,Aug,Wed,Weekday,7,B02512,59
2014-08-06,Aug,Wed,Weekday,7,B02598,425
2014-08-06,Aug,Wed,Weekday,7,B02617,647
2014-08-06,Aug,Wed,Weekday,7,B02682,370
2014-08-06,Aug,Wed,Weekday,7,B02764,24
2014-08-06,Aug,Wed,Weekday,8,B02512,51
2014-08-06,Aug,Wed,Weekday,8,B02598,412
2014-08-06,Aug,Wed,Weekday,8,B02617,616
2014-08-06,Aug,Wed,Weekday,8,B02682,352
2014-08-06,Aug,Wed,Weekday,8,B02764,30
2014-08-06,Aug,Wed,Weekday,9,B02512,47
2014-08-06,Aug,Wed,Weekday,9,B02598,319
2014-08-06,Aug,Wed,Weekday,9,B02617,501
2014-08-06,Aug,Wed,Weekday,9,B02682,289
2014-08-06,Aug,Wed,Weekday,9,B02764,31
2014-08-06,Aug,Wed,Weekday,10,B02512,51
2014-08-06,Aug,Wed,Weekday,10,B02598,307
2014-08-06,Aug,Wed,Weekday,10,B02617,454
2014-08-06,Aug,Wed,Weekday,10,B02682,271
2014-08-06,Aug,Wed,Weekday,10,B02764,19
2014-08-06,Aug,Wed,Weekday,11,B02512,52
2014-08-06,Aug,Wed,Weekday,11,B02598,343
2014-08-06,Aug,Wed,Weekday,11,B02617,481
2014-08-06,Aug,Wed,Weekday,11,B02682,267
2014-08-06,Aug,Wed,Weekday,11,B02764,27
2014-08-06,Aug,Wed,Weekday,12,B02512,47
2014-08-06,Aug,Wed,Weekday,12,B02598,342
2014-08-06,Aug,Wed,Weekday,12,B02617,483
2014-08-06,Aug,Wed,Weekday,12,B02682,249
2014-08-06,Aug,Wed,Weekday,12,B02764,21
2014-08-06,Aug,Wed,Weekday,13,B02512,56
2014-08-06,Aug,Wed,Weekday,13,B02598,344
2014-08-06,Aug,Wed,Weekday,13,B02617,511
2014-08-06,Aug,Wed,Weekday,13,B02682,292
2014-08-06,Aug,Wed,Weekday,13,B02764,24
2014-08-06,Aug,Wed,Weekday,14,B02512,73
2014-08-06,Aug,Wed,Weekday,14,B02598,431
2014-08-06,Aug,Wed,Weekday,14,B02617,657
2014-08-06,Aug,Wed,Weekday,14,B02682,271
2014-08-06,Aug,Wed,Weekday,14,B02764,24
2014-08-06,Aug,Wed,Weekday,15,B02512,101
2014-08-06,Aug,Wed,Weekday,15,B02598,509
2014-08-06,Aug,Wed,Weekday,15,B02617,756
2014-08-06,Aug,Wed,Weekday,15,B02682,369
2014-08-06,Aug,Wed,Weekday,15,B02764,35
2014-08-06,Aug,Wed,Weekday,16,B02512,104
2014-08-06,Aug,Wed,Weekday,16,B02598,545
2014-08-06,Aug,Wed,Weekday,16,B02617,908
2014-08-06,Aug,Wed,Weekday,16,B02682,456
2014-08-06,Aug,Wed,Weekday,16,B02764,39
2014-08-06,Aug,Wed,Weekday,17,B02512,109
2014-08-06,Aug,Wed,Weekday,17,B02598,659
2014-08-06,Aug,Wed,Weekday,17,B02617,1063
2014-08-06,Aug,Wed,Weekday,17,B02682,495
2014-08-06,Aug,Wed,Weekday,17,B02764,39
2014-08-06,Aug,Wed,Weekday,18,B02512,101
2014-08-06,Aug,Wed,Weekday,18,B02598,616
2014-08-06,Aug,Wed,Weekday,18,B02617,952
2014-08-06,Aug,Wed,Weekday,18,B02682,456
2014-08-06,Aug,Wed,Weekday,18,B02764,39
2014-08-06,Aug,Wed,Weekday,19,B02512,86
2014-08-06,Aug,Wed,Weekday,19,B02598,598
2014-08-06,Aug,Wed,Weekday,19,B02617,915
2014-08-06,Aug,Wed,Weekday,19,B02682,415
2014-08-06,Aug,Wed,Weekday,19,B02764,40
2014-08-06,Aug,Wed,Weekday,20,B02512,79
2014-08-06,Aug,Wed,Weekday,20,B02598,611
2014-08-06,Aug,Wed,Weekday,20,B02617,950
2014-08-06,Aug,Wed,Weekday,20,B02682,431
2014-08-06,Aug,Wed,Weekday,20,B02764,27
2014-08-06,Aug,Wed,Weekday,21,B02512,84
2014-08-06,Aug,Wed,Weekday,21,B02598,554
2014-08-06,Aug,Wed,Weekday,21,B02617,919
2014-08-06,Aug,Wed,Weekday,21,B02682,425
2014-08-06,Aug,Wed,Weekday,21,B02764,24
2014-08-06,Aug,Wed,Weekday,22,B02512,75
2014-08-06,Aug,Wed,Weekday,22,B02598,422
2014-08-06,Aug,Wed,Weekday,22,B02617,676
2014-08-06,Aug,Wed,Weekday,22,B02682,341
2014-08-06,Aug,Wed,Weekday,22,B02764,33
2014-08-06,Aug,Wed,Weekday,23,B02512,26
2014-08-06,Aug,Wed,Weekday,23,B02598,240
2014-08-06,Aug,Wed,Weekday,23,B02617,388
2014-08-06,Aug,Wed,Weekday,23,B02682,203
2014-08-06,Aug,Wed,Weekday,23,B02764,12
2014-08-07,Aug,Thu,Weekday,0,B02512,12
2014-08-07,Aug,Thu,Weekday,0,B02598,121
2014-08-07,Aug,Thu,Weekday,0,B02617,238
2014-08-07,Aug,Thu,Weekday,0,B02682,100
2014-08-07,Aug,Thu,Weekday,0,B02764,5
2014-08-07,Aug,Thu,Weekday,1,B02512,8
2014-08-07,Aug,Thu,Weekday,1,B02598,71
2014-08-07,Aug,Thu,Weekday,1,B02617,132
2014-08-07,Aug,Thu,Weekday,1,B02682,54
2014-08-07,Aug,Thu,Weekday,1,B02764,4
2014-08-07,Aug,Thu,Weekday,2,B02512,8
2014-08-07,Aug,Thu,Weekday,2,B02598,48
2014-08-07,Aug,Thu,Weekday,2,B02617,87
2014-08-07,Aug,Thu,Weekday,2,B02682,44
2014-08-07,Aug,Thu,Weekday,2,B02764,3
2014-08-07,Aug,Thu,Weekday,3,B02512,6
2014-08-07,Aug,Thu,Weekday,3,B02598,82
2014-08-07,Aug,Thu,Weekday,3,B02617,131
2014-08-07,Aug,Thu,Weekday,3,B02682,66
2014-08-07,Aug,Thu,Weekday,3,B02764,8
2014-08-07,Aug,Thu,Weekday,4,B02512,14
2014-08-07,Aug,Thu,Weekday,4,B02598,110
2014-08-07,Aug,Thu,Weekday,4,B02617,197
2014-08-07,Aug,Thu,Weekday,4,B02682,110
2014-08-07,Aug,Thu,Weekday,4,B02764,9
2014-08-07,Aug,Thu,Weekday,5,B02512,25
2014-08-07,Aug,Thu,Weekday,5,B02598,175
2014-08-07,Aug,Thu,Weekday,5,B02617,290
2014-08-07,Aug,Thu,Weekday,5,B02682,182
2014-08-07,Aug,Thu,Weekday,5,B02764,12
2014-08-07,Aug,Thu,Weekday,6,B02512,51
2014-08-07,Aug,Thu,Weekday,6,B02598,260
2014-08-07,Aug,Thu,Weekday,6,B02617,444
2014-08-07,Aug,Thu,Weekday,6,B02682,279
2014-08-07,Aug,Thu,Weekday,6,B02764,21
2014-08-07,Aug,Thu,Weekday,7,B02512,56
2014-08-07,Aug,Thu,Weekday,7,B02598,399
2014-08-07,Aug,Thu,Weekday,7,B02617,585
2014-08-07,Aug,Thu,Weekday,7,B02682,358
2014-08-07,Aug,Thu,Weekday,7,B02764,28
2014-08-07,Aug,Thu,Weekday,8,B02512,65
2014-08-07,Aug,Thu,Weekday,8,B02598,396
2014-08-07,Aug,Thu,Weekday,8,B02617,604
2014-08-07,Aug,Thu,Weekday,8,B02682,356
2014-08-07,Aug,Thu,Weekday,8,B02764,27
2014-08-07,Aug,Thu,Weekday,9,B02512,50
2014-08-07,Aug,Thu,Weekday,9,B02598,324
2014-08-07,Aug,Thu,Weekday,9,B02617,487
2014-08-07,Aug,Thu,Weekday,9,B02682,263
2014-08-07,Aug,Thu,Weekday,9,B02764,32
2014-08-07,Aug,Thu,Weekday,10,B02512,65
2014-08-07,Aug,Thu,Weekday,10,B02598,333
2014-08-07,Aug,Thu,Weekday,10,B02617,476
2014-08-07,Aug,Thu,Weekday,10,B02682,249
2014-08-07,Aug,Thu,Weekday,10,B02764,28
2014-08-07,Aug,Thu,Weekday,11,B02512,52
2014-08-07,Aug,Thu,Weekday,11,B02598,322
2014-08-07,Aug,Thu,Weekday,11,B02617,532
2014-08-07,Aug,Thu,Weekday,11,B02682,288
2014-08-07,Aug,Thu,Weekday,11,B02764,33
2014-08-07,Aug,Thu,Weekday,12,B02512,57
2014-08-07,Aug,Thu,Weekday,12,B02598,334
2014-08-07,Aug,Thu,Weekday,12,B02617,493
2014-08-07,Aug,Thu,Weekday,12,B02682,241
2014-08-07,Aug,Thu,Weekday,12,B02764,32
2014-08-07,Aug,Thu,Weekday,13,B02512,62
2014-08-07,Aug,Thu,Weekday,13,B02598,339
2014-08-07,Aug,Thu,Weekday,13,B02617,566
2014-08-07,Aug,Thu,Weekday,13,B02682,286
2014-08-07,Aug,Thu,Weekday,13,B02764,26
2014-08-07,Aug,Thu,Weekday,14,B02512,59
2014-08-07,Aug,Thu,Weekday,14,B02598,436
2014-08-07,Aug,Thu,Weekday,14,B02617,658
2014-08-07,Aug,Thu,Weekday,14,B02682,369
2014-08-07,Aug,Thu,Weekday,14,B02764,32
2014-08-07,Aug,Thu,Weekday,15,B02512,83
2014-08-07,Aug,Thu,Weekday,15,B02598,525
2014-08-07,Aug,Thu,Weekday,15,B02617,764
2014-08-07,Aug,Thu,Weekday,15,B02682,410
2014-08-07,Aug,Thu,Weekday,15,B02764,45
2014-08-07,Aug,Thu,Weekday,16,B02512,97
2014-08-07,Aug,Thu,Weekday,16,B02598,597
2014-08-07,Aug,Thu,Weekday,16,B02617,937
2014-08-07,Aug,Thu,Weekday,16,B02682,460
2014-08-07,Aug,Thu,Weekday,16,B02764,43
2014-08-07,Aug,Thu,Weekday,17,B02512,103
2014-08-07,Aug,Thu,Weekday,17,B02598,703
2014-08-07,Aug,Thu,Weekday,17,B02617,1056
2014-08-07,Aug,Thu,Weekday,17,B02682,493
2014-08-07,Aug,Thu,Weekday,17,B02764,52
2014-08-07,Aug,Thu,Weekday,18,B02512,104
2014-08-07,Aug,Thu,Weekday,18,B02598,708
2014-08-07,Aug,Thu,Weekday,18,B02617,1052
2014-08-07,Aug,Thu,Weekday,18,B02682,520
2014-08-07,Aug,Thu,Weekday,18,B02764,45
2014-08-07,Aug,Thu,Weekday,19,B02512,95
2014-08-07,Aug,Thu,Weekday,19,B02598,637
2014-08-07,Aug,Thu,Weekday,19,B02617,1003
2014-08-07,Aug,Thu,Weekday,19,B02682,465
2014-08-07,Aug,Thu,Weekday,19,B02764,42
2014-08-07,Aug,Thu,Weekday,20,B02512,97
2014-08-07,Aug,Thu,Weekday,20,B02598,680
2014-08-07,Aug,Thu,Weekday,20,B02617,1005
2014-08-07,Aug,Thu,Weekday,20,B02682,476
2014-08-07,Aug,Thu,Weekday,20,B02764,47
2014-08-07,Aug,Thu,Weekday,21,B02512,115
2014-08-07,Aug,Thu,Weekday,21,B02598,655
2014-08-07,Aug,Thu,Weekday,21,B02617,994
2014-08-07,Aug,Thu,Weekday,21,B02682,456
2014-08-07,Aug,Thu,Weekday,21,B02764,42
2014-08-07,Aug,Thu,Weekday,22,B02512,71
2014-08-07,Aug,Thu,Weekday,22,B02598,536
2014-08-07,Aug,Thu,Weekday,22,B02617,889
2014-08-07,Aug,Thu,Weekday,22,B02682,464
2014-08-07,Aug,Thu,Weekday,22,B02764,42
2014-08-07,Aug,Thu,Weekday,23,B02512,45
2014-08-07,Aug,Thu,Weekday,23,B02598,384
2014-08-07,Aug,Thu,Weekday,23,B02617,594
2014-08-07,Aug,Thu,Weekday,23,B02682,299
2014-08-07,Aug,Thu,Weekday,23,B02764,24
2014-08-08,Aug,Fri,Weekday,0,B02512,18
2014-08-08,Aug,Fri,Weekday,0,B02598,172
2014-08-08,Aug,Fri,Weekday,0,B02617,327
2014-08-08,Aug,Fri,Weekday,0,B02682,168
2014-08-08,Aug,Fri,Weekday,0,B02764,15
2014-08-08,Aug,Fri,Weekday,1,B02512,12
2014-08-08,Aug,Fri,Weekday,1,B02598,111
2014-08-08,Aug,Fri,Weekday,1,B02617,178
2014-08-08,Aug,Fri,Weekday,1,B02682,95
2014-08-08,Aug,Fri,Weekday,1,B02764,8
2014-08-08,Aug,Fri,Weekday,2,B02512,5
2014-08-08,Aug,Fri,Weekday,2,B02598,81
2014-08-08,Aug,Fri,Weekday,2,B02617,137
2014-08-08,Aug,Fri,Weekday,2,B02682,60
2014-08-08,Aug,Fri,Weekday,2,B02764,5
2014-08-08,Aug,Fri,Weekday,3,B02512,12
2014-08-08,Aug,Fri,Weekday,3,B02598,88
2014-08-08,Aug,Fri,Weekday,3,B02617,156
2014-08-08,Aug,Fri,Weekday,3,B02682,100
2014-08-08,Aug,Fri,Weekday,3,B02764,7
2014-08-08,Aug,Fri,Weekday,4,B02512,14
2014-08-08,Aug,Fri,Weekday,4,B02598,138
2014-08-08,Aug,Fri,Weekday,4,B02617,187
2014-08-08,Aug,Fri,Weekday,4,B02682,115
2014-08-08,Aug,Fri,Weekday,4,B02764,13
2014-08-08,Aug,Fri,Weekday,5,B02512,18
2014-08-08,Aug,Fri,Weekday,5,B02598,168
2014-08-08,Aug,Fri,Weekday,5,B02617,258
2014-08-08,Aug,Fri,Weekday,5,B02682,176
2014-08-08,Aug,Fri,Weekday,5,B02764,20
2014-08-08,Aug,Fri,Weekday,6,B02512,35
2014-08-08,Aug,Fri,Weekday,6,B02598,256
2014-08-08,Aug,Fri,Weekday,6,B02617,393
2014-08-08,Aug,Fri,Weekday,6,B02682,261
2014-08-08,Aug,Fri,Weekday,6,B02764,22
2014-08-08,Aug,Fri,Weekday,7,B02512,50
2014-08-08,Aug,Fri,Weekday,7,B02598,395
2014-08-08,Aug,Fri,Weekday,7,B02617,564
2014-08-08,Aug,Fri,Weekday,7,B02682,331
2014-08-08,Aug,Fri,Weekday,7,B02764,27
2014-08-08,Aug,Fri,Weekday,8,B02512,50
2014-08-08,Aug,Fri,Weekday,8,B02598,376
2014-08-08,Aug,Fri,Weekday,8,B02617,533
2014-08-08,Aug,Fri,Weekday,8,B02682,364
2014-08-08,Aug,Fri,Weekday,8,B02764,32
2014-08-08,Aug,Fri,Weekday,9,B02512,49
2014-08-08,Aug,Fri,Weekday,9,B02598,306
2014-08-08,Aug,Fri,Weekday,9,B02617,458
2014-08-08,Aug,Fri,Weekday,9,B02682,274
2014-08-08,Aug,Fri,Weekday,9,B02764,16
2014-08-08,Aug,Fri,Weekday,10,B02512,39
2014-08-08,Aug,Fri,Weekday,10,B02598,314
2014-08-08,Aug,Fri,Weekday,10,B02617,432
2014-08-08,Aug,Fri,Weekday,10,B02682,270
2014-08-08,Aug,Fri,Weekday,10,B02764,23
2014-08-08,Aug,Fri,Weekday,11,B02512,62
2014-08-08,Aug,Fri,Weekday,11,B02598,303
2014-08-08,Aug,Fri,Weekday,11,B02617,457
2014-08-08,Aug,Fri,Weekday,11,B02682,231
2014-08-08,Aug,Fri,Weekday,11,B02764,27
2014-08-08,Aug,Fri,Weekday,12,B02512,51
2014-08-08,Aug,Fri,Weekday,12,B02598,307
2014-08-08,Aug,Fri,Weekday,12,B02617,422
2014-08-08,Aug,Fri,Weekday,12,B02682,226
2014-08-08,Aug,Fri,Weekday,12,B02764,28
2014-08-08,Aug,Fri,Weekday,13,B02512,60
2014-08-08,Aug,Fri,Weekday,13,B02598,364
2014-08-08,Aug,Fri,Weekday,13,B02617,532
2014-08-08,Aug,Fri,Weekday,13,B02682,267
2014-08-08,Aug,Fri,Weekday,13,B02764,40
2014-08-08,Aug,Fri,Weekday,14,B02512,62
2014-08-08,Aug,Fri,Weekday,14,B02598,414
2014-08-08,Aug,Fri,Weekday,14,B02617,569
2014-08-08,Aug,Fri,Weekday,14,B02682,270
2014-08-08,Aug,Fri,Weekday,14,B02764,42
2014-08-08,Aug,Fri,Weekday,15,B02512,75
2014-08-08,Aug,Fri,Weekday,15,B02598,488
2014-08-08,Aug,Fri,Weekday,15,B02617,781
2014-08-08,Aug,Fri,Weekday,15,B02682,373
2014-08-08,Aug,Fri,Weekday,15,B02764,43
2014-08-08,Aug,Fri,Weekday,16,B02512,71
2014-08-08,Aug,Fri,Weekday,16,B02598,561
2014-08-08,Aug,Fri,Weekday,16,B02617,795
2014-08-08,Aug,Fri,Weekday,16,B02682,406
2014-08-08,Aug,Fri,Weekday,16,B02764,41
2014-08-08,Aug,Fri,Weekday,17,B02512,76
2014-08-08,Aug,Fri,Weekday,17,B02598,547
2014-08-08,Aug,Fri,Weekday,17,B02617,925
2014-08-08,Aug,Fri,Weekday,17,B02682,417
2014-08-08,Aug,Fri,Weekday,17,B02764,50
2014-08-08,Aug,Fri,Weekday,18,B02512,66
2014-08-08,Aug,Fri,Weekday,18,B02598,559
2014-08-08,Aug,Fri,Weekday,18,B02617,909
2014-08-08,Aug,Fri,Weekday,18,B02682,394
2014-08-08,Aug,Fri,Weekday,18,B02764,50
2014-08-08,Aug,Fri,Weekday,19,B02512,88
2014-08-08,Aug,Fri,Weekday,19,B02598,567
2014-08-08,Aug,Fri,Weekday,19,B02617,904
2014-08-08,Aug,Fri,Weekday,19,B02682,372
2014-08-08,Aug,Fri,Weekday,19,B02764,61
2014-08-08,Aug,Fri,Weekday,20,B02512,68
2014-08-08,Aug,Fri,Weekday,20,B02598,499
2014-08-08,Aug,Fri,Weekday,20,B02617,782
2014-08-08,Aug,Fri,Weekday,20,B02682,352
2014-08-08,Aug,Fri,Weekday,20,B02764,45
2014-08-08,Aug,Fri,Weekday,21,B02512,58
2014-08-08,Aug,Fri,Weekday,21,B02598,548
2014-08-08,Aug,Fri,Weekday,21,B02617,885
2014-08-08,Aug,Fri,Weekday,21,B02682,396
2014-08-08,Aug,Fri,Weekday,21,B02764,42
2014-08-08,Aug,Fri,Weekday,22,B02512,77
2014-08-08,Aug,Fri,Weekday,22,B02598,583
2014-08-08,Aug,Fri,Weekday,22,B02617,885
2014-08-08,Aug,Fri,Weekday,22,B02682,401
2014-08-08,Aug,Fri,Weekday,22,B02764,55
2014-08-08,Aug,Fri,Weekday,23,B02512,57
2014-08-08,Aug,Fri,Weekday,23,B02598,488
2014-08-08,Aug,Fri,Weekday,23,B02617,729
2014-08-08,Aug,Fri,Weekday,23,B02682,333
2014-08-08,Aug,Fri,Weekday,23,B02764,43
2014-08-09,Aug,Sat,Weekend,0,B02512,35
2014-08-09,Aug,Sat,Weekend,0,B02598,341
2014-08-09,Aug,Sat,Weekend,0,B02617,576
2014-08-09,Aug,Sat,Weekend,0,B02682,261
2014-08-09,Aug,Sat,Weekend,0,B02764,35
2014-08-09,Aug,Sat,Weekend,1,B02512,20
2014-08-09,Aug,Sat,Weekend,1,B02598,203
2014-08-09,Aug,Sat,Weekend,1,B02617,417
2014-08-09,Aug,Sat,Weekend,1,B02682,189
2014-08-09,Aug,Sat,Weekend,1,B02764,27
2014-08-09,Aug,Sat,Weekend,2,B02512,15
2014-08-09,Aug,Sat,Weekend,2,B02598,145
2014-08-09,Aug,Sat,Weekend,2,B02617,312
2014-08-09,Aug,Sat,Weekend,2,B02682,131
2014-08-09,Aug,Sat,Weekend,2,B02764,15
2014-08-09,Aug,Sat,Weekend,3,B02512,14
2014-08-09,Aug,Sat,Weekend,3,B02598,136
2014-08-09,Aug,Sat,Weekend,3,B02617,210
2014-08-09,Aug,Sat,Weekend,3,B02682,88
2014-08-09,Aug,Sat,Weekend,3,B02764,13
2014-08-09,Aug,Sat,Weekend,4,B02512,6
2014-08-09,Aug,Sat,Weekend,4,B02598,106
2014-08-09,Aug,Sat,Weekend,4,B02617,129
2014-08-09,Aug,Sat,Weekend,4,B02682,82
2014-08-09,Aug,Sat,Weekend,4,B02764,10
2014-08-09,Aug,Sat,Weekend,5,B02512,7
2014-08-09,Aug,Sat,Weekend,5,B02598,96
2014-08-09,Aug,Sat,Weekend,5,B02617,140
2014-08-09,Aug,Sat,Weekend,5,B02682,87
2014-08-09,Aug,Sat,Weekend,5,B02764,10
2014-08-09,Aug,Sat,Weekend,6,B02512,12
2014-08-09,Aug,Sat,Weekend,6,B02598,90
2014-08-09,Aug,Sat,Weekend,6,B02617,152
2014-08-09,Aug,Sat,Weekend,6,B02682,108
2014-08-09,Aug,Sat,Weekend,6,B02764,17
2014-08-09,Aug,Sat,Weekend,7,B02512,15
2014-08-09,Aug,Sat,Weekend,7,B02598,123
2014-08-09,Aug,Sat,Weekend,7,B02617,208
2014-08-09,Aug,Sat,Weekend,7,B02682,127
2014-08-09,Aug,Sat,Weekend,7,B02764,9
2014-08-09,Aug,Sat,Weekend,8,B02512,21
2014-08-09,Aug,Sat,Weekend,8,B02598,152
2014-08-09,Aug,Sat,Weekend,8,B02617,236
2014-08-09,Aug,Sat,Weekend,8,B02682,129
2014-08-09,Aug,Sat,Weekend,8,B02764,17
2014-08-09,Aug,Sat,Weekend,9,B02512,33
2014-08-09,Aug,Sat,Weekend,9,B02598,192
2014-08-09,Aug,Sat,Weekend,9,B02617,281
2014-08-09,Aug,Sat,Weekend,9,B02682,160
2014-08-09,Aug,Sat,Weekend,9,B02764,24
2014-08-09,Aug,Sat,Weekend,10,B02512,28
2014-08-09,Aug,Sat,Weekend,10,B02598,230
2014-08-09,Aug,Sat,Weekend,10,B02617,321
2014-08-09,Aug,Sat,Weekend,10,B02682,192
2014-08-09,Aug,Sat,Weekend,10,B02764,22
2014-08-09,Aug,Sat,Weekend,11,B02512,37
2014-08-09,Aug,Sat,Weekend,11,B02598,270
2014-08-09,Aug,Sat,Weekend,11,B02617,353
2014-08-09,Aug,Sat,Weekend,11,B02682,181
2014-08-09,Aug,Sat,Weekend,11,B02764,33
2014-08-09,Aug,Sat,Weekend,12,B02512,42
2014-08-09,Aug,Sat,Weekend,12,B02598,295
2014-08-09,Aug,Sat,Weekend,12,B02617,426
2014-08-09,Aug,Sat,Weekend,12,B02682,214
2014-08-09,Aug,Sat,Weekend,12,B02764,43
2014-08-09,Aug,Sat,Weekend,13,B02512,46
2014-08-09,Aug,Sat,Weekend,13,B02598,341
2014-08-09,Aug,Sat,Weekend,13,B02617,471
2014-08-09,Aug,Sat,Weekend,13,B02682,210
2014-08-09,Aug,Sat,Weekend,13,B02764,35
2014-08-09,Aug,Sat,Weekend,14,B02512,57
2014-08-09,Aug,Sat,Weekend,14,B02598,380
2014-08-09,Aug,Sat,Weekend,14,B02617,532
2014-08-09,Aug,Sat,Weekend,14,B02682,245
2014-08-09,Aug,Sat,Weekend,14,B02764,40
2014-08-09,Aug,Sat,Weekend,15,B02512,46
2014-08-09,Aug,Sat,Weekend,15,B02598,420
2014-08-09,Aug,Sat,Weekend,15,B02617,653
2014-08-09,Aug,Sat,Weekend,15,B02682,301
2014-08-09,Aug,Sat,Weekend,15,B02764,56
2014-08-09,Aug,Sat,Weekend,16,B02512,69
2014-08-09,Aug,Sat,Weekend,16,B02598,463
2014-08-09,Aug,Sat,Weekend,16,B02617,712
2014-08-09,Aug,Sat,Weekend,16,B02682,288
2014-08-09,Aug,Sat,Weekend,16,B02764,57
2014-08-09,Aug,Sat,Weekend,17,B02512,66
2014-08-09,Aug,Sat,Weekend,17,B02598,477
2014-08-09,Aug,Sat,Weekend,17,B02617,801
2014-08-09,Aug,Sat,Weekend,17,B02682,341
2014-08-09,Aug,Sat,Weekend,17,B02764,58
2014-08-09,Aug,Sat,Weekend,18,B02512,62
2014-08-09,Aug,Sat,Weekend,18,B02598,498
2014-08-09,Aug,Sat,Weekend,18,B02617,841
2014-08-09,Aug,Sat,Weekend,18,B02682,352
2014-08-09,Aug,Sat,Weekend,18,B02764,66
2014-08-09,Aug,Sat,Weekend,19,B02512,67
2014-08-09,Aug,Sat,Weekend,19,B02598,460
2014-08-09,Aug,Sat,Weekend,19,B02617,725
2014-08-09,Aug,Sat,Weekend,19,B02682,324
2014-08-09,Aug,Sat,Weekend,19,B02764,58
2014-08-09,Aug,Sat,Weekend,20,B02512,62
2014-08-09,Aug,Sat,Weekend,20,B02598,455
2014-08-09,Aug,Sat,Weekend,20,B02617,724
2014-08-09,Aug,Sat,Weekend,20,B02682,354
2014-08-09,Aug,Sat,Weekend,20,B02764,49
2014-08-09,Aug,Sat,Weekend,21,B02512,61
2014-08-09,Aug,Sat,Weekend,21,B02598,498
2014-08-09,Aug,Sat,Weekend,21,B02617,812
2014-08-09,Aug,Sat,Weekend,21,B02682,359
2014-08-09,Aug,Sat,Weekend,21,B02764,47
2014-08-09,Aug,Sat,Weekend,22,B02512,57
2014-08-09,Aug,Sat,Weekend,22,B02598,567
2014-08-09,Aug,Sat,Weekend,22,B02617,893
2014-08-09,Aug,Sat,Weekend,22,B02682,385
2014-08-09,Aug,Sat,Weekend,22,B02764,55
2014-08-09,Aug,Sat,Weekend,23,B02512,45
2014-08-09,Aug,Sat,Weekend,23,B02598,449
2014-08-09,Aug,Sat,Weekend,23,B02617,779
2014-08-09,Aug,Sat,Weekend,23,B02682,321
2014-08-09,Aug,Sat,Weekend,23,B02764,47
2014-08-10,Aug,Sun,Weekend,0,B02512,34
2014-08-10,Aug,Sun,Weekend,0,B02598,360
2014-08-10,Aug,Sun,Weekend,0,B02617,633
2014-08-10,Aug,Sun,Weekend,0,B02682,252
2014-08-10,Aug,Sun,Weekend,0,B02764,46
2014-08-10,Aug,Sun,Weekend,1,B02512,13
2014-08-10,Aug,Sun,Weekend,1,B02598,256
2014-08-10,Aug,Sun,Weekend,1,B02617,487
2014-08-10,Aug,Sun,Weekend,1,B02682,181
2014-08-10,Aug,Sun,Weekend,1,B02764,19
2014-08-10,Aug,Sun,Weekend,2,B02512,17
2014-08-10,Aug,Sun,Weekend,2,B02598,179
2014-08-10,Aug,Sun,Weekend,2,B02617,358
2014-08-10,Aug,Sun,Weekend,2,B02682,124
2014-08-10,Aug,Sun,Weekend,2,B02764,17
2014-08-10,Aug,Sun,Weekend,3,B02512,16
2014-08-10,Aug,Sun,Weekend,3,B02598,129
2014-08-10,Aug,Sun,Weekend,3,B02617,237
2014-08-10,Aug,Sun,Weekend,3,B02682,86
2014-08-10,Aug,Sun,Weekend,3,B02764,12
2014-08-10,Aug,Sun,Weekend,4,B02512,5
2014-08-10,Aug,Sun,Weekend,4,B02598,84
2014-08-10,Aug,Sun,Weekend,4,B02617,131
2014-08-10,Aug,Sun,Weekend,4,B02682,72
2014-08-10,Aug,Sun,Weekend,4,B02764,5
2014-08-10,Aug,Sun,Weekend,5,B02512,4
2014-08-10,Aug,Sun,Weekend,5,B02598,75
2014-08-10,Aug,Sun,Weekend,5,B02617,117
2014-08-10,Aug,Sun,Weekend,5,B02682,68
2014-08-10,Aug,Sun,Weekend,5,B02764,6
2014-08-10,Aug,Sun,Weekend,6,B02512,11
2014-08-10,Aug,Sun,Weekend,6,B02598,73
2014-08-10,Aug,Sun,Weekend,6,B02617,108
2014-08-10,Aug,Sun,Weekend,6,B02682,58
2014-08-10,Aug,Sun,Weekend,6,B02764,14
2014-08-10,Aug,Sun,Weekend,7,B02512,16
2014-08-10,Aug,Sun,Weekend,7,B02598,88
2014-08-10,Aug,Sun,Weekend,7,B02617,142
2014-08-10,Aug,Sun,Weekend,7,B02682,98
2014-08-10,Aug,Sun,Weekend,7,B02764,14
2014-08-10,Aug,Sun,Weekend,8,B02512,25
2014-08-10,Aug,Sun,Weekend,8,B02598,119
2014-08-10,Aug,Sun,Weekend,8,B02617,209
2014-08-10,Aug,Sun,Weekend,8,B02682,129
2014-08-10,Aug,Sun,Weekend,8,B02764,18
2014-08-10,Aug,Sun,Weekend,9,B02512,37
2014-08-10,Aug,Sun,Weekend,9,B02598,152
2014-08-10,Aug,Sun,Weekend,9,B02617,288
2014-08-10,Aug,Sun,Weekend,9,B02682,171
2014-08-10,Aug,Sun,Weekend,9,B02764,21
2014-08-10,Aug,Sun,Weekend,10,B02512,33
2014-08-10,Aug,Sun,Weekend,10,B02598,183
2014-08-10,Aug,Sun,Weekend,10,B02617,378
2014-08-10,Aug,Sun,Weekend,10,B02682,197
2014-08-10,Aug,Sun,Weekend,10,B02764,27
2014-08-10,Aug,Sun,Weekend,11,B02512,33
2014-08-10,Aug,Sun,Weekend,11,B02598,228
2014-08-10,Aug,Sun,Weekend,11,B02617,414
2014-08-10,Aug,Sun,Weekend,11,B02682,194
2014-08-10,Aug,Sun,Weekend,11,B02764,21
2014-08-10,Aug,Sun,Weekend,12,B02512,43
2014-08-10,Aug,Sun,Weekend,12,B02598,244
2014-08-10,Aug,Sun,Weekend,12,B02617,421
2014-08-10,Aug,Sun,Weekend,12,B02682,224
2014-08-10,Aug,Sun,Weekend,12,B02764,19
2014-08-10,Aug,Sun,Weekend,13,B02512,39
2014-08-10,Aug,Sun,Weekend,13,B02598,271
2014-08-10,Aug,Sun,Weekend,13,B02617,496
2014-08-10,Aug,Sun,Weekend,13,B02682,238
2014-08-10,Aug,Sun,Weekend,13,B02764,26
2014-08-10,Aug,Sun,Weekend,14,B02512,39
2014-08-10,Aug,Sun,Weekend,14,B02598,293
2014-08-10,Aug,Sun,Weekend,14,B02617,485
2014-08-10,Aug,Sun,Weekend,14,B02682,240
2014-08-10,Aug,Sun,Weekend,14,B02764,33
2014-08-10,Aug,Sun,Weekend,15,B02512,41
2014-08-10,Aug,Sun,Weekend,15,B02598,332
2014-08-10,Aug,Sun,Weekend,15,B02617,541
2014-08-10,Aug,Sun,Weekend,15,B02682,262
2014-08-10,Aug,Sun,Weekend,15,B02764,30
2014-08-10,Aug,Sun,Weekend,16,B02512,48
2014-08-10,Aug,Sun,Weekend,16,B02598,369
2014-08-10,Aug,Sun,Weekend,16,B02617,603
2014-08-10,Aug,Sun,Weekend,16,B02682,265
2014-08-10,Aug,Sun,Weekend,16,B02764,28
2014-08-10,Aug,Sun,Weekend,17,B02512,57
2014-08-10,Aug,Sun,Weekend,17,B02598,368
2014-08-10,Aug,Sun,Weekend,17,B02617,629
2014-08-10,Aug,Sun,Weekend,17,B02682,282
2014-08-10,Aug,Sun,Weekend,17,B02764,33
2014-08-10,Aug,Sun,Weekend,18,B02512,44
2014-08-10,Aug,Sun,Weekend,18,B02598,354
2014-08-10,Aug,Sun,Weekend,18,B02617,531
2014-08-10,Aug,Sun,Weekend,18,B02682,226
2014-08-10,Aug,Sun,Weekend,18,B02764,35
2014-08-10,Aug,Sun,Weekend,19,B02512,52
2014-08-10,Aug,Sun,Weekend,19,B02598,327
2014-08-10,Aug,Sun,Weekend,19,B02617,579
2014-08-10,Aug,Sun,Weekend,19,B02682,241
2014-08-10,Aug,Sun,Weekend,19,B02764,38
2014-08-10,Aug,Sun,Weekend,20,B02512,52
2014-08-10,Aug,Sun,Weekend,20,B02598,315
2014-08-10,Aug,Sun,Weekend,20,B02617,521
2014-08-10,Aug,Sun,Weekend,20,B02682,235
2014-08-10,Aug,Sun,Weekend,20,B02764,32
2014-08-10,Aug,Sun,Weekend,21,B02512,49
2014-08-10,Aug,Sun,Weekend,21,B02598,283
2014-08-10,Aug,Sun,Weekend,21,B02617,446
2014-08-10,Aug,Sun,Weekend,21,B02682,229
2014-08-10,Aug,Sun,Weekend,21,B02764,34
2014-08-10,Aug,Sun,Weekend,22,B02512,35
2014-08-10,Aug,Sun,Weekend,22,B02598,236
2014-08-10,Aug,Sun,Weekend,22,B02617,381
2014-08-10,Aug,Sun,Weekend,22,B02682,184
2014-08-10,Aug,Sun,Weekend,22,B02764,32
2014-08-10,Aug,Sun,Weekend,23,B02512,27
2014-08-10,Aug,Sun,Weekend,23,B02598,163
2014-08-10,Aug,Sun,Weekend,23,B02617,232
2014-08-10,Aug,Sun,Weekend,23,B02682,133
2014-08-10,Aug,Sun,Weekend,23,B02764,17
2014-08-11,Aug,Mon,Weekday,0,B02512,14
2014-08-11,Aug,Mon,Weekday,0,B02598,73
2014-08-11,Aug,Mon,Weekday,0,B02617,126
2014-08-11,Aug,Mon,Weekday,0,B02682,68
2014-08-11,Aug,Mon,Weekday,0,B02764,7
2014-08-11,Aug,Mon,Weekday,1,B02512,6
2014-08-11,Aug,Mon,Weekday,1,B02598,47
2014-08-11,Aug,Mon,Weekday,1,B02617,59
2014-08-11,Aug,Mon,Weekday,1,B02682,39
2014-08-11,Aug,Mon,Weekday,1,B02764,2
2014-08-11,Aug,Mon,Weekday,2,B02512,7
2014-08-11,Aug,Mon,Weekday,2,B02598,33
2014-08-11,Aug,Mon,Weekday,2,B02617,66
2014-08-11,Aug,Mon,Weekday,2,B02682,40
2014-08-11,Aug,Mon,Weekday,2,B02764,7
2014-08-11,Aug,Mon,Weekday,3,B02512,18
2014-08-11,Aug,Mon,Weekday,3,B02598,84
2014-08-11,Aug,Mon,Weekday,3,B02617,116
2014-08-11,Aug,Mon,Weekday,3,B02682,60
2014-08-11,Aug,Mon,Weekday,3,B02764,11
2014-08-11,Aug,Mon,Weekday,4,B02512,15
2014-08-11,Aug,Mon,Weekday,4,B02598,142
2014-08-11,Aug,Mon,Weekday,4,B02617,196
2014-08-11,Aug,Mon,Weekday,4,B02682,104
2014-08-11,Aug,Mon,Weekday,4,B02764,12
2014-08-11,Aug,Mon,Weekday,5,B02512,20
2014-08-11,Aug,Mon,Weekday,5,B02598,193
2014-08-11,Aug,Mon,Weekday,5,B02617,300
2014-08-11,Aug,Mon,Weekday,5,B02682,166
2014-08-11,Aug,Mon,Weekday,5,B02764,18
2014-08-11,Aug,Mon,Weekday,6,B02512,31
2014-08-11,Aug,Mon,Weekday,6,B02598,253
2014-08-11,Aug,Mon,Weekday,6,B02617,406
2014-08-11,Aug,Mon,Weekday,6,B02682,260
2014-08-11,Aug,Mon,Weekday,6,B02764,35
2014-08-11,Aug,Mon,Weekday,7,B02512,52
2014-08-11,Aug,Mon,Weekday,7,B02598,354
2014-08-11,Aug,Mon,Weekday,7,B02617,534
2014-08-11,Aug,Mon,Weekday,7,B02682,325
2014-08-11,Aug,Mon,Weekday,7,B02764,32
2014-08-11,Aug,Mon,Weekday,8,B02512,39
2014-08-11,Aug,Mon,Weekday,8,B02598,342
2014-08-11,Aug,Mon,Weekday,8,B02617,527
2014-08-11,Aug,Mon,Weekday,8,B02682,287
2014-08-11,Aug,Mon,Weekday,8,B02764,35
2014-08-11,Aug,Mon,Weekday,9,B02512,34
2014-08-11,Aug,Mon,Weekday,9,B02598,269
2014-08-11,Aug,Mon,Weekday,9,B02617,395
2014-08-11,Aug,Mon,Weekday,9,B02682,201
2014-08-11,Aug,Mon,Weekday,9,B02764,33
2014-08-11,Aug,Mon,Weekday,10,B02512,38
2014-08-11,Aug,Mon,Weekday,10,B02598,280
2014-08-11,Aug,Mon,Weekday,10,B02617,413
2014-08-11,Aug,Mon,Weekday,10,B02682,201
2014-08-11,Aug,Mon,Weekday,10,B02764,31
2014-08-11,Aug,Mon,Weekday,11,B02512,37
2014-08-11,Aug,Mon,Weekday,11,B02598,232
2014-08-11,Aug,Mon,Weekday,11,B02617,388
2014-08-11,Aug,Mon,Weekday,11,B02682,198
2014-08-11,Aug,Mon,Weekday,11,B02764,36
2014-08-11,Aug,Mon,Weekday,12,B02512,28
2014-08-11,Aug,Mon,Weekday,12,B02598,253
2014-08-11,Aug,Mon,Weekday,12,B02617,398
2014-08-11,Aug,Mon,Weekday,12,B02682,199
2014-08-11,Aug,Mon,Weekday,12,B02764,30
2014-08-11,Aug,Mon,Weekday,13,B02512,46
2014-08-11,Aug,Mon,Weekday,13,B02598,253
2014-08-11,Aug,Mon,Weekday,13,B02617,442
2014-08-11,Aug,Mon,Weekday,13,B02682,204
2014-08-11,Aug,Mon,Weekday,13,B02764,26
2014-08-11,Aug,Mon,Weekday,14,B02512,40
2014-08-11,Aug,Mon,Weekday,14,B02598,302
2014-08-11,Aug,Mon,Weekday,14,B02617,453
2014-08-11,Aug,Mon,Weekday,14,B02682,251
2014-08-11,Aug,Mon,Weekday,14,B02764,42
2014-08-11,Aug,Mon,Weekday,15,B02512,65
2014-08-11,Aug,Mon,Weekday,15,B02598,340
2014-08-11,Aug,Mon,Weekday,15,B02617,521
2014-08-11,Aug,Mon,Weekday,15,B02682,268
2014-08-11,Aug,Mon,Weekday,15,B02764,49
2014-08-11,Aug,Mon,Weekday,16,B02512,54
2014-08-11,Aug,Mon,Weekday,16,B02598,395
2014-08-11,Aug,Mon,Weekday,16,B02617,645
2014-08-11,Aug,Mon,Weekday,16,B02682,294
2014-08-11,Aug,Mon,Weekday,16,B02764,49
2014-08-11,Aug,Mon,Weekday,17,B02512,59
2014-08-11,Aug,Mon,Weekday,17,B02598,406
2014-08-11,Aug,Mon,Weekday,17,B02617,778
2014-08-11,Aug,Mon,Weekday,17,B02682,327
2014-08-11,Aug,Mon,Weekday,17,B02764,57
2014-08-11,Aug,Mon,Weekday,18,B02512,60
2014-08-11,Aug,Mon,Weekday,18,B02598,403
2014-08-11,Aug,Mon,Weekday,18,B02617,714
2014-08-11,Aug,Mon,Weekday,18,B02682,304
2014-08-11,Aug,Mon,Weekday,18,B02764,63
2014-08-11,Aug,Mon,Weekday,19,B02512,65
2014-08-11,Aug,Mon,Weekday,19,B02598,389
2014-08-11,Aug,Mon,Weekday,19,B02617,658
2014-08-11,Aug,Mon,Weekday,19,B02682,294
2014-08-11,Aug,Mon,Weekday,19,B02764,52
2014-08-11,Aug,Mon,Weekday,20,B02512,75
2014-08-11,Aug,Mon,Weekday,20,B02598,357
2014-08-11,Aug,Mon,Weekday,20,B02617,665
2014-08-11,Aug,Mon,Weekday,20,B02682,259
2014-08-11,Aug,Mon,Weekday,20,B02764,42
2014-08-11,Aug,Mon,Weekday,21,B02512,49
2014-08-11,Aug,Mon,Weekday,21,B02598,303
2014-08-11,Aug,Mon,Weekday,21,B02617,545
2014-08-11,Aug,Mon,Weekday,21,B02682,224
2014-08-11,Aug,Mon,Weekday,21,B02764,35
2014-08-11,Aug,Mon,Weekday,22,B02512,38
2014-08-11,Aug,Mon,Weekday,22,B02598,245
2014-08-11,Aug,Mon,Weekday,22,B02617,430
2014-08-11,Aug,Mon,Weekday,22,B02682,181
2014-08-11,Aug,Mon,Weekday,22,B02764,32
2014-08-11,Aug,Mon,Weekday,23,B02512,19
2014-08-11,Aug,Mon,Weekday,23,B02598,141
2014-08-11,Aug,Mon,Weekday,23,B02617,221
2014-08-11,Aug,Mon,Weekday,23,B02682,122
2014-08-11,Aug,Mon,Weekday,23,B02764,26
2014-08-12,Aug,Tue,Weekday,0,B02512,13
2014-08-12,Aug,Tue,Weekday,0,B02598,76
2014-08-12,Aug,Tue,Weekday,0,B02617,125
2014-08-12,Aug,Tue,Weekday,0,B02682,60
2014-08-12,Aug,Tue,Weekday,0,B02764,16
2014-08-12,Aug,Tue,Weekday,1,B02512,9
2014-08-12,Aug,Tue,Weekday,1,B02598,32
2014-08-12,Aug,Tue,Weekday,1,B02617,87
2014-08-12,Aug,Tue,Weekday,1,B02682,43
2014-08-12,Aug,Tue,Weekday,1,B02764,14
2014-08-12,Aug,Tue,Weekday,2,B02512,4
2014-08-12,Aug,Tue,Weekday,2,B02598,28
2014-08-12,Aug,Tue,Weekday,2,B02617,43
2014-08-12,Aug,Tue,Weekday,2,B02682,29
2014-08-12,Aug,Tue,Weekday,2,B02764,7
2014-08-12,Aug,Tue,Weekday,3,B02512,3
2014-08-12,Aug,Tue,Weekday,3,B02598,45
2014-08-12,Aug,Tue,Weekday,3,B02617,52
2014-08-12,Aug,Tue,Weekday,3,B02682,32
2014-08-12,Aug,Tue,Weekday,3,B02764,5
2014-08-12,Aug,Tue,Weekday,4,B02512,14
2014-08-12,Aug,Tue,Weekday,4,B02598,74
2014-08-12,Aug,Tue,Weekday,4,B02617,170
2014-08-12,Aug,Tue,Weekday,4,B02682,83
2014-08-12,Aug,Tue,Weekday,4,B02764,12
2014-08-12,Aug,Tue,Weekday,5,B02512,14
2014-08-12,Aug,Tue,Weekday,5,B02598,136
2014-08-12,Aug,Tue,Weekday,5,B02617,243
2014-08-12,Aug,Tue,Weekday,5,B02682,126
2014-08-12,Aug,Tue,Weekday,5,B02764,19
2014-08-12,Aug,Tue,Weekday,6,B02512,35
2014-08-12,Aug,Tue,Weekday,6,B02598,235
2014-08-12,Aug,Tue,Weekday,6,B02617,456
2014-08-12,Aug,Tue,Weekday,6,B02682,229
2014-08-12,Aug,Tue,Weekday,6,B02764,32
2014-08-12,Aug,Tue,Weekday,7,B02512,66
2014-08-12,Aug,Tue,Weekday,7,B02598,361
2014-08-12,Aug,Tue,Weekday,7,B02617,638
2014-08-12,Aug,Tue,Weekday,7,B02682,324
2014-08-12,Aug,Tue,Weekday,7,B02764,42
2014-08-12,Aug,Tue,Weekday,8,B02512,64
2014-08-12,Aug,Tue,Weekday,8,B02598,339
2014-08-12,Aug,Tue,Weekday,8,B02617,621
2014-08-12,Aug,Tue,Weekday,8,B02682,328
2014-08-12,Aug,Tue,Weekday,8,B02764,58
2014-08-12,Aug,Tue,Weekday,9,B02512,46
2014-08-12,Aug,Tue,Weekday,9,B02598,282
2014-08-12,Aug,Tue,Weekday,9,B02617,438
2014-08-12,Aug,Tue,Weekday,9,B02682,232
2014-08-12,Aug,Tue,Weekday,9,B02764,37
2014-08-12,Aug,Tue,Weekday,10,B02512,40
2014-08-12,Aug,Tue,Weekday,10,B02598,244
2014-08-12,Aug,Tue,Weekday,10,B02617,426
2014-08-12,Aug,Tue,Weekday,10,B02682,210
2014-08-12,Aug,Tue,Weekday,10,B02764,35
2014-08-12,Aug,Tue,Weekday,11,B02512,47
2014-08-12,Aug,Tue,Weekday,11,B02598,282
2014-08-12,Aug,Tue,Weekday,11,B02617,465
2014-08-12,Aug,Tue,Weekday,11,B02682,238
2014-08-12,Aug,Tue,Weekday,11,B02764,34
2014-08-12,Aug,Tue,Weekday,12,B02512,58
2014-08-12,Aug,Tue,Weekday,12,B02598,252
2014-08-12,Aug,Tue,Weekday,12,B02617,416
2014-08-12,Aug,Tue,Weekday,12,B02682,210
2014-08-12,Aug,Tue,Weekday,12,B02764,43
2014-08-12,Aug,Tue,Weekday,13,B02512,70
2014-08-12,Aug,Tue,Weekday,13,B02598,336
2014-08-12,Aug,Tue,Weekday,13,B02617,535
2014-08-12,Aug,Tue,Weekday,13,B02682,238
2014-08-12,Aug,Tue,Weekday,13,B02764,64
2014-08-12,Aug,Tue,Weekday,14,B02512,87
2014-08-12,Aug,Tue,Weekday,14,B02598,412
2014-08-12,Aug,Tue,Weekday,14,B02617,674
2014-08-12,Aug,Tue,Weekday,14,B02682,341
2014-08-12,Aug,Tue,Weekday,14,B02764,65
2014-08-12,Aug,Tue,Weekday,15,B02512,82
2014-08-12,Aug,Tue,Weekday,15,B02598,506
2014-08-12,Aug,Tue,Weekday,15,B02617,770
2014-08-12,Aug,Tue,Weekday,15,B02682,379
2014-08-12,Aug,Tue,Weekday,15,B02764,68
2014-08-12,Aug,Tue,Weekday,16,B02512,118
2014-08-12,Aug,Tue,Weekday,16,B02598,590
2014-08-12,Aug,Tue,Weekday,16,B02617,888
2014-08-12,Aug,Tue,Weekday,16,B02682,437
2014-08-12,Aug,Tue,Weekday,16,B02764,81
2014-08-12,Aug,Tue,Weekday,17,B02512,136
2014-08-12,Aug,Tue,Weekday,17,B02598,695
2014-08-12,Aug,Tue,Weekday,17,B02617,1031
2014-08-12,Aug,Tue,Weekday,17,B02682,480
2014-08-12,Aug,Tue,Weekday,17,B02764,90
2014-08-12,Aug,Tue,Weekday,18,B02512,148
2014-08-12,Aug,Tue,Weekday,18,B02598,811
2014-08-12,Aug,Tue,Weekday,18,B02617,1199
2014-08-12,Aug,Tue,Weekday,18,B02682,563
2014-08-12,Aug,Tue,Weekday,18,B02764,110
2014-08-12,Aug,Tue,Weekday,19,B02512,84
2014-08-12,Aug,Tue,Weekday,19,B02598,575
2014-08-12,Aug,Tue,Weekday,19,B02617,952
2014-08-12,Aug,Tue,Weekday,19,B02682,429
2014-08-12,Aug,Tue,Weekday,19,B02764,94
2014-08-12,Aug,Tue,Weekday,20,B02512,87
2014-08-12,Aug,Tue,Weekday,20,B02598,562
2014-08-12,Aug,Tue,Weekday,20,B02617,956
2014-08-12,Aug,Tue,Weekday,20,B02682,413
2014-08-12,Aug,Tue,Weekday,20,B02764,78
2014-08-12,Aug,Tue,Weekday,21,B02512,87
2014-08-12,Aug,Tue,Weekday,21,B02598,489
2014-08-12,Aug,Tue,Weekday,21,B02617,778
2014-08-12,Aug,Tue,Weekday,21,B02682,329
2014-08-12,Aug,Tue,Weekday,21,B02764,75
2014-08-12,Aug,Tue,Weekday,22,B02512,48
2014-08-12,Aug,Tue,Weekday,22,B02598,357
2014-08-12,Aug,Tue,Weekday,22,B02617,619
2014-08-12,Aug,Tue,Weekday,22,B02682,272
2014-08-12,Aug,Tue,Weekday,22,B02764,50
2014-08-12,Aug,Tue,Weekday,23,B02512,27
2014-08-12,Aug,Tue,Weekday,23,B02598,220
2014-08-12,Aug,Tue,Weekday,23,B02617,387
2014-08-12,Aug,Tue,Weekday,23,B02682,171
2014-08-12,Aug,Tue,Weekday,23,B02764,26
2014-08-13,Aug,Wed,Weekday,0,B02512,19
2014-08-13,Aug,Wed,Weekday,0,B02598,135
2014-08-13,Aug,Wed,Weekday,0,B02617,270
2014-08-13,Aug,Wed,Weekday,0,B02682,117
2014-08-13,Aug,Wed,Weekday,0,B02764,26
2014-08-13,Aug,Wed,Weekday,1,B02512,7
2014-08-13,Aug,Wed,Weekday,1,B02598,71
2014-08-13,Aug,Wed,Weekday,1,B02617,142
2014-08-13,Aug,Wed,Weekday,1,B02682,64
2014-08-13,Aug,Wed,Weekday,1,B02764,15
2014-08-13,Aug,Wed,Weekday,2,B02512,3
2014-08-13,Aug,Wed,Weekday,2,B02598,47
2014-08-13,Aug,Wed,Weekday,2,B02617,94
2014-08-13,Aug,Wed,Weekday,2,B02682,45
2014-08-13,Aug,Wed,Weekday,2,B02764,8
2014-08-13,Aug,Wed,Weekday,3,B02512,6
2014-08-13,Aug,Wed,Weekday,3,B02598,64
2014-08-13,Aug,Wed,Weekday,3,B02617,92
2014-08-13,Aug,Wed,Weekday,3,B02682,68
2014-08-13,Aug,Wed,Weekday,3,B02764,12
2014-08-13,Aug,Wed,Weekday,4,B02512,13
2014-08-13,Aug,Wed,Weekday,4,B02598,102
2014-08-13,Aug,Wed,Weekday,4,B02617,166
2014-08-13,Aug,Wed,Weekday,4,B02682,113
2014-08-13,Aug,Wed,Weekday,4,B02764,8
2014-08-13,Aug,Wed,Weekday,5,B02512,22
2014-08-13,Aug,Wed,Weekday,5,B02598,183
2014-08-13,Aug,Wed,Weekday,5,B02617,290
2014-08-13,Aug,Wed,Weekday,5,B02682,175
2014-08-13,Aug,Wed,Weekday,5,B02764,27
2014-08-13,Aug,Wed,Weekday,6,B02512,60
2014-08-13,Aug,Wed,Weekday,6,B02598,381
2014-08-13,Aug,Wed,Weekday,6,B02617,613
2014-08-13,Aug,Wed,Weekday,6,B02682,330
2014-08-13,Aug,Wed,Weekday,6,B02764,54
2014-08-13,Aug,Wed,Weekday,7,B02512,66
2014-08-13,Aug,Wed,Weekday,7,B02598,504
2014-08-13,Aug,Wed,Weekday,7,B02617,734
2014-08-13,Aug,Wed,Weekday,7,B02682,398
2014-08-13,Aug,Wed,Weekday,7,B02764,61
2014-08-13,Aug,Wed,Weekday,8,B02512,62
2014-08-13,Aug,Wed,Weekday,8,B02598,465
2014-08-13,Aug,Wed,Weekday,8,B02617,748
2014-08-13,Aug,Wed,Weekday,8,B02682,413
2014-08-13,Aug,Wed,Weekday,8,B02764,67
2014-08-13,Aug,Wed,Weekday,9,B02512,50
2014-08-13,Aug,Wed,Weekday,9,B02598,343
2014-08-13,Aug,Wed,Weekday,9,B02617,527
2014-08-13,Aug,Wed,Weekday,9,B02682,284
2014-08-13,Aug,Wed,Weekday,9,B02764,50
2014-08-13,Aug,Wed,Weekday,10,B02512,54
2014-08-13,Aug,Wed,Weekday,10,B02598,291
2014-08-13,Aug,Wed,Weekday,10,B02617,489
2014-08-13,Aug,Wed,Weekday,10,B02682,252
2014-08-13,Aug,Wed,Weekday,10,B02764,40
2014-08-13,Aug,Wed,Weekday,11,B02512,42
2014-08-13,Aug,Wed,Weekday,11,B02598,310
2014-08-13,Aug,Wed,Weekday,11,B02617,471
2014-08-13,Aug,Wed,Weekday,11,B02682,226
2014-08-13,Aug,Wed,Weekday,11,B02764,40
2014-08-13,Aug,Wed,Weekday,12,B02512,52
2014-08-13,Aug,Wed,Weekday,12,B02598,320
2014-08-13,Aug,Wed,Weekday,12,B02617,446
2014-08-13,Aug,Wed,Weekday,12,B02682,238
2014-08-13,Aug,Wed,Weekday,12,B02764,42
2014-08-13,Aug,Wed,Weekday,13,B02512,46
2014-08-13,Aug,Wed,Weekday,13,B02598,305
2014-08-13,Aug,Wed,Weekday,13,B02617,512
2014-08-13,Aug,Wed,Weekday,13,B02682,220
2014-08-13,Aug,Wed,Weekday,13,B02764,50
2014-08-13,Aug,Wed,Weekday,14,B02512,52
2014-08-13,Aug,Wed,Weekday,14,B02598,351
2014-08-13,Aug,Wed,Weekday,14,B02617,538
2014-08-13,Aug,Wed,Weekday,14,B02682,261
2014-08-13,Aug,Wed,Weekday,14,B02764,54
2014-08-13,Aug,Wed,Weekday,15,B02512,51
2014-08-13,Aug,Wed,Weekday,15,B02598,451
2014-08-13,Aug,Wed,Weekday,15,B02617,646
2014-08-13,Aug,Wed,Weekday,15,B02682,320
2014-08-13,Aug,Wed,Weekday,15,B02764,56
2014-08-13,Aug,Wed,Weekday,16,B02512,83
2014-08-13,Aug,Wed,Weekday,16,B02598,538
2014-08-13,Aug,Wed,Weekday,16,B02617,864
2014-08-13,Aug,Wed,Weekday,16,B02682,411
2014-08-13,Aug,Wed,Weekday,16,B02764,85
2014-08-13,Aug,Wed,Weekday,17,B02512,89
2014-08-13,Aug,Wed,Weekday,17,B02598,598
2014-08-13,Aug,Wed,Weekday,17,B02617,926
2014-08-13,Aug,Wed,Weekday,17,B02682,468
2014-08-13,Aug,Wed,Weekday,17,B02764,83
2014-08-13,Aug,Wed,Weekday,18,B02512,86
2014-08-13,Aug,Wed,Weekday,18,B02598,524
2014-08-13,Aug,Wed,Weekday,18,B02617,852
2014-08-13,Aug,Wed,Weekday,18,B02682,412
2014-08-13,Aug,Wed,Weekday,18,B02764,81
2014-08-13,Aug,Wed,Weekday,19,B02512,78
2014-08-13,Aug,Wed,Weekday,19,B02598,507
2014-08-13,Aug,Wed,Weekday,19,B02617,813
2014-08-13,Aug,Wed,Weekday,19,B02682,369
2014-08-13,Aug,Wed,Weekday,19,B02764,85
2014-08-13,Aug,Wed,Weekday,20,B02512,87
2014-08-13,Aug,Wed,Weekday,20,B02598,523
2014-08-13,Aug,Wed,Weekday,20,B02617,893
2014-08-13,Aug,Wed,Weekday,20,B02682,361
2014-08-13,Aug,Wed,Weekday,20,B02764,92
2014-08-13,Aug,Wed,Weekday,21,B02512,74
2014-08-13,Aug,Wed,Weekday,21,B02598,533
2014-08-13,Aug,Wed,Weekday,21,B02617,823
2014-08-13,Aug,Wed,Weekday,21,B02682,351
2014-08-13,Aug,Wed,Weekday,21,B02764,70
2014-08-13,Aug,Wed,Weekday,22,B02512,47
2014-08-13,Aug,Wed,Weekday,22,B02598,345
2014-08-13,Aug,Wed,Weekday,22,B02617,651
2014-08-13,Aug,Wed,Weekday,22,B02682,262
2014-08-13,Aug,Wed,Weekday,22,B02764,69
2014-08-13,Aug,Wed,Weekday,23,B02512,31
2014-08-13,Aug,Wed,Weekday,23,B02598,212
2014-08-13,Aug,Wed,Weekday,23,B02617,345
2014-08-13,Aug,Wed,Weekday,23,B02682,183
2014-08-13,Aug,Wed,Weekday,23,B02764,44
2014-08-14,Aug,Thu,Weekday,0,B02512,19
2014-08-14,Aug,Thu,Weekday,0,B02598,123
2014-08-14,Aug,Thu,Weekday,0,B02617,189
2014-08-14,Aug,Thu,Weekday,0,B02682,105
2014-08-14,Aug,Thu,Weekday,0,B02764,29
2014-08-14,Aug,Thu,Weekday,1,B02512,6
2014-08-14,Aug,Thu,Weekday,1,B02598,63
2014-08-14,Aug,Thu,Weekday,1,B02617,118
2014-08-14,Aug,Thu,Weekday,1,B02682,58
2014-08-14,Aug,Thu,Weekday,1,B02764,19
2014-08-14,Aug,Thu,Weekday,2,B02512,9
2014-08-14,Aug,Thu,Weekday,2,B02598,57
2014-08-14,Aug,Thu,Weekday,2,B02617,81
2014-08-14,Aug,Thu,Weekday,2,B02682,38
2014-08-14,Aug,Thu,Weekday,2,B02764,15
2014-08-14,Aug,Thu,Weekday,3,B02512,10
2014-08-14,Aug,Thu,Weekday,3,B02598,81
2014-08-14,Aug,Thu,Weekday,3,B02617,127
2014-08-14,Aug,Thu,Weekday,3,B02682,44
2014-08-14,Aug,Thu,Weekday,3,B02764,17
2014-08-14,Aug,Thu,Weekday,4,B02512,7
2014-08-14,Aug,Thu,Weekday,4,B02598,101
2014-08-14,Aug,Thu,Weekday,4,B02617,177
2014-08-14,Aug,Thu,Weekday,4,B02682,99
2014-08-14,Aug,Thu,Weekday,4,B02764,15
2014-08-14,Aug,Thu,Weekday,5,B02512,17
2014-08-14,Aug,Thu,Weekday,5,B02598,143
2014-08-14,Aug,Thu,Weekday,5,B02617,270
2014-08-14,Aug,Thu,Weekday,5,B02682,141
2014-08-14,Aug,Thu,Weekday,5,B02764,25
2014-08-14,Aug,Thu,Weekday,6,B02512,39
2014-08-14,Aug,Thu,Weekday,6,B02598,257
2014-08-14,Aug,Thu,Weekday,6,B02617,420
2014-08-14,Aug,Thu,Weekday,6,B02682,235
2014-08-14,Aug,Thu,Weekday,6,B02764,43
2014-08-14,Aug,Thu,Weekday,7,B02512,51
2014-08-14,Aug,Thu,Weekday,7,B02598,367
2014-08-14,Aug,Thu,Weekday,7,B02617,607
2014-08-14,Aug,Thu,Weekday,7,B02682,303
2014-08-14,Aug,Thu,Weekday,7,B02764,54
2014-08-14,Aug,Thu,Weekday,8,B02512,45
2014-08-14,Aug,Thu,Weekday,8,B02598,357
2014-08-14,Aug,Thu,Weekday,8,B02617,576
2014-08-14,Aug,Thu,Weekday,8,B02682,307
2014-08-14,Aug,Thu,Weekday,8,B02764,64
2014-08-14,Aug,Thu,Weekday,9,B02512,45
2014-08-14,Aug,Thu,Weekday,9,B02598,295
2014-08-14,Aug,Thu,Weekday,9,B02617,465
2014-08-14,Aug,Thu,Weekday,9,B02682,233
2014-08-14,Aug,Thu,Weekday,9,B02764,66
2014-08-14,Aug,Thu,Weekday,10,B02512,43
2014-08-14,Aug,Thu,Weekday,10,B02598,303
2014-08-14,Aug,Thu,Weekday,10,B02617,479
2014-08-14,Aug,Thu,Weekday,10,B02682,211
2014-08-14,Aug,Thu,Weekday,10,B02764,54
2014-08-14,Aug,Thu,Weekday,11,B02512,46
2014-08-14,Aug,Thu,Weekday,11,B02598,292
2014-08-14,Aug,Thu,Weekday,11,B02617,430
2014-08-14,Aug,Thu,Weekday,11,B02682,206
2014-08-14,Aug,Thu,Weekday,11,B02764,59
2014-08-14,Aug,Thu,Weekday,12,B02512,49
2014-08-14,Aug,Thu,Weekday,12,B02598,306
2014-08-14,Aug,Thu,Weekday,12,B02617,421
2014-08-14,Aug,Thu,Weekday,12,B02682,194
2014-08-14,Aug,Thu,Weekday,12,B02764,61
2014-08-14,Aug,Thu,Weekday,13,B02512,51
2014-08-14,Aug,Thu,Weekday,13,B02598,311
2014-08-14,Aug,Thu,Weekday,13,B02617,466
2014-08-14,Aug,Thu,Weekday,13,B02682,234
2014-08-14,Aug,Thu,Weekday,13,B02764,66
2014-08-14,Aug,Thu,Weekday,14,B02512,65
2014-08-14,Aug,Thu,Weekday,14,B02598,411
2014-08-14,Aug,Thu,Weekday,14,B02617,600
2014-08-14,Aug,Thu,Weekday,14,B02682,309
2014-08-14,Aug,Thu,Weekday,14,B02764,60
2014-08-14,Aug,Thu,Weekday,15,B02512,68
2014-08-14,Aug,Thu,Weekday,15,B02598,461
2014-08-14,Aug,Thu,Weekday,15,B02617,711
2014-08-14,Aug,Thu,Weekday,15,B02682,343
2014-08-14,Aug,Thu,Weekday,15,B02764,68
2014-08-14,Aug,Thu,Weekday,16,B02512,80
2014-08-14,Aug,Thu,Weekday,16,B02598,550
2014-08-14,Aug,Thu,Weekday,16,B02617,875
2014-08-14,Aug,Thu,Weekday,16,B02682,388
2014-08-14,Aug,Thu,Weekday,16,B02764,66
2014-08-14,Aug,Thu,Weekday,17,B02512,91
2014-08-14,Aug,Thu,Weekday,17,B02598,587
2014-08-14,Aug,Thu,Weekday,17,B02617,970
2014-08-14,Aug,Thu,Weekday,17,B02682,452
2014-08-14,Aug,Thu,Weekday,17,B02764,87
2014-08-14,Aug,Thu,Weekday,18,B02512,82
2014-08-14,Aug,Thu,Weekday,18,B02598,610
2014-08-14,Aug,Thu,Weekday,18,B02617,973
2014-08-14,Aug,Thu,Weekday,18,B02682,433
2014-08-14,Aug,Thu,Weekday,18,B02764,92
2014-08-14,Aug,Thu,Weekday,19,B02512,76
2014-08-14,Aug,Thu,Weekday,19,B02598,610
2014-08-14,Aug,Thu,Weekday,19,B02617,931
2014-08-14,Aug,Thu,Weekday,19,B02682,436
2014-08-14,Aug,Thu,Weekday,19,B02764,101
2014-08-14,Aug,Thu,Weekday,20,B02512,72
2014-08-14,Aug,Thu,Weekday,20,B02598,620
2014-08-14,Aug,Thu,Weekday,20,B02617,965
2014-08-14,Aug,Thu,Weekday,20,B02682,417
2014-08-14,Aug,Thu,Weekday,20,B02764,103
2014-08-14,Aug,Thu,Weekday,21,B02512,86
2014-08-14,Aug,Thu,Weekday,21,B02598,599
2014-08-14,Aug,Thu,Weekday,21,B02617,942
2014-08-14,Aug,Thu,Weekday,21,B02682,431
2014-08-14,Aug,Thu,Weekday,21,B02764,86
2014-08-14,Aug,Thu,Weekday,22,B02512,66
2014-08-14,Aug,Thu,Weekday,22,B02598,561
2014-08-14,Aug,Thu,Weekday,22,B02617,856
2014-08-14,Aug,Thu,Weekday,22,B02682,383
2014-08-14,Aug,Thu,Weekday,22,B02764,86
2014-08-14,Aug,Thu,Weekday,23,B02512,24
2014-08-14,Aug,Thu,Weekday,23,B02598,368
2014-08-14,Aug,Thu,Weekday,23,B02617,583
2014-08-14,Aug,Thu,Weekday,23,B02682,250
2014-08-14,Aug,Thu,Weekday,23,B02764,59
2014-08-15,Aug,Fri,Weekday,0,B02512,10
2014-08-15,Aug,Fri,Weekday,0,B02598,159
2014-08-15,Aug,Fri,Weekday,0,B02617,311
2014-08-15,Aug,Fri,Weekday,0,B02682,117
2014-08-15,Aug,Fri,Weekday,0,B02764,30
2014-08-15,Aug,Fri,Weekday,1,B02512,6
2014-08-15,Aug,Fri,Weekday,1,B02598,86
2014-08-15,Aug,Fri,Weekday,1,B02617,190
2014-08-15,Aug,Fri,Weekday,1,B02682,78
2014-08-15,Aug,Fri,Weekday,1,B02764,25
2014-08-15,Aug,Fri,Weekday,2,B02512,6
2014-08-15,Aug,Fri,Weekday,2,B02598,58
2014-08-15,Aug,Fri,Weekday,2,B02617,111
2014-08-15,Aug,Fri,Weekday,2,B02682,66
2014-08-15,Aug,Fri,Weekday,2,B02764,14
2014-08-15,Aug,Fri,Weekday,3,B02512,6
2014-08-15,Aug,Fri,Weekday,3,B02598,87
2014-08-15,Aug,Fri,Weekday,3,B02617,155
2014-08-15,Aug,Fri,Weekday,3,B02682,63
2014-08-15,Aug,Fri,Weekday,3,B02764,14
2014-08-15,Aug,Fri,Weekday,4,B02512,7
2014-08-15,Aug,Fri,Weekday,4,B02598,117
2014-08-15,Aug,Fri,Weekday,4,B02617,177
2014-08-15,Aug,Fri,Weekday,4,B02682,88
2014-08-15,Aug,Fri,Weekday,4,B02764,20
2014-08-15,Aug,Fri,Weekday,5,B02512,18
2014-08-15,Aug,Fri,Weekday,5,B02598,152
2014-08-15,Aug,Fri,Weekday,5,B02617,261
2014-08-15,Aug,Fri,Weekday,5,B02682,142
2014-08-15,Aug,Fri,Weekday,5,B02764,31
2014-08-15,Aug,Fri,Weekday,6,B02512,27
2014-08-15,Aug,Fri,Weekday,6,B02598,251
2014-08-15,Aug,Fri,Weekday,6,B02617,374
2014-08-15,Aug,Fri,Weekday,6,B02682,213
2014-08-15,Aug,Fri,Weekday,6,B02764,44
2014-08-15,Aug,Fri,Weekday,7,B02512,58
2014-08-15,Aug,Fri,Weekday,7,B02598,368
2014-08-15,Aug,Fri,Weekday,7,B02617,537
2014-08-15,Aug,Fri,Weekday,7,B02682,317
2014-08-15,Aug,Fri,Weekday,7,B02764,56
2014-08-15,Aug,Fri,Weekday,8,B02512,59
2014-08-15,Aug,Fri,Weekday,8,B02598,360
2014-08-15,Aug,Fri,Weekday,8,B02617,529
2014-08-15,Aug,Fri,Weekday,8,B02682,317
2014-08-15,Aug,Fri,Weekday,8,B02764,77
2014-08-15,Aug,Fri,Weekday,9,B02512,36
2014-08-15,Aug,Fri,Weekday,9,B02598,284
2014-08-15,Aug,Fri,Weekday,9,B02617,411
2014-08-15,Aug,Fri,Weekday,9,B02682,239
2014-08-15,Aug,Fri,Weekday,9,B02764,71
2014-08-15,Aug,Fri,Weekday,10,B02512,38
2014-08-15,Aug,Fri,Weekday,10,B02598,303
2014-08-15,Aug,Fri,Weekday,10,B02617,410
2014-08-15,Aug,Fri,Weekday,10,B02682,229
2014-08-15,Aug,Fri,Weekday,10,B02764,72
2014-08-15,Aug,Fri,Weekday,11,B02512,59
2014-08-15,Aug,Fri,Weekday,11,B02598,271
2014-08-15,Aug,Fri,Weekday,11,B02617,451
2014-08-15,Aug,Fri,Weekday,11,B02682,236
2014-08-15,Aug,Fri,Weekday,11,B02764,61
2014-08-15,Aug,Fri,Weekday,12,B02512,57
2014-08-15,Aug,Fri,Weekday,12,B02598,284
2014-08-15,Aug,Fri,Weekday,12,B02617,443
2014-08-15,Aug,Fri,Weekday,12,B02682,215
2014-08-15,Aug,Fri,Weekday,12,B02764,69
2014-08-15,Aug,Fri,Weekday,13,B02512,48
2014-08-15,Aug,Fri,Weekday,13,B02598,295
2014-08-15,Aug,Fri,Weekday,13,B02617,512
2014-08-15,Aug,Fri,Weekday,13,B02682,219
2014-08-15,Aug,Fri,Weekday,13,B02764,75
2014-08-15,Aug,Fri,Weekday,14,B02512,63
2014-08-15,Aug,Fri,Weekday,14,B02598,340
2014-08-15,Aug,Fri,Weekday,14,B02617,553
2014-08-15,Aug,Fri,Weekday,14,B02682,295
2014-08-15,Aug,Fri,Weekday,14,B02764,80
2014-08-15,Aug,Fri,Weekday,15,B02512,76
2014-08-15,Aug,Fri,Weekday,15,B02598,445
2014-08-15,Aug,Fri,Weekday,15,B02617,698
2014-08-15,Aug,Fri,Weekday,15,B02682,329
2014-08-15,Aug,Fri,Weekday,15,B02764,82
2014-08-15,Aug,Fri,Weekday,16,B02512,76
2014-08-15,Aug,Fri,Weekday,16,B02598,540
2014-08-15,Aug,Fri,Weekday,16,B02617,762
2014-08-15,Aug,Fri,Weekday,16,B02682,340
2014-08-15,Aug,Fri,Weekday,16,B02764,88
2014-08-15,Aug,Fri,Weekday,17,B02512,62
2014-08-15,Aug,Fri,Weekday,17,B02598,530
2014-08-15,Aug,Fri,Weekday,17,B02617,879
2014-08-15,Aug,Fri,Weekday,17,B02682,336
2014-08-15,Aug,Fri,Weekday,17,B02764,119
2014-08-15,Aug,Fri,Weekday,18,B02512,58
2014-08-15,Aug,Fri,Weekday,18,B02598,546
2014-08-15,Aug,Fri,Weekday,18,B02617,874
2014-08-15,Aug,Fri,Weekday,18,B02682,349
2014-08-15,Aug,Fri,Weekday,18,B02764,112
2014-08-15,Aug,Fri,Weekday,19,B02512,61
2014-08-15,Aug,Fri,Weekday,19,B02598,477
2014-08-15,Aug,Fri,Weekday,19,B02617,791
2014-08-15,Aug,Fri,Weekday,19,B02682,366
2014-08-15,Aug,Fri,Weekday,19,B02764,108
2014-08-15,Aug,Fri,Weekday,20,B02512,51
2014-08-15,Aug,Fri,Weekday,20,B02598,487
2014-08-15,Aug,Fri,Weekday,20,B02617,682
2014-08-15,Aug,Fri,Weekday,20,B02682,340
2014-08-15,Aug,Fri,Weekday,20,B02764,87
2014-08-15,Aug,Fri,Weekday,21,B02512,66
2014-08-15,Aug,Fri,Weekday,21,B02598,520
2014-08-15,Aug,Fri,Weekday,21,B02617,789
2014-08-15,Aug,Fri,Weekday,21,B02682,348
2014-08-15,Aug,Fri,Weekday,21,B02764,78
2014-08-15,Aug,Fri,Weekday,22,B02512,57
2014-08-15,Aug,Fri,Weekday,22,B02598,499
2014-08-15,Aug,Fri,Weekday,22,B02617,834
2014-08-15,Aug,Fri,Weekday,22,B02682,398
2014-08-15,Aug,Fri,Weekday,22,B02764,100
2014-08-15,Aug,Fri,Weekday,23,B02512,46
2014-08-15,Aug,Fri,Weekday,23,B02598,442
2014-08-15,Aug,Fri,Weekday,23,B02617,735
2014-08-15,Aug,Fri,Weekday,23,B02682,326
2014-08-15,Aug,Fri,Weekday,23,B02764,74
2014-08-16,Aug,Sat,Weekend,0,B02512,31
2014-08-16,Aug,Sat,Weekend,0,B02598,293
2014-08-16,Aug,Sat,Weekend,0,B02617,514
2014-08-16,Aug,Sat,Weekend,0,B02682,241
2014-08-16,Aug,Sat,Weekend,0,B02764,62
2014-08-16,Aug,Sat,Weekend,1,B02512,28
2014-08-16,Aug,Sat,Weekend,1,B02598,209
2014-08-16,Aug,Sat,Weekend,1,B02617,403
2014-08-16,Aug,Sat,Weekend,1,B02682,163
2014-08-16,Aug,Sat,Weekend,1,B02764,45
2014-08-16,Aug,Sat,Weekend,2,B02512,12
2014-08-16,Aug,Sat,Weekend,2,B02598,131
2014-08-16,Aug,Sat,Weekend,2,B02617,258
2014-08-16,Aug,Sat,Weekend,2,B02682,110
2014-08-16,Aug,Sat,Weekend,2,B02764,39
2014-08-16,Aug,Sat,Weekend,3,B02512,8
2014-08-16,Aug,Sat,Weekend,3,B02598,112
2014-08-16,Aug,Sat,Weekend,3,B02617,216
2014-08-16,Aug,Sat,Weekend,3,B02682,98
2014-08-16,Aug,Sat,Weekend,3,B02764,32
2014-08-16,Aug,Sat,Weekend,4,B02512,9
2014-08-16,Aug,Sat,Weekend,4,B02598,83
2014-08-16,Aug,Sat,Weekend,4,B02617,179
2014-08-16,Aug,Sat,Weekend,4,B02682,76
2014-08-16,Aug,Sat,Weekend,4,B02764,23
2014-08-16,Aug,Sat,Weekend,5,B02512,4
2014-08-16,Aug,Sat,Weekend,5,B02598,77
2014-08-16,Aug,Sat,Weekend,5,B02617,145
2014-08-16,Aug,Sat,Weekend,5,B02682,73
2014-08-16,Aug,Sat,Weekend,5,B02764,19
2014-08-16,Aug,Sat,Weekend,6,B02512,8
2014-08-16,Aug,Sat,Weekend,6,B02598,97
2014-08-16,Aug,Sat,Weekend,6,B02617,175
2014-08-16,Aug,Sat,Weekend,6,B02682,98
2014-08-16,Aug,Sat,Weekend,6,B02764,24
2014-08-16,Aug,Sat,Weekend,7,B02512,12
2014-08-16,Aug,Sat,Weekend,7,B02598,122
2014-08-16,Aug,Sat,Weekend,7,B02617,184
2014-08-16,Aug,Sat,Weekend,7,B02682,120
2014-08-16,Aug,Sat,Weekend,7,B02764,30
2014-08-16,Aug,Sat,Weekend,8,B02512,17
2014-08-16,Aug,Sat,Weekend,8,B02598,157
2014-08-16,Aug,Sat,Weekend,8,B02617,245
2014-08-16,Aug,Sat,Weekend,8,B02682,146
2014-08-16,Aug,Sat,Weekend,8,B02764,43
2014-08-16,Aug,Sat,Weekend,9,B02512,24
2014-08-16,Aug,Sat,Weekend,9,B02598,198
2014-08-16,Aug,Sat,Weekend,9,B02617,315
2014-08-16,Aug,Sat,Weekend,9,B02682,160
2014-08-16,Aug,Sat,Weekend,9,B02764,40
2014-08-16,Aug,Sat,Weekend,10,B02512,32
2014-08-16,Aug,Sat,Weekend,10,B02598,213
2014-08-16,Aug,Sat,Weekend,10,B02617,344
2014-08-16,Aug,Sat,Weekend,10,B02682,179
2014-08-16,Aug,Sat,Weekend,10,B02764,52
2014-08-16,Aug,Sat,Weekend,11,B02512,32
2014-08-16,Aug,Sat,Weekend,11,B02598,247
2014-08-16,Aug,Sat,Weekend,11,B02617,392
2014-08-16,Aug,Sat,Weekend,11,B02682,208
2014-08-16,Aug,Sat,Weekend,11,B02764,63
2014-08-16,Aug,Sat,Weekend,12,B02512,44
2014-08-16,Aug,Sat,Weekend,12,B02598,242
2014-08-16,Aug,Sat,Weekend,12,B02617,400
2014-08-16,Aug,Sat,Weekend,12,B02682,187
2014-08-16,Aug,Sat,Weekend,12,B02764,61
2014-08-16,Aug,Sat,Weekend,13,B02512,38
2014-08-16,Aug,Sat,Weekend,13,B02598,305
2014-08-16,Aug,Sat,Weekend,13,B02617,444
2014-08-16,Aug,Sat,Weekend,13,B02682,194
2014-08-16,Aug,Sat,Weekend,13,B02764,70
2014-08-16,Aug,Sat,Weekend,14,B02512,49
2014-08-16,Aug,Sat,Weekend,14,B02598,325
2014-08-16,Aug,Sat,Weekend,14,B02617,500
2014-08-16,Aug,Sat,Weekend,14,B02682,271
2014-08-16,Aug,Sat,Weekend,14,B02764,67
2014-08-16,Aug,Sat,Weekend,15,B02512,50
2014-08-16,Aug,Sat,Weekend,15,B02598,364
2014-08-16,Aug,Sat,Weekend,15,B02617,630
2014-08-16,Aug,Sat,Weekend,15,B02682,294
2014-08-16,Aug,Sat,Weekend,15,B02764,84
2014-08-16,Aug,Sat,Weekend,16,B02512,56
2014-08-16,Aug,Sat,Weekend,16,B02598,404
2014-08-16,Aug,Sat,Weekend,16,B02617,730
2014-08-16,Aug,Sat,Weekend,16,B02682,311
2014-08-16,Aug,Sat,Weekend,16,B02764,85
2014-08-16,Aug,Sat,Weekend,17,B02512,68
2014-08-16,Aug,Sat,Weekend,17,B02598,472
2014-08-16,Aug,Sat,Weekend,17,B02617,811
2014-08-16,Aug,Sat,Weekend,17,B02682,347
2014-08-16,Aug,Sat,Weekend,17,B02764,85
2014-08-16,Aug,Sat,Weekend,18,B02512,55
2014-08-16,Aug,Sat,Weekend,18,B02598,449
2014-08-16,Aug,Sat,Weekend,18,B02617,830
2014-08-16,Aug,Sat,Weekend,18,B02682,380
2014-08-16,Aug,Sat,Weekend,18,B02764,113
2014-08-16,Aug,Sat,Weekend,19,B02512,53
2014-08-16,Aug,Sat,Weekend,19,B02598,462
2014-08-16,Aug,Sat,Weekend,19,B02617,721
2014-08-16,Aug,Sat,Weekend,19,B02682,317
2014-08-16,Aug,Sat,Weekend,19,B02764,109
2014-08-16,Aug,Sat,Weekend,20,B02512,47
2014-08-16,Aug,Sat,Weekend,20,B02598,484
2014-08-16,Aug,Sat,Weekend,20,B02617,682
2014-08-16,Aug,Sat,Weekend,20,B02682,304
2014-08-16,Aug,Sat,Weekend,20,B02764,108
2014-08-16,Aug,Sat,Weekend,21,B02512,61
2014-08-16,Aug,Sat,Weekend,21,B02598,503
2014-08-16,Aug,Sat,Weekend,21,B02617,789
2014-08-16,Aug,Sat,Weekend,21,B02682,352
2014-08-16,Aug,Sat,Weekend,21,B02764,98
2014-08-16,Aug,Sat,Weekend,22,B02512,66
2014-08-16,Aug,Sat,Weekend,22,B02598,505
2014-08-16,Aug,Sat,Weekend,22,B02617,834
2014-08-16,Aug,Sat,Weekend,22,B02682,386
2014-08-16,Aug,Sat,Weekend,22,B02764,126
2014-08-16,Aug,Sat,Weekend,23,B02512,57
2014-08-16,Aug,Sat,Weekend,23,B02598,494
2014-08-16,Aug,Sat,Weekend,23,B02617,773
2014-08-16,Aug,Sat,Weekend,23,B02682,328
2014-08-16,Aug,Sat,Weekend,23,B02764,90
2014-08-17,Aug,Sun,Weekend,0,B02512,40
2014-08-17,Aug,Sun,Weekend,0,B02598,345
2014-08-17,Aug,Sun,Weekend,0,B02617,567
2014-08-17,Aug,Sun,Weekend,0,B02682,238
2014-08-17,Aug,Sun,Weekend,0,B02764,69
2014-08-17,Aug,Sun,Weekend,1,B02512,18
2014-08-17,Aug,Sun,Weekend,1,B02598,242
2014-08-17,Aug,Sun,Weekend,1,B02617,470
2014-08-17,Aug,Sun,Weekend,1,B02682,206
2014-08-17,Aug,Sun,Weekend,1,B02764,57
2014-08-17,Aug,Sun,Weekend,2,B02512,13
2014-08-17,Aug,Sun,Weekend,2,B02598,146
2014-08-17,Aug,Sun,Weekend,2,B02617,373
2014-08-17,Aug,Sun,Weekend,2,B02682,146
2014-08-17,Aug,Sun,Weekend,2,B02764,36
2014-08-17,Aug,Sun,Weekend,3,B02512,11
2014-08-17,Aug,Sun,Weekend,3,B02598,90
2014-08-17,Aug,Sun,Weekend,3,B02617,272
2014-08-17,Aug,Sun,Weekend,3,B02682,90
2014-08-17,Aug,Sun,Weekend,3,B02764,32
2014-08-17,Aug,Sun,Weekend,4,B02512,8
2014-08-17,Aug,Sun,Weekend,4,B02598,80
2014-08-17,Aug,Sun,Weekend,4,B02617,166
2014-08-17,Aug,Sun,Weekend,4,B02682,74
2014-08-17,Aug,Sun,Weekend,4,B02764,26
2014-08-17,Aug,Sun,Weekend,5,B02512,12
2014-08-17,Aug,Sun,Weekend,5,B02598,80
2014-08-17,Aug,Sun,Weekend,5,B02617,150
2014-08-17,Aug,Sun,Weekend,5,B02682,56
2014-08-17,Aug,Sun,Weekend,5,B02764,17
2014-08-17,Aug,Sun,Weekend,6,B02512,6
2014-08-17,Aug,Sun,Weekend,6,B02598,65
2014-08-17,Aug,Sun,Weekend,6,B02617,132
2014-08-17,Aug,Sun,Weekend,6,B02682,76
2014-08-17,Aug,Sun,Weekend,6,B02764,12
2014-08-17,Aug,Sun,Weekend,7,B02512,18
2014-08-17,Aug,Sun,Weekend,7,B02598,97
2014-08-17,Aug,Sun,Weekend,7,B02617,179
2014-08-17,Aug,Sun,Weekend,7,B02682,119
2014-08-17,Aug,Sun,Weekend,7,B02764,27
2014-08-17,Aug,Sun,Weekend,8,B02512,22
2014-08-17,Aug,Sun,Weekend,8,B02598,144
2014-08-17,Aug,Sun,Weekend,8,B02617,246
2014-08-17,Aug,Sun,Weekend,8,B02682,122
2014-08-17,Aug,Sun,Weekend,8,B02764,35
2014-08-17,Aug,Sun,Weekend,9,B02512,41
2014-08-17,Aug,Sun,Weekend,9,B02598,164
2014-08-17,Aug,Sun,Weekend,9,B02617,304
2014-08-17,Aug,Sun,Weekend,9,B02682,159
2014-08-17,Aug,Sun,Weekend,9,B02764,41
2014-08-17,Aug,Sun,Weekend,10,B02512,41
2014-08-17,Aug,Sun,Weekend,10,B02598,226
2014-08-17,Aug,Sun,Weekend,10,B02617,411
2014-08-17,Aug,Sun,Weekend,10,B02682,203
2014-08-17,Aug,Sun,Weekend,10,B02764,55
2014-08-17,Aug,Sun,Weekend,11,B02512,43
2014-08-17,Aug,Sun,Weekend,11,B02598,274
2014-08-17,Aug,Sun,Weekend,11,B02617,444
2014-08-17,Aug,Sun,Weekend,11,B02682,231
2014-08-17,Aug,Sun,Weekend,11,B02764,59
2014-08-17,Aug,Sun,Weekend,12,B02512,47
2014-08-17,Aug,Sun,Weekend,12,B02598,278
2014-08-17,Aug,Sun,Weekend,12,B02617,439
2014-08-17,Aug,Sun,Weekend,12,B02682,217
2014-08-17,Aug,Sun,Weekend,12,B02764,68
2014-08-17,Aug,Sun,Weekend,13,B02512,45
2014-08-17,Aug,Sun,Weekend,13,B02598,290
2014-08-17,Aug,Sun,Weekend,13,B02617,433
2014-08-17,Aug,Sun,Weekend,13,B02682,224
2014-08-17,Aug,Sun,Weekend,13,B02764,61
2014-08-17,Aug,Sun,Weekend,14,B02512,49
2014-08-17,Aug,Sun,Weekend,14,B02598,282
2014-08-17,Aug,Sun,Weekend,14,B02617,503
2014-08-17,Aug,Sun,Weekend,14,B02682,226
2014-08-17,Aug,Sun,Weekend,14,B02764,57
2014-08-17,Aug,Sun,Weekend,15,B02512,55
2014-08-17,Aug,Sun,Weekend,15,B02598,289
2014-08-17,Aug,Sun,Weekend,15,B02617,589
2014-08-17,Aug,Sun,Weekend,15,B02682,275
2014-08-17,Aug,Sun,Weekend,15,B02764,59
2014-08-17,Aug,Sun,Weekend,16,B02512,66
2014-08-17,Aug,Sun,Weekend,16,B02598,300
2014-08-17,Aug,Sun,Weekend,16,B02617,585
2014-08-17,Aug,Sun,Weekend,16,B02682,247
2014-08-17,Aug,Sun,Weekend,16,B02764,56
2014-08-17,Aug,Sun,Weekend,17,B02512,57
2014-08-17,Aug,Sun,Weekend,17,B02598,346
2014-08-17,Aug,Sun,Weekend,17,B02617,601
2014-08-17,Aug,Sun,Weekend,17,B02682,286
2014-08-17,Aug,Sun,Weekend,17,B02764,56
2014-08-17,Aug,Sun,Weekend,18,B02512,47
2014-08-17,Aug,Sun,Weekend,18,B02598,350
2014-08-17,Aug,Sun,Weekend,18,B02617,550
2014-08-17,Aug,Sun,Weekend,18,B02682,251
2014-08-17,Aug,Sun,Weekend,18,B02764,71
2014-08-17,Aug,Sun,Weekend,19,B02512,42
2014-08-17,Aug,Sun,Weekend,19,B02598,300
2014-08-17,Aug,Sun,Weekend,19,B02617,481
2014-08-17,Aug,Sun,Weekend,19,B02682,232
2014-08-17,Aug,Sun,Weekend,19,B02764,75
2014-08-17,Aug,Sun,Weekend,20,B02512,55
2014-08-17,Aug,Sun,Weekend,20,B02598,300
2014-08-17,Aug,Sun,Weekend,20,B02617,499
2014-08-17,Aug,Sun,Weekend,20,B02682,253
2014-08-17,Aug,Sun,Weekend,20,B02764,77
2014-08-17,Aug,Sun,Weekend,21,B02512,42
2014-08-17,Aug,Sun,Weekend,21,B02598,260
2014-08-17,Aug,Sun,Weekend,21,B02617,432
2014-08-17,Aug,Sun,Weekend,21,B02682,211
2014-08-17,Aug,Sun,Weekend,21,B02764,68
2014-08-17,Aug,Sun,Weekend,22,B02512,30
2014-08-17,Aug,Sun,Weekend,22,B02598,219
2014-08-17,Aug,Sun,Weekend,22,B02617,363
2014-08-17,Aug,Sun,Weekend,22,B02682,170
2014-08-17,Aug,Sun,Weekend,22,B02764,57
2014-08-17,Aug,Sun,Weekend,23,B02512,15
2014-08-17,Aug,Sun,Weekend,23,B02598,151
2014-08-17,Aug,Sun,Weekend,23,B02617,245
2014-08-17,Aug,Sun,Weekend,23,B02682,113
2014-08-17,Aug,Sun,Weekend,23,B02764,38
2014-08-18,Aug,Mon,Weekday,0,B02512,4
2014-08-18,Aug,Mon,Weekday,0,B02598,60
2014-08-18,Aug,Mon,Weekday,0,B02617,113
2014-08-18,Aug,Mon,Weekday,0,B02682,52
2014-08-18,Aug,Mon,Weekday,0,B02764,16
2014-08-18,Aug,Mon,Weekday,1,B02512,6
2014-08-18,Aug,Mon,Weekday,1,B02598,51
2014-08-18,Aug,Mon,Weekday,1,B02617,82
2014-08-18,Aug,Mon,Weekday,1,B02682,44
2014-08-18,Aug,Mon,Weekday,1,B02764,13
2014-08-18,Aug,Mon,Weekday,2,B02512,6
2014-08-18,Aug,Mon,Weekday,2,B02598,28
2014-08-18,Aug,Mon,Weekday,2,B02617,63
2014-08-18,Aug,Mon,Weekday,2,B02682,25
2014-08-18,Aug,Mon,Weekday,2,B02764,10
2014-08-18,Aug,Mon,Weekday,3,B02512,11
2014-08-18,Aug,Mon,Weekday,3,B02598,81
2014-08-18,Aug,Mon,Weekday,3,B02617,118
2014-08-18,Aug,Mon,Weekday,3,B02682,58
2014-08-18,Aug,Mon,Weekday,3,B02764,16
2014-08-18,Aug,Mon,Weekday,4,B02512,11
2014-08-18,Aug,Mon,Weekday,4,B02598,107
2014-08-18,Aug,Mon,Weekday,4,B02617,205
2014-08-18,Aug,Mon,Weekday,4,B02682,75
2014-08-18,Aug,Mon,Weekday,4,B02764,20
2014-08-18,Aug,Mon,Weekday,5,B02512,19
2014-08-18,Aug,Mon,Weekday,5,B02598,168
2014-08-18,Aug,Mon,Weekday,5,B02617,304
2014-08-18,Aug,Mon,Weekday,5,B02682,160
2014-08-18,Aug,Mon,Weekday,5,B02764,37
2014-08-18,Aug,Mon,Weekday,6,B02512,36
2014-08-18,Aug,Mon,Weekday,6,B02598,216
2014-08-18,Aug,Mon,Weekday,6,B02617,443
2014-08-18,Aug,Mon,Weekday,6,B02682,236
2014-08-18,Aug,Mon,Weekday,6,B02764,65
2014-08-18,Aug,Mon,Weekday,7,B02512,52
2014-08-18,Aug,Mon,Weekday,7,B02598,302
2014-08-18,Aug,Mon,Weekday,7,B02617,589
2014-08-18,Aug,Mon,Weekday,7,B02682,329
2014-08-18,Aug,Mon,Weekday,7,B02764,75
2014-08-18,Aug,Mon,Weekday,8,B02512,35
2014-08-18,Aug,Mon,Weekday,8,B02598,304
2014-08-18,Aug,Mon,Weekday,8,B02617,536
2014-08-18,Aug,Mon,Weekday,8,B02682,288
2014-08-18,Aug,Mon,Weekday,8,B02764,73
2014-08-18,Aug,Mon,Weekday,9,B02512,32
2014-08-18,Aug,Mon,Weekday,9,B02598,231
2014-08-18,Aug,Mon,Weekday,9,B02617,417
2014-08-18,Aug,Mon,Weekday,9,B02682,199
2014-08-18,Aug,Mon,Weekday,9,B02764,74
2014-08-18,Aug,Mon,Weekday,10,B02512,34
2014-08-18,Aug,Mon,Weekday,10,B02598,217
2014-08-18,Aug,Mon,Weekday,10,B02617,348
2014-08-18,Aug,Mon,Weekday,10,B02682,199
2014-08-18,Aug,Mon,Weekday,10,B02764,64
2014-08-18,Aug,Mon,Weekday,11,B02512,26
2014-08-18,Aug,Mon,Weekday,11,B02598,236
2014-08-18,Aug,Mon,Weekday,11,B02617,373
2014-08-18,Aug,Mon,Weekday,11,B02682,176
2014-08-18,Aug,Mon,Weekday,11,B02764,72
2014-08-18,Aug,Mon,Weekday,12,B02512,39
2014-08-18,Aug,Mon,Weekday,12,B02598,199
2014-08-18,Aug,Mon,Weekday,12,B02617,398
2014-08-18,Aug,Mon,Weekday,12,B02682,159
2014-08-18,Aug,Mon,Weekday,12,B02764,70
2014-08-18,Aug,Mon,Weekday,13,B02512,50
2014-08-18,Aug,Mon,Weekday,13,B02598,230
2014-08-18,Aug,Mon,Weekday,13,B02617,439
2014-08-18,Aug,Mon,Weekday,13,B02682,180
2014-08-18,Aug,Mon,Weekday,13,B02764,66
2014-08-18,Aug,Mon,Weekday,14,B02512,51
2014-08-18,Aug,Mon,Weekday,14,B02598,269
2014-08-18,Aug,Mon,Weekday,14,B02617,519
2014-08-18,Aug,Mon,Weekday,14,B02682,217
2014-08-18,Aug,Mon,Weekday,14,B02764,65
2014-08-18,Aug,Mon,Weekday,15,B02512,68
2014-08-18,Aug,Mon,Weekday,15,B02598,347
2014-08-18,Aug,Mon,Weekday,15,B02617,522
2014-08-18,Aug,Mon,Weekday,15,B02682,236
2014-08-18,Aug,Mon,Weekday,15,B02764,70
2014-08-18,Aug,Mon,Weekday,16,B02512,58
2014-08-18,Aug,Mon,Weekday,16,B02598,348
2014-08-18,Aug,Mon,Weekday,16,B02617,630
2014-08-18,Aug,Mon,Weekday,16,B02682,284
2014-08-18,Aug,Mon,Weekday,16,B02764,100
2014-08-18,Aug,Mon,Weekday,17,B02512,74
2014-08-18,Aug,Mon,Weekday,17,B02598,402
2014-08-18,Aug,Mon,Weekday,17,B02617,656
2014-08-18,Aug,Mon,Weekday,17,B02682,302
2014-08-18,Aug,Mon,Weekday,17,B02764,102
2014-08-18,Aug,Mon,Weekday,18,B02512,65
2014-08-18,Aug,Mon,Weekday,18,B02598,361
2014-08-18,Aug,Mon,Weekday,18,B02617,637
2014-08-18,Aug,Mon,Weekday,18,B02682,261
2014-08-18,Aug,Mon,Weekday,18,B02764,101
2014-08-18,Aug,Mon,Weekday,19,B02512,72
2014-08-18,Aug,Mon,Weekday,19,B02598,340
2014-08-18,Aug,Mon,Weekday,19,B02617,604
2014-08-18,Aug,Mon,Weekday,19,B02682,279
2014-08-18,Aug,Mon,Weekday,19,B02764,101
2014-08-18,Aug,Mon,Weekday,20,B02512,61
2014-08-18,Aug,Mon,Weekday,20,B02598,354
2014-08-18,Aug,Mon,Weekday,20,B02617,588
2014-08-18,Aug,Mon,Weekday,20,B02682,242
2014-08-18,Aug,Mon,Weekday,20,B02764,95
2014-08-18,Aug,Mon,Weekday,21,B02512,41
2014-08-18,Aug,Mon,Weekday,21,B02598,304
2014-08-18,Aug,Mon,Weekday,21,B02617,491
2014-08-18,Aug,Mon,Weekday,21,B02682,218
2014-08-18,Aug,Mon,Weekday,21,B02764,65
2014-08-18,Aug,Mon,Weekday,22,B02512,32
2014-08-18,Aug,Mon,Weekday,22,B02598,190
2014-08-18,Aug,Mon,Weekday,22,B02617,358
2014-08-18,Aug,Mon,Weekday,22,B02682,150
2014-08-18,Aug,Mon,Weekday,22,B02764,55
2014-08-18,Aug,Mon,Weekday,23,B02512,15
2014-08-18,Aug,Mon,Weekday,23,B02598,132
2014-08-18,Aug,Mon,Weekday,23,B02617,196
2014-08-18,Aug,Mon,Weekday,23,B02682,122
2014-08-18,Aug,Mon,Weekday,23,B02764,36
2014-08-19,Aug,Tue,Weekday,0,B02512,6
2014-08-19,Aug,Tue,Weekday,0,B02598,67
2014-08-19,Aug,Tue,Weekday,0,B02617,127
2014-08-19,Aug,Tue,Weekday,0,B02682,62
2014-08-19,Aug,Tue,Weekday,0,B02764,20
2014-08-19,Aug,Tue,Weekday,1,B02512,6
2014-08-19,Aug,Tue,Weekday,1,B02598,51
2014-08-19,Aug,Tue,Weekday,1,B02617,77
2014-08-19,Aug,Tue,Weekday,1,B02682,38
2014-08-19,Aug,Tue,Weekday,1,B02764,18
2014-08-19,Aug,Tue,Weekday,2,B02512,6
2014-08-19,Aug,Tue,Weekday,2,B02598,40
2014-08-19,Aug,Tue,Weekday,2,B02617,52
2014-08-19,Aug,Tue,Weekday,2,B02682,29
2014-08-19,Aug,Tue,Weekday,2,B02764,6
2014-08-19,Aug,Tue,Weekday,3,B02512,8
2014-08-19,Aug,Tue,Weekday,3,B02598,56
2014-08-19,Aug,Tue,Weekday,3,B02617,93
2014-08-19,Aug,Tue,Weekday,3,B02682,49
2014-08-19,Aug,Tue,Weekday,3,B02764,13
2014-08-19,Aug,Tue,Weekday,4,B02512,11
2014-08-19,Aug,Tue,Weekday,4,B02598,92
2014-08-19,Aug,Tue,Weekday,4,B02617,132
2014-08-19,Aug,Tue,Weekday,4,B02682,60
2014-08-19,Aug,Tue,Weekday,4,B02764,17
2014-08-19,Aug,Tue,Weekday,5,B02512,17
2014-08-19,Aug,Tue,Weekday,5,B02598,118
2014-08-19,Aug,Tue,Weekday,5,B02617,230
2014-08-19,Aug,Tue,Weekday,5,B02682,124
2014-08-19,Aug,Tue,Weekday,5,B02764,40
2014-08-19,Aug,Tue,Weekday,6,B02512,39
2014-08-19,Aug,Tue,Weekday,6,B02598,230
2014-08-19,Aug,Tue,Weekday,6,B02617,446
2014-08-19,Aug,Tue,Weekday,6,B02682,208
2014-08-19,Aug,Tue,Weekday,6,B02764,84
2014-08-19,Aug,Tue,Weekday,7,B02512,50
2014-08-19,Aug,Tue,Weekday,7,B02598,317
2014-08-19,Aug,Tue,Weekday,7,B02617,588
2014-08-19,Aug,Tue,Weekday,7,B02682,302
2014-08-19,Aug,Tue,Weekday,7,B02764,99
2014-08-19,Aug,Tue,Weekday,8,B02512,42
2014-08-19,Aug,Tue,Weekday,8,B02598,329
2014-08-19,Aug,Tue,Weekday,8,B02617,528
2014-08-19,Aug,Tue,Weekday,8,B02682,273
2014-08-19,Aug,Tue,Weekday,8,B02764,90
2014-08-19,Aug,Tue,Weekday,9,B02512,40
2014-08-19,Aug,Tue,Weekday,9,B02598,249
2014-08-19,Aug,Tue,Weekday,9,B02617,414
2014-08-19,Aug,Tue,Weekday,9,B02682,217
2014-08-19,Aug,Tue,Weekday,9,B02764,71
2014-08-19,Aug,Tue,Weekday,10,B02512,48
2014-08-19,Aug,Tue,Weekday,10,B02598,254
2014-08-19,Aug,Tue,Weekday,10,B02617,394
2014-08-19,Aug,Tue,Weekday,10,B02682,167
2014-08-19,Aug,Tue,Weekday,10,B02764,64
2014-08-19,Aug,Tue,Weekday,11,B02512,34
2014-08-19,Aug,Tue,Weekday,11,B02598,246
2014-08-19,Aug,Tue,Weekday,11,B02617,406
2014-08-19,Aug,Tue,Weekday,11,B02682,169
2014-08-19,Aug,Tue,Weekday,11,B02764,79
2014-08-19,Aug,Tue,Weekday,12,B02512,51
2014-08-19,Aug,Tue,Weekday,12,B02598,245
2014-08-19,Aug,Tue,Weekday,12,B02617,402
2014-08-19,Aug,Tue,Weekday,12,B02682,194
2014-08-19,Aug,Tue,Weekday,12,B02764,81
2014-08-19,Aug,Tue,Weekday,13,B02512,66
2014-08-19,Aug,Tue,Weekday,13,B02598,282
2014-08-19,Aug,Tue,Weekday,13,B02617,455
2014-08-19,Aug,Tue,Weekday,13,B02682,197
2014-08-19,Aug,Tue,Weekday,13,B02764,87
2014-08-19,Aug,Tue,Weekday,14,B02512,50
2014-08-19,Aug,Tue,Weekday,14,B02598,342
2014-08-19,Aug,Tue,Weekday,14,B02617,504
2014-08-19,Aug,Tue,Weekday,14,B02682,250
2014-08-19,Aug,Tue,Weekday,14,B02764,79
2014-08-19,Aug,Tue,Weekday,15,B02512,65
2014-08-19,Aug,Tue,Weekday,15,B02598,423
2014-08-19,Aug,Tue,Weekday,15,B02617,611
2014-08-19,Aug,Tue,Weekday,15,B02682,280
2014-08-19,Aug,Tue,Weekday,15,B02764,106
2014-08-19,Aug,Tue,Weekday,16,B02512,60
2014-08-19,Aug,Tue,Weekday,16,B02598,458
2014-08-19,Aug,Tue,Weekday,16,B02617,725
2014-08-19,Aug,Tue,Weekday,16,B02682,322
2014-08-19,Aug,Tue,Weekday,16,B02764,120
2014-08-19,Aug,Tue,Weekday,17,B02512,77
2014-08-19,Aug,Tue,Weekday,17,B02598,551
2014-08-19,Aug,Tue,Weekday,17,B02617,789
2014-08-19,Aug,Tue,Weekday,17,B02682,339
2014-08-19,Aug,Tue,Weekday,17,B02764,126
2014-08-19,Aug,Tue,Weekday,18,B02512,70
2014-08-19,Aug,Tue,Weekday,18,B02598,433
2014-08-19,Aug,Tue,Weekday,18,B02617,651
2014-08-19,Aug,Tue,Weekday,18,B02682,308
2014-08-19,Aug,Tue,Weekday,18,B02764,115
2014-08-19,Aug,Tue,Weekday,19,B02512,85
2014-08-19,Aug,Tue,Weekday,19,B02598,453
2014-08-19,Aug,Tue,Weekday,19,B02617,676
2014-08-19,Aug,Tue,Weekday,19,B02682,296
2014-08-19,Aug,Tue,Weekday,19,B02764,128
2014-08-19,Aug,Tue,Weekday,20,B02512,73
2014-08-19,Aug,Tue,Weekday,20,B02598,496
2014-08-19,Aug,Tue,Weekday,20,B02617,689
2014-08-19,Aug,Tue,Weekday,20,B02682,311
2014-08-19,Aug,Tue,Weekday,20,B02764,103
2014-08-19,Aug,Tue,Weekday,21,B02512,60
2014-08-19,Aug,Tue,Weekday,21,B02598,417
2014-08-19,Aug,Tue,Weekday,21,B02617,711
2014-08-19,Aug,Tue,Weekday,21,B02682,286
2014-08-19,Aug,Tue,Weekday,21,B02764,94
2014-08-19,Aug,Tue,Weekday,22,B02512,40
2014-08-19,Aug,Tue,Weekday,22,B02598,335
2014-08-19,Aug,Tue,Weekday,22,B02617,528
2014-08-19,Aug,Tue,Weekday,22,B02682,208
2014-08-19,Aug,Tue,Weekday,22,B02764,75
2014-08-19,Aug,Tue,Weekday,23,B02512,20
2014-08-19,Aug,Tue,Weekday,23,B02598,180
2014-08-19,Aug,Tue,Weekday,23,B02617,316
2014-08-19,Aug,Tue,Weekday,23,B02682,142
2014-08-19,Aug,Tue,Weekday,23,B02764,56
2014-08-20,Aug,Wed,Weekday,0,B02512,9
2014-08-20,Aug,Wed,Weekday,0,B02598,97
2014-08-20,Aug,Wed,Weekday,0,B02617,177
2014-08-20,Aug,Wed,Weekday,0,B02682,74
2014-08-20,Aug,Wed,Weekday,0,B02764,20
2014-08-20,Aug,Wed,Weekday,1,B02512,1
2014-08-20,Aug,Wed,Weekday,1,B02598,56
2014-08-20,Aug,Wed,Weekday,1,B02617,120
2014-08-20,Aug,Wed,Weekday,1,B02682,49
2014-08-20,Aug,Wed,Weekday,1,B02764,15
2014-08-20,Aug,Wed,Weekday,2,B02512,5
2014-08-20,Aug,Wed,Weekday,2,B02598,37
2014-08-20,Aug,Wed,Weekday,2,B02617,79
2014-08-20,Aug,Wed,Weekday,2,B02682,27
2014-08-20,Aug,Wed,Weekday,2,B02764,8
2014-08-20,Aug,Wed,Weekday,3,B02512,9
2014-08-20,Aug,Wed,Weekday,3,B02598,71
2014-08-20,Aug,Wed,Weekday,3,B02617,91
2014-08-20,Aug,Wed,Weekday,3,B02682,48
2014-08-20,Aug,Wed,Weekday,3,B02764,18
2014-08-20,Aug,Wed,Weekday,4,B02512,6
2014-08-20,Aug,Wed,Weekday,4,B02598,97
2014-08-20,Aug,Wed,Weekday,4,B02617,144
2014-08-20,Aug,Wed,Weekday,4,B02682,65
2014-08-20,Aug,Wed,Weekday,4,B02764,34
2014-08-20,Aug,Wed,Weekday,5,B02512,17
2014-08-20,Aug,Wed,Weekday,5,B02598,139
2014-08-20,Aug,Wed,Weekday,5,B02617,262
2014-08-20,Aug,Wed,Weekday,5,B02682,134
2014-08-20,Aug,Wed,Weekday,5,B02764,59
2014-08-20,Aug,Wed,Weekday,6,B02512,25
2014-08-20,Aug,Wed,Weekday,6,B02598,258
2014-08-20,Aug,Wed,Weekday,6,B02617,452
2014-08-20,Aug,Wed,Weekday,6,B02682,234
2014-08-20,Aug,Wed,Weekday,6,B02764,74
2014-08-20,Aug,Wed,Weekday,7,B02512,51
2014-08-20,Aug,Wed,Weekday,7,B02598,360
2014-08-20,Aug,Wed,Weekday,7,B02617,620
2014-08-20,Aug,Wed,Weekday,7,B02682,323
2014-08-20,Aug,Wed,Weekday,7,B02764,94
2014-08-20,Aug,Wed,Weekday,8,B02512,43
2014-08-20,Aug,Wed,Weekday,8,B02598,358
2014-08-20,Aug,Wed,Weekday,8,B02617,580
2014-08-20,Aug,Wed,Weekday,8,B02682,284
2014-08-20,Aug,Wed,Weekday,8,B02764,100
2014-08-20,Aug,Wed,Weekday,9,B02512,39
2014-08-20,Aug,Wed,Weekday,9,B02598,270
2014-08-20,Aug,Wed,Weekday,9,B02617,437
2014-08-20,Aug,Wed,Weekday,9,B02682,228
2014-08-20,Aug,Wed,Weekday,9,B02764,86
2014-08-20,Aug,Wed,Weekday,10,B02512,51
2014-08-20,Aug,Wed,Weekday,10,B02598,277
2014-08-20,Aug,Wed,Weekday,10,B02617,442
2014-08-20,Aug,Wed,Weekday,10,B02682,251
2014-08-20,Aug,Wed,Weekday,10,B02764,93
2014-08-20,Aug,Wed,Weekday,11,B02512,48
2014-08-20,Aug,Wed,Weekday,11,B02598,271
2014-08-20,Aug,Wed,Weekday,11,B02617,441
2014-08-20,Aug,Wed,Weekday,11,B02682,212
2014-08-20,Aug,Wed,Weekday,11,B02764,86
2014-08-20,Aug,Wed,Weekday,12,B02512,50
2014-08-20,Aug,Wed,Weekday,12,B02598,274
2014-08-20,Aug,Wed,Weekday,12,B02617,431
2014-08-20,Aug,Wed,Weekday,12,B02682,209
2014-08-20,Aug,Wed,Weekday,12,B02764,95
2014-08-20,Aug,Wed,Weekday,13,B02512,59
2014-08-20,Aug,Wed,Weekday,13,B02598,325
2014-08-20,Aug,Wed,Weekday,13,B02617,517
2014-08-20,Aug,Wed,Weekday,13,B02682,237
2014-08-20,Aug,Wed,Weekday,13,B02764,91
2014-08-20,Aug,Wed,Weekday,14,B02512,60
2014-08-20,Aug,Wed,Weekday,14,B02598,357
2014-08-20,Aug,Wed,Weekday,14,B02617,556
2014-08-20,Aug,Wed,Weekday,14,B02682,273
2014-08-20,Aug,Wed,Weekday,14,B02764,87
2014-08-20,Aug,Wed,Weekday,15,B02512,72
2014-08-20,Aug,Wed,Weekday,15,B02598,469
2014-08-20,Aug,Wed,Weekday,15,B02617,683
2014-08-20,Aug,Wed,Weekday,15,B02682,329
2014-08-20,Aug,Wed,Weekday,15,B02764,90
2014-08-20,Aug,Wed,Weekday,16,B02512,79
2014-08-20,Aug,Wed,Weekday,16,B02598,498
2014-08-20,Aug,Wed,Weekday,16,B02617,791
2014-08-20,Aug,Wed,Weekday,16,B02682,370
2014-08-20,Aug,Wed,Weekday,16,B02764,116
2014-08-20,Aug,Wed,Weekday,17,B02512,95
2014-08-20,Aug,Wed,Weekday,17,B02598,569
2014-08-20,Aug,Wed,Weekday,17,B02617,883
2014-08-20,Aug,Wed,Weekday,17,B02682,401
2014-08-20,Aug,Wed,Weekday,17,B02764,137
2014-08-20,Aug,Wed,Weekday,18,B02512,80
2014-08-20,Aug,Wed,Weekday,18,B02598,508
2014-08-20,Aug,Wed,Weekday,18,B02617,827
2014-08-20,Aug,Wed,Weekday,18,B02682,374
2014-08-20,Aug,Wed,Weekday,18,B02764,131
2014-08-20,Aug,Wed,Weekday,19,B02512,71
2014-08-20,Aug,Wed,Weekday,19,B02598,449
2014-08-20,Aug,Wed,Weekday,19,B02617,791
2014-08-20,Aug,Wed,Weekday,19,B02682,364
2014-08-20,Aug,Wed,Weekday,19,B02764,131
2014-08-20,Aug,Wed,Weekday,20,B02512,71
2014-08-20,Aug,Wed,Weekday,20,B02598,488
2014-08-20,Aug,Wed,Weekday,20,B02617,826
2014-08-20,Aug,Wed,Weekday,20,B02682,358
2014-08-20,Aug,Wed,Weekday,20,B02764,131
2014-08-20,Aug,Wed,Weekday,21,B02512,77
2014-08-20,Aug,Wed,Weekday,21,B02598,485
2014-08-20,Aug,Wed,Weekday,21,B02617,845
2014-08-20,Aug,Wed,Weekday,21,B02682,362
2014-08-20,Aug,Wed,Weekday,21,B02764,130
2014-08-20,Aug,Wed,Weekday,22,B02512,52
2014-08-20,Aug,Wed,Weekday,22,B02598,366
2014-08-20,Aug,Wed,Weekday,22,B02617,592
2014-08-20,Aug,Wed,Weekday,22,B02682,252
2014-08-20,Aug,Wed,Weekday,22,B02764,98
2014-08-20,Aug,Wed,Weekday,23,B02512,22
2014-08-20,Aug,Wed,Weekday,23,B02598,231
2014-08-20,Aug,Wed,Weekday,23,B02617,353
2014-08-20,Aug,Wed,Weekday,23,B02682,169
2014-08-20,Aug,Wed,Weekday,23,B02764,62
2014-08-21,Aug,Thu,Weekday,0,B02512,9
2014-08-21,Aug,Thu,Weekday,0,B02598,109
2014-08-21,Aug,Thu,Weekday,0,B02617,196
2014-08-21,Aug,Thu,Weekday,0,B02682,93
2014-08-21,Aug,Thu,Weekday,0,B02764,46
2014-08-21,Aug,Thu,Weekday,1,B02512,6
2014-08-21,Aug,Thu,Weekday,1,B02598,82
2014-08-21,Aug,Thu,Weekday,1,B02617,119
2014-08-21,Aug,Thu,Weekday,1,B02682,58
2014-08-21,Aug,Thu,Weekday,1,B02764,23
2014-08-21,Aug,Thu,Weekday,2,B02512,7
2014-08-21,Aug,Thu,Weekday,2,B02598,44
2014-08-21,Aug,Thu,Weekday,2,B02617,81
2014-08-21,Aug,Thu,Weekday,2,B02682,29
2014-08-21,Aug,Thu,Weekday,2,B02764,17
2014-08-21,Aug,Thu,Weekday,3,B02512,5
2014-08-21,Aug,Thu,Weekday,3,B02598,81
2014-08-21,Aug,Thu,Weekday,3,B02617,113
2014-08-21,Aug,Thu,Weekday,3,B02682,55
2014-08-21,Aug,Thu,Weekday,3,B02764,16
2014-08-21,Aug,Thu,Weekday,4,B02512,8
2014-08-21,Aug,Thu,Weekday,4,B02598,128
2014-08-21,Aug,Thu,Weekday,4,B02617,166
2014-08-21,Aug,Thu,Weekday,4,B02682,98
2014-08-21,Aug,Thu,Weekday,4,B02764,21
2014-08-21,Aug,Thu,Weekday,5,B02512,21
2014-08-21,Aug,Thu,Weekday,5,B02598,136
2014-08-21,Aug,Thu,Weekday,5,B02617,243
2014-08-21,Aug,Thu,Weekday,5,B02682,141
2014-08-21,Aug,Thu,Weekday,5,B02764,46
2014-08-21,Aug,Thu,Weekday,6,B02512,29
2014-08-21,Aug,Thu,Weekday,6,B02598,269
2014-08-21,Aug,Thu,Weekday,6,B02617,404
2014-08-21,Aug,Thu,Weekday,6,B02682,245
2014-08-21,Aug,Thu,Weekday,6,B02764,69
2014-08-21,Aug,Thu,Weekday,7,B02512,59
2014-08-21,Aug,Thu,Weekday,7,B02598,386
2014-08-21,Aug,Thu,Weekday,7,B02617,597
2014-08-21,Aug,Thu,Weekday,7,B02682,341
2014-08-21,Aug,Thu,Weekday,7,B02764,99
2014-08-21,Aug,Thu,Weekday,8,B02512,47
2014-08-21,Aug,Thu,Weekday,8,B02598,356
2014-08-21,Aug,Thu,Weekday,8,B02617,581
2014-08-21,Aug,Thu,Weekday,8,B02682,314
2014-08-21,Aug,Thu,Weekday,8,B02764,96
2014-08-21,Aug,Thu,Weekday,9,B02512,49
2014-08-21,Aug,Thu,Weekday,9,B02598,276
2014-08-21,Aug,Thu,Weekday,9,B02617,422
2014-08-21,Aug,Thu,Weekday,9,B02682,242
2014-08-21,Aug,Thu,Weekday,9,B02764,92
2014-08-21,Aug,Thu,Weekday,10,B02512,49
2014-08-21,Aug,Thu,Weekday,10,B02598,288
2014-08-21,Aug,Thu,Weekday,10,B02617,412
2014-08-21,Aug,Thu,Weekday,10,B02682,230
2014-08-21,Aug,Thu,Weekday,10,B02764,84
2014-08-21,Aug,Thu,Weekday,11,B02512,43
2014-08-21,Aug,Thu,Weekday,11,B02598,272
2014-08-21,Aug,Thu,Weekday,11,B02617,481
2014-08-21,Aug,Thu,Weekday,11,B02682,235
2014-08-21,Aug,Thu,Weekday,11,B02764,78
2014-08-21,Aug,Thu,Weekday,12,B02512,52
2014-08-21,Aug,Thu,Weekday,12,B02598,297
2014-08-21,Aug,Thu,Weekday,12,B02617,470
2014-08-21,Aug,Thu,Weekday,12,B02682,215
2014-08-21,Aug,Thu,Weekday,12,B02764,87
2014-08-21,Aug,Thu,Weekday,13,B02512,48
2014-08-21,Aug,Thu,Weekday,13,B02598,355
2014-08-21,Aug,Thu,Weekday,13,B02617,528
2014-08-21,Aug,Thu,Weekday,13,B02682,245
2014-08-21,Aug,Thu,Weekday,13,B02764,100
2014-08-21,Aug,Thu,Weekday,14,B02512,59
2014-08-21,Aug,Thu,Weekday,14,B02598,382
2014-08-21,Aug,Thu,Weekday,14,B02617,582
2014-08-21,Aug,Thu,Weekday,14,B02682,289
2014-08-21,Aug,Thu,Weekday,14,B02764,91
2014-08-21,Aug,Thu,Weekday,15,B02512,70
2014-08-21,Aug,Thu,Weekday,15,B02598,472
2014-08-21,Aug,Thu,Weekday,15,B02617,721
2014-08-21,Aug,Thu,Weekday,15,B02682,341
2014-08-21,Aug,Thu,Weekday,15,B02764,134
2014-08-21,Aug,Thu,Weekday,16,B02512,85
2014-08-21,Aug,Thu,Weekday,16,B02598,510
2014-08-21,Aug,Thu,Weekday,16,B02617,810
2014-08-21,Aug,Thu,Weekday,16,B02682,364
2014-08-21,Aug,Thu,Weekday,16,B02764,127
2014-08-21,Aug,Thu,Weekday,17,B02512,79
2014-08-21,Aug,Thu,Weekday,17,B02598,542
2014-08-21,Aug,Thu,Weekday,17,B02617,915
2014-08-21,Aug,Thu,Weekday,17,B02682,412
2014-08-21,Aug,Thu,Weekday,17,B02764,138
2014-08-21,Aug,Thu,Weekday,18,B02512,84
2014-08-21,Aug,Thu,Weekday,18,B02598,564
2014-08-21,Aug,Thu,Weekday,18,B02617,926
2014-08-21,Aug,Thu,Weekday,18,B02682,413
2014-08-21,Aug,Thu,Weekday,18,B02764,156
2014-08-21,Aug,Thu,Weekday,19,B02512,79
2014-08-21,Aug,Thu,Weekday,19,B02598,559
2014-08-21,Aug,Thu,Weekday,19,B02617,909
2014-08-21,Aug,Thu,Weekday,19,B02682,466
2014-08-21,Aug,Thu,Weekday,19,B02764,145
2014-08-21,Aug,Thu,Weekday,20,B02512,67
2014-08-21,Aug,Thu,Weekday,20,B02598,591
2014-08-21,Aug,Thu,Weekday,20,B02617,951
2014-08-21,Aug,Thu,Weekday,20,B02682,406
2014-08-21,Aug,Thu,Weekday,20,B02764,131
2014-08-21,Aug,Thu,Weekday,21,B02512,94
2014-08-21,Aug,Thu,Weekday,21,B02598,649
2014-08-21,Aug,Thu,Weekday,21,B02617,1014
2014-08-21,Aug,Thu,Weekday,21,B02682,485
2014-08-21,Aug,Thu,Weekday,21,B02764,165
2014-08-21,Aug,Thu,Weekday,22,B02512,94
2014-08-21,Aug,Thu,Weekday,22,B02598,687
2014-08-21,Aug,Thu,Weekday,22,B02617,1095
2014-08-21,Aug,Thu,Weekday,22,B02682,500
2014-08-21,Aug,Thu,Weekday,22,B02764,171
2014-08-21,Aug,Thu,Weekday,23,B02512,60
2014-08-21,Aug,Thu,Weekday,23,B02598,488
2014-08-21,Aug,Thu,Weekday,23,B02617,910
2014-08-21,Aug,Thu,Weekday,23,B02682,422
2014-08-21,Aug,Thu,Weekday,23,B02764,161
2014-08-22,Aug,Fri,Weekday,0,B02512,20
2014-08-22,Aug,Fri,Weekday,0,B02598,218
2014-08-22,Aug,Fri,Weekday,0,B02617,379
2014-08-22,Aug,Fri,Weekday,0,B02682,183
2014-08-22,Aug,Fri,Weekday,0,B02764,81
2014-08-22,Aug,Fri,Weekday,1,B02512,12
2014-08-22,Aug,Fri,Weekday,1,B02598,96
2014-08-22,Aug,Fri,Weekday,1,B02617,190
2014-08-22,Aug,Fri,Weekday,1,B02682,90
2014-08-22,Aug,Fri,Weekday,1,B02764,34
2014-08-22,Aug,Fri,Weekday,2,B02512,5
2014-08-22,Aug,Fri,Weekday,2,B02598,67
2014-08-22,Aug,Fri,Weekday,2,B02617,115
2014-08-22,Aug,Fri,Weekday,2,B02682,46
2014-08-22,Aug,Fri,Weekday,2,B02764,22
2014-08-22,Aug,Fri,Weekday,3,B02512,7
2014-08-22,Aug,Fri,Weekday,3,B02598,84
2014-08-22,Aug,Fri,Weekday,3,B02617,127
2014-08-22,Aug,Fri,Weekday,3,B02682,64
2014-08-22,Aug,Fri,Weekday,3,B02764,27
2014-08-22,Aug,Fri,Weekday,4,B02512,6
2014-08-22,Aug,Fri,Weekday,4,B02598,123
2014-08-22,Aug,Fri,Weekday,4,B02617,179
2014-08-22,Aug,Fri,Weekday,4,B02682,92
2014-08-22,Aug,Fri,Weekday,4,B02764,38
2014-08-22,Aug,Fri,Weekday,5,B02512,15
2014-08-22,Aug,Fri,Weekday,5,B02598,135
2014-08-22,Aug,Fri,Weekday,5,B02617,276
2014-08-22,Aug,Fri,Weekday,5,B02682,141
2014-08-22,Aug,Fri,Weekday,5,B02764,47
2014-08-22,Aug,Fri,Weekday,6,B02512,29
2014-08-22,Aug,Fri,Weekday,6,B02598,225
2014-08-22,Aug,Fri,Weekday,6,B02617,395
2014-08-22,Aug,Fri,Weekday,6,B02682,228
2014-08-22,Aug,Fri,Weekday,6,B02764,73
2014-08-22,Aug,Fri,Weekday,7,B02512,48
2014-08-22,Aug,Fri,Weekday,7,B02598,361
2014-08-22,Aug,Fri,Weekday,7,B02617,525
2014-08-22,Aug,Fri,Weekday,7,B02682,318
2014-08-22,Aug,Fri,Weekday,7,B02764,99
2014-08-22,Aug,Fri,Weekday,8,B02512,48
2014-08-22,Aug,Fri,Weekday,8,B02598,369
2014-08-22,Aug,Fri,Weekday,8,B02617,560
2014-08-22,Aug,Fri,Weekday,8,B02682,298
2014-08-22,Aug,Fri,Weekday,8,B02764,126
2014-08-22,Aug,Fri,Weekday,9,B02512,48
2014-08-22,Aug,Fri,Weekday,9,B02598,291
2014-08-22,Aug,Fri,Weekday,9,B02617,395
2014-08-22,Aug,Fri,Weekday,9,B02682,241
2014-08-22,Aug,Fri,Weekday,9,B02764,105
2014-08-22,Aug,Fri,Weekday,10,B02512,22
2014-08-22,Aug,Fri,Weekday,10,B02598,274
2014-08-22,Aug,Fri,Weekday,10,B02617,429
2014-08-22,Aug,Fri,Weekday,10,B02682,219
2014-08-22,Aug,Fri,Weekday,10,B02764,100
2014-08-22,Aug,Fri,Weekday,11,B02512,41
2014-08-22,Aug,Fri,Weekday,11,B02598,268
2014-08-22,Aug,Fri,Weekday,11,B02617,427
2014-08-22,Aug,Fri,Weekday,11,B02682,237
2014-08-22,Aug,Fri,Weekday,11,B02764,103
2014-08-22,Aug,Fri,Weekday,12,B02512,57
2014-08-22,Aug,Fri,Weekday,12,B02598,277
2014-08-22,Aug,Fri,Weekday,12,B02617,426
2014-08-22,Aug,Fri,Weekday,12,B02682,204
2014-08-22,Aug,Fri,Weekday,12,B02764,95
2014-08-22,Aug,Fri,Weekday,13,B02512,52
2014-08-22,Aug,Fri,Weekday,13,B02598,325
2014-08-22,Aug,Fri,Weekday,13,B02617,530
2014-08-22,Aug,Fri,Weekday,13,B02682,247
2014-08-22,Aug,Fri,Weekday,13,B02764,130
2014-08-22,Aug,Fri,Weekday,14,B02512,69
2014-08-22,Aug,Fri,Weekday,14,B02598,368
2014-08-22,Aug,Fri,Weekday,14,B02617,620
2014-08-22,Aug,Fri,Weekday,14,B02682,290
2014-08-22,Aug,Fri,Weekday,14,B02764,132
2014-08-22,Aug,Fri,Weekday,15,B02512,80
2014-08-22,Aug,Fri,Weekday,15,B02598,490
2014-08-22,Aug,Fri,Weekday,15,B02617,794
2014-08-22,Aug,Fri,Weekday,15,B02682,370
2014-08-22,Aug,Fri,Weekday,15,B02764,112
2014-08-22,Aug,Fri,Weekday,16,B02512,77
2014-08-22,Aug,Fri,Weekday,16,B02598,477
2014-08-22,Aug,Fri,Weekday,16,B02617,835
2014-08-22,Aug,Fri,Weekday,16,B02682,383
2014-08-22,Aug,Fri,Weekday,16,B02764,153
2014-08-22,Aug,Fri,Weekday,17,B02512,59
2014-08-22,Aug,Fri,Weekday,17,B02598,504
2014-08-22,Aug,Fri,Weekday,17,B02617,790
2014-08-22,Aug,Fri,Weekday,17,B02682,365
2014-08-22,Aug,Fri,Weekday,17,B02764,139
2014-08-22,Aug,Fri,Weekday,18,B02512,57
2014-08-22,Aug,Fri,Weekday,18,B02598,491
2014-08-22,Aug,Fri,Weekday,18,B02617,755
2014-08-22,Aug,Fri,Weekday,18,B02682,337
2014-08-22,Aug,Fri,Weekday,18,B02764,152
2014-08-22,Aug,Fri,Weekday,19,B02512,49
2014-08-22,Aug,Fri,Weekday,19,B02598,443
2014-08-22,Aug,Fri,Weekday,19,B02617,770
2014-08-22,Aug,Fri,Weekday,19,B02682,332
2014-08-22,Aug,Fri,Weekday,19,B02764,147
2014-08-22,Aug,Fri,Weekday,20,B02512,60
2014-08-22,Aug,Fri,Weekday,20,B02598,434
2014-08-22,Aug,Fri,Weekday,20,B02617,669
2014-08-22,Aug,Fri,Weekday,20,B02682,300
2014-08-22,Aug,Fri,Weekday,20,B02764,125
2014-08-22,Aug,Fri,Weekday,21,B02512,65
2014-08-22,Aug,Fri,Weekday,21,B02598,443
2014-08-22,Aug,Fri,Weekday,21,B02617,730
2014-08-22,Aug,Fri,Weekday,21,B02682,325
2014-08-22,Aug,Fri,Weekday,21,B02764,142
2014-08-22,Aug,Fri,Weekday,22,B02512,63
2014-08-22,Aug,Fri,Weekday,22,B02598,450
2014-08-22,Aug,Fri,Weekday,22,B02617,747
2014-08-22,Aug,Fri,Weekday,22,B02682,342
2014-08-22,Aug,Fri,Weekday,22,B02764,143
2014-08-22,Aug,Fri,Weekday,23,B02512,43
2014-08-22,Aug,Fri,Weekday,23,B02598,475
2014-08-22,Aug,Fri,Weekday,23,B02617,698
2014-08-22,Aug,Fri,Weekday,23,B02682,313
2014-08-22,Aug,Fri,Weekday,23,B02764,141
2014-08-23,Aug,Sat,Weekend,0,B02512,30
2014-08-23,Aug,Sat,Weekend,0,B02598,306
2014-08-23,Aug,Sat,Weekend,0,B02617,460
2014-08-23,Aug,Sat,Weekend,0,B02682,245
2014-08-23,Aug,Sat,Weekend,0,B02764,105
2014-08-23,Aug,Sat,Weekend,1,B02512,17
2014-08-23,Aug,Sat,Weekend,1,B02598,186
2014-08-23,Aug,Sat,Weekend,1,B02617,351
2014-08-23,Aug,Sat,Weekend,1,B02682,158
2014-08-23,Aug,Sat,Weekend,1,B02764,69
2014-08-23,Aug,Sat,Weekend,2,B02512,10
2014-08-23,Aug,Sat,Weekend,2,B02598,149
2014-08-23,Aug,Sat,Weekend,2,B02617,247
2014-08-23,Aug,Sat,Weekend,2,B02682,108
2014-08-23,Aug,Sat,Weekend,2,B02764,42
2014-08-23,Aug,Sat,Weekend,3,B02512,10
2014-08-23,Aug,Sat,Weekend,3,B02598,111
2014-08-23,Aug,Sat,Weekend,3,B02617,194
2014-08-23,Aug,Sat,Weekend,3,B02682,67
2014-08-23,Aug,Sat,Weekend,3,B02764,50
2014-08-23,Aug,Sat,Weekend,4,B02512,9
2014-08-23,Aug,Sat,Weekend,4,B02598,90
2014-08-23,Aug,Sat,Weekend,4,B02617,147
2014-08-23,Aug,Sat,Weekend,4,B02682,80
2014-08-23,Aug,Sat,Weekend,4,B02764,37
2014-08-23,Aug,Sat,Weekend,5,B02512,8
2014-08-23,Aug,Sat,Weekend,5,B02598,101
2014-08-23,Aug,Sat,Weekend,5,B02617,139
2014-08-23,Aug,Sat,Weekend,5,B02682,71
2014-08-23,Aug,Sat,Weekend,5,B02764,30
2014-08-23,Aug,Sat,Weekend,6,B02512,10
2014-08-23,Aug,Sat,Weekend,6,B02598,103
2014-08-23,Aug,Sat,Weekend,6,B02617,168
2014-08-23,Aug,Sat,Weekend,6,B02682,95
2014-08-23,Aug,Sat,Weekend,6,B02764,40
2014-08-23,Aug,Sat,Weekend,7,B02512,12
2014-08-23,Aug,Sat,Weekend,7,B02598,122
2014-08-23,Aug,Sat,Weekend,7,B02617,230
2014-08-23,Aug,Sat,Weekend,7,B02682,113
2014-08-23,Aug,Sat,Weekend,7,B02764,54
2014-08-23,Aug,Sat,Weekend,8,B02512,19
2014-08-23,Aug,Sat,Weekend,8,B02598,157
2014-08-23,Aug,Sat,Weekend,8,B02617,280
2014-08-23,Aug,Sat,Weekend,8,B02682,139
2014-08-23,Aug,Sat,Weekend,8,B02764,82
2014-08-23,Aug,Sat,Weekend,9,B02512,20
2014-08-23,Aug,Sat,Weekend,9,B02598,195
2014-08-23,Aug,Sat,Weekend,9,B02617,357
2014-08-23,Aug,Sat,Weekend,9,B02682,153
2014-08-23,Aug,Sat,Weekend,9,B02764,73
2014-08-23,Aug,Sat,Weekend,10,B02512,31
2014-08-23,Aug,Sat,Weekend,10,B02598,221
2014-08-23,Aug,Sat,Weekend,10,B02617,354
2014-08-23,Aug,Sat,Weekend,10,B02682,193
2014-08-23,Aug,Sat,Weekend,10,B02764,107
2014-08-23,Aug,Sat,Weekend,11,B02512,51
2014-08-23,Aug,Sat,Weekend,11,B02598,261
2014-08-23,Aug,Sat,Weekend,11,B02617,387
2014-08-23,Aug,Sat,Weekend,11,B02682,220
2014-08-23,Aug,Sat,Weekend,11,B02764,108
2014-08-23,Aug,Sat,Weekend,12,B02512,34
2014-08-23,Aug,Sat,Weekend,12,B02598,264
2014-08-23,Aug,Sat,Weekend,12,B02617,433
2014-08-23,Aug,Sat,Weekend,12,B02682,222
2014-08-23,Aug,Sat,Weekend,12,B02764,109
2014-08-23,Aug,Sat,Weekend,13,B02512,33
2014-08-23,Aug,Sat,Weekend,13,B02598,266
2014-08-23,Aug,Sat,Weekend,13,B02617,452
2014-08-23,Aug,Sat,Weekend,13,B02682,256
2014-08-23,Aug,Sat,Weekend,13,B02764,109
2014-08-23,Aug,Sat,Weekend,14,B02512,54
2014-08-23,Aug,Sat,Weekend,14,B02598,303
2014-08-23,Aug,Sat,Weekend,14,B02617,531
2014-08-23,Aug,Sat,Weekend,14,B02682,261
2014-08-23,Aug,Sat,Weekend,14,B02764,112
2014-08-23,Aug,Sat,Weekend,15,B02512,53
2014-08-23,Aug,Sat,Weekend,15,B02598,416
2014-08-23,Aug,Sat,Weekend,15,B02617,650
2014-08-23,Aug,Sat,Weekend,15,B02682,321
2014-08-23,Aug,Sat,Weekend,15,B02764,134
2014-08-23,Aug,Sat,Weekend,16,B02512,56
2014-08-23,Aug,Sat,Weekend,16,B02598,404
2014-08-23,Aug,Sat,Weekend,16,B02617,650
2014-08-23,Aug,Sat,Weekend,16,B02682,298
2014-08-23,Aug,Sat,Weekend,16,B02764,157
2014-08-23,Aug,Sat,Weekend,17,B02512,56
2014-08-23,Aug,Sat,Weekend,17,B02598,421
2014-08-23,Aug,Sat,Weekend,17,B02617,669
2014-08-23,Aug,Sat,Weekend,17,B02682,305
2014-08-23,Aug,Sat,Weekend,17,B02764,144
2014-08-23,Aug,Sat,Weekend,18,B02512,54
2014-08-23,Aug,Sat,Weekend,18,B02598,455
2014-08-23,Aug,Sat,Weekend,18,B02617,765
2014-08-23,Aug,Sat,Weekend,18,B02682,330
2014-08-23,Aug,Sat,Weekend,18,B02764,188
2014-08-23,Aug,Sat,Weekend,19,B02512,69
2014-08-23,Aug,Sat,Weekend,19,B02598,481
2014-08-23,Aug,Sat,Weekend,19,B02617,847
2014-08-23,Aug,Sat,Weekend,19,B02682,381
2014-08-23,Aug,Sat,Weekend,19,B02764,193
2014-08-23,Aug,Sat,Weekend,20,B02512,53
2014-08-23,Aug,Sat,Weekend,20,B02598,458
2014-08-23,Aug,Sat,Weekend,20,B02617,723
2014-08-23,Aug,Sat,Weekend,20,B02682,339
2014-08-23,Aug,Sat,Weekend,20,B02764,158
2014-08-23,Aug,Sat,Weekend,21,B02512,70
2014-08-23,Aug,Sat,Weekend,21,B02598,459
2014-08-23,Aug,Sat,Weekend,21,B02617,755
2014-08-23,Aug,Sat,Weekend,21,B02682,373
2014-08-23,Aug,Sat,Weekend,21,B02764,163
2014-08-23,Aug,Sat,Weekend,22,B02512,69
2014-08-23,Aug,Sat,Weekend,22,B02598,490
2014-08-23,Aug,Sat,Weekend,22,B02617,857
2014-08-23,Aug,Sat,Weekend,22,B02682,375
2014-08-23,Aug,Sat,Weekend,22,B02764,161
2014-08-23,Aug,Sat,Weekend,23,B02512,51
2014-08-23,Aug,Sat,Weekend,23,B02598,433
2014-08-23,Aug,Sat,Weekend,23,B02617,709
2014-08-23,Aug,Sat,Weekend,23,B02682,346
2014-08-23,Aug,Sat,Weekend,23,B02764,137
2014-08-24,Aug,Sun,Weekend,0,B02512,30
2014-08-24,Aug,Sun,Weekend,0,B02598,352
2014-08-24,Aug,Sun,Weekend,0,B02617,584
2014-08-24,Aug,Sun,Weekend,0,B02682,264
2014-08-24,Aug,Sun,Weekend,0,B02764,124
2014-08-24,Aug,Sun,Weekend,1,B02512,22
2014-08-24,Aug,Sun,Weekend,1,B02598,238
2014-08-24,Aug,Sun,Weekend,1,B02617,471
2014-08-24,Aug,Sun,Weekend,1,B02682,208
2014-08-24,Aug,Sun,Weekend,1,B02764,96
2014-08-24,Aug,Sun,Weekend,2,B02512,15
2014-08-24,Aug,Sun,Weekend,2,B02598,164
2014-08-24,Aug,Sun,Weekend,2,B02617,341
2014-08-24,Aug,Sun,Weekend,2,B02682,147
2014-08-24,Aug,Sun,Weekend,2,B02764,69
2014-08-24,Aug,Sun,Weekend,3,B02512,10
2014-08-24,Aug,Sun,Weekend,3,B02598,113
2014-08-24,Aug,Sun,Weekend,3,B02617,219
2014-08-24,Aug,Sun,Weekend,3,B02682,91
2014-08-24,Aug,Sun,Weekend,3,B02764,44
2014-08-24,Aug,Sun,Weekend,4,B02512,6
2014-08-24,Aug,Sun,Weekend,4,B02598,93
2014-08-24,Aug,Sun,Weekend,4,B02617,149
2014-08-24,Aug,Sun,Weekend,4,B02682,66
2014-08-24,Aug,Sun,Weekend,4,B02764,24
2014-08-24,Aug,Sun,Weekend,5,B02512,9
2014-08-24,Aug,Sun,Weekend,5,B02598,86
2014-08-24,Aug,Sun,Weekend,5,B02617,128
2014-08-24,Aug,Sun,Weekend,5,B02682,56
2014-08-24,Aug,Sun,Weekend,5,B02764,25
2014-08-24,Aug,Sun,Weekend,6,B02512,12
2014-08-24,Aug,Sun,Weekend,6,B02598,87
2014-08-24,Aug,Sun,Weekend,6,B02617,153
2014-08-24,Aug,Sun,Weekend,6,B02682,76
2014-08-24,Aug,Sun,Weekend,6,B02764,22
2014-08-24,Aug,Sun,Weekend,7,B02512,13
2014-08-24,Aug,Sun,Weekend,7,B02598,129
2014-08-24,Aug,Sun,Weekend,7,B02617,180
2014-08-24,Aug,Sun,Weekend,7,B02682,87
2014-08-24,Aug,Sun,Weekend,7,B02764,47
2014-08-24,Aug,Sun,Weekend,8,B02512,28
2014-08-24,Aug,Sun,Weekend,8,B02598,154
2014-08-24,Aug,Sun,Weekend,8,B02617,260
2014-08-24,Aug,Sun,Weekend,8,B02682,119
2014-08-24,Aug,Sun,Weekend,8,B02764,61
2014-08-24,Aug,Sun,Weekend,9,B02512,35
2014-08-24,Aug,Sun,Weekend,9,B02598,198
2014-08-24,Aug,Sun,Weekend,9,B02617,310
2014-08-24,Aug,Sun,Weekend,9,B02682,159
2014-08-24,Aug,Sun,Weekend,9,B02764,90
2014-08-24,Aug,Sun,Weekend,10,B02512,37
2014-08-24,Aug,Sun,Weekend,10,B02598,232
2014-08-24,Aug,Sun,Weekend,10,B02617,396
2014-08-24,Aug,Sun,Weekend,10,B02682,183
2014-08-24,Aug,Sun,Weekend,10,B02764,76
2014-08-24,Aug,Sun,Weekend,11,B02512,30
2014-08-24,Aug,Sun,Weekend,11,B02598,250
2014-08-24,Aug,Sun,Weekend,11,B02617,449
2014-08-24,Aug,Sun,Weekend,11,B02682,202
2014-08-24,Aug,Sun,Weekend,11,B02764,80
2014-08-24,Aug,Sun,Weekend,12,B02512,38
2014-08-24,Aug,Sun,Weekend,12,B02598,265
2014-08-24,Aug,Sun,Weekend,12,B02617,440
2014-08-24,Aug,Sun,Weekend,12,B02682,197
2014-08-24,Aug,Sun,Weekend,12,B02764,84
2014-08-24,Aug,Sun,Weekend,13,B02512,46
2014-08-24,Aug,Sun,Weekend,13,B02598,283
2014-08-24,Aug,Sun,Weekend,13,B02617,498
2014-08-24,Aug,Sun,Weekend,13,B02682,229
2014-08-24,Aug,Sun,Weekend,13,B02764,88
2014-08-24,Aug,Sun,Weekend,14,B02512,45
2014-08-24,Aug,Sun,Weekend,14,B02598,323
2014-08-24,Aug,Sun,Weekend,14,B02617,488
2014-08-24,Aug,Sun,Weekend,14,B02682,223
2014-08-24,Aug,Sun,Weekend,14,B02764,106
2014-08-24,Aug,Sun,Weekend,15,B02512,53
2014-08-24,Aug,Sun,Weekend,15,B02598,365
2014-08-24,Aug,Sun,Weekend,15,B02617,545
2014-08-24,Aug,Sun,Weekend,15,B02682,280
2014-08-24,Aug,Sun,Weekend,15,B02764,97
2014-08-24,Aug,Sun,Weekend,16,B02512,57
2014-08-24,Aug,Sun,Weekend,16,B02598,362
2014-08-24,Aug,Sun,Weekend,16,B02617,571
2014-08-24,Aug,Sun,Weekend,16,B02682,278
2014-08-24,Aug,Sun,Weekend,16,B02764,109
2014-08-24,Aug,Sun,Weekend,17,B02512,52
2014-08-24,Aug,Sun,Weekend,17,B02598,378
2014-08-24,Aug,Sun,Weekend,17,B02617,583
2014-08-24,Aug,Sun,Weekend,17,B02682,279
2014-08-24,Aug,Sun,Weekend,17,B02764,111
2014-08-24,Aug,Sun,Weekend,18,B02512,39
2014-08-24,Aug,Sun,Weekend,18,B02598,319
2014-08-24,Aug,Sun,Weekend,18,B02617,543
2014-08-24,Aug,Sun,Weekend,18,B02682,240
2014-08-24,Aug,Sun,Weekend,18,B02764,106
2014-08-24,Aug,Sun,Weekend,19,B02512,48
2014-08-24,Aug,Sun,Weekend,19,B02598,322
2014-08-24,Aug,Sun,Weekend,19,B02617,539
2014-08-24,Aug,Sun,Weekend,19,B02682,241
2014-08-24,Aug,Sun,Weekend,19,B02764,94
2014-08-24,Aug,Sun,Weekend,20,B02512,50
2014-08-24,Aug,Sun,Weekend,20,B02598,293
2014-08-24,Aug,Sun,Weekend,20,B02617,497
2014-08-24,Aug,Sun,Weekend,20,B02682,213
2014-08-24,Aug,Sun,Weekend,20,B02764,85
2014-08-24,Aug,Sun,Weekend,21,B02512,49
2014-08-24,Aug,Sun,Weekend,21,B02598,254
2014-08-24,Aug,Sun,Weekend,21,B02617,458
2014-08-24,Aug,Sun,Weekend,21,B02682,215
2014-08-24,Aug,Sun,Weekend,21,B02764,82
2014-08-24,Aug,Sun,Weekend,22,B02512,34
2014-08-24,Aug,Sun,Weekend,22,B02598,232
2014-08-24,Aug,Sun,Weekend,22,B02617,414
2014-08-24,Aug,Sun,Weekend,22,B02682,173
2014-08-24,Aug,Sun,Weekend,22,B02764,80
2014-08-24,Aug,Sun,Weekend,23,B02512,11
2014-08-24,Aug,Sun,Weekend,23,B02598,139
2014-08-24,Aug,Sun,Weekend,23,B02617,259
2014-08-24,Aug,Sun,Weekend,23,B02682,103
2014-08-24,Aug,Sun,Weekend,23,B02764,32
2014-08-25,Aug,Mon,Weekday,0,B02512,10
2014-08-25,Aug,Mon,Weekday,0,B02598,61
2014-08-25,Aug,Mon,Weekday,0,B02617,125
2014-08-25,Aug,Mon,Weekday,0,B02682,46
2014-08-25,Aug,Mon,Weekday,0,B02764,15
2014-08-25,Aug,Mon,Weekday,1,B02512,6
2014-08-25,Aug,Mon,Weekday,1,B02598,39
2014-08-25,Aug,Mon,Weekday,1,B02617,78
2014-08-25,Aug,Mon,Weekday,1,B02682,34
2014-08-25,Aug,Mon,Weekday,1,B02764,13
2014-08-25,Aug,Mon,Weekday,2,B02512,4
2014-08-25,Aug,Mon,Weekday,2,B02598,32
2014-08-25,Aug,Mon,Weekday,2,B02617,80
2014-08-25,Aug,Mon,Weekday,2,B02682,24
2014-08-25,Aug,Mon,Weekday,2,B02764,9
2014-08-25,Aug,Mon,Weekday,3,B02512,8
2014-08-25,Aug,Mon,Weekday,3,B02598,92
2014-08-25,Aug,Mon,Weekday,3,B02617,120
2014-08-25,Aug,Mon,Weekday,3,B02682,63
2014-08-25,Aug,Mon,Weekday,3,B02764,22
2014-08-25,Aug,Mon,Weekday,4,B02512,18
2014-08-25,Aug,Mon,Weekday,4,B02598,142
2014-08-25,Aug,Mon,Weekday,4,B02617,206
2014-08-25,Aug,Mon,Weekday,4,B02682,106
2014-08-25,Aug,Mon,Weekday,4,B02764,52
2014-08-25,Aug,Mon,Weekday,5,B02512,23
2014-08-25,Aug,Mon,Weekday,5,B02598,166
2014-08-25,Aug,Mon,Weekday,5,B02617,301
2014-08-25,Aug,Mon,Weekday,5,B02682,154
2014-08-25,Aug,Mon,Weekday,5,B02764,66
2014-08-25,Aug,Mon,Weekday,6,B02512,30
2014-08-25,Aug,Mon,Weekday,6,B02598,236
2014-08-25,Aug,Mon,Weekday,6,B02617,399
2014-08-25,Aug,Mon,Weekday,6,B02682,227
2014-08-25,Aug,Mon,Weekday,6,B02764,114
2014-08-25,Aug,Mon,Weekday,7,B02512,35
2014-08-25,Aug,Mon,Weekday,7,B02598,291
2014-08-25,Aug,Mon,Weekday,7,B02617,561
2014-08-25,Aug,Mon,Weekday,7,B02682,286
2014-08-25,Aug,Mon,Weekday,7,B02764,120
2014-08-25,Aug,Mon,Weekday,8,B02512,37
2014-08-25,Aug,Mon,Weekday,8,B02598,282
2014-08-25,Aug,Mon,Weekday,8,B02617,506
2014-08-25,Aug,Mon,Weekday,8,B02682,290
2014-08-25,Aug,Mon,Weekday,8,B02764,134
2014-08-25,Aug,Mon,Weekday,9,B02512,26
2014-08-25,Aug,Mon,Weekday,9,B02598,237
2014-08-25,Aug,Mon,Weekday,9,B02617,373
2014-08-25,Aug,Mon,Weekday,9,B02682,203
2014-08-25,Aug,Mon,Weekday,9,B02764,98
2014-08-25,Aug,Mon,Weekday,10,B02512,36
2014-08-25,Aug,Mon,Weekday,10,B02598,205
2014-08-25,Aug,Mon,Weekday,10,B02617,352
2014-08-25,Aug,Mon,Weekday,10,B02682,156
2014-08-25,Aug,Mon,Weekday,10,B02764,84
2014-08-25,Aug,Mon,Weekday,11,B02512,32
2014-08-25,Aug,Mon,Weekday,11,B02598,207
2014-08-25,Aug,Mon,Weekday,11,B02617,341
2014-08-25,Aug,Mon,Weekday,11,B02682,158
2014-08-25,Aug,Mon,Weekday,11,B02764,98
2014-08-25,Aug,Mon,Weekday,12,B02512,31
2014-08-25,Aug,Mon,Weekday,12,B02598,230
2014-08-25,Aug,Mon,Weekday,12,B02617,337
2014-08-25,Aug,Mon,Weekday,12,B02682,181
2014-08-25,Aug,Mon,Weekday,12,B02764,96
2014-08-25,Aug,Mon,Weekday,13,B02512,36
2014-08-25,Aug,Mon,Weekday,13,B02598,248
2014-08-25,Aug,Mon,Weekday,13,B02617,389
2014-08-25,Aug,Mon,Weekday,13,B02682,185
2014-08-25,Aug,Mon,Weekday,13,B02764,98
2014-08-25,Aug,Mon,Weekday,14,B02512,41
2014-08-25,Aug,Mon,Weekday,14,B02598,266
2014-08-25,Aug,Mon,Weekday,14,B02617,458
2014-08-25,Aug,Mon,Weekday,14,B02682,237
2014-08-25,Aug,Mon,Weekday,14,B02764,86
2014-08-25,Aug,Mon,Weekday,15,B02512,52
2014-08-25,Aug,Mon,Weekday,15,B02598,334
2014-08-25,Aug,Mon,Weekday,15,B02617,537
2014-08-25,Aug,Mon,Weekday,15,B02682,271
2014-08-25,Aug,Mon,Weekday,15,B02764,147
2014-08-25,Aug,Mon,Weekday,16,B02512,59
2014-08-25,Aug,Mon,Weekday,16,B02598,357
2014-08-25,Aug,Mon,Weekday,16,B02617,601
2014-08-25,Aug,Mon,Weekday,16,B02682,277
2014-08-25,Aug,Mon,Weekday,16,B02764,118
2014-08-25,Aug,Mon,Weekday,17,B02512,62
2014-08-25,Aug,Mon,Weekday,17,B02598,386
2014-08-25,Aug,Mon,Weekday,17,B02617,603
2014-08-25,Aug,Mon,Weekday,17,B02682,277
2014-08-25,Aug,Mon,Weekday,17,B02764,132
2014-08-25,Aug,Mon,Weekday,18,B02512,52
2014-08-25,Aug,Mon,Weekday,18,B02598,346
2014-08-25,Aug,Mon,Weekday,18,B02617,603
2014-08-25,Aug,Mon,Weekday,18,B02682,252
2014-08-25,Aug,Mon,Weekday,18,B02764,147
2014-08-25,Aug,Mon,Weekday,19,B02512,52
2014-08-25,Aug,Mon,Weekday,19,B02598,364
2014-08-25,Aug,Mon,Weekday,19,B02617,564
2014-08-25,Aug,Mon,Weekday,19,B02682,255
2014-08-25,Aug,Mon,Weekday,19,B02764,112
2014-08-25,Aug,Mon,Weekday,20,B02512,51
2014-08-25,Aug,Mon,Weekday,20,B02598,352
2014-08-25,Aug,Mon,Weekday,20,B02617,560
2014-08-25,Aug,Mon,Weekday,20,B02682,243
2014-08-25,Aug,Mon,Weekday,20,B02764,114
2014-08-25,Aug,Mon,Weekday,21,B02512,41
2014-08-25,Aug,Mon,Weekday,21,B02598,295
2014-08-25,Aug,Mon,Weekday,21,B02617,547
2014-08-25,Aug,Mon,Weekday,21,B02682,220
2014-08-25,Aug,Mon,Weekday,21,B02764,99
2014-08-25,Aug,Mon,Weekday,22,B02512,25
2014-08-25,Aug,Mon,Weekday,22,B02598,222
2014-08-25,Aug,Mon,Weekday,22,B02617,384
2014-08-25,Aug,Mon,Weekday,22,B02682,194
2014-08-25,Aug,Mon,Weekday,22,B02764,70
2014-08-25,Aug,Mon,Weekday,23,B02512,10
2014-08-25,Aug,Mon,Weekday,23,B02598,131
2014-08-25,Aug,Mon,Weekday,23,B02617,241
2014-08-25,Aug,Mon,Weekday,23,B02682,106
2014-08-25,Aug,Mon,Weekday,23,B02764,40
2014-08-26,Aug,Tue,Weekday,0,B02512,10
2014-08-26,Aug,Tue,Weekday,0,B02598,49
2014-08-26,Aug,Tue,Weekday,0,B02617,86
2014-08-26,Aug,Tue,Weekday,0,B02682,69
2014-08-26,Aug,Tue,Weekday,0,B02764,19
2014-08-26,Aug,Tue,Weekday,1,B02512,8
2014-08-26,Aug,Tue,Weekday,1,B02598,39
2014-08-26,Aug,Tue,Weekday,1,B02617,74
2014-08-26,Aug,Tue,Weekday,1,B02682,38
2014-08-26,Aug,Tue,Weekday,1,B02764,13
2014-08-26,Aug,Tue,Weekday,2,B02512,1
2014-08-26,Aug,Tue,Weekday,2,B02598,34
2014-08-26,Aug,Tue,Weekday,2,B02617,52
2014-08-26,Aug,Tue,Weekday,2,B02682,32
2014-08-26,Aug,Tue,Weekday,2,B02764,11
2014-08-26,Aug,Tue,Weekday,3,B02512,7
2014-08-26,Aug,Tue,Weekday,3,B02598,60
2014-08-26,Aug,Tue,Weekday,3,B02617,69
2014-08-26,Aug,Tue,Weekday,3,B02682,44
2014-08-26,Aug,Tue,Weekday,3,B02764,20
2014-08-26,Aug,Tue,Weekday,4,B02512,9
2014-08-26,Aug,Tue,Weekday,4,B02598,72
2014-08-26,Aug,Tue,Weekday,4,B02617,137
2014-08-26,Aug,Tue,Weekday,4,B02682,65
2014-08-26,Aug,Tue,Weekday,4,B02764,38
2014-08-26,Aug,Tue,Weekday,5,B02512,15
2014-08-26,Aug,Tue,Weekday,5,B02598,126
2014-08-26,Aug,Tue,Weekday,5,B02617,227
2014-08-26,Aug,Tue,Weekday,5,B02682,132
2014-08-26,Aug,Tue,Weekday,5,B02764,71
2014-08-26,Aug,Tue,Weekday,6,B02512,35
2014-08-26,Aug,Tue,Weekday,6,B02598,226
2014-08-26,Aug,Tue,Weekday,6,B02617,395
2014-08-26,Aug,Tue,Weekday,6,B02682,229
2014-08-26,Aug,Tue,Weekday,6,B02764,89
2014-08-26,Aug,Tue,Weekday,7,B02512,55
2014-08-26,Aug,Tue,Weekday,7,B02598,307
2014-08-26,Aug,Tue,Weekday,7,B02617,572
2014-08-26,Aug,Tue,Weekday,7,B02682,307
2014-08-26,Aug,Tue,Weekday,7,B02764,154
2014-08-26,Aug,Tue,Weekday,8,B02512,56
2014-08-26,Aug,Tue,Weekday,8,B02598,274
2014-08-26,Aug,Tue,Weekday,8,B02617,502
2014-08-26,Aug,Tue,Weekday,8,B02682,294
2014-08-26,Aug,Tue,Weekday,8,B02764,155
2014-08-26,Aug,Tue,Weekday,9,B02512,41
2014-08-26,Aug,Tue,Weekday,9,B02598,239
2014-08-26,Aug,Tue,Weekday,9,B02617,462
2014-08-26,Aug,Tue,Weekday,9,B02682,203
2014-08-26,Aug,Tue,Weekday,9,B02764,116
2014-08-26,Aug,Tue,Weekday,10,B02512,42
2014-08-26,Aug,Tue,Weekday,10,B02598,219
2014-08-26,Aug,Tue,Weekday,10,B02617,386
2014-08-26,Aug,Tue,Weekday,10,B02682,208
2014-08-26,Aug,Tue,Weekday,10,B02764,109
2014-08-26,Aug,Tue,Weekday,11,B02512,47
2014-08-26,Aug,Tue,Weekday,11,B02598,209
2014-08-26,Aug,Tue,Weekday,11,B02617,413
2014-08-26,Aug,Tue,Weekday,11,B02682,201
2014-08-26,Aug,Tue,Weekday,11,B02764,114
2014-08-26,Aug,Tue,Weekday,12,B02512,41
2014-08-26,Aug,Tue,Weekday,12,B02598,217
2014-08-26,Aug,Tue,Weekday,12,B02617,384
2014-08-26,Aug,Tue,Weekday,12,B02682,215
2014-08-26,Aug,Tue,Weekday,12,B02764,113
2014-08-26,Aug,Tue,Weekday,13,B02512,46
2014-08-26,Aug,Tue,Weekday,13,B02598,283
2014-08-26,Aug,Tue,Weekday,13,B02617,440
2014-08-26,Aug,Tue,Weekday,13,B02682,249
2014-08-26,Aug,Tue,Weekday,13,B02764,118
2014-08-26,Aug,Tue,Weekday,14,B02512,44
2014-08-26,Aug,Tue,Weekday,14,B02598,310
2014-08-26,Aug,Tue,Weekday,14,B02617,484
2014-08-26,Aug,Tue,Weekday,14,B02682,265
2014-08-26,Aug,Tue,Weekday,14,B02764,113
2014-08-26,Aug,Tue,Weekday,15,B02512,44
2014-08-26,Aug,Tue,Weekday,15,B02598,378
2014-08-26,Aug,Tue,Weekday,15,B02617,559
2014-08-26,Aug,Tue,Weekday,15,B02682,288
2014-08-26,Aug,Tue,Weekday,15,B02764,125
2014-08-26,Aug,Tue,Weekday,16,B02512,52
2014-08-26,Aug,Tue,Weekday,16,B02598,453
2014-08-26,Aug,Tue,Weekday,16,B02617,668
2014-08-26,Aug,Tue,Weekday,16,B02682,323
2014-08-26,Aug,Tue,Weekday,16,B02764,166
2014-08-26,Aug,Tue,Weekday,17,B02512,73
2014-08-26,Aug,Tue,Weekday,17,B02598,460
2014-08-26,Aug,Tue,Weekday,17,B02617,721
2014-08-26,Aug,Tue,Weekday,17,B02682,356
2014-08-26,Aug,Tue,Weekday,17,B02764,168
2014-08-26,Aug,Tue,Weekday,18,B02512,58
2014-08-26,Aug,Tue,Weekday,18,B02598,414
2014-08-26,Aug,Tue,Weekday,18,B02617,632
2014-08-26,Aug,Tue,Weekday,18,B02682,313
2014-08-26,Aug,Tue,Weekday,18,B02764,144
2014-08-26,Aug,Tue,Weekday,19,B02512,59
2014-08-26,Aug,Tue,Weekday,19,B02598,398
2014-08-26,Aug,Tue,Weekday,19,B02617,656
2014-08-26,Aug,Tue,Weekday,19,B02682,365
2014-08-26,Aug,Tue,Weekday,19,B02764,150
2014-08-26,Aug,Tue,Weekday,20,B02512,74
2014-08-26,Aug,Tue,Weekday,20,B02598,396
2014-08-26,Aug,Tue,Weekday,20,B02617,663
2014-08-26,Aug,Tue,Weekday,20,B02682,315
2014-08-26,Aug,Tue,Weekday,20,B02764,151
2014-08-26,Aug,Tue,Weekday,21,B02512,68
2014-08-26,Aug,Tue,Weekday,21,B02598,410
2014-08-26,Aug,Tue,Weekday,21,B02617,635
2014-08-26,Aug,Tue,Weekday,21,B02682,319
2014-08-26,Aug,Tue,Weekday,21,B02764,128
2014-08-26,Aug,Tue,Weekday,22,B02512,43
2014-08-26,Aug,Tue,Weekday,22,B02598,282
2014-08-26,Aug,Tue,Weekday,22,B02617,495
2014-08-26,Aug,Tue,Weekday,22,B02682,217
2014-08-26,Aug,Tue,Weekday,22,B02764,106
2014-08-26,Aug,Tue,Weekday,23,B02512,15
2014-08-26,Aug,Tue,Weekday,23,B02598,160
2014-08-26,Aug,Tue,Weekday,23,B02617,240
2014-08-26,Aug,Tue,Weekday,23,B02682,151
2014-08-26,Aug,Tue,Weekday,23,B02764,51
2014-08-27,Aug,Wed,Weekday,0,B02512,7
2014-08-27,Aug,Wed,Weekday,0,B02598,80
2014-08-27,Aug,Wed,Weekday,0,B02617,125
2014-08-27,Aug,Wed,Weekday,0,B02682,67
2014-08-27,Aug,Wed,Weekday,0,B02764,37
2014-08-27,Aug,Wed,Weekday,1,B02512,3
2014-08-27,Aug,Wed,Weekday,1,B02598,43
2014-08-27,Aug,Wed,Weekday,1,B02617,84
2014-08-27,Aug,Wed,Weekday,1,B02682,67
2014-08-27,Aug,Wed,Weekday,1,B02764,17
2014-08-27,Aug,Wed,Weekday,2,B02512,1
2014-08-27,Aug,Wed,Weekday,2,B02598,33
2014-08-27,Aug,Wed,Weekday,2,B02617,48
2014-08-27,Aug,Wed,Weekday,2,B02682,40
2014-08-27,Aug,Wed,Weekday,2,B02764,13
2014-08-27,Aug,Wed,Weekday,3,B02512,3
2014-08-27,Aug,Wed,Weekday,3,B02598,52
2014-08-27,Aug,Wed,Weekday,3,B02617,85
2014-08-27,Aug,Wed,Weekday,3,B02682,52
2014-08-27,Aug,Wed,Weekday,3,B02764,26
2014-08-27,Aug,Wed,Weekday,4,B02512,7
2014-08-27,Aug,Wed,Weekday,4,B02598,79
2014-08-27,Aug,Wed,Weekday,4,B02617,117
2014-08-27,Aug,Wed,Weekday,4,B02682,79
2014-08-27,Aug,Wed,Weekday,4,B02764,41
2014-08-27,Aug,Wed,Weekday,5,B02512,13
2014-08-27,Aug,Wed,Weekday,5,B02598,139
2014-08-27,Aug,Wed,Weekday,5,B02617,249
2014-08-27,Aug,Wed,Weekday,5,B02682,129
2014-08-27,Aug,Wed,Weekday,5,B02764,64
2014-08-27,Aug,Wed,Weekday,6,B02512,27
2014-08-27,Aug,Wed,Weekday,6,B02598,218
2014-08-27,Aug,Wed,Weekday,6,B02617,378
2014-08-27,Aug,Wed,Weekday,6,B02682,209
2014-08-27,Aug,Wed,Weekday,6,B02764,103
2014-08-27,Aug,Wed,Weekday,7,B02512,39
2014-08-27,Aug,Wed,Weekday,7,B02598,371
2014-08-27,Aug,Wed,Weekday,7,B02617,545
2014-08-27,Aug,Wed,Weekday,7,B02682,316
2014-08-27,Aug,Wed,Weekday,7,B02764,154
2014-08-27,Aug,Wed,Weekday,8,B02512,46
2014-08-27,Aug,Wed,Weekday,8,B02598,347
2014-08-27,Aug,Wed,Weekday,8,B02617,515
2014-08-27,Aug,Wed,Weekday,8,B02682,307
2014-08-27,Aug,Wed,Weekday,8,B02764,159
2014-08-27,Aug,Wed,Weekday,9,B02512,37
2014-08-27,Aug,Wed,Weekday,9,B02598,244
2014-08-27,Aug,Wed,Weekday,9,B02617,419
2014-08-27,Aug,Wed,Weekday,9,B02682,263
2014-08-27,Aug,Wed,Weekday,9,B02764,111
2014-08-27,Aug,Wed,Weekday,10,B02512,51
2014-08-27,Aug,Wed,Weekday,10,B02598,263
2014-08-27,Aug,Wed,Weekday,10,B02617,453
2014-08-27,Aug,Wed,Weekday,10,B02682,219
2014-08-27,Aug,Wed,Weekday,10,B02764,111
2014-08-27,Aug,Wed,Weekday,11,B02512,34
2014-08-27,Aug,Wed,Weekday,11,B02598,243
2014-08-27,Aug,Wed,Weekday,11,B02617,437
2014-08-27,Aug,Wed,Weekday,11,B02682,218
2014-08-27,Aug,Wed,Weekday,11,B02764,120
2014-08-27,Aug,Wed,Weekday,12,B02512,50
2014-08-27,Aug,Wed,Weekday,12,B02598,272
2014-08-27,Aug,Wed,Weekday,12,B02617,441
2014-08-27,Aug,Wed,Weekday,12,B02682,220
2014-08-27,Aug,Wed,Weekday,12,B02764,122
2014-08-27,Aug,Wed,Weekday,13,B02512,46
2014-08-27,Aug,Wed,Weekday,13,B02598,327
2014-08-27,Aug,Wed,Weekday,13,B02617,458
2014-08-27,Aug,Wed,Weekday,13,B02682,227
2014-08-27,Aug,Wed,Weekday,13,B02764,132
2014-08-27,Aug,Wed,Weekday,14,B02512,39
2014-08-27,Aug,Wed,Weekday,14,B02598,298
2014-08-27,Aug,Wed,Weekday,14,B02617,522
2014-08-27,Aug,Wed,Weekday,14,B02682,257
2014-08-27,Aug,Wed,Weekday,14,B02764,151
2014-08-27,Aug,Wed,Weekday,15,B02512,60
2014-08-27,Aug,Wed,Weekday,15,B02598,374
2014-08-27,Aug,Wed,Weekday,15,B02617,625
2014-08-27,Aug,Wed,Weekday,15,B02682,338
2014-08-27,Aug,Wed,Weekday,15,B02764,161
2014-08-27,Aug,Wed,Weekday,16,B02512,63
2014-08-27,Aug,Wed,Weekday,16,B02598,498
2014-08-27,Aug,Wed,Weekday,16,B02617,727
2014-08-27,Aug,Wed,Weekday,16,B02682,331
2014-08-27,Aug,Wed,Weekday,16,B02764,176
2014-08-27,Aug,Wed,Weekday,17,B02512,82
2014-08-27,Aug,Wed,Weekday,17,B02598,506
2014-08-27,Aug,Wed,Weekday,17,B02617,773
2014-08-27,Aug,Wed,Weekday,17,B02682,381
2014-08-27,Aug,Wed,Weekday,17,B02764,164
2014-08-27,Aug,Wed,Weekday,18,B02512,65
2014-08-27,Aug,Wed,Weekday,18,B02598,503
2014-08-27,Aug,Wed,Weekday,18,B02617,800
2014-08-27,Aug,Wed,Weekday,18,B02682,349
2014-08-27,Aug,Wed,Weekday,18,B02764,148
2014-08-27,Aug,Wed,Weekday,19,B02512,67
2014-08-27,Aug,Wed,Weekday,19,B02598,438
2014-08-27,Aug,Wed,Weekday,19,B02617,786
2014-08-27,Aug,Wed,Weekday,19,B02682,345
2014-08-27,Aug,Wed,Weekday,19,B02764,159
2014-08-27,Aug,Wed,Weekday,20,B02512,59
2014-08-27,Aug,Wed,Weekday,20,B02598,486
2014-08-27,Aug,Wed,Weekday,20,B02617,769
2014-08-27,Aug,Wed,Weekday,20,B02682,332
2014-08-27,Aug,Wed,Weekday,20,B02764,162
2014-08-27,Aug,Wed,Weekday,21,B02512,69
2014-08-27,Aug,Wed,Weekday,21,B02598,480
2014-08-27,Aug,Wed,Weekday,21,B02617,802
2014-08-27,Aug,Wed,Weekday,21,B02682,367
2014-08-27,Aug,Wed,Weekday,21,B02764,149
2014-08-27,Aug,Wed,Weekday,22,B02512,40
2014-08-27,Aug,Wed,Weekday,22,B02598,342
2014-08-27,Aug,Wed,Weekday,22,B02617,550
2014-08-27,Aug,Wed,Weekday,22,B02682,272
2014-08-27,Aug,Wed,Weekday,22,B02764,117
2014-08-27,Aug,Wed,Weekday,23,B02512,22
2014-08-27,Aug,Wed,Weekday,23,B02598,192
2014-08-27,Aug,Wed,Weekday,23,B02617,339
2014-08-27,Aug,Wed,Weekday,23,B02682,168
2014-08-27,Aug,Wed,Weekday,23,B02764,63
2014-08-28,Aug,Thu,Weekday,0,B02512,7
2014-08-28,Aug,Thu,Weekday,0,B02598,95
2014-08-28,Aug,Thu,Weekday,0,B02617,172
2014-08-28,Aug,Thu,Weekday,0,B02682,92
2014-08-28,Aug,Thu,Weekday,0,B02764,40
2014-08-28,Aug,Thu,Weekday,1,B02512,8
2014-08-28,Aug,Thu,Weekday,1,B02598,39
2014-08-28,Aug,Thu,Weekday,1,B02617,109
2014-08-28,Aug,Thu,Weekday,1,B02682,58
2014-08-28,Aug,Thu,Weekday,1,B02764,20
2014-08-28,Aug,Thu,Weekday,2,B02512,5
2014-08-28,Aug,Thu,Weekday,2,B02598,32
2014-08-28,Aug,Thu,Weekday,2,B02617,76
2014-08-28,Aug,Thu,Weekday,2,B02682,37
2014-08-28,Aug,Thu,Weekday,2,B02764,27
2014-08-28,Aug,Thu,Weekday,3,B02512,6
2014-08-28,Aug,Thu,Weekday,3,B02598,57
2014-08-28,Aug,Thu,Weekday,3,B02617,101
2014-08-28,Aug,Thu,Weekday,3,B02682,61
2014-08-28,Aug,Thu,Weekday,3,B02764,32
2014-08-28,Aug,Thu,Weekday,4,B02512,11
2014-08-28,Aug,Thu,Weekday,4,B02598,83
2014-08-28,Aug,Thu,Weekday,4,B02617,160
2014-08-28,Aug,Thu,Weekday,4,B02682,86
2014-08-28,Aug,Thu,Weekday,4,B02764,33
2014-08-28,Aug,Thu,Weekday,5,B02512,11
2014-08-28,Aug,Thu,Weekday,5,B02598,158
2014-08-28,Aug,Thu,Weekday,5,B02617,262
2014-08-28,Aug,Thu,Weekday,5,B02682,124
2014-08-28,Aug,Thu,Weekday,5,B02764,75
2014-08-28,Aug,Thu,Weekday,6,B02512,26
2014-08-28,Aug,Thu,Weekday,6,B02598,226
2014-08-28,Aug,Thu,Weekday,6,B02617,410
2014-08-28,Aug,Thu,Weekday,6,B02682,238
2014-08-28,Aug,Thu,Weekday,6,B02764,104
2014-08-28,Aug,Thu,Weekday,7,B02512,52
2014-08-28,Aug,Thu,Weekday,7,B02598,331
2014-08-28,Aug,Thu,Weekday,7,B02617,557
2014-08-28,Aug,Thu,Weekday,7,B02682,300
2014-08-28,Aug,Thu,Weekday,7,B02764,160
2014-08-28,Aug,Thu,Weekday,8,B02512,43
2014-08-28,Aug,Thu,Weekday,8,B02598,325
2014-08-28,Aug,Thu,Weekday,8,B02617,489
2014-08-28,Aug,Thu,Weekday,8,B02682,256
2014-08-28,Aug,Thu,Weekday,8,B02764,150
2014-08-28,Aug,Thu,Weekday,9,B02512,54
2014-08-28,Aug,Thu,Weekday,9,B02598,308
2014-08-28,Aug,Thu,Weekday,9,B02617,440
2014-08-28,Aug,Thu,Weekday,9,B02682,244
2014-08-28,Aug,Thu,Weekday,9,B02764,149
2014-08-28,Aug,Thu,Weekday,10,B02512,37
2014-08-28,Aug,Thu,Weekday,10,B02598,290
2014-08-28,Aug,Thu,Weekday,10,B02617,447
2014-08-28,Aug,Thu,Weekday,10,B02682,223
2014-08-28,Aug,Thu,Weekday,10,B02764,133
2014-08-28,Aug,Thu,Weekday,11,B02512,44
2014-08-28,Aug,Thu,Weekday,11,B02598,271
2014-08-28,Aug,Thu,Weekday,11,B02617,440
2014-08-28,Aug,Thu,Weekday,11,B02682,205
2014-08-28,Aug,Thu,Weekday,11,B02764,130
2014-08-28,Aug,Thu,Weekday,12,B02512,30
2014-08-28,Aug,Thu,Weekday,12,B02598,294
2014-08-28,Aug,Thu,Weekday,12,B02617,433
2014-08-28,Aug,Thu,Weekday,12,B02682,213
2014-08-28,Aug,Thu,Weekday,12,B02764,131
2014-08-28,Aug,Thu,Weekday,13,B02512,36
2014-08-28,Aug,Thu,Weekday,13,B02598,317
2014-08-28,Aug,Thu,Weekday,13,B02617,484
2014-08-28,Aug,Thu,Weekday,13,B02682,239
2014-08-28,Aug,Thu,Weekday,13,B02764,137
2014-08-28,Aug,Thu,Weekday,14,B02512,55
2014-08-28,Aug,Thu,Weekday,14,B02598,351
2014-08-28,Aug,Thu,Weekday,14,B02617,558
2014-08-28,Aug,Thu,Weekday,14,B02682,274
2014-08-28,Aug,Thu,Weekday,14,B02764,169
2014-08-28,Aug,Thu,Weekday,15,B02512,72
2014-08-28,Aug,Thu,Weekday,15,B02598,434
2014-08-28,Aug,Thu,Weekday,15,B02617,693
2014-08-28,Aug,Thu,Weekday,15,B02682,338
2014-08-28,Aug,Thu,Weekday,15,B02764,183
2014-08-28,Aug,Thu,Weekday,16,B02512,66
2014-08-28,Aug,Thu,Weekday,16,B02598,446
2014-08-28,Aug,Thu,Weekday,16,B02617,757
2014-08-28,Aug,Thu,Weekday,16,B02682,358
2014-08-28,Aug,Thu,Weekday,16,B02764,202
2014-08-28,Aug,Thu,Weekday,17,B02512,64
2014-08-28,Aug,Thu,Weekday,17,B02598,492
2014-08-28,Aug,Thu,Weekday,17,B02617,775
2014-08-28,Aug,Thu,Weekday,17,B02682,373
2014-08-28,Aug,Thu,Weekday,17,B02764,208
2014-08-28,Aug,Thu,Weekday,18,B02512,61
2014-08-28,Aug,Thu,Weekday,18,B02598,456
2014-08-28,Aug,Thu,Weekday,18,B02617,739
2014-08-28,Aug,Thu,Weekday,18,B02682,335
2014-08-28,Aug,Thu,Weekday,18,B02764,210
2014-08-28,Aug,Thu,Weekday,19,B02512,73
2014-08-28,Aug,Thu,Weekday,19,B02598,510
2014-08-28,Aug,Thu,Weekday,19,B02617,781
2014-08-28,Aug,Thu,Weekday,19,B02682,378
2014-08-28,Aug,Thu,Weekday,19,B02764,216
2014-08-28,Aug,Thu,Weekday,20,B02512,61
2014-08-28,Aug,Thu,Weekday,20,B02598,482
2014-08-28,Aug,Thu,Weekday,20,B02617,826
2014-08-28,Aug,Thu,Weekday,20,B02682,346
2014-08-28,Aug,Thu,Weekday,20,B02764,206
2014-08-28,Aug,Thu,Weekday,21,B02512,63
2014-08-28,Aug,Thu,Weekday,21,B02598,485
2014-08-28,Aug,Thu,Weekday,21,B02617,831
2014-08-28,Aug,Thu,Weekday,21,B02682,368
2014-08-28,Aug,Thu,Weekday,21,B02764,202
2014-08-28,Aug,Thu,Weekday,22,B02512,50
2014-08-28,Aug,Thu,Weekday,22,B02598,384
2014-08-28,Aug,Thu,Weekday,22,B02617,667
2014-08-28,Aug,Thu,Weekday,22,B02682,304
2014-08-28,Aug,Thu,Weekday,22,B02764,157
2014-08-28,Aug,Thu,Weekday,23,B02512,24
2014-08-28,Aug,Thu,Weekday,23,B02598,260
2014-08-28,Aug,Thu,Weekday,23,B02617,456
2014-08-28,Aug,Thu,Weekday,23,B02682,204
2014-08-28,Aug,Thu,Weekday,23,B02764,121
2014-08-29,Aug,Fri,Weekday,0,B02512,9
2014-08-29,Aug,Fri,Weekday,0,B02598,144
2014-08-29,Aug,Fri,Weekday,0,B02617,252
2014-08-29,Aug,Fri,Weekday,0,B02682,125
2014-08-29,Aug,Fri,Weekday,0,B02764,64
2014-08-29,Aug,Fri,Weekday,1,B02512,5
2014-08-29,Aug,Fri,Weekday,1,B02598,85
2014-08-29,Aug,Fri,Weekday,1,B02617,177
2014-08-29,Aug,Fri,Weekday,1,B02682,79
2014-08-29,Aug,Fri,Weekday,1,B02764,56
2014-08-29,Aug,Fri,Weekday,2,B02512,10
2014-08-29,Aug,Fri,Weekday,2,B02598,46
2014-08-29,Aug,Fri,Weekday,2,B02617,105
2014-08-29,Aug,Fri,Weekday,2,B02682,46
2014-08-29,Aug,Fri,Weekday,2,B02764,37
2014-08-29,Aug,Fri,Weekday,3,B02512,14
2014-08-29,Aug,Fri,Weekday,3,B02598,91
2014-08-29,Aug,Fri,Weekday,3,B02617,138
2014-08-29,Aug,Fri,Weekday,3,B02682,72
2014-08-29,Aug,Fri,Weekday,3,B02764,30
2014-08-29,Aug,Fri,Weekday,4,B02512,14
2014-08-29,Aug,Fri,Weekday,4,B02598,105
2014-08-29,Aug,Fri,Weekday,4,B02617,176
2014-08-29,Aug,Fri,Weekday,4,B02682,95
2014-08-29,Aug,Fri,Weekday,4,B02764,46
2014-08-29,Aug,Fri,Weekday,5,B02512,17
2014-08-29,Aug,Fri,Weekday,5,B02598,152
2014-08-29,Aug,Fri,Weekday,5,B02617,267
2014-08-29,Aug,Fri,Weekday,5,B02682,128
2014-08-29,Aug,Fri,Weekday,5,B02764,75
2014-08-29,Aug,Fri,Weekday,6,B02512,32
2014-08-29,Aug,Fri,Weekday,6,B02598,214
2014-08-29,Aug,Fri,Weekday,6,B02617,382
2014-08-29,Aug,Fri,Weekday,6,B02682,176
2014-08-29,Aug,Fri,Weekday,6,B02764,93
2014-08-29,Aug,Fri,Weekday,7,B02512,49
2014-08-29,Aug,Fri,Weekday,7,B02598,306
2014-08-29,Aug,Fri,Weekday,7,B02617,471
2014-08-29,Aug,Fri,Weekday,7,B02682,263
2014-08-29,Aug,Fri,Weekday,7,B02764,151
2014-08-29,Aug,Fri,Weekday,8,B02512,47
2014-08-29,Aug,Fri,Weekday,8,B02598,350
2014-08-29,Aug,Fri,Weekday,8,B02617,480
2014-08-29,Aug,Fri,Weekday,8,B02682,275
2014-08-29,Aug,Fri,Weekday,8,B02764,166
2014-08-29,Aug,Fri,Weekday,9,B02512,43
2014-08-29,Aug,Fri,Weekday,9,B02598,283
2014-08-29,Aug,Fri,Weekday,9,B02617,434
2014-08-29,Aug,Fri,Weekday,9,B02682,224
2014-08-29,Aug,Fri,Weekday,9,B02764,151
2014-08-29,Aug,Fri,Weekday,10,B02512,52
2014-08-29,Aug,Fri,Weekday,10,B02598,277
2014-08-29,Aug,Fri,Weekday,10,B02617,416
2014-08-29,Aug,Fri,Weekday,10,B02682,236
2014-08-29,Aug,Fri,Weekday,10,B02764,160
2014-08-29,Aug,Fri,Weekday,11,B02512,48
2014-08-29,Aug,Fri,Weekday,11,B02598,293
2014-08-29,Aug,Fri,Weekday,11,B02617,406
2014-08-29,Aug,Fri,Weekday,11,B02682,204
2014-08-29,Aug,Fri,Weekday,11,B02764,160
2014-08-29,Aug,Fri,Weekday,12,B02512,61
2014-08-29,Aug,Fri,Weekday,12,B02598,288
2014-08-29,Aug,Fri,Weekday,12,B02617,411
2014-08-29,Aug,Fri,Weekday,12,B02682,221
2014-08-29,Aug,Fri,Weekday,12,B02764,154
2014-08-29,Aug,Fri,Weekday,13,B02512,52
2014-08-29,Aug,Fri,Weekday,13,B02598,307
2014-08-29,Aug,Fri,Weekday,13,B02617,496
2014-08-29,Aug,Fri,Weekday,13,B02682,254
2014-08-29,Aug,Fri,Weekday,13,B02764,164
2014-08-29,Aug,Fri,Weekday,14,B02512,60
2014-08-29,Aug,Fri,Weekday,14,B02598,358
2014-08-29,Aug,Fri,Weekday,14,B02617,556
2014-08-29,Aug,Fri,Weekday,14,B02682,292
2014-08-29,Aug,Fri,Weekday,14,B02764,179
2014-08-29,Aug,Fri,Weekday,15,B02512,58
2014-08-29,Aug,Fri,Weekday,15,B02598,405
2014-08-29,Aug,Fri,Weekday,15,B02617,655
2014-08-29,Aug,Fri,Weekday,15,B02682,376
2014-08-29,Aug,Fri,Weekday,15,B02764,188
2014-08-29,Aug,Fri,Weekday,16,B02512,43
2014-08-29,Aug,Fri,Weekday,16,B02598,408
2014-08-29,Aug,Fri,Weekday,16,B02617,700
2014-08-29,Aug,Fri,Weekday,16,B02682,330
2014-08-29,Aug,Fri,Weekday,16,B02764,193
2014-08-29,Aug,Fri,Weekday,17,B02512,50
2014-08-29,Aug,Fri,Weekday,17,B02598,406
2014-08-29,Aug,Fri,Weekday,17,B02617,669
2014-08-29,Aug,Fri,Weekday,17,B02682,290
2014-08-29,Aug,Fri,Weekday,17,B02764,200
2014-08-29,Aug,Fri,Weekday,18,B02512,42
2014-08-29,Aug,Fri,Weekday,18,B02598,398
2014-08-29,Aug,Fri,Weekday,18,B02617,654
2014-08-29,Aug,Fri,Weekday,18,B02682,306
2014-08-29,Aug,Fri,Weekday,18,B02764,179
2014-08-29,Aug,Fri,Weekday,19,B02512,48
2014-08-29,Aug,Fri,Weekday,19,B02598,392
2014-08-29,Aug,Fri,Weekday,19,B02617,654
2014-08-29,Aug,Fri,Weekday,19,B02682,291
2014-08-29,Aug,Fri,Weekday,19,B02764,186
2014-08-29,Aug,Fri,Weekday,20,B02512,46
2014-08-29,Aug,Fri,Weekday,20,B02598,342
2014-08-29,Aug,Fri,Weekday,20,B02617,591
2014-08-29,Aug,Fri,Weekday,20,B02682,268
2014-08-29,Aug,Fri,Weekday,20,B02764,170
2014-08-29,Aug,Fri,Weekday,21,B02512,52
2014-08-29,Aug,Fri,Weekday,21,B02598,411
2014-08-29,Aug,Fri,Weekday,21,B02617,659
2014-08-29,Aug,Fri,Weekday,21,B02682,305
2014-08-29,Aug,Fri,Weekday,21,B02764,178
2014-08-29,Aug,Fri,Weekday,22,B02512,45
2014-08-29,Aug,Fri,Weekday,22,B02598,396
2014-08-29,Aug,Fri,Weekday,22,B02617,639
2014-08-29,Aug,Fri,Weekday,22,B02682,326
2014-08-29,Aug,Fri,Weekday,22,B02764,201
2014-08-29,Aug,Fri,Weekday,23,B02512,39
2014-08-29,Aug,Fri,Weekday,23,B02598,362
2014-08-29,Aug,Fri,Weekday,23,B02617,522
2014-08-29,Aug,Fri,Weekday,23,B02682,255
2014-08-29,Aug,Fri,Weekday,23,B02764,141
2014-08-30,Aug,Sat,Weekend,0,B02512,22
2014-08-30,Aug,Sat,Weekend,0,B02598,237
2014-08-30,Aug,Sat,Weekend,0,B02617,397
2014-08-30,Aug,Sat,Weekend,0,B02682,179
2014-08-30,Aug,Sat,Weekend,0,B02764,130
2014-08-30,Aug,Sat,Weekend,1,B02512,21
2014-08-30,Aug,Sat,Weekend,1,B02598,166
2014-08-30,Aug,Sat,Weekend,1,B02617,313
2014-08-30,Aug,Sat,Weekend,1,B02682,125
2014-08-30,Aug,Sat,Weekend,1,B02764,103
2014-08-30,Aug,Sat,Weekend,2,B02512,15
2014-08-30,Aug,Sat,Weekend,2,B02598,107
2014-08-30,Aug,Sat,Weekend,2,B02617,209
2014-08-30,Aug,Sat,Weekend,2,B02682,81
2014-08-30,Aug,Sat,Weekend,2,B02764,76
2014-08-30,Aug,Sat,Weekend,3,B02512,14
2014-08-30,Aug,Sat,Weekend,3,B02598,94
2014-08-30,Aug,Sat,Weekend,3,B02617,156
2014-08-30,Aug,Sat,Weekend,3,B02682,79
2014-08-30,Aug,Sat,Weekend,3,B02764,59
2014-08-30,Aug,Sat,Weekend,4,B02512,8
2014-08-30,Aug,Sat,Weekend,4,B02598,82
2014-08-30,Aug,Sat,Weekend,4,B02617,128
2014-08-30,Aug,Sat,Weekend,4,B02682,59
2014-08-30,Aug,Sat,Weekend,4,B02764,43
2014-08-30,Aug,Sat,Weekend,5,B02512,6
2014-08-30,Aug,Sat,Weekend,5,B02598,98
2014-08-30,Aug,Sat,Weekend,5,B02617,147
2014-08-30,Aug,Sat,Weekend,5,B02682,81
2014-08-30,Aug,Sat,Weekend,5,B02764,45
2014-08-30,Aug,Sat,Weekend,6,B02512,12
2014-08-30,Aug,Sat,Weekend,6,B02598,96
2014-08-30,Aug,Sat,Weekend,6,B02617,163
2014-08-30,Aug,Sat,Weekend,6,B02682,104
2014-08-30,Aug,Sat,Weekend,6,B02764,53
2014-08-30,Aug,Sat,Weekend,7,B02512,16
2014-08-30,Aug,Sat,Weekend,7,B02598,109
2014-08-30,Aug,Sat,Weekend,7,B02617,208
2014-08-30,Aug,Sat,Weekend,7,B02682,121
2014-08-30,Aug,Sat,Weekend,7,B02764,53
2014-08-30,Aug,Sat,Weekend,8,B02512,14
2014-08-30,Aug,Sat,Weekend,8,B02598,143
2014-08-30,Aug,Sat,Weekend,8,B02617,265
2014-08-30,Aug,Sat,Weekend,8,B02682,157
2014-08-30,Aug,Sat,Weekend,8,B02764,90
2014-08-30,Aug,Sat,Weekend,9,B02512,20
2014-08-30,Aug,Sat,Weekend,9,B02598,210
2014-08-30,Aug,Sat,Weekend,9,B02617,316
2014-08-30,Aug,Sat,Weekend,9,B02682,175
2014-08-30,Aug,Sat,Weekend,9,B02764,120
2014-08-30,Aug,Sat,Weekend,10,B02512,26
2014-08-30,Aug,Sat,Weekend,10,B02598,216
2014-08-30,Aug,Sat,Weekend,10,B02617,361
2014-08-30,Aug,Sat,Weekend,10,B02682,195
2014-08-30,Aug,Sat,Weekend,10,B02764,133
2014-08-30,Aug,Sat,Weekend,11,B02512,27
2014-08-30,Aug,Sat,Weekend,11,B02598,246
2014-08-30,Aug,Sat,Weekend,11,B02617,367
2014-08-30,Aug,Sat,Weekend,11,B02682,187
2014-08-30,Aug,Sat,Weekend,11,B02764,139
2014-08-30,Aug,Sat,Weekend,12,B02512,40
2014-08-30,Aug,Sat,Weekend,12,B02598,237
2014-08-30,Aug,Sat,Weekend,12,B02617,415
2014-08-30,Aug,Sat,Weekend,12,B02682,193
2014-08-30,Aug,Sat,Weekend,12,B02764,178
2014-08-30,Aug,Sat,Weekend,13,B02512,37
2014-08-30,Aug,Sat,Weekend,13,B02598,287
2014-08-30,Aug,Sat,Weekend,13,B02617,459
2014-08-30,Aug,Sat,Weekend,13,B02682,218
2014-08-30,Aug,Sat,Weekend,13,B02764,141
2014-08-30,Aug,Sat,Weekend,14,B02512,39
2014-08-30,Aug,Sat,Weekend,14,B02598,286
2014-08-30,Aug,Sat,Weekend,14,B02617,471
2014-08-30,Aug,Sat,Weekend,14,B02682,217
2014-08-30,Aug,Sat,Weekend,14,B02764,174
2014-08-30,Aug,Sat,Weekend,15,B02512,52
2014-08-30,Aug,Sat,Weekend,15,B02598,361
2014-08-30,Aug,Sat,Weekend,15,B02617,528
2014-08-30,Aug,Sat,Weekend,15,B02682,251
2014-08-30,Aug,Sat,Weekend,15,B02764,199
2014-08-30,Aug,Sat,Weekend,16,B02512,46
2014-08-30,Aug,Sat,Weekend,16,B02598,347
2014-08-30,Aug,Sat,Weekend,16,B02617,585
2014-08-30,Aug,Sat,Weekend,16,B02682,253
2014-08-30,Aug,Sat,Weekend,16,B02764,212
2014-08-30,Aug,Sat,Weekend,17,B02512,31
2014-08-30,Aug,Sat,Weekend,17,B02598,333
2014-08-30,Aug,Sat,Weekend,17,B02617,584
2014-08-30,Aug,Sat,Weekend,17,B02682,269
2014-08-30,Aug,Sat,Weekend,17,B02764,197
2014-08-30,Aug,Sat,Weekend,18,B02512,39
2014-08-30,Aug,Sat,Weekend,18,B02598,375
2014-08-30,Aug,Sat,Weekend,18,B02617,568
2014-08-30,Aug,Sat,Weekend,18,B02682,280
2014-08-30,Aug,Sat,Weekend,18,B02764,212
2014-08-30,Aug,Sat,Weekend,19,B02512,46
2014-08-30,Aug,Sat,Weekend,19,B02598,370
2014-08-30,Aug,Sat,Weekend,19,B02617,538
2014-08-30,Aug,Sat,Weekend,19,B02682,287
2014-08-30,Aug,Sat,Weekend,19,B02764,169
2014-08-30,Aug,Sat,Weekend,20,B02512,48
2014-08-30,Aug,Sat,Weekend,20,B02598,313
2014-08-30,Aug,Sat,Weekend,20,B02617,555
2014-08-30,Aug,Sat,Weekend,20,B02682,279
2014-08-30,Aug,Sat,Weekend,20,B02764,184
2014-08-30,Aug,Sat,Weekend,21,B02512,56
2014-08-30,Aug,Sat,Weekend,21,B02598,360
2014-08-30,Aug,Sat,Weekend,21,B02617,572
2014-08-30,Aug,Sat,Weekend,21,B02682,297
2014-08-30,Aug,Sat,Weekend,21,B02764,207
2014-08-30,Aug,Sat,Weekend,22,B02512,57
2014-08-30,Aug,Sat,Weekend,22,B02598,370
2014-08-30,Aug,Sat,Weekend,22,B02617,623
2014-08-30,Aug,Sat,Weekend,22,B02682,332
2014-08-30,Aug,Sat,Weekend,22,B02764,202
2014-08-30,Aug,Sat,Weekend,23,B02512,32
2014-08-30,Aug,Sat,Weekend,23,B02598,313
2014-08-30,Aug,Sat,Weekend,23,B02617,517
2014-08-30,Aug,Sat,Weekend,23,B02682,300
2014-08-30,Aug,Sat,Weekend,23,B02764,167
2014-08-31,Aug,Sun,Weekend,0,B02512,27
2014-08-31,Aug,Sun,Weekend,0,B02598,232
2014-08-31,Aug,Sun,Weekend,0,B02617,384
2014-08-31,Aug,Sun,Weekend,0,B02682,193
2014-08-31,Aug,Sun,Weekend,0,B02764,112
2014-08-31,Aug,Sun,Weekend,1,B02512,16
2014-08-31,Aug,Sun,Weekend,1,B02598,156
2014-08-31,Aug,Sun,Weekend,1,B02617,270
2014-08-31,Aug,Sun,Weekend,1,B02682,132
2014-08-31,Aug,Sun,Weekend,1,B02764,92
2014-08-31,Aug,Sun,Weekend,2,B02512,14
2014-08-31,Aug,Sun,Weekend,2,B02598,99
2014-08-31,Aug,Sun,Weekend,2,B02617,249
2014-08-31,Aug,Sun,Weekend,2,B02682,116
2014-08-31,Aug,Sun,Weekend,2,B02764,80
2014-08-31,Aug,Sun,Weekend,3,B02512,10
2014-08-31,Aug,Sun,Weekend,3,B02598,86
2014-08-31,Aug,Sun,Weekend,3,B02617,163
2014-08-31,Aug,Sun,Weekend,3,B02682,72
2014-08-31,Aug,Sun,Weekend,3,B02764,52
2014-08-31,Aug,Sun,Weekend,4,B02512,3
2014-08-31,Aug,Sun,Weekend,4,B02598,56
2014-08-31,Aug,Sun,Weekend,4,B02617,93
2014-08-31,Aug,Sun,Weekend,4,B02682,41
2014-08-31,Aug,Sun,Weekend,4,B02764,33
2014-08-31,Aug,Sun,Weekend,5,B02512,3
2014-08-31,Aug,Sun,Weekend,5,B02598,57
2014-08-31,Aug,Sun,Weekend,5,B02617,85
2014-08-31,Aug,Sun,Weekend,5,B02682,63
2014-08-31,Aug,Sun,Weekend,5,B02764,30
2014-08-31,Aug,Sun,Weekend,6,B02512,8
2014-08-31,Aug,Sun,Weekend,6,B02598,58
2014-08-31,Aug,Sun,Weekend,6,B02617,98
2014-08-31,Aug,Sun,Weekend,6,B02682,54
2014-08-31,Aug,Sun,Weekend,6,B02764,33
2014-08-31,Aug,Sun,Weekend,7,B02512,10
2014-08-31,Aug,Sun,Weekend,7,B02598,93
2014-08-31,Aug,Sun,Weekend,7,B02617,148
2014-08-31,Aug,Sun,Weekend,7,B02682,74
2014-08-31,Aug,Sun,Weekend,7,B02764,53
2014-08-31,Aug,Sun,Weekend,8,B02512,16
2014-08-31,Aug,Sun,Weekend,8,B02598,131
2014-08-31,Aug,Sun,Weekend,8,B02617,215
2014-08-31,Aug,Sun,Weekend,8,B02682,95
2014-08-31,Aug,Sun,Weekend,8,B02764,62
2014-08-31,Aug,Sun,Weekend,9,B02512,36
2014-08-31,Aug,Sun,Weekend,9,B02598,165
2014-08-31,Aug,Sun,Weekend,9,B02617,317
2014-08-31,Aug,Sun,Weekend,9,B02682,144
2014-08-31,Aug,Sun,Weekend,9,B02764,105
2014-08-31,Aug,Sun,Weekend,10,B02512,35
2014-08-31,Aug,Sun,Weekend,10,B02598,197
2014-08-31,Aug,Sun,Weekend,10,B02617,357
2014-08-31,Aug,Sun,Weekend,10,B02682,154
2014-08-31,Aug,Sun,Weekend,10,B02764,107
2014-08-31,Aug,Sun,Weekend,11,B02512,39
2014-08-31,Aug,Sun,Weekend,11,B02598,238
2014-08-31,Aug,Sun,Weekend,11,B02617,403
2014-08-31,Aug,Sun,Weekend,11,B02682,197
2014-08-31,Aug,Sun,Weekend,11,B02764,132
2014-08-31,Aug,Sun,Weekend,12,B02512,34
2014-08-31,Aug,Sun,Weekend,12,B02598,268
2014-08-31,Aug,Sun,Weekend,12,B02617,434
2014-08-31,Aug,Sun,Weekend,12,B02682,197
2014-08-31,Aug,Sun,Weekend,12,B02764,156
2014-08-31,Aug,Sun,Weekend,13,B02512,35
2014-08-31,Aug,Sun,Weekend,13,B02598,294
2014-08-31,Aug,Sun,Weekend,13,B02617,459
2014-08-31,Aug,Sun,Weekend,13,B02682,213
2014-08-31,Aug,Sun,Weekend,13,B02764,161
2014-08-31,Aug,Sun,Weekend,14,B02512,45
2014-08-31,Aug,Sun,Weekend,14,B02598,316
2014-08-31,Aug,Sun,Weekend,14,B02617,540
2014-08-31,Aug,Sun,Weekend,14,B02682,239
2014-08-31,Aug,Sun,Weekend,14,B02764,171
2014-08-31,Aug,Sun,Weekend,15,B02512,56
2014-08-31,Aug,Sun,Weekend,15,B02598,399
2014-08-31,Aug,Sun,Weekend,15,B02617,678
2014-08-31,Aug,Sun,Weekend,15,B02682,319
2014-08-31,Aug,Sun,Weekend,15,B02764,214
2014-08-31,Aug,Sun,Weekend,16,B02512,63
2014-08-31,Aug,Sun,Weekend,16,B02598,406
2014-08-31,Aug,Sun,Weekend,16,B02617,734
2014-08-31,Aug,Sun,Weekend,16,B02682,347
2014-08-31,Aug,Sun,Weekend,16,B02764,228
2014-08-31,Aug,Sun,Weekend,17,B02512,48
2014-08-31,Aug,Sun,Weekend,17,B02598,388
2014-08-31,Aug,Sun,Weekend,17,B02617,682
2014-08-31,Aug,Sun,Weekend,17,B02682,286
2014-08-31,Aug,Sun,Weekend,17,B02764,197
2014-08-31,Aug,Sun,Weekend,18,B02512,45
2014-08-31,Aug,Sun,Weekend,18,B02598,334
2014-08-31,Aug,Sun,Weekend,18,B02617,607
2014-08-31,Aug,Sun,Weekend,18,B02682,256
2014-08-31,Aug,Sun,Weekend,18,B02764,207
2014-08-31,Aug,Sun,Weekend,19,B02512,44
2014-08-31,Aug,Sun,Weekend,19,B02598,334
2014-08-31,Aug,Sun,Weekend,19,B02617,571
2014-08-31,Aug,Sun,Weekend,19,B02682,229
2014-08-31,Aug,Sun,Weekend,19,B02764,174
2014-08-31,Aug,Sun,Weekend,20,B02512,41
2014-08-31,Aug,Sun,Weekend,20,B02598,320
2014-08-31,Aug,Sun,Weekend,20,B02617,523
2014-08-31,Aug,Sun,Weekend,20,B02682,215
2014-08-31,Aug,Sun,Weekend,20,B02764,161
2014-08-31,Aug,Sun,Weekend,21,B02512,46
2014-08-31,Aug,Sun,Weekend,21,B02598,349
2014-08-31,Aug,Sun,Weekend,21,B02617,599
2014-08-31,Aug,Sun,Weekend,21,B02682,255
2014-08-31,Aug,Sun,Weekend,21,B02764,181
2014-08-31,Aug,Sun,Weekend,22,B02512,39
2014-08-31,Aug,Sun,Weekend,22,B02598,338
2014-08-31,Aug,Sun,Weekend,22,B02617,531
2014-08-31,Aug,Sun,Weekend,22,B02682,267
2014-08-31,Aug,Sun,Weekend,22,B02764,177
2014-08-31,Aug,Sun,Weekend,23,B02512,25
2014-08-31,Aug,Sun,Weekend,23,B02598,270
2014-08-31,Aug,Sun,Weekend,23,B02617,418
2014-08-31,Aug,Sun,Weekend,23,B02682,184
2014-08-31,Aug,Sun,Weekend,23,B02764,131
2014-09-01,Sep,Mon,Weekday,0,B02512,17
2014-09-01,Sep,Mon,Weekday,0,B02598,163
2014-09-01,Sep,Mon,Weekday,0,B02617,291
2014-09-01,Sep,Mon,Weekday,0,B02682,129
2014-09-01,Sep,Mon,Weekday,0,B02764,99
2014-09-01,Sep,Mon,Weekday,1,B02512,5
2014-09-01,Sep,Mon,Weekday,1,B02598,98
2014-09-01,Sep,Mon,Weekday,1,B02617,213
2014-09-01,Sep,Mon,Weekday,1,B02682,94
2014-09-01,Sep,Mon,Weekday,1,B02764,80
2014-09-01,Sep,Mon,Weekday,2,B02512,5
2014-09-01,Sep,Mon,Weekday,2,B02598,80
2014-09-01,Sep,Mon,Weekday,2,B02617,157
2014-09-01,Sep,Mon,Weekday,2,B02682,60
2014-09-01,Sep,Mon,Weekday,2,B02764,61
2014-09-01,Sep,Mon,Weekday,3,B02512,1
2014-09-01,Sep,Mon,Weekday,3,B02598,79
2014-09-01,Sep,Mon,Weekday,3,B02617,144
2014-09-01,Sep,Mon,Weekday,3,B02682,65
2014-09-01,Sep,Mon,Weekday,3,B02764,44
2014-09-01,Sep,Mon,Weekday,4,B02512,4
2014-09-01,Sep,Mon,Weekday,4,B02598,64
2014-09-01,Sep,Mon,Weekday,4,B02617,107
2014-09-01,Sep,Mon,Weekday,4,B02682,55
2014-09-01,Sep,Mon,Weekday,4,B02764,31
2014-09-01,Sep,Mon,Weekday,5,B02512,9
2014-09-01,Sep,Mon,Weekday,5,B02598,71
2014-09-01,Sep,Mon,Weekday,5,B02617,114
2014-09-01,Sep,Mon,Weekday,5,B02682,58
2014-09-01,Sep,Mon,Weekday,5,B02764,31
2014-09-01,Sep,Mon,Weekday,6,B02512,8
2014-09-01,Sep,Mon,Weekday,6,B02598,70
2014-09-01,Sep,Mon,Weekday,6,B02617,127
2014-09-01,Sep,Mon,Weekday,6,B02682,68
2014-09-01,Sep,Mon,Weekday,6,B02764,57
2014-09-01,Sep,Mon,Weekday,7,B02512,8
2014-09-01,Sep,Mon,Weekday,7,B02598,104
2014-09-01,Sep,Mon,Weekday,7,B02617,168
2014-09-01,Sep,Mon,Weekday,7,B02682,83
2014-09-01,Sep,Mon,Weekday,7,B02764,64
2014-09-01,Sep,Mon,Weekday,8,B02512,20
2014-09-01,Sep,Mon,Weekday,8,B02598,125
2014-09-01,Sep,Mon,Weekday,8,B02617,214
2014-09-01,Sep,Mon,Weekday,8,B02682,106
2014-09-01,Sep,Mon,Weekday,8,B02764,95
2014-09-01,Sep,Mon,Weekday,9,B02512,30
2014-09-01,Sep,Mon,Weekday,9,B02598,149
2014-09-01,Sep,Mon,Weekday,9,B02617,300
2014-09-01,Sep,Mon,Weekday,9,B02682,143
2014-09-01,Sep,Mon,Weekday,9,B02764,143
2014-09-01,Sep,Mon,Weekday,10,B02512,31
2014-09-01,Sep,Mon,Weekday,10,B02598,177
2014-09-01,Sep,Mon,Weekday,10,B02617,368
2014-09-01,Sep,Mon,Weekday,10,B02682,152
2014-09-01,Sep,Mon,Weekday,10,B02764,146
2014-09-01,Sep,Mon,Weekday,11,B02512,39
2014-09-01,Sep,Mon,Weekday,11,B02598,188
2014-09-01,Sep,Mon,Weekday,11,B02617,422
2014-09-01,Sep,Mon,Weekday,11,B02682,188
2014-09-01,Sep,Mon,Weekday,11,B02764,151
2014-09-01,Sep,Mon,Weekday,12,B02512,47
2014-09-01,Sep,Mon,Weekday,12,B02598,221
2014-09-01,Sep,Mon,Weekday,12,B02617,410
2014-09-01,Sep,Mon,Weekday,12,B02682,178
2014-09-01,Sep,Mon,Weekday,12,B02764,165
2014-09-01,Sep,Mon,Weekday,13,B02512,41
2014-09-01,Sep,Mon,Weekday,13,B02598,251
2014-09-01,Sep,Mon,Weekday,13,B02617,449
2014-09-01,Sep,Mon,Weekday,13,B02682,210
2014-09-01,Sep,Mon,Weekday,13,B02764,174
2014-09-01,Sep,Mon,Weekday,14,B02512,43
2014-09-01,Sep,Mon,Weekday,14,B02598,277
2014-09-01,Sep,Mon,Weekday,14,B02617,474
2014-09-01,Sep,Mon,Weekday,14,B02682,223
2014-09-01,Sep,Mon,Weekday,14,B02764,205
2014-09-01,Sep,Mon,Weekday,15,B02512,47
2014-09-01,Sep,Mon,Weekday,15,B02598,311
2014-09-01,Sep,Mon,Weekday,15,B02617,511
2014-09-01,Sep,Mon,Weekday,15,B02682,252
2014-09-01,Sep,Mon,Weekday,15,B02764,224
2014-09-01,Sep,Mon,Weekday,16,B02512,48
2014-09-01,Sep,Mon,Weekday,16,B02598,371
2014-09-01,Sep,Mon,Weekday,16,B02617,568
2014-09-01,Sep,Mon,Weekday,16,B02682,260
2014-09-01,Sep,Mon,Weekday,16,B02764,226
2014-09-01,Sep,Mon,Weekday,17,B02512,40
2014-09-01,Sep,Mon,Weekday,17,B02598,318
2014-09-01,Sep,Mon,Weekday,17,B02617,524
2014-09-01,Sep,Mon,Weekday,17,B02682,248
2014-09-01,Sep,Mon,Weekday,17,B02764,211
2014-09-01,Sep,Mon,Weekday,18,B02512,35
2014-09-01,Sep,Mon,Weekday,18,B02598,304
2014-09-01,Sep,Mon,Weekday,18,B02617,486
2014-09-01,Sep,Mon,Weekday,18,B02682,227
2014-09-01,Sep,Mon,Weekday,18,B02764,196
2014-09-01,Sep,Mon,Weekday,19,B02512,35
2014-09-01,Sep,Mon,Weekday,19,B02598,310
2014-09-01,Sep,Mon,Weekday,19,B02617,492
2014-09-01,Sep,Mon,Weekday,19,B02682,231
2014-09-01,Sep,Mon,Weekday,19,B02764,183
2014-09-01,Sep,Mon,Weekday,20,B02512,38
2014-09-01,Sep,Mon,Weekday,20,B02598,314
2014-09-01,Sep,Mon,Weekday,20,B02617,459
2014-09-01,Sep,Mon,Weekday,20,B02682,202
2014-09-01,Sep,Mon,Weekday,20,B02764,168
2014-09-01,Sep,Mon,Weekday,21,B02512,40
2014-09-01,Sep,Mon,Weekday,21,B02598,253
2014-09-01,Sep,Mon,Weekday,21,B02617,421
2014-09-01,Sep,Mon,Weekday,21,B02682,192
2014-09-01,Sep,Mon,Weekday,21,B02764,149
2014-09-01,Sep,Mon,Weekday,22,B02512,29
2014-09-01,Sep,Mon,Weekday,22,B02598,200
2014-09-01,Sep,Mon,Weekday,22,B02617,328
2014-09-01,Sep,Mon,Weekday,22,B02682,145
2014-09-01,Sep,Mon,Weekday,22,B02764,116
2014-09-01,Sep,Mon,Weekday,23,B02512,18
2014-09-01,Sep,Mon,Weekday,23,B02598,128
2014-09-01,Sep,Mon,Weekday,23,B02617,193
2014-09-01,Sep,Mon,Weekday,23,B02682,108
2014-09-01,Sep,Mon,Weekday,23,B02764,61
2014-09-02,Sep,Tue,Weekday,0,B02512,10
2014-09-02,Sep,Tue,Weekday,0,B02598,58
2014-09-02,Sep,Tue,Weekday,0,B02617,65
2014-09-02,Sep,Tue,Weekday,0,B02682,44
2014-09-02,Sep,Tue,Weekday,0,B02764,32
2014-09-02,Sep,Tue,Weekday,1,B02512,5
2014-09-02,Sep,Tue,Weekday,1,B02598,37
2014-09-02,Sep,Tue,Weekday,1,B02617,30
2014-09-02,Sep,Tue,Weekday,1,B02682,19
2014-09-02,Sep,Tue,Weekday,1,B02764,20
2014-09-02,Sep,Tue,Weekday,2,B02598,16
2014-09-02,Sep,Tue,Weekday,2,B02617,39
2014-09-02,Sep,Tue,Weekday,2,B02682,17
2014-09-02,Sep,Tue,Weekday,2,B02764,12
2014-09-02,Sep,Tue,Weekday,3,B02512,10
2014-09-02,Sep,Tue,Weekday,3,B02598,88
2014-09-02,Sep,Tue,Weekday,3,B02617,107
2014-09-02,Sep,Tue,Weekday,3,B02682,55
2014-09-02,Sep,Tue,Weekday,3,B02764,33
2014-09-02,Sep,Tue,Weekday,4,B02512,21
2014-09-02,Sep,Tue,Weekday,4,B02598,134
2014-09-02,Sep,Tue,Weekday,4,B02617,200
2014-09-02,Sep,Tue,Weekday,4,B02682,112
2014-09-02,Sep,Tue,Weekday,4,B02764,51
2014-09-02,Sep,Tue,Weekday,5,B02512,28
2014-09-02,Sep,Tue,Weekday,5,B02598,213
2014-09-02,Sep,Tue,Weekday,5,B02617,334
2014-09-02,Sep,Tue,Weekday,5,B02682,181
2014-09-02,Sep,Tue,Weekday,5,B02764,102
2014-09-02,Sep,Tue,Weekday,6,B02512,42
2014-09-02,Sep,Tue,Weekday,6,B02598,289
2014-09-02,Sep,Tue,Weekday,6,B02617,526
2014-09-02,Sep,Tue,Weekday,6,B02682,271
2014-09-02,Sep,Tue,Weekday,6,B02764,143
2014-09-02,Sep,Tue,Weekday,7,B02512,57
2014-09-02,Sep,Tue,Weekday,7,B02598,382
2014-09-02,Sep,Tue,Weekday,7,B02617,641
2014-09-02,Sep,Tue,Weekday,7,B02682,343
2014-09-02,Sep,Tue,Weekday,7,B02764,173
2014-09-02,Sep,Tue,Weekday,8,B02512,65
2014-09-02,Sep,Tue,Weekday,8,B02598,404
2014-09-02,Sep,Tue,Weekday,8,B02617,688
2014-09-02,Sep,Tue,Weekday,8,B02682,372
2014-09-02,Sep,Tue,Weekday,8,B02764,199
2014-09-02,Sep,Tue,Weekday,9,B02512,50
2014-09-02,Sep,Tue,Weekday,9,B02598,305
2014-09-02,Sep,Tue,Weekday,9,B02617,504
2014-09-02,Sep,Tue,Weekday,9,B02682,260
2014-09-02,Sep,Tue,Weekday,9,B02764,137
2014-09-02,Sep,Tue,Weekday,10,B02512,58
2014-09-02,Sep,Tue,Weekday,10,B02598,276
2014-09-02,Sep,Tue,Weekday,10,B02617,463
2014-09-02,Sep,Tue,Weekday,10,B02682,233
2014-09-02,Sep,Tue,Weekday,10,B02764,132
2014-09-02,Sep,Tue,Weekday,11,B02512,46
2014-09-02,Sep,Tue,Weekday,11,B02598,292
2014-09-02,Sep,Tue,Weekday,11,B02617,437
2014-09-02,Sep,Tue,Weekday,11,B02682,240
2014-09-02,Sep,Tue,Weekday,11,B02764,123
2014-09-02,Sep,Tue,Weekday,12,B02512,53
2014-09-02,Sep,Tue,Weekday,12,B02598,304
2014-09-02,Sep,Tue,Weekday,12,B02617,476
2014-09-02,Sep,Tue,Weekday,12,B02682,209
2014-09-02,Sep,Tue,Weekday,12,B02764,146
2014-09-02,Sep,Tue,Weekday,13,B02512,41
2014-09-02,Sep,Tue,Weekday,13,B02598,297
2014-09-02,Sep,Tue,Weekday,13,B02617,540
2014-09-02,Sep,Tue,Weekday,13,B02682,263
2014-09-02,Sep,Tue,Weekday,13,B02764,147
2014-09-02,Sep,Tue,Weekday,14,B02512,65
2014-09-02,Sep,Tue,Weekday,14,B02598,316
2014-09-02,Sep,Tue,Weekday,14,B02617,565
2014-09-02,Sep,Tue,Weekday,14,B02682,287
2014-09-02,Sep,Tue,Weekday,14,B02764,168
2014-09-02,Sep,Tue,Weekday,15,B02512,62
2014-09-02,Sep,Tue,Weekday,15,B02598,402
2014-09-02,Sep,Tue,Weekday,15,B02617,707
2014-09-02,Sep,Tue,Weekday,15,B02682,357
2014-09-02,Sep,Tue,Weekday,15,B02764,191
2014-09-02,Sep,Tue,Weekday,16,B02512,82
2014-09-02,Sep,Tue,Weekday,16,B02598,504
2014-09-02,Sep,Tue,Weekday,16,B02617,831
2014-09-02,Sep,Tue,Weekday,16,B02682,379
2014-09-02,Sep,Tue,Weekday,16,B02764,250
2014-09-02,Sep,Tue,Weekday,17,B02512,105
2014-09-02,Sep,Tue,Weekday,17,B02598,516
2014-09-02,Sep,Tue,Weekday,17,B02617,866
2014-09-02,Sep,Tue,Weekday,17,B02682,397
2014-09-02,Sep,Tue,Weekday,17,B02764,262
2014-09-02,Sep,Tue,Weekday,18,B02512,96
2014-09-02,Sep,Tue,Weekday,18,B02598,524
2014-09-02,Sep,Tue,Weekday,18,B02617,765
2014-09-02,Sep,Tue,Weekday,18,B02682,336
2014-09-02,Sep,Tue,Weekday,18,B02764,239
2014-09-02,Sep,Tue,Weekday,19,B02512,85
2014-09-02,Sep,Tue,Weekday,19,B02598,432
2014-09-02,Sep,Tue,Weekday,19,B02617,720
2014-09-02,Sep,Tue,Weekday,19,B02682,347
2014-09-02,Sep,Tue,Weekday,19,B02764,181
2014-09-02,Sep,Tue,Weekday,20,B02512,77
2014-09-02,Sep,Tue,Weekday,20,B02598,420
2014-09-02,Sep,Tue,Weekday,20,B02617,713
2014-09-02,Sep,Tue,Weekday,20,B02682,348
2014-09-02,Sep,Tue,Weekday,20,B02764,200
2014-09-02,Sep,Tue,Weekday,21,B02512,62
2014-09-02,Sep,Tue,Weekday,21,B02598,353
2014-09-02,Sep,Tue,Weekday,21,B02617,627
2014-09-02,Sep,Tue,Weekday,21,B02682,298
2014-09-02,Sep,Tue,Weekday,21,B02764,175
2014-09-02,Sep,Tue,Weekday,22,B02512,46
2014-09-02,Sep,Tue,Weekday,22,B02598,257
2014-09-02,Sep,Tue,Weekday,22,B02617,478
2014-09-02,Sep,Tue,Weekday,22,B02682,223
2014-09-02,Sep,Tue,Weekday,22,B02764,118
2014-09-02,Sep,Tue,Weekday,23,B02512,22
2014-09-02,Sep,Tue,Weekday,23,B02598,151
2014-09-02,Sep,Tue,Weekday,23,B02617,320
2014-09-02,Sep,Tue,Weekday,23,B02682,138
2014-09-02,Sep,Tue,Weekday,23,B02764,68
2014-09-03,Sep,Wed,Weekday,0,B02512,8
2014-09-03,Sep,Wed,Weekday,0,B02598,63
2014-09-03,Sep,Wed,Weekday,0,B02617,105
2014-09-03,Sep,Wed,Weekday,0,B02682,73
2014-09-03,Sep,Wed,Weekday,0,B02764,35
2014-09-03,Sep,Wed,Weekday,1,B02512,4
2014-09-03,Sep,Wed,Weekday,1,B02598,30
2014-09-03,Sep,Wed,Weekday,1,B02617,62
2014-09-03,Sep,Wed,Weekday,1,B02682,33
2014-09-03,Sep,Wed,Weekday,1,B02764,22
2014-09-03,Sep,Wed,Weekday,2,B02512,3
2014-09-03,Sep,Wed,Weekday,2,B02598,22
2014-09-03,Sep,Wed,Weekday,2,B02617,49
2014-09-03,Sep,Wed,Weekday,2,B02682,29
2014-09-03,Sep,Wed,Weekday,2,B02764,13
2014-09-03,Sep,Wed,Weekday,3,B02512,9
2014-09-03,Sep,Wed,Weekday,3,B02598,45
2014-09-03,Sep,Wed,Weekday,3,B02617,93
2014-09-03,Sep,Wed,Weekday,3,B02682,34
2014-09-03,Sep,Wed,Weekday,3,B02764,23
2014-09-03,Sep,Wed,Weekday,4,B02512,11
2014-09-03,Sep,Wed,Weekday,4,B02598,88
2014-09-03,Sep,Wed,Weekday,4,B02617,120
2014-09-03,Sep,Wed,Weekday,4,B02682,91
2014-09-03,Sep,Wed,Weekday,4,B02764,46
2014-09-03,Sep,Wed,Weekday,5,B02512,24
2014-09-03,Sep,Wed,Weekday,5,B02598,160
2014-09-03,Sep,Wed,Weekday,5,B02617,306
2014-09-03,Sep,Wed,Weekday,5,B02682,179
2014-09-03,Sep,Wed,Weekday,5,B02764,91
2014-09-03,Sep,Wed,Weekday,6,B02512,59
2014-09-03,Sep,Wed,Weekday,6,B02598,319
2014-09-03,Sep,Wed,Weekday,6,B02617,535
2014-09-03,Sep,Wed,Weekday,6,B02682,314
2014-09-03,Sep,Wed,Weekday,6,B02764,156
2014-09-03,Sep,Wed,Weekday,7,B02512,65
2014-09-03,Sep,Wed,Weekday,7,B02598,403
2014-09-03,Sep,Wed,Weekday,7,B02617,636
2014-09-03,Sep,Wed,Weekday,7,B02682,374
2014-09-03,Sep,Wed,Weekday,7,B02764,198
2014-09-03,Sep,Wed,Weekday,8,B02512,50
2014-09-03,Sep,Wed,Weekday,8,B02598,417
2014-09-03,Sep,Wed,Weekday,8,B02617,646
2014-09-03,Sep,Wed,Weekday,8,B02682,358
2014-09-03,Sep,Wed,Weekday,8,B02764,198
2014-09-03,Sep,Wed,Weekday,9,B02512,42
2014-09-03,Sep,Wed,Weekday,9,B02598,340
2014-09-03,Sep,Wed,Weekday,9,B02617,530
2014-09-03,Sep,Wed,Weekday,9,B02682,314
2014-09-03,Sep,Wed,Weekday,9,B02764,168
2014-09-03,Sep,Wed,Weekday,10,B02512,45
2014-09-03,Sep,Wed,Weekday,10,B02598,287
2014-09-03,Sep,Wed,Weekday,10,B02617,461
2014-09-03,Sep,Wed,Weekday,10,B02682,266
2014-09-03,Sep,Wed,Weekday,10,B02764,173
2014-09-03,Sep,Wed,Weekday,11,B02512,50
2014-09-03,Sep,Wed,Weekday,11,B02598,293
2014-09-03,Sep,Wed,Weekday,11,B02617,435
2014-09-03,Sep,Wed,Weekday,11,B02682,272
2014-09-03,Sep,Wed,Weekday,11,B02764,132
2014-09-03,Sep,Wed,Weekday,12,B02512,58
2014-09-03,Sep,Wed,Weekday,12,B02598,318
2014-09-03,Sep,Wed,Weekday,12,B02617,448
2014-09-03,Sep,Wed,Weekday,12,B02682,237
2014-09-03,Sep,Wed,Weekday,12,B02764,144
2014-09-03,Sep,Wed,Weekday,13,B02512,66
2014-09-03,Sep,Wed,Weekday,13,B02598,326
2014-09-03,Sep,Wed,Weekday,13,B02617,523
2014-09-03,Sep,Wed,Weekday,13,B02682,274
2014-09-03,Sep,Wed,Weekday,13,B02764,187
2014-09-03,Sep,Wed,Weekday,14,B02512,65
2014-09-03,Sep,Wed,Weekday,14,B02598,401
2014-09-03,Sep,Wed,Weekday,14,B02617,652
2014-09-03,Sep,Wed,Weekday,14,B02682,314
2014-09-03,Sep,Wed,Weekday,14,B02764,194
2014-09-03,Sep,Wed,Weekday,15,B02512,78
2014-09-03,Sep,Wed,Weekday,15,B02598,519
2014-09-03,Sep,Wed,Weekday,15,B02617,824
2014-09-03,Sep,Wed,Weekday,15,B02682,383
2014-09-03,Sep,Wed,Weekday,15,B02764,231
2014-09-03,Sep,Wed,Weekday,16,B02512,94
2014-09-03,Sep,Wed,Weekday,16,B02598,614
2014-09-03,Sep,Wed,Weekday,16,B02617,923
2014-09-03,Sep,Wed,Weekday,16,B02682,438
2014-09-03,Sep,Wed,Weekday,16,B02764,267
2014-09-03,Sep,Wed,Weekday,17,B02512,96
2014-09-03,Sep,Wed,Weekday,17,B02598,619
2014-09-03,Sep,Wed,Weekday,17,B02617,998
2014-09-03,Sep,Wed,Weekday,17,B02682,462
2014-09-03,Sep,Wed,Weekday,17,B02764,283
2014-09-03,Sep,Wed,Weekday,18,B02512,106
2014-09-03,Sep,Wed,Weekday,18,B02598,594
2014-09-03,Sep,Wed,Weekday,18,B02617,975
2014-09-03,Sep,Wed,Weekday,18,B02682,417
2014-09-03,Sep,Wed,Weekday,18,B02764,284
2014-09-03,Sep,Wed,Weekday,19,B02512,86
2014-09-03,Sep,Wed,Weekday,19,B02598,567
2014-09-03,Sep,Wed,Weekday,19,B02617,879
2014-09-03,Sep,Wed,Weekday,19,B02682,389
2014-09-03,Sep,Wed,Weekday,19,B02764,268
2014-09-03,Sep,Wed,Weekday,20,B02512,78
2014-09-03,Sep,Wed,Weekday,20,B02598,564
2014-09-03,Sep,Wed,Weekday,20,B02617,904
2014-09-03,Sep,Wed,Weekday,20,B02682,423
2014-09-03,Sep,Wed,Weekday,20,B02764,239
2014-09-03,Sep,Wed,Weekday,21,B02512,83
2014-09-03,Sep,Wed,Weekday,21,B02598,481
2014-09-03,Sep,Wed,Weekday,21,B02617,824
2014-09-03,Sep,Wed,Weekday,21,B02682,333
2014-09-03,Sep,Wed,Weekday,21,B02764,196
2014-09-03,Sep,Wed,Weekday,22,B02512,64
2014-09-03,Sep,Wed,Weekday,22,B02598,391
2014-09-03,Sep,Wed,Weekday,22,B02617,684
2014-09-03,Sep,Wed,Weekday,22,B02682,281
2014-09-03,Sep,Wed,Weekday,22,B02764,154
2014-09-03,Sep,Wed,Weekday,23,B02512,40
2014-09-03,Sep,Wed,Weekday,23,B02598,218
2014-09-03,Sep,Wed,Weekday,23,B02617,407
2014-09-03,Sep,Wed,Weekday,23,B02682,174
2014-09-03,Sep,Wed,Weekday,23,B02764,85
2014-09-04,Sep,Thu,Weekday,0,B02512,17
2014-09-04,Sep,Thu,Weekday,0,B02598,118
2014-09-04,Sep,Thu,Weekday,0,B02617,208
2014-09-04,Sep,Thu,Weekday,0,B02682,97
2014-09-04,Sep,Thu,Weekday,0,B02764,52
2014-09-04,Sep,Thu,Weekday,1,B02512,12
2014-09-04,Sep,Thu,Weekday,1,B02598,64
2014-09-04,Sep,Thu,Weekday,1,B02617,103
2014-09-04,Sep,Thu,Weekday,1,B02682,70
2014-09-04,Sep,Thu,Weekday,1,B02764,17
2014-09-04,Sep,Thu,Weekday,2,B02512,6
2014-09-04,Sep,Thu,Weekday,2,B02598,36
2014-09-04,Sep,Thu,Weekday,2,B02617,69
2014-09-04,Sep,Thu,Weekday,2,B02682,49
2014-09-04,Sep,Thu,Weekday,2,B02764,20
2014-09-04,Sep,Thu,Weekday,3,B02512,7
2014-09-04,Sep,Thu,Weekday,3,B02598,52
2014-09-04,Sep,Thu,Weekday,3,B02617,102
2014-09-04,Sep,Thu,Weekday,3,B02682,57
2014-09-04,Sep,Thu,Weekday,3,B02764,29
2014-09-04,Sep,Thu,Weekday,4,B02512,10
2014-09-04,Sep,Thu,Weekday,4,B02598,107
2014-09-04,Sep,Thu,Weekday,4,B02617,139
2014-09-04,Sep,Thu,Weekday,4,B02682,83
2014-09-04,Sep,Thu,Weekday,4,B02764,45
2014-09-04,Sep,Thu,Weekday,5,B02512,17
2014-09-04,Sep,Thu,Weekday,5,B02598,177
2014-09-04,Sep,Thu,Weekday,5,B02617,325
2014-09-04,Sep,Thu,Weekday,5,B02682,157
2014-09-04,Sep,Thu,Weekday,5,B02764,84
2014-09-04,Sep,Thu,Weekday,6,B02512,44
2014-09-04,Sep,Thu,Weekday,6,B02598,331
2014-09-04,Sep,Thu,Weekday,6,B02617,540
2014-09-04,Sep,Thu,Weekday,6,B02682,289
2014-09-04,Sep,Thu,Weekday,6,B02764,164
2014-09-04,Sep,Thu,Weekday,7,B02512,53
2014-09-04,Sep,Thu,Weekday,7,B02598,413
2014-09-04,Sep,Thu,Weekday,7,B02617,675
2014-09-04,Sep,Thu,Weekday,7,B02682,404
2014-09-04,Sep,Thu,Weekday,7,B02764,208
2014-09-04,Sep,Thu,Weekday,8,B02512,68
2014-09-04,Sep,Thu,Weekday,8,B02598,429
2014-09-04,Sep,Thu,Weekday,8,B02617,652
2014-09-04,Sep,Thu,Weekday,8,B02682,427
2014-09-04,Sep,Thu,Weekday,8,B02764,225
2014-09-04,Sep,Thu,Weekday,9,B02512,64
2014-09-04,Sep,Thu,Weekday,9,B02598,349
2014-09-04,Sep,Thu,Weekday,9,B02617,541
2014-09-04,Sep,Thu,Weekday,9,B02682,328
2014-09-04,Sep,Thu,Weekday,9,B02764,173
2014-09-04,Sep,Thu,Weekday,10,B02512,61
2014-09-04,Sep,Thu,Weekday,10,B02598,327
2014-09-04,Sep,Thu,Weekday,10,B02617,517
2014-09-04,Sep,Thu,Weekday,10,B02682,303
2014-09-04,Sep,Thu,Weekday,10,B02764,176
2014-09-04,Sep,Thu,Weekday,11,B02512,70
2014-09-04,Sep,Thu,Weekday,11,B02598,359
2014-09-04,Sep,Thu,Weekday,11,B02617,526
2014-09-04,Sep,Thu,Weekday,11,B02682,285
2014-09-04,Sep,Thu,Weekday,11,B02764,159
2014-09-04,Sep,Thu,Weekday,12,B02512,67
2014-09-04,Sep,Thu,Weekday,12,B02598,361
2014-09-04,Sep,Thu,Weekday,12,B02617,561
2014-09-04,Sep,Thu,Weekday,12,B02682,263
2014-09-04,Sep,Thu,Weekday,12,B02764,170
2014-09-04,Sep,Thu,Weekday,13,B02512,70
2014-09-04,Sep,Thu,Weekday,13,B02598,385
2014-09-04,Sep,Thu,Weekday,13,B02617,616
2014-09-04,Sep,Thu,Weekday,13,B02682,278
2014-09-04,Sep,Thu,Weekday,13,B02764,203
2014-09-04,Sep,Thu,Weekday,14,B02512,76
2014-09-04,Sep,Thu,Weekday,14,B02598,455
2014-09-04,Sep,Thu,Weekday,14,B02617,767
2014-09-04,Sep,Thu,Weekday,14,B02682,343
2014-09-04,Sep,Thu,Weekday,14,B02764,233
2014-09-04,Sep,Thu,Weekday,15,B02512,95
2014-09-04,Sep,Thu,Weekday,15,B02598,606
2014-09-04,Sep,Thu,Weekday,15,B02617,910
2014-09-04,Sep,Thu,Weekday,15,B02682,452
2014-09-04,Sep,Thu,Weekday,15,B02764,283
2014-09-04,Sep,Thu,Weekday,16,B02512,104
2014-09-04,Sep,Thu,Weekday,16,B02598,603
2014-09-04,Sep,Thu,Weekday,16,B02617,982
2014-09-04,Sep,Thu,Weekday,16,B02682,507
2014-09-04,Sep,Thu,Weekday,16,B02764,297
2014-09-04,Sep,Thu,Weekday,17,B02512,117
2014-09-04,Sep,Thu,Weekday,17,B02598,668
2014-09-04,Sep,Thu,Weekday,17,B02617,1091
2014-09-04,Sep,Thu,Weekday,17,B02682,515
2014-09-04,Sep,Thu,Weekday,17,B02764,344
2014-09-04,Sep,Thu,Weekday,18,B02512,134
2014-09-04,Sep,Thu,Weekday,18,B02598,789
2014-09-04,Sep,Thu,Weekday,18,B02617,1241
2014-09-04,Sep,Thu,Weekday,18,B02682,541
2014-09-04,Sep,Thu,Weekday,18,B02764,382
2014-09-04,Sep,Thu,Weekday,19,B02512,125
2014-09-04,Sep,Thu,Weekday,19,B02598,656
2014-09-04,Sep,Thu,Weekday,19,B02617,1130
2014-09-04,Sep,Thu,Weekday,19,B02682,549
2014-09-04,Sep,Thu,Weekday,19,B02764,348
2014-09-04,Sep,Thu,Weekday,20,B02512,105
2014-09-04,Sep,Thu,Weekday,20,B02598,669
2014-09-04,Sep,Thu,Weekday,20,B02617,1055
2014-09-04,Sep,Thu,Weekday,20,B02682,496
2014-09-04,Sep,Thu,Weekday,20,B02764,292
2014-09-04,Sep,Thu,Weekday,21,B02512,90
2014-09-04,Sep,Thu,Weekday,21,B02598,613
2014-09-04,Sep,Thu,Weekday,21,B02617,969
2014-09-04,Sep,Thu,Weekday,21,B02682,504
2014-09-04,Sep,Thu,Weekday,21,B02764,270
2014-09-04,Sep,Thu,Weekday,22,B02512,61
2014-09-04,Sep,Thu,Weekday,22,B02598,505
2014-09-04,Sep,Thu,Weekday,22,B02617,861
2014-09-04,Sep,Thu,Weekday,22,B02682,398
2014-09-04,Sep,Thu,Weekday,22,B02764,249
2014-09-04,Sep,Thu,Weekday,23,B02512,40
2014-09-04,Sep,Thu,Weekday,23,B02598,340
2014-09-04,Sep,Thu,Weekday,23,B02617,605
2014-09-04,Sep,Thu,Weekday,23,B02682,275
2014-09-04,Sep,Thu,Weekday,23,B02764,157
2014-09-05,Sep,Fri,Weekday,0,B02512,16
2014-09-05,Sep,Fri,Weekday,0,B02598,149
2014-09-05,Sep,Fri,Weekday,0,B02617,263
2014-09-05,Sep,Fri,Weekday,0,B02682,141
2014-09-05,Sep,Fri,Weekday,0,B02764,82
2014-09-05,Sep,Fri,Weekday,1,B02512,7
2014-09-05,Sep,Fri,Weekday,1,B02598,68
2014-09-05,Sep,Fri,Weekday,1,B02617,153
2014-09-05,Sep,Fri,Weekday,1,B02682,85
2014-09-05,Sep,Fri,Weekday,1,B02764,49
2014-09-05,Sep,Fri,Weekday,2,B02512,8
2014-09-05,Sep,Fri,Weekday,2,B02598,47
2014-09-05,Sep,Fri,Weekday,2,B02617,89
2014-09-05,Sep,Fri,Weekday,2,B02682,58
2014-09-05,Sep,Fri,Weekday,2,B02764,31
2014-09-05,Sep,Fri,Weekday,3,B02512,10
2014-09-05,Sep,Fri,Weekday,3,B02598,83
2014-09-05,Sep,Fri,Weekday,3,B02617,113
2014-09-05,Sep,Fri,Weekday,3,B02682,62
2014-09-05,Sep,Fri,Weekday,3,B02764,35
2014-09-05,Sep,Fri,Weekday,4,B02512,15
2014-09-05,Sep,Fri,Weekday,4,B02598,114
2014-09-05,Sep,Fri,Weekday,4,B02617,155
2014-09-05,Sep,Fri,Weekday,4,B02682,101
2014-09-05,Sep,Fri,Weekday,4,B02764,83
2014-09-05,Sep,Fri,Weekday,5,B02512,29
2014-09-05,Sep,Fri,Weekday,5,B02598,188
2014-09-05,Sep,Fri,Weekday,5,B02617,327
2014-09-05,Sep,Fri,Weekday,5,B02682,177
2014-09-05,Sep,Fri,Weekday,5,B02764,106
2014-09-05,Sep,Fri,Weekday,6,B02512,43
2014-09-05,Sep,Fri,Weekday,6,B02598,313
2014-09-05,Sep,Fri,Weekday,6,B02617,509
2014-09-05,Sep,Fri,Weekday,6,B02682,297
2014-09-05,Sep,Fri,Weekday,6,B02764,171
2014-09-05,Sep,Fri,Weekday,7,B02512,61
2014-09-05,Sep,Fri,Weekday,7,B02598,381
2014-09-05,Sep,Fri,Weekday,7,B02617,646
2014-09-05,Sep,Fri,Weekday,7,B02682,400
2014-09-05,Sep,Fri,Weekday,7,B02764,219
2014-09-05,Sep,Fri,Weekday,8,B02512,86
2014-09-05,Sep,Fri,Weekday,8,B02598,421
2014-09-05,Sep,Fri,Weekday,8,B02617,697
2014-09-05,Sep,Fri,Weekday,8,B02682,430
2014-09-05,Sep,Fri,Weekday,8,B02764,225
2014-09-05,Sep,Fri,Weekday,9,B02512,70
2014-09-05,Sep,Fri,Weekday,9,B02598,382
2014-09-05,Sep,Fri,Weekday,9,B02617,570
2014-09-05,Sep,Fri,Weekday,9,B02682,370
2014-09-05,Sep,Fri,Weekday,9,B02764,217
2014-09-05,Sep,Fri,Weekday,10,B02512,67
2014-09-05,Sep,Fri,Weekday,10,B02598,328
2014-09-05,Sep,Fri,Weekday,10,B02617,570
2014-09-05,Sep,Fri,Weekday,10,B02682,319
2014-09-05,Sep,Fri,Weekday,10,B02764,201
2014-09-05,Sep,Fri,Weekday,11,B02512,71
2014-09-05,Sep,Fri,Weekday,11,B02598,309
2014-09-05,Sep,Fri,Weekday,11,B02617,543
2014-09-05,Sep,Fri,Weekday,11,B02682,303
2014-09-05,Sep,Fri,Weekday,11,B02764,206
2014-09-05,Sep,Fri,Weekday,12,B02512,71
2014-09-05,Sep,Fri,Weekday,12,B02598,331
2014-09-05,Sep,Fri,Weekday,12,B02617,548
2014-09-05,Sep,Fri,Weekday,12,B02682,278
2014-09-05,Sep,Fri,Weekday,12,B02764,217
2014-09-05,Sep,Fri,Weekday,13,B02512,91
2014-09-05,Sep,Fri,Weekday,13,B02598,384
2014-09-05,Sep,Fri,Weekday,13,B02617,654
2014-09-05,Sep,Fri,Weekday,13,B02682,368
2014-09-05,Sep,Fri,Weekday,13,B02764,216
2014-09-05,Sep,Fri,Weekday,14,B02512,95
2014-09-05,Sep,Fri,Weekday,14,B02598,522
2014-09-05,Sep,Fri,Weekday,14,B02617,799
2014-09-05,Sep,Fri,Weekday,14,B02682,391
2014-09-05,Sep,Fri,Weekday,14,B02764,250
2014-09-05,Sep,Fri,Weekday,15,B02512,98
2014-09-05,Sep,Fri,Weekday,15,B02598,594
2014-09-05,Sep,Fri,Weekday,15,B02617,882
2014-09-05,Sep,Fri,Weekday,15,B02682,468
2014-09-05,Sep,Fri,Weekday,15,B02764,281
2014-09-05,Sep,Fri,Weekday,16,B02512,99
2014-09-05,Sep,Fri,Weekday,16,B02598,674
2014-09-05,Sep,Fri,Weekday,16,B02617,1039
2014-09-05,Sep,Fri,Weekday,16,B02682,538
2014-09-05,Sep,Fri,Weekday,16,B02764,305
2014-09-05,Sep,Fri,Weekday,17,B02512,130
2014-09-05,Sep,Fri,Weekday,17,B02598,688
2014-09-05,Sep,Fri,Weekday,17,B02617,1226
2014-09-05,Sep,Fri,Weekday,17,B02682,575
2014-09-05,Sep,Fri,Weekday,17,B02764,342
2014-09-05,Sep,Fri,Weekday,18,B02512,138
2014-09-05,Sep,Fri,Weekday,18,B02598,710
2014-09-05,Sep,Fri,Weekday,18,B02617,1298
2014-09-05,Sep,Fri,Weekday,18,B02682,631
2014-09-05,Sep,Fri,Weekday,18,B02764,374
2014-09-05,Sep,Fri,Weekday,19,B02512,130
2014-09-05,Sep,Fri,Weekday,19,B02598,732
2014-09-05,Sep,Fri,Weekday,19,B02617,1257
2014-09-05,Sep,Fri,Weekday,19,B02682,630
2014-09-05,Sep,Fri,Weekday,19,B02764,408
2014-09-05,Sep,Fri,Weekday,20,B02512,125
2014-09-05,Sep,Fri,Weekday,20,B02598,670
2014-09-05,Sep,Fri,Weekday,20,B02617,1072
2014-09-05,Sep,Fri,Weekday,20,B02682,534
2014-09-05,Sep,Fri,Weekday,20,B02764,337
2014-09-05,Sep,Fri,Weekday,21,B02512,122
2014-09-05,Sep,Fri,Weekday,21,B02598,706
2014-09-05,Sep,Fri,Weekday,21,B02617,1056
2014-09-05,Sep,Fri,Weekday,21,B02682,553
2014-09-05,Sep,Fri,Weekday,21,B02764,356
2014-09-05,Sep,Fri,Weekday,22,B02512,125
2014-09-05,Sep,Fri,Weekday,22,B02598,676
2014-09-05,Sep,Fri,Weekday,22,B02617,1078
2014-09-05,Sep,Fri,Weekday,22,B02682,525
2014-09-05,Sep,Fri,Weekday,22,B02764,359
2014-09-05,Sep,Fri,Weekday,23,B02512,101
2014-09-05,Sep,Fri,Weekday,23,B02598,566
2014-09-05,Sep,Fri,Weekday,23,B02617,928
2014-09-05,Sep,Fri,Weekday,23,B02682,426
2014-09-05,Sep,Fri,Weekday,23,B02764,273
2014-09-06,Sep,Sat,Weekend,0,B02512,68
2014-09-06,Sep,Sat,Weekend,0,B02598,395
2014-09-06,Sep,Sat,Weekend,0,B02617,664
2014-09-06,Sep,Sat,Weekend,0,B02682,349
2014-09-06,Sep,Sat,Weekend,0,B02764,230
2014-09-06,Sep,Sat,Weekend,1,B02512,39
2014-09-06,Sep,Sat,Weekend,1,B02598,237
2014-09-06,Sep,Sat,Weekend,1,B02617,468
2014-09-06,Sep,Sat,Weekend,1,B02682,217
2014-09-06,Sep,Sat,Weekend,1,B02764,161
2014-09-06,Sep,Sat,Weekend,2,B02512,22
2014-09-06,Sep,Sat,Weekend,2,B02598,139
2014-09-06,Sep,Sat,Weekend,2,B02617,306
2014-09-06,Sep,Sat,Weekend,2,B02682,144
2014-09-06,Sep,Sat,Weekend,2,B02764,95
2014-09-06,Sep,Sat,Weekend,3,B02512,11
2014-09-06,Sep,Sat,Weekend,3,B02598,103
2014-09-06,Sep,Sat,Weekend,3,B02617,196
2014-09-06,Sep,Sat,Weekend,3,B02682,99
2014-09-06,Sep,Sat,Weekend,3,B02764,67
2014-09-06,Sep,Sat,Weekend,4,B02512,6
2014-09-06,Sep,Sat,Weekend,4,B02598,78
2014-09-06,Sep,Sat,Weekend,4,B02617,130
2014-09-06,Sep,Sat,Weekend,4,B02682,82
2014-09-06,Sep,Sat,Weekend,4,B02764,52
2014-09-06,Sep,Sat,Weekend,5,B02512,5
2014-09-06,Sep,Sat,Weekend,5,B02598,78
2014-09-06,Sep,Sat,Weekend,5,B02617,142
2014-09-06,Sep,Sat,Weekend,5,B02682,76
2014-09-06,Sep,Sat,Weekend,5,B02764,39
2014-09-06,Sep,Sat,Weekend,6,B02512,16
2014-09-06,Sep,Sat,Weekend,6,B02598,136
2014-09-06,Sep,Sat,Weekend,6,B02617,207
2014-09-06,Sep,Sat,Weekend,6,B02682,111
2014-09-06,Sep,Sat,Weekend,6,B02764,56
2014-09-06,Sep,Sat,Weekend,7,B02512,22
2014-09-06,Sep,Sat,Weekend,7,B02598,175
2014-09-06,Sep,Sat,Weekend,7,B02617,274
2014-09-06,Sep,Sat,Weekend,7,B02682,146
2014-09-06,Sep,Sat,Weekend,7,B02764,93
2014-09-06,Sep,Sat,Weekend,8,B02512,42
2014-09-06,Sep,Sat,Weekend,8,B02598,257
2014-09-06,Sep,Sat,Weekend,8,B02617,341
2014-09-06,Sep,Sat,Weekend,8,B02682,200
2014-09-06,Sep,Sat,Weekend,8,B02764,113
2014-09-06,Sep,Sat,Weekend,9,B02512,45
2014-09-06,Sep,Sat,Weekend,9,B02598,278
2014-09-06,Sep,Sat,Weekend,9,B02617,385
2014-09-06,Sep,Sat,Weekend,9,B02682,237
2014-09-06,Sep,Sat,Weekend,9,B02764,140
2014-09-06,Sep,Sat,Weekend,10,B02512,46
2014-09-06,Sep,Sat,Weekend,10,B02598,344
2014-09-06,Sep,Sat,Weekend,10,B02617,447
2014-09-06,Sep,Sat,Weekend,10,B02682,280
2014-09-06,Sep,Sat,Weekend,10,B02764,169
2014-09-06,Sep,Sat,Weekend,11,B02512,64
2014-09-06,Sep,Sat,Weekend,11,B02598,389
2014-09-06,Sep,Sat,Weekend,11,B02617,540
2014-09-06,Sep,Sat,Weekend,11,B02682,292
2014-09-06,Sep,Sat,Weekend,11,B02764,190
2014-09-06,Sep,Sat,Weekend,12,B02512,70
2014-09-06,Sep,Sat,Weekend,12,B02598,403
2014-09-06,Sep,Sat,Weekend,12,B02617,580
2014-09-06,Sep,Sat,Weekend,12,B02682,303
2014-09-06,Sep,Sat,Weekend,12,B02764,244
2014-09-06,Sep,Sat,Weekend,13,B02512,84
2014-09-06,Sep,Sat,Weekend,13,B02598,439
2014-09-06,Sep,Sat,Weekend,13,B02617,704
2014-09-06,Sep,Sat,Weekend,13,B02682,377
2014-09-06,Sep,Sat,Weekend,13,B02764,267
2014-09-06,Sep,Sat,Weekend,14,B02512,82
2014-09-06,Sep,Sat,Weekend,14,B02598,538
2014-09-06,Sep,Sat,Weekend,14,B02617,794
2014-09-06,Sep,Sat,Weekend,14,B02682,426
2014-09-06,Sep,Sat,Weekend,14,B02764,293
2014-09-06,Sep,Sat,Weekend,15,B02512,87
2014-09-06,Sep,Sat,Weekend,15,B02598,610
2014-09-06,Sep,Sat,Weekend,15,B02617,918
2014-09-06,Sep,Sat,Weekend,15,B02682,456
2014-09-06,Sep,Sat,Weekend,15,B02764,343
2014-09-06,Sep,Sat,Weekend,16,B02512,96
2014-09-06,Sep,Sat,Weekend,16,B02598,650
2014-09-06,Sep,Sat,Weekend,16,B02617,977
2014-09-06,Sep,Sat,Weekend,16,B02682,515
2014-09-06,Sep,Sat,Weekend,16,B02764,341
2014-09-06,Sep,Sat,Weekend,17,B02512,100
2014-09-06,Sep,Sat,Weekend,17,B02598,683
2014-09-06,Sep,Sat,Weekend,17,B02617,1082
2014-09-06,Sep,Sat,Weekend,17,B02682,553
2014-09-06,Sep,Sat,Weekend,17,B02764,358
2014-09-06,Sep,Sat,Weekend,18,B02512,107
2014-09-06,Sep,Sat,Weekend,18,B02598,703
2014-09-06,Sep,Sat,Weekend,18,B02617,1099
2014-09-06,Sep,Sat,Weekend,18,B02682,561
2014-09-06,Sep,Sat,Weekend,18,B02764,384
2014-09-06,Sep,Sat,Weekend,19,B02512,122
2014-09-06,Sep,Sat,Weekend,19,B02598,640
2014-09-06,Sep,Sat,Weekend,19,B02617,1065
2014-09-06,Sep,Sat,Weekend,19,B02682,550
2014-09-06,Sep,Sat,Weekend,19,B02764,365
2014-09-06,Sep,Sat,Weekend,20,B02512,108
2014-09-06,Sep,Sat,Weekend,20,B02598,579
2014-09-06,Sep,Sat,Weekend,20,B02617,943
2014-09-06,Sep,Sat,Weekend,20,B02682,466
2014-09-06,Sep,Sat,Weekend,20,B02764,326
2014-09-06,Sep,Sat,Weekend,21,B02512,120
2014-09-06,Sep,Sat,Weekend,21,B02598,646
2014-09-06,Sep,Sat,Weekend,21,B02617,1072
2014-09-06,Sep,Sat,Weekend,21,B02682,521
2014-09-06,Sep,Sat,Weekend,21,B02764,354
2014-09-06,Sep,Sat,Weekend,22,B02512,112
2014-09-06,Sep,Sat,Weekend,22,B02598,747
2014-09-06,Sep,Sat,Weekend,22,B02617,1188
2014-09-06,Sep,Sat,Weekend,22,B02682,621
2014-09-06,Sep,Sat,Weekend,22,B02764,366
2014-09-06,Sep,Sat,Weekend,23,B02512,106
2014-09-06,Sep,Sat,Weekend,23,B02598,601
2014-09-06,Sep,Sat,Weekend,23,B02617,1051
2014-09-06,Sep,Sat,Weekend,23,B02682,550
2014-09-06,Sep,Sat,Weekend,23,B02764,341
2014-09-07,Sep,Sun,Weekend,0,B02512,71
2014-09-07,Sep,Sun,Weekend,0,B02598,427
2014-09-07,Sep,Sun,Weekend,0,B02617,705
2014-09-07,Sep,Sun,Weekend,0,B02682,366
2014-09-07,Sep,Sun,Weekend,0,B02764,261
2014-09-07,Sep,Sun,Weekend,1,B02512,43
2014-09-07,Sep,Sun,Weekend,1,B02598,276
2014-09-07,Sep,Sun,Weekend,1,B02617,518
2014-09-07,Sep,Sun,Weekend,1,B02682,240
2014-09-07,Sep,Sun,Weekend,1,B02764,160
2014-09-07,Sep,Sun,Weekend,2,B02512,30
2014-09-07,Sep,Sun,Weekend,2,B02598,190
2014-09-07,Sep,Sun,Weekend,2,B02617,337
2014-09-07,Sep,Sun,Weekend,2,B02682,166
2014-09-07,Sep,Sun,Weekend,2,B02764,100
2014-09-07,Sep,Sun,Weekend,3,B02512,15
2014-09-07,Sep,Sun,Weekend,3,B02598,134
2014-09-07,Sep,Sun,Weekend,3,B02617,243
2014-09-07,Sep,Sun,Weekend,3,B02682,96
2014-09-07,Sep,Sun,Weekend,3,B02764,78
2014-09-07,Sep,Sun,Weekend,4,B02512,9
2014-09-07,Sep,Sun,Weekend,4,B02598,73
2014-09-07,Sep,Sun,Weekend,4,B02617,142
2014-09-07,Sep,Sun,Weekend,4,B02682,60
2014-09-07,Sep,Sun,Weekend,4,B02764,50
2014-09-07,Sep,Sun,Weekend,5,B02512,17
2014-09-07,Sep,Sun,Weekend,5,B02598,91
2014-09-07,Sep,Sun,Weekend,5,B02617,152
2014-09-07,Sep,Sun,Weekend,5,B02682,61
2014-09-07,Sep,Sun,Weekend,5,B02764,37
2014-09-07,Sep,Sun,Weekend,6,B02512,16
2014-09-07,Sep,Sun,Weekend,6,B02598,88
2014-09-07,Sep,Sun,Weekend,6,B02617,156
2014-09-07,Sep,Sun,Weekend,6,B02682,79
2014-09-07,Sep,Sun,Weekend,6,B02764,48
2014-09-07,Sep,Sun,Weekend,7,B02512,22
2014-09-07,Sep,Sun,Weekend,7,B02598,129
2014-09-07,Sep,Sun,Weekend,7,B02617,218
2014-09-07,Sep,Sun,Weekend,7,B02682,127
2014-09-07,Sep,Sun,Weekend,7,B02764,68
2014-09-07,Sep,Sun,Weekend,8,B02512,44
2014-09-07,Sep,Sun,Weekend,8,B02598,199
2014-09-07,Sep,Sun,Weekend,8,B02617,300
2014-09-07,Sep,Sun,Weekend,8,B02682,167
2014-09-07,Sep,Sun,Weekend,8,B02764,103
2014-09-07,Sep,Sun,Weekend,9,B02512,46
2014-09-07,Sep,Sun,Weekend,9,B02598,287
2014-09-07,Sep,Sun,Weekend,9,B02617,353
2014-09-07,Sep,Sun,Weekend,9,B02682,220
2014-09-07,Sep,Sun,Weekend,9,B02764,118
2014-09-07,Sep,Sun,Weekend,10,B02512,58
2014-09-07,Sep,Sun,Weekend,10,B02598,310
2014-09-07,Sep,Sun,Weekend,10,B02617,473
2014-09-07,Sep,Sun,Weekend,10,B02682,240
2014-09-07,Sep,Sun,Weekend,10,B02764,146
2014-09-07,Sep,Sun,Weekend,11,B02512,64
2014-09-07,Sep,Sun,Weekend,11,B02598,354
2014-09-07,Sep,Sun,Weekend,11,B02617,522
2014-09-07,Sep,Sun,Weekend,11,B02682,272
2014-09-07,Sep,Sun,Weekend,11,B02764,185
2014-09-07,Sep,Sun,Weekend,12,B02512,76
2014-09-07,Sep,Sun,Weekend,12,B02598,361
2014-09-07,Sep,Sun,Weekend,12,B02617,548
2014-09-07,Sep,Sun,Weekend,12,B02682,293
2014-09-07,Sep,Sun,Weekend,12,B02764,207
2014-09-07,Sep,Sun,Weekend,13,B02512,71
2014-09-07,Sep,Sun,Weekend,13,B02598,396
2014-09-07,Sep,Sun,Weekend,13,B02617,607
2014-09-07,Sep,Sun,Weekend,13,B02682,318
2014-09-07,Sep,Sun,Weekend,13,B02764,247
2014-09-07,Sep,Sun,Weekend,14,B02512,51
2014-09-07,Sep,Sun,Weekend,14,B02598,409
2014-09-07,Sep,Sun,Weekend,14,B02617,698
2014-09-07,Sep,Sun,Weekend,14,B02682,354
2014-09-07,Sep,Sun,Weekend,14,B02764,299
2014-09-07,Sep,Sun,Weekend,15,B02512,66
2014-09-07,Sep,Sun,Weekend,15,B02598,471
2014-09-07,Sep,Sun,Weekend,15,B02617,727
2014-09-07,Sep,Sun,Weekend,15,B02682,404
2014-09-07,Sep,Sun,Weekend,15,B02764,320
2014-09-07,Sep,Sun,Weekend,16,B02512,63
2014-09-07,Sep,Sun,Weekend,16,B02598,507
2014-09-07,Sep,Sun,Weekend,16,B02617,831
2014-09-07,Sep,Sun,Weekend,16,B02682,436
2014-09-07,Sep,Sun,Weekend,16,B02764,310
2014-09-07,Sep,Sun,Weekend,17,B02512,67
2014-09-07,Sep,Sun,Weekend,17,B02598,494
2014-09-07,Sep,Sun,Weekend,17,B02617,787
2014-09-07,Sep,Sun,Weekend,17,B02682,390
2014-09-07,Sep,Sun,Weekend,17,B02764,298
2014-09-07,Sep,Sun,Weekend,18,B02512,72
2014-09-07,Sep,Sun,Weekend,18,B02598,429
2014-09-07,Sep,Sun,Weekend,18,B02617,767
2014-09-07,Sep,Sun,Weekend,18,B02682,371
2014-09-07,Sep,Sun,Weekend,18,B02764,270
2014-09-07,Sep,Sun,Weekend,19,B02512,66
2014-09-07,Sep,Sun,Weekend,19,B02598,388
2014-09-07,Sep,Sun,Weekend,19,B02617,658
2014-09-07,Sep,Sun,Weekend,19,B02682,338
2014-09-07,Sep,Sun,Weekend,19,B02764,258
2014-09-07,Sep,Sun,Weekend,20,B02512,48
2014-09-07,Sep,Sun,Weekend,20,B02598,372
2014-09-07,Sep,Sun,Weekend,20,B02617,638
2014-09-07,Sep,Sun,Weekend,20,B02682,307
2014-09-07,Sep,Sun,Weekend,20,B02764,251
2014-09-07,Sep,Sun,Weekend,21,B02512,50
2014-09-07,Sep,Sun,Weekend,21,B02598,333
2014-09-07,Sep,Sun,Weekend,21,B02617,554
2014-09-07,Sep,Sun,Weekend,21,B02682,293
2014-09-07,Sep,Sun,Weekend,21,B02764,214
2014-09-07,Sep,Sun,Weekend,22,B02512,42
2014-09-07,Sep,Sun,Weekend,22,B02598,249
2014-09-07,Sep,Sun,Weekend,22,B02617,470
2014-09-07,Sep,Sun,Weekend,22,B02682,250
2014-09-07,Sep,Sun,Weekend,22,B02764,151
2014-09-07,Sep,Sun,Weekend,23,B02512,17
2014-09-07,Sep,Sun,Weekend,23,B02598,155
2014-09-07,Sep,Sun,Weekend,23,B02617,235
2014-09-07,Sep,Sun,Weekend,23,B02682,135
2014-09-07,Sep,Sun,Weekend,23,B02764,87
2014-09-08,Sep,Mon,Weekday,0,B02512,10
2014-09-08,Sep,Mon,Weekday,0,B02598,86
2014-09-08,Sep,Mon,Weekday,0,B02617,129
2014-09-08,Sep,Mon,Weekday,0,B02682,65
2014-09-08,Sep,Mon,Weekday,0,B02764,33
2014-09-08,Sep,Mon,Weekday,1,B02512,7
2014-09-08,Sep,Mon,Weekday,1,B02598,49
2014-09-08,Sep,Mon,Weekday,1,B02617,87
2014-09-08,Sep,Mon,Weekday,1,B02682,40
2014-09-08,Sep,Mon,Weekday,1,B02764,18
2014-09-08,Sep,Mon,Weekday,2,B02512,7
2014-09-08,Sep,Mon,Weekday,2,B02598,33
2014-09-08,Sep,Mon,Weekday,2,B02617,59
2014-09-08,Sep,Mon,Weekday,2,B02682,41
2014-09-08,Sep,Mon,Weekday,2,B02764,17
2014-09-08,Sep,Mon,Weekday,3,B02512,19
2014-09-08,Sep,Mon,Weekday,3,B02598,95
2014-09-08,Sep,Mon,Weekday,3,B02617,135
2014-09-08,Sep,Mon,Weekday,3,B02682,82
2014-09-08,Sep,Mon,Weekday,3,B02764,38
2014-09-08,Sep,Mon,Weekday,4,B02512,23
2014-09-08,Sep,Mon,Weekday,4,B02598,121
2014-09-08,Sep,Mon,Weekday,4,B02617,200
2014-09-08,Sep,Mon,Weekday,4,B02682,112
2014-09-08,Sep,Mon,Weekday,4,B02764,59
2014-09-08,Sep,Mon,Weekday,5,B02512,32
2014-09-08,Sep,Mon,Weekday,5,B02598,219
2014-09-08,Sep,Mon,Weekday,5,B02617,358
2014-09-08,Sep,Mon,Weekday,5,B02682,186
2014-09-08,Sep,Mon,Weekday,5,B02764,115
2014-09-08,Sep,Mon,Weekday,6,B02512,52
2014-09-08,Sep,Mon,Weekday,6,B02598,286
2014-09-08,Sep,Mon,Weekday,6,B02617,475
2014-09-08,Sep,Mon,Weekday,6,B02682,279
2014-09-08,Sep,Mon,Weekday,6,B02764,130
2014-09-08,Sep,Mon,Weekday,7,B02512,65
2014-09-08,Sep,Mon,Weekday,7,B02598,405
2014-09-08,Sep,Mon,Weekday,7,B02617,637
2014-09-08,Sep,Mon,Weekday,7,B02682,377
2014-09-08,Sep,Mon,Weekday,7,B02764,189
2014-09-08,Sep,Mon,Weekday,8,B02512,55
2014-09-08,Sep,Mon,Weekday,8,B02598,441
2014-09-08,Sep,Mon,Weekday,8,B02617,637
2014-09-08,Sep,Mon,Weekday,8,B02682,388
2014-09-08,Sep,Mon,Weekday,8,B02764,204
2014-09-08,Sep,Mon,Weekday,9,B02512,49
2014-09-08,Sep,Mon,Weekday,9,B02598,325
2014-09-08,Sep,Mon,Weekday,9,B02617,476
2014-09-08,Sep,Mon,Weekday,9,B02682,281
2014-09-08,Sep,Mon,Weekday,9,B02764,157
2014-09-08,Sep,Mon,Weekday,10,B02512,45
2014-09-08,Sep,Mon,Weekday,10,B02598,293
2014-09-08,Sep,Mon,Weekday,10,B02617,452
2014-09-08,Sep,Mon,Weekday,10,B02682,255
2014-09-08,Sep,Mon,Weekday,10,B02764,159
2014-09-08,Sep,Mon,Weekday,11,B02512,52
2014-09-08,Sep,Mon,Weekday,11,B02598,306
2014-09-08,Sep,Mon,Weekday,11,B02617,456
2014-09-08,Sep,Mon,Weekday,11,B02682,255
2014-09-08,Sep,Mon,Weekday,11,B02764,142
2014-09-08,Sep,Mon,Weekday,12,B02512,59
2014-09-08,Sep,Mon,Weekday,12,B02598,288
2014-09-08,Sep,Mon,Weekday,12,B02617,452
2014-09-08,Sep,Mon,Weekday,12,B02682,240
2014-09-08,Sep,Mon,Weekday,12,B02764,151
2014-09-08,Sep,Mon,Weekday,13,B02512,62
2014-09-08,Sep,Mon,Weekday,13,B02598,319
2014-09-08,Sep,Mon,Weekday,13,B02617,494
2014-09-08,Sep,Mon,Weekday,13,B02682,288
2014-09-08,Sep,Mon,Weekday,13,B02764,182
2014-09-08,Sep,Mon,Weekday,14,B02512,67
2014-09-08,Sep,Mon,Weekday,14,B02598,390
2014-09-08,Sep,Mon,Weekday,14,B02617,577
2014-09-08,Sep,Mon,Weekday,14,B02682,321
2014-09-08,Sep,Mon,Weekday,14,B02764,222
2014-09-08,Sep,Mon,Weekday,15,B02512,67
2014-09-08,Sep,Mon,Weekday,15,B02598,461
2014-09-08,Sep,Mon,Weekday,15,B02617,733
2014-09-08,Sep,Mon,Weekday,15,B02682,371
2014-09-08,Sep,Mon,Weekday,15,B02764,263
2014-09-08,Sep,Mon,Weekday,16,B02512,76
2014-09-08,Sep,Mon,Weekday,16,B02598,505
2014-09-08,Sep,Mon,Weekday,16,B02617,791
2014-09-08,Sep,Mon,Weekday,16,B02682,438
2014-09-08,Sep,Mon,Weekday,16,B02764,282
2014-09-08,Sep,Mon,Weekday,17,B02512,92
2014-09-08,Sep,Mon,Weekday,17,B02598,520
2014-09-08,Sep,Mon,Weekday,17,B02617,904
2014-09-08,Sep,Mon,Weekday,17,B02682,454
2014-09-08,Sep,Mon,Weekday,17,B02764,284
2014-09-08,Sep,Mon,Weekday,18,B02512,87
2014-09-08,Sep,Mon,Weekday,18,B02598,480
2014-09-08,Sep,Mon,Weekday,18,B02617,881
2014-09-08,Sep,Mon,Weekday,18,B02682,447
2014-09-08,Sep,Mon,Weekday,18,B02764,326
2014-09-08,Sep,Mon,Weekday,19,B02512,90
2014-09-08,Sep,Mon,Weekday,19,B02598,449
2014-09-08,Sep,Mon,Weekday,19,B02617,802
2014-09-08,Sep,Mon,Weekday,19,B02682,383
2014-09-08,Sep,Mon,Weekday,19,B02764,247
2014-09-08,Sep,Mon,Weekday,20,B02512,85
2014-09-08,Sep,Mon,Weekday,20,B02598,405
2014-09-08,Sep,Mon,Weekday,20,B02617,732
2014-09-08,Sep,Mon,Weekday,20,B02682,360
2014-09-08,Sep,Mon,Weekday,20,B02764,241
2014-09-08,Sep,Mon,Weekday,21,B02512,44
2014-09-08,Sep,Mon,Weekday,21,B02598,372
2014-09-08,Sep,Mon,Weekday,21,B02617,609
2014-09-08,Sep,Mon,Weekday,21,B02682,278
2014-09-08,Sep,Mon,Weekday,21,B02764,184
2014-09-08,Sep,Mon,Weekday,22,B02512,42
2014-09-08,Sep,Mon,Weekday,22,B02598,278
2014-09-08,Sep,Mon,Weekday,22,B02617,445
2014-09-08,Sep,Mon,Weekday,22,B02682,212
2014-09-08,Sep,Mon,Weekday,22,B02764,140
2014-09-08,Sep,Mon,Weekday,23,B02512,24
2014-09-08,Sep,Mon,Weekday,23,B02598,160
2014-09-08,Sep,Mon,Weekday,23,B02617,231
2014-09-08,Sep,Mon,Weekday,23,B02682,104
2014-09-08,Sep,Mon,Weekday,23,B02764,71
2014-09-09,Sep,Tue,Weekday,0,B02512,12
2014-09-09,Sep,Tue,Weekday,0,B02598,62
2014-09-09,Sep,Tue,Weekday,0,B02617,131
2014-09-09,Sep,Tue,Weekday,0,B02682,69
2014-09-09,Sep,Tue,Weekday,0,B02764,38
2014-09-09,Sep,Tue,Weekday,1,B02512,6
2014-09-09,Sep,Tue,Weekday,1,B02598,45
2014-09-09,Sep,Tue,Weekday,1,B02617,68
2014-09-09,Sep,Tue,Weekday,1,B02682,50
2014-09-09,Sep,Tue,Weekday,1,B02764,25
2014-09-09,Sep,Tue,Weekday,2,B02512,5
2014-09-09,Sep,Tue,Weekday,2,B02598,37
2014-09-09,Sep,Tue,Weekday,2,B02617,50
2014-09-09,Sep,Tue,Weekday,2,B02682,41
2014-09-09,Sep,Tue,Weekday,2,B02764,13
2014-09-09,Sep,Tue,Weekday,3,B02512,8
2014-09-09,Sep,Tue,Weekday,3,B02598,59
2014-09-09,Sep,Tue,Weekday,3,B02617,96
2014-09-09,Sep,Tue,Weekday,3,B02682,51
2014-09-09,Sep,Tue,Weekday,3,B02764,28
2014-09-09,Sep,Tue,Weekday,4,B02512,11
2014-09-09,Sep,Tue,Weekday,4,B02598,93
2014-09-09,Sep,Tue,Weekday,4,B02617,148
2014-09-09,Sep,Tue,Weekday,4,B02682,87
2014-09-09,Sep,Tue,Weekday,4,B02764,68
2014-09-09,Sep,Tue,Weekday,5,B02512,27
2014-09-09,Sep,Tue,Weekday,5,B02598,195
2014-09-09,Sep,Tue,Weekday,5,B02617,326
2014-09-09,Sep,Tue,Weekday,5,B02682,163
2014-09-09,Sep,Tue,Weekday,5,B02764,115
2014-09-09,Sep,Tue,Weekday,6,B02512,53
2014-09-09,Sep,Tue,Weekday,6,B02598,344
2014-09-09,Sep,Tue,Weekday,6,B02617,547
2014-09-09,Sep,Tue,Weekday,6,B02682,315
2014-09-09,Sep,Tue,Weekday,6,B02764,184
2014-09-09,Sep,Tue,Weekday,7,B02512,46
2014-09-09,Sep,Tue,Weekday,7,B02598,446
2014-09-09,Sep,Tue,Weekday,7,B02617,641
2014-09-09,Sep,Tue,Weekday,7,B02682,418
2014-09-09,Sep,Tue,Weekday,7,B02764,227
2014-09-09,Sep,Tue,Weekday,8,B02512,50
2014-09-09,Sep,Tue,Weekday,8,B02598,421
2014-09-09,Sep,Tue,Weekday,8,B02617,659
2014-09-09,Sep,Tue,Weekday,8,B02682,420
2014-09-09,Sep,Tue,Weekday,8,B02764,235
2014-09-09,Sep,Tue,Weekday,9,B02512,48
2014-09-09,Sep,Tue,Weekday,9,B02598,340
2014-09-09,Sep,Tue,Weekday,9,B02617,512
2014-09-09,Sep,Tue,Weekday,9,B02682,243
2014-09-09,Sep,Tue,Weekday,9,B02764,187
2014-09-09,Sep,Tue,Weekday,10,B02512,53
2014-09-09,Sep,Tue,Weekday,10,B02598,331
2014-09-09,Sep,Tue,Weekday,10,B02617,484
2014-09-09,Sep,Tue,Weekday,10,B02682,263
2014-09-09,Sep,Tue,Weekday,10,B02764,162
2014-09-09,Sep,Tue,Weekday,11,B02512,55
2014-09-09,Sep,Tue,Weekday,11,B02598,314
2014-09-09,Sep,Tue,Weekday,11,B02617,505
2014-09-09,Sep,Tue,Weekday,11,B02682,224
2014-09-09,Sep,Tue,Weekday,11,B02764,196
2014-09-09,Sep,Tue,Weekday,12,B02512,56
2014-09-09,Sep,Tue,Weekday,12,B02598,316
2014-09-09,Sep,Tue,Weekday,12,B02617,500
2014-09-09,Sep,Tue,Weekday,12,B02682,255
2014-09-09,Sep,Tue,Weekday,12,B02764,192
2014-09-09,Sep,Tue,Weekday,13,B02512,70
2014-09-09,Sep,Tue,Weekday,13,B02598,399
2014-09-09,Sep,Tue,Weekday,13,B02617,633
2014-09-09,Sep,Tue,Weekday,13,B02682,277
2014-09-09,Sep,Tue,Weekday,13,B02764,260
2014-09-09,Sep,Tue,Weekday,14,B02512,74
2014-09-09,Sep,Tue,Weekday,14,B02598,516
2014-09-09,Sep,Tue,Weekday,14,B02617,765
2014-09-09,Sep,Tue,Weekday,14,B02682,367
2014-09-09,Sep,Tue,Weekday,14,B02764,306
2014-09-09,Sep,Tue,Weekday,15,B02512,87
2014-09-09,Sep,Tue,Weekday,15,B02598,549
2014-09-09,Sep,Tue,Weekday,15,B02617,865
2014-09-09,Sep,Tue,Weekday,15,B02682,431
2014-09-09,Sep,Tue,Weekday,15,B02764,302
2014-09-09,Sep,Tue,Weekday,16,B02512,100
2014-09-09,Sep,Tue,Weekday,16,B02598,531
2014-09-09,Sep,Tue,Weekday,16,B02617,837
2014-09-09,Sep,Tue,Weekday,16,B02682,437
2014-09-09,Sep,Tue,Weekday,16,B02764,332
2014-09-09,Sep,Tue,Weekday,17,B02512,93
2014-09-09,Sep,Tue,Weekday,17,B02598,624
2014-09-09,Sep,Tue,Weekday,17,B02617,1023
2014-09-09,Sep,Tue,Weekday,17,B02682,498
2014-09-09,Sep,Tue,Weekday,17,B02764,378
2014-09-09,Sep,Tue,Weekday,18,B02512,114
2014-09-09,Sep,Tue,Weekday,18,B02598,668
2014-09-09,Sep,Tue,Weekday,18,B02617,1004
2014-09-09,Sep,Tue,Weekday,18,B02682,473
2014-09-09,Sep,Tue,Weekday,18,B02764,423
2014-09-09,Sep,Tue,Weekday,19,B02512,81
2014-09-09,Sep,Tue,Weekday,19,B02598,595
2014-09-09,Sep,Tue,Weekday,19,B02617,877
2014-09-09,Sep,Tue,Weekday,19,B02682,464
2014-09-09,Sep,Tue,Weekday,19,B02764,362
2014-09-09,Sep,Tue,Weekday,20,B02512,63
2014-09-09,Sep,Tue,Weekday,20,B02598,515
2014-09-09,Sep,Tue,Weekday,20,B02617,880
2014-09-09,Sep,Tue,Weekday,20,B02682,414
2014-09-09,Sep,Tue,Weekday,20,B02764,309
2014-09-09,Sep,Tue,Weekday,21,B02512,54
2014-09-09,Sep,Tue,Weekday,21,B02598,459
2014-09-09,Sep,Tue,Weekday,21,B02617,776
2014-09-09,Sep,Tue,Weekday,21,B02682,354
2014-09-09,Sep,Tue,Weekday,21,B02764,265
2014-09-09,Sep,Tue,Weekday,22,B02512,49
2014-09-09,Sep,Tue,Weekday,22,B02598,347
2014-09-09,Sep,Tue,Weekday,22,B02617,542
2014-09-09,Sep,Tue,Weekday,22,B02682,284
2014-09-09,Sep,Tue,Weekday,22,B02764,205
2014-09-09,Sep,Tue,Weekday,23,B02512,39
2014-09-09,Sep,Tue,Weekday,23,B02598,187
2014-09-09,Sep,Tue,Weekday,23,B02617,342
2014-09-09,Sep,Tue,Weekday,23,B02682,178
2014-09-09,Sep,Tue,Weekday,23,B02764,114
2014-09-10,Sep,Wed,Weekday,0,B02512,20
2014-09-10,Sep,Wed,Weekday,0,B02598,93
2014-09-10,Sep,Wed,Weekday,0,B02617,170
2014-09-10,Sep,Wed,Weekday,0,B02682,88
2014-09-10,Sep,Wed,Weekday,0,B02764,58
2014-09-10,Sep,Wed,Weekday,1,B02512,14
2014-09-10,Sep,Wed,Weekday,1,B02598,61
2014-09-10,Sep,Wed,Weekday,1,B02617,120
2014-09-10,Sep,Wed,Weekday,1,B02682,65
2014-09-10,Sep,Wed,Weekday,1,B02764,50
2014-09-10,Sep,Wed,Weekday,2,B02512,5
2014-09-10,Sep,Wed,Weekday,2,B02598,42
2014-09-10,Sep,Wed,Weekday,2,B02617,67
2014-09-10,Sep,Wed,Weekday,2,B02682,43
2014-09-10,Sep,Wed,Weekday,2,B02764,23
2014-09-10,Sep,Wed,Weekday,3,B02512,5
2014-09-10,Sep,Wed,Weekday,3,B02598,60
2014-09-10,Sep,Wed,Weekday,3,B02617,96
2014-09-10,Sep,Wed,Weekday,3,B02682,47
2014-09-10,Sep,Wed,Weekday,3,B02764,30
2014-09-10,Sep,Wed,Weekday,4,B02512,4
2014-09-10,Sep,Wed,Weekday,4,B02598,99
2014-09-10,Sep,Wed,Weekday,4,B02617,151
2014-09-10,Sep,Wed,Weekday,4,B02682,89
2014-09-10,Sep,Wed,Weekday,4,B02764,53
2014-09-10,Sep,Wed,Weekday,5,B02512,19
2014-09-10,Sep,Wed,Weekday,5,B02598,185
2014-09-10,Sep,Wed,Weekday,5,B02617,316
2014-09-10,Sep,Wed,Weekday,5,B02682,162
2014-09-10,Sep,Wed,Weekday,5,B02764,110
2014-09-10,Sep,Wed,Weekday,6,B02512,34
2014-09-10,Sep,Wed,Weekday,6,B02598,316
2014-09-10,Sep,Wed,Weekday,6,B02617,520
2014-09-10,Sep,Wed,Weekday,6,B02682,284
2014-09-10,Sep,Wed,Weekday,6,B02764,199
2014-09-10,Sep,Wed,Weekday,7,B02512,57
2014-09-10,Sep,Wed,Weekday,7,B02598,421
2014-09-10,Sep,Wed,Weekday,7,B02617,637
2014-09-10,Sep,Wed,Weekday,7,B02682,346
2014-09-10,Sep,Wed,Weekday,7,B02764,226
2014-09-10,Sep,Wed,Weekday,8,B02512,56
2014-09-10,Sep,Wed,Weekday,8,B02598,457
2014-09-10,Sep,Wed,Weekday,8,B02617,629
2014-09-10,Sep,Wed,Weekday,8,B02682,385
2014-09-10,Sep,Wed,Weekday,8,B02764,258
2014-09-10,Sep,Wed,Weekday,9,B02512,53
2014-09-10,Sep,Wed,Weekday,9,B02598,359
2014-09-10,Sep,Wed,Weekday,9,B02617,489
2014-09-10,Sep,Wed,Weekday,9,B02682,321
2014-09-10,Sep,Wed,Weekday,9,B02764,212
2014-09-10,Sep,Wed,Weekday,10,B02512,66
2014-09-10,Sep,Wed,Weekday,10,B02598,343
2014-09-10,Sep,Wed,Weekday,10,B02617,438
2014-09-10,Sep,Wed,Weekday,10,B02682,252
2014-09-10,Sep,Wed,Weekday,10,B02764,187
2014-09-10,Sep,Wed,Weekday,11,B02512,58
2014-09-10,Sep,Wed,Weekday,11,B02598,343
2014-09-10,Sep,Wed,Weekday,11,B02617,507
2014-09-10,Sep,Wed,Weekday,11,B02682,276
2014-09-10,Sep,Wed,Weekday,11,B02764,224
2014-09-10,Sep,Wed,Weekday,12,B02512,53
2014-09-10,Sep,Wed,Weekday,12,B02598,346
2014-09-10,Sep,Wed,Weekday,12,B02617,505
2014-09-10,Sep,Wed,Weekday,12,B02682,269
2014-09-10,Sep,Wed,Weekday,12,B02764,199
2014-09-10,Sep,Wed,Weekday,13,B02512,76
2014-09-10,Sep,Wed,Weekday,13,B02598,385
2014-09-10,Sep,Wed,Weekday,13,B02617,553
2014-09-10,Sep,Wed,Weekday,13,B02682,299
2014-09-10,Sep,Wed,Weekday,13,B02764,238
2014-09-10,Sep,Wed,Weekday,14,B02512,93
2014-09-10,Sep,Wed,Weekday,14,B02598,437
2014-09-10,Sep,Wed,Weekday,14,B02617,704
2014-09-10,Sep,Wed,Weekday,14,B02682,311
2014-09-10,Sep,Wed,Weekday,14,B02764,269
2014-09-10,Sep,Wed,Weekday,15,B02512,79
2014-09-10,Sep,Wed,Weekday,15,B02598,560
2014-09-10,Sep,Wed,Weekday,15,B02617,823
2014-09-10,Sep,Wed,Weekday,15,B02682,415
2014-09-10,Sep,Wed,Weekday,15,B02764,341
2014-09-10,Sep,Wed,Weekday,16,B02512,90
2014-09-10,Sep,Wed,Weekday,16,B02598,631
2014-09-10,Sep,Wed,Weekday,16,B02617,921
2014-09-10,Sep,Wed,Weekday,16,B02682,443
2014-09-10,Sep,Wed,Weekday,16,B02764,384
2014-09-10,Sep,Wed,Weekday,17,B02512,116
2014-09-10,Sep,Wed,Weekday,17,B02598,635
2014-09-10,Sep,Wed,Weekday,17,B02617,1068
2014-09-10,Sep,Wed,Weekday,17,B02682,528
2014-09-10,Sep,Wed,Weekday,17,B02764,437
2014-09-10,Sep,Wed,Weekday,18,B02512,110
2014-09-10,Sep,Wed,Weekday,18,B02598,688
2014-09-10,Sep,Wed,Weekday,18,B02617,1082
2014-09-10,Sep,Wed,Weekday,18,B02682,536
2014-09-10,Sep,Wed,Weekday,18,B02764,423
2014-09-10,Sep,Wed,Weekday,19,B02512,103
2014-09-10,Sep,Wed,Weekday,19,B02598,601
2014-09-10,Sep,Wed,Weekday,19,B02617,1020
2014-09-10,Sep,Wed,Weekday,19,B02682,458
2014-09-10,Sep,Wed,Weekday,19,B02764,385
2014-09-10,Sep,Wed,Weekday,20,B02512,95
2014-09-10,Sep,Wed,Weekday,20,B02598,582
2014-09-10,Sep,Wed,Weekday,20,B02617,932
2014-09-10,Sep,Wed,Weekday,20,B02682,438
2014-09-10,Sep,Wed,Weekday,20,B02764,369
2014-09-10,Sep,Wed,Weekday,21,B02512,70
2014-09-10,Sep,Wed,Weekday,21,B02598,511
2014-09-10,Sep,Wed,Weekday,21,B02617,807
2014-09-10,Sep,Wed,Weekday,21,B02682,371
2014-09-10,Sep,Wed,Weekday,21,B02764,291
2014-09-10,Sep,Wed,Weekday,22,B02512,63
2014-09-10,Sep,Wed,Weekday,22,B02598,438
2014-09-10,Sep,Wed,Weekday,22,B02617,650
2014-09-10,Sep,Wed,Weekday,22,B02682,264
2014-09-10,Sep,Wed,Weekday,22,B02764,223
2014-09-10,Sep,Wed,Weekday,23,B02512,35
2014-09-10,Sep,Wed,Weekday,23,B02598,209
2014-09-10,Sep,Wed,Weekday,23,B02617,377
2014-09-10,Sep,Wed,Weekday,23,B02682,169
2014-09-10,Sep,Wed,Weekday,23,B02764,104
2014-09-11,Sep,Thu,Weekday,0,B02512,19
2014-09-11,Sep,Thu,Weekday,0,B02598,101
2014-09-11,Sep,Thu,Weekday,0,B02617,200
2014-09-11,Sep,Thu,Weekday,0,B02682,86
2014-09-11,Sep,Thu,Weekday,0,B02764,74
2014-09-11,Sep,Thu,Weekday,1,B02512,15
2014-09-11,Sep,Thu,Weekday,1,B02598,75
2014-09-11,Sep,Thu,Weekday,1,B02617,132
2014-09-11,Sep,Thu,Weekday,1,B02682,47
2014-09-11,Sep,Thu,Weekday,1,B02764,27
2014-09-11,Sep,Thu,Weekday,2,B02512,7
2014-09-11,Sep,Thu,Weekday,2,B02598,38
2014-09-11,Sep,Thu,Weekday,2,B02617,72
2014-09-11,Sep,Thu,Weekday,2,B02682,42
2014-09-11,Sep,Thu,Weekday,2,B02764,26
2014-09-11,Sep,Thu,Weekday,3,B02512,7
2014-09-11,Sep,Thu,Weekday,3,B02598,59
2014-09-11,Sep,Thu,Weekday,3,B02617,113
2014-09-11,Sep,Thu,Weekday,3,B02682,64
2014-09-11,Sep,Thu,Weekday,3,B02764,36
2014-09-11,Sep,Thu,Weekday,4,B02512,13
2014-09-11,Sep,Thu,Weekday,4,B02598,110
2014-09-11,Sep,Thu,Weekday,4,B02617,160
2014-09-11,Sep,Thu,Weekday,4,B02682,94
2014-09-11,Sep,Thu,Weekday,4,B02764,68
2014-09-11,Sep,Thu,Weekday,5,B02512,11
2014-09-11,Sep,Thu,Weekday,5,B02598,85
2014-09-11,Sep,Thu,Weekday,5,B02617,124
2014-09-11,Sep,Thu,Weekday,5,B02682,78
2014-09-11,Sep,Thu,Weekday,5,B02764,28
2014-09-11,Sep,Thu,Weekday,6,B02512,24
2014-09-11,Sep,Thu,Weekday,6,B02598,293
2014-09-11,Sep,Thu,Weekday,6,B02617,384
2014-09-11,Sep,Thu,Weekday,6,B02682,242
2014-09-11,Sep,Thu,Weekday,6,B02764,99
2014-09-11,Sep,Thu,Weekday,7,B02512,48
2014-09-11,Sep,Thu,Weekday,7,B02598,391
2014-09-11,Sep,Thu,Weekday,7,B02617,566
2014-09-11,Sep,Thu,Weekday,7,B02682,357
2014-09-11,Sep,Thu,Weekday,7,B02764,201
2014-09-11,Sep,Thu,Weekday,8,B02512,57
2014-09-11,Sep,Thu,Weekday,8,B02598,451
2014-09-11,Sep,Thu,Weekday,8,B02617,593
2014-09-11,Sep,Thu,Weekday,8,B02682,397
2014-09-11,Sep,Thu,Weekday,8,B02764,244
2014-09-11,Sep,Thu,Weekday,9,B02512,49
2014-09-11,Sep,Thu,Weekday,9,B02598,347
2014-09-11,Sep,Thu,Weekday,9,B02617,493
2014-09-11,Sep,Thu,Weekday,9,B02682,293
2014-09-11,Sep,Thu,Weekday,9,B02764,226
2014-09-11,Sep,Thu,Weekday,10,B02512,57
2014-09-11,Sep,Thu,Weekday,10,B02598,299
2014-09-11,Sep,Thu,Weekday,10,B02617,433
2014-09-11,Sep,Thu,Weekday,10,B02682,262
2014-09-11,Sep,Thu,Weekday,10,B02764,200
2014-09-11,Sep,Thu,Weekday,11,B02512,65
2014-09-11,Sep,Thu,Weekday,11,B02598,347
2014-09-11,Sep,Thu,Weekday,11,B02617,461
2014-09-11,Sep,Thu,Weekday,11,B02682,261
2014-09-11,Sep,Thu,Weekday,11,B02764,198
2014-09-11,Sep,Thu,Weekday,12,B02512,59
2014-09-11,Sep,Thu,Weekday,12,B02598,330
2014-09-11,Sep,Thu,Weekday,12,B02617,472
2014-09-11,Sep,Thu,Weekday,12,B02682,258
2014-09-11,Sep,Thu,Weekday,12,B02764,212
2014-09-11,Sep,Thu,Weekday,13,B02512,77
2014-09-11,Sep,Thu,Weekday,13,B02598,374
2014-09-11,Sep,Thu,Weekday,13,B02617,554
2014-09-11,Sep,Thu,Weekday,13,B02682,321
2014-09-11,Sep,Thu,Weekday,13,B02764,251
2014-09-11,Sep,Thu,Weekday,14,B02512,74
2014-09-11,Sep,Thu,Weekday,14,B02598,495
2014-09-11,Sep,Thu,Weekday,14,B02617,687
2014-09-11,Sep,Thu,Weekday,14,B02682,355
2014-09-11,Sep,Thu,Weekday,14,B02764,292
2014-09-11,Sep,Thu,Weekday,15,B02512,75
2014-09-11,Sep,Thu,Weekday,15,B02598,544
2014-09-11,Sep,Thu,Weekday,15,B02617,807
2014-09-11,Sep,Thu,Weekday,15,B02682,440
2014-09-11,Sep,Thu,Weekday,15,B02764,334
2014-09-11,Sep,Thu,Weekday,16,B02512,94
2014-09-11,Sep,Thu,Weekday,16,B02598,658
2014-09-11,Sep,Thu,Weekday,16,B02617,943
2014-09-11,Sep,Thu,Weekday,16,B02682,507
2014-09-11,Sep,Thu,Weekday,16,B02764,394
2014-09-11,Sep,Thu,Weekday,17,B02512,98
2014-09-11,Sep,Thu,Weekday,17,B02598,713
2014-09-11,Sep,Thu,Weekday,17,B02617,1051
2014-09-11,Sep,Thu,Weekday,17,B02682,543
2014-09-11,Sep,Thu,Weekday,17,B02764,447
2014-09-11,Sep,Thu,Weekday,18,B02512,120
2014-09-11,Sep,Thu,Weekday,18,B02598,730
2014-09-11,Sep,Thu,Weekday,18,B02617,1095
2014-09-11,Sep,Thu,Weekday,18,B02682,515
2014-09-11,Sep,Thu,Weekday,18,B02764,448
2014-09-11,Sep,Thu,Weekday,19,B02512,103
2014-09-11,Sep,Thu,Weekday,19,B02598,656
2014-09-11,Sep,Thu,Weekday,19,B02617,1032
2014-09-11,Sep,Thu,Weekday,19,B02682,509
2014-09-11,Sep,Thu,Weekday,19,B02764,424
2014-09-11,Sep,Thu,Weekday,20,B02512,86
2014-09-11,Sep,Thu,Weekday,20,B02598,582
2014-09-11,Sep,Thu,Weekday,20,B02617,991
2014-09-11,Sep,Thu,Weekday,20,B02682,502
2014-09-11,Sep,Thu,Weekday,20,B02764,376
2014-09-11,Sep,Thu,Weekday,21,B02512,86
2014-09-11,Sep,Thu,Weekday,21,B02598,601
2014-09-11,Sep,Thu,Weekday,21,B02617,962
2014-09-11,Sep,Thu,Weekday,21,B02682,447
2014-09-11,Sep,Thu,Weekday,21,B02764,334
2014-09-11,Sep,Thu,Weekday,22,B02512,76
2014-09-11,Sep,Thu,Weekday,22,B02598,418
2014-09-11,Sep,Thu,Weekday,22,B02617,698
2014-09-11,Sep,Thu,Weekday,22,B02682,359
2014-09-11,Sep,Thu,Weekday,22,B02764,261
2014-09-11,Sep,Thu,Weekday,23,B02512,45
2014-09-11,Sep,Thu,Weekday,23,B02598,257
2014-09-11,Sep,Thu,Weekday,23,B02617,495
2014-09-11,Sep,Thu,Weekday,23,B02682,223
2014-09-11,Sep,Thu,Weekday,23,B02764,200
2014-09-12,Sep,Fri,Weekday,0,B02512,19
2014-09-12,Sep,Fri,Weekday,0,B02598,120
2014-09-12,Sep,Fri,Weekday,0,B02617,272
2014-09-12,Sep,Fri,Weekday,0,B02682,114
2014-09-12,Sep,Fri,Weekday,0,B02764,75
2014-09-12,Sep,Fri,Weekday,1,B02512,13
2014-09-12,Sep,Fri,Weekday,1,B02598,81
2014-09-12,Sep,Fri,Weekday,1,B02617,164
2014-09-12,Sep,Fri,Weekday,1,B02682,74
2014-09-12,Sep,Fri,Weekday,1,B02764,58
2014-09-12,Sep,Fri,Weekday,2,B02512,7
2014-09-12,Sep,Fri,Weekday,2,B02598,49
2014-09-12,Sep,Fri,Weekday,2,B02617,116
2014-09-12,Sep,Fri,Weekday,2,B02682,42
2014-09-12,Sep,Fri,Weekday,2,B02764,48
2014-09-12,Sep,Fri,Weekday,3,B02512,10
2014-09-12,Sep,Fri,Weekday,3,B02598,75
2014-09-12,Sep,Fri,Weekday,3,B02617,132
2014-09-12,Sep,Fri,Weekday,3,B02682,57
2014-09-12,Sep,Fri,Weekday,3,B02764,56
2014-09-12,Sep,Fri,Weekday,4,B02512,16
2014-09-12,Sep,Fri,Weekday,4,B02598,123
2014-09-12,Sep,Fri,Weekday,4,B02617,183
2014-09-12,Sep,Fri,Weekday,4,B02682,89
2014-09-12,Sep,Fri,Weekday,4,B02764,67
2014-09-12,Sep,Fri,Weekday,5,B02512,36
2014-09-12,Sep,Fri,Weekday,5,B02598,187
2014-09-12,Sep,Fri,Weekday,5,B02617,321
2014-09-12,Sep,Fri,Weekday,5,B02682,161
2014-09-12,Sep,Fri,Weekday,5,B02764,115
2014-09-12,Sep,Fri,Weekday,6,B02512,34
2014-09-12,Sep,Fri,Weekday,6,B02598,308
2014-09-12,Sep,Fri,Weekday,6,B02617,485
2014-09-12,Sep,Fri,Weekday,6,B02682,277
2014-09-12,Sep,Fri,Weekday,6,B02764,183
2014-09-12,Sep,Fri,Weekday,7,B02512,59
2014-09-12,Sep,Fri,Weekday,7,B02598,408
2014-09-12,Sep,Fri,Weekday,7,B02617,588
2014-09-12,Sep,Fri,Weekday,7,B02682,375
2014-09-12,Sep,Fri,Weekday,7,B02764,237
2014-09-12,Sep,Fri,Weekday,8,B02512,63
2014-09-12,Sep,Fri,Weekday,8,B02598,463
2014-09-12,Sep,Fri,Weekday,8,B02617,620
2014-09-12,Sep,Fri,Weekday,8,B02682,369
2014-09-12,Sep,Fri,Weekday,8,B02764,231
2014-09-12,Sep,Fri,Weekday,9,B02512,44
2014-09-12,Sep,Fri,Weekday,9,B02598,344
2014-09-12,Sep,Fri,Weekday,9,B02617,517
2014-09-12,Sep,Fri,Weekday,9,B02682,265
2014-09-12,Sep,Fri,Weekday,9,B02764,224
2014-09-12,Sep,Fri,Weekday,10,B02512,41
2014-09-12,Sep,Fri,Weekday,10,B02598,342
2014-09-12,Sep,Fri,Weekday,10,B02617,487
2014-09-12,Sep,Fri,Weekday,10,B02682,250
2014-09-12,Sep,Fri,Weekday,10,B02764,238
2014-09-12,Sep,Fri,Weekday,11,B02512,45
2014-09-12,Sep,Fri,Weekday,11,B02598,340
2014-09-12,Sep,Fri,Weekday,11,B02617,452
2014-09-12,Sep,Fri,Weekday,11,B02682,240
2014-09-12,Sep,Fri,Weekday,11,B02764,207
2014-09-12,Sep,Fri,Weekday,12,B02512,54
2014-09-12,Sep,Fri,Weekday,12,B02598,318
2014-09-12,Sep,Fri,Weekday,12,B02617,454
2014-09-12,Sep,Fri,Weekday,12,B02682,256
2014-09-12,Sep,Fri,Weekday,12,B02764,239
2014-09-12,Sep,Fri,Weekday,13,B02512,64
2014-09-12,Sep,Fri,Weekday,13,B02598,360
2014-09-12,Sep,Fri,Weekday,13,B02617,583
2014-09-12,Sep,Fri,Weekday,13,B02682,267
2014-09-12,Sep,Fri,Weekday,13,B02764,271
2014-09-12,Sep,Fri,Weekday,14,B02512,64
2014-09-12,Sep,Fri,Weekday,14,B02598,438
2014-09-12,Sep,Fri,Weekday,14,B02617,631
2014-09-12,Sep,Fri,Weekday,14,B02682,303
2014-09-12,Sep,Fri,Weekday,14,B02764,281
2014-09-12,Sep,Fri,Weekday,15,B02512,82
2014-09-12,Sep,Fri,Weekday,15,B02598,507
2014-09-12,Sep,Fri,Weekday,15,B02617,773
2014-09-12,Sep,Fri,Weekday,15,B02682,428
2014-09-12,Sep,Fri,Weekday,15,B02764,278
2014-09-12,Sep,Fri,Weekday,16,B02512,91
2014-09-12,Sep,Fri,Weekday,16,B02598,566
2014-09-12,Sep,Fri,Weekday,16,B02617,878
2014-09-12,Sep,Fri,Weekday,16,B02682,443
2014-09-12,Sep,Fri,Weekday,16,B02764,350
2014-09-12,Sep,Fri,Weekday,17,B02512,104
2014-09-12,Sep,Fri,Weekday,17,B02598,666
2014-09-12,Sep,Fri,Weekday,17,B02617,973
2014-09-12,Sep,Fri,Weekday,17,B02682,535
2014-09-12,Sep,Fri,Weekday,17,B02764,414
2014-09-12,Sep,Fri,Weekday,18,B02512,111
2014-09-12,Sep,Fri,Weekday,18,B02598,717
2014-09-12,Sep,Fri,Weekday,18,B02617,1068
2014-09-12,Sep,Fri,Weekday,18,B02682,545
2014-09-12,Sep,Fri,Weekday,18,B02764,474
2014-09-12,Sep,Fri,Weekday,19,B02512,109
2014-09-12,Sep,Fri,Weekday,19,B02598,680
2014-09-12,Sep,Fri,Weekday,19,B02617,1083
2014-09-12,Sep,Fri,Weekday,19,B02682,524
2014-09-12,Sep,Fri,Weekday,19,B02764,494
2014-09-12,Sep,Fri,Weekday,20,B02512,95
2014-09-12,Sep,Fri,Weekday,20,B02598,628
2014-09-12,Sep,Fri,Weekday,20,B02617,894
2014-09-12,Sep,Fri,Weekday,20,B02682,507
2014-09-12,Sep,Fri,Weekday,20,B02764,418
2014-09-12,Sep,Fri,Weekday,21,B02512,96
2014-09-12,Sep,Fri,Weekday,21,B02598,670
2014-09-12,Sep,Fri,Weekday,21,B02617,987
2014-09-12,Sep,Fri,Weekday,21,B02682,511
2014-09-12,Sep,Fri,Weekday,21,B02764,446
2014-09-12,Sep,Fri,Weekday,22,B02512,87
2014-09-12,Sep,Fri,Weekday,22,B02598,710
2014-09-12,Sep,Fri,Weekday,22,B02617,1013
2014-09-12,Sep,Fri,Weekday,22,B02682,507
2014-09-12,Sep,Fri,Weekday,22,B02764,461
2014-09-12,Sep,Fri,Weekday,23,B02512,79
2014-09-12,Sep,Fri,Weekday,23,B02598,590
2014-09-12,Sep,Fri,Weekday,23,B02617,923
2014-09-12,Sep,Fri,Weekday,23,B02682,454
2014-09-12,Sep,Fri,Weekday,23,B02764,372
2014-09-13,Sep,Sat,Weekend,0,B02512,59
2014-09-13,Sep,Sat,Weekend,0,B02598,442
2014-09-13,Sep,Sat,Weekend,0,B02617,695
2014-09-13,Sep,Sat,Weekend,0,B02682,317
2014-09-13,Sep,Sat,Weekend,0,B02764,303
2014-09-13,Sep,Sat,Weekend,1,B02512,25
2014-09-13,Sep,Sat,Weekend,1,B02598,247
2014-09-13,Sep,Sat,Weekend,1,B02617,501
2014-09-13,Sep,Sat,Weekend,1,B02682,228
2014-09-13,Sep,Sat,Weekend,1,B02764,218
2014-09-13,Sep,Sat,Weekend,2,B02512,23
2014-09-13,Sep,Sat,Weekend,2,B02598,166
2014-09-13,Sep,Sat,Weekend,2,B02617,303
2014-09-13,Sep,Sat,Weekend,2,B02682,117
2014-09-13,Sep,Sat,Weekend,2,B02764,174
2014-09-13,Sep,Sat,Weekend,3,B02512,9
2014-09-13,Sep,Sat,Weekend,3,B02598,121
2014-09-13,Sep,Sat,Weekend,3,B02617,217
2014-09-13,Sep,Sat,Weekend,3,B02682,78
2014-09-13,Sep,Sat,Weekend,3,B02764,102
2014-09-13,Sep,Sat,Weekend,4,B02512,11
2014-09-13,Sep,Sat,Weekend,4,B02598,93
2014-09-13,Sep,Sat,Weekend,4,B02617,131
2014-09-13,Sep,Sat,Weekend,4,B02682,63
2014-09-13,Sep,Sat,Weekend,4,B02764,65
2014-09-13,Sep,Sat,Weekend,5,B02512,14
2014-09-13,Sep,Sat,Weekend,5,B02598,91
2014-09-13,Sep,Sat,Weekend,5,B02617,156
2014-09-13,Sep,Sat,Weekend,5,B02682,91
2014-09-13,Sep,Sat,Weekend,5,B02764,57
2014-09-13,Sep,Sat,Weekend,6,B02512,18
2014-09-13,Sep,Sat,Weekend,6,B02598,92
2014-09-13,Sep,Sat,Weekend,6,B02617,180
2014-09-13,Sep,Sat,Weekend,6,B02682,115
2014-09-13,Sep,Sat,Weekend,6,B02764,84
2014-09-13,Sep,Sat,Weekend,7,B02512,19
2014-09-13,Sep,Sat,Weekend,7,B02598,154
2014-09-13,Sep,Sat,Weekend,7,B02617,238
2014-09-13,Sep,Sat,Weekend,7,B02682,146
2014-09-13,Sep,Sat,Weekend,7,B02764,103
2014-09-13,Sep,Sat,Weekend,8,B02512,31
2014-09-13,Sep,Sat,Weekend,8,B02598,229
2014-09-13,Sep,Sat,Weekend,8,B02617,321
2014-09-13,Sep,Sat,Weekend,8,B02682,212
2014-09-13,Sep,Sat,Weekend,8,B02764,141
2014-09-13,Sep,Sat,Weekend,9,B02512,30
2014-09-13,Sep,Sat,Weekend,9,B02598,249
2014-09-13,Sep,Sat,Weekend,9,B02617,346
2014-09-13,Sep,Sat,Weekend,9,B02682,236
2014-09-13,Sep,Sat,Weekend,9,B02764,201
2014-09-13,Sep,Sat,Weekend,10,B02512,38
2014-09-13,Sep,Sat,Weekend,10,B02598,315
2014-09-13,Sep,Sat,Weekend,10,B02617,469
2014-09-13,Sep,Sat,Weekend,10,B02682,251
2014-09-13,Sep,Sat,Weekend,10,B02764,228
2014-09-13,Sep,Sat,Weekend,11,B02512,41
2014-09-13,Sep,Sat,Weekend,11,B02598,351
2014-09-13,Sep,Sat,Weekend,11,B02617,540
2014-09-13,Sep,Sat,Weekend,11,B02682,292
2014-09-13,Sep,Sat,Weekend,11,B02764,234
2014-09-13,Sep,Sat,Weekend,12,B02512,46
2014-09-13,Sep,Sat,Weekend,12,B02598,357
2014-09-13,Sep,Sat,Weekend,12,B02617,548
2014-09-13,Sep,Sat,Weekend,12,B02682,293
2014-09-13,Sep,Sat,Weekend,12,B02764,279
2014-09-13,Sep,Sat,Weekend,13,B02512,54
2014-09-13,Sep,Sat,Weekend,13,B02598,443
2014-09-13,Sep,Sat,Weekend,13,B02617,636
2014-09-13,Sep,Sat,Weekend,13,B02682,353
2014-09-13,Sep,Sat,Weekend,13,B02764,308
2014-09-13,Sep,Sat,Weekend,14,B02512,105
2014-09-13,Sep,Sat,Weekend,14,B02598,727
2014-09-13,Sep,Sat,Weekend,14,B02617,918
2014-09-13,Sep,Sat,Weekend,14,B02682,531
2014-09-13,Sep,Sat,Weekend,14,B02764,452
2014-09-13,Sep,Sat,Weekend,15,B02512,102
2014-09-13,Sep,Sat,Weekend,15,B02598,764
2014-09-13,Sep,Sat,Weekend,15,B02617,1092
2014-09-13,Sep,Sat,Weekend,15,B02682,591
2014-09-13,Sep,Sat,Weekend,15,B02764,507
2014-09-13,Sep,Sat,Weekend,16,B02512,94
2014-09-13,Sep,Sat,Weekend,16,B02598,745
2014-09-13,Sep,Sat,Weekend,16,B02617,1093
2014-09-13,Sep,Sat,Weekend,16,B02682,541
2014-09-13,Sep,Sat,Weekend,16,B02764,551
2014-09-13,Sep,Sat,Weekend,17,B02512,89
2014-09-13,Sep,Sat,Weekend,17,B02598,736
2014-09-13,Sep,Sat,Weekend,17,B02617,1093
2014-09-13,Sep,Sat,Weekend,17,B02682,558
2014-09-13,Sep,Sat,Weekend,17,B02764,547
2014-09-13,Sep,Sat,Weekend,18,B02512,135
2014-09-13,Sep,Sat,Weekend,18,B02598,854
2014-09-13,Sep,Sat,Weekend,18,B02617,1234
2014-09-13,Sep,Sat,Weekend,18,B02682,634
2014-09-13,Sep,Sat,Weekend,18,B02764,580
2014-09-13,Sep,Sat,Weekend,19,B02512,126
2014-09-13,Sep,Sat,Weekend,19,B02598,803
2014-09-13,Sep,Sat,Weekend,19,B02617,1190
2014-09-13,Sep,Sat,Weekend,19,B02682,636
2014-09-13,Sep,Sat,Weekend,19,B02764,577
2014-09-13,Sep,Sat,Weekend,20,B02512,85
2014-09-13,Sep,Sat,Weekend,20,B02598,623
2014-09-13,Sep,Sat,Weekend,20,B02617,938
2014-09-13,Sep,Sat,Weekend,20,B02682,500
2014-09-13,Sep,Sat,Weekend,20,B02764,455
2014-09-13,Sep,Sat,Weekend,21,B02512,101
2014-09-13,Sep,Sat,Weekend,21,B02598,625
2014-09-13,Sep,Sat,Weekend,21,B02617,951
2014-09-13,Sep,Sat,Weekend,21,B02682,514
2014-09-13,Sep,Sat,Weekend,21,B02764,434
2014-09-13,Sep,Sat,Weekend,22,B02512,93
2014-09-13,Sep,Sat,Weekend,22,B02598,626
2014-09-13,Sep,Sat,Weekend,22,B02617,959
2014-09-13,Sep,Sat,Weekend,22,B02682,472
2014-09-13,Sep,Sat,Weekend,22,B02764,427
2014-09-13,Sep,Sat,Weekend,23,B02512,78
2014-09-13,Sep,Sat,Weekend,23,B02598,585
2014-09-13,Sep,Sat,Weekend,23,B02617,943
2014-09-13,Sep,Sat,Weekend,23,B02682,438
2014-09-13,Sep,Sat,Weekend,23,B02764,415
2014-09-14,Sep,Sun,Weekend,0,B02512,57
2014-09-14,Sep,Sun,Weekend,0,B02598,411
2014-09-14,Sep,Sun,Weekend,0,B02617,723
2014-09-14,Sep,Sun,Weekend,0,B02682,309
2014-09-14,Sep,Sun,Weekend,0,B02764,304
2014-09-14,Sep,Sun,Weekend,1,B02512,23
2014-09-14,Sep,Sun,Weekend,1,B02598,255
2014-09-14,Sep,Sun,Weekend,1,B02617,513
2014-09-14,Sep,Sun,Weekend,1,B02682,229
2014-09-14,Sep,Sun,Weekend,1,B02764,241
2014-09-14,Sep,Sun,Weekend,2,B02512,17
2014-09-14,Sep,Sun,Weekend,2,B02598,167
2014-09-14,Sep,Sun,Weekend,2,B02617,350
2014-09-14,Sep,Sun,Weekend,2,B02682,167
2014-09-14,Sep,Sun,Weekend,2,B02764,176
2014-09-14,Sep,Sun,Weekend,3,B02512,8
2014-09-14,Sep,Sun,Weekend,3,B02598,111
2014-09-14,Sep,Sun,Weekend,3,B02617,225
2014-09-14,Sep,Sun,Weekend,3,B02682,102
2014-09-14,Sep,Sun,Weekend,3,B02764,104
2014-09-14,Sep,Sun,Weekend,4,B02512,8
2014-09-14,Sep,Sun,Weekend,4,B02598,89
2014-09-14,Sep,Sun,Weekend,4,B02617,135
2014-09-14,Sep,Sun,Weekend,4,B02682,69
2014-09-14,Sep,Sun,Weekend,4,B02764,64
2014-09-14,Sep,Sun,Weekend,5,B02512,8
2014-09-14,Sep,Sun,Weekend,5,B02598,72
2014-09-14,Sep,Sun,Weekend,5,B02617,142
2014-09-14,Sep,Sun,Weekend,5,B02682,91
2014-09-14,Sep,Sun,Weekend,5,B02764,70
2014-09-14,Sep,Sun,Weekend,6,B02512,12
2014-09-14,Sep,Sun,Weekend,6,B02598,86
2014-09-14,Sep,Sun,Weekend,6,B02617,165
2014-09-14,Sep,Sun,Weekend,6,B02682,87
2014-09-14,Sep,Sun,Weekend,6,B02764,69
2014-09-14,Sep,Sun,Weekend,7,B02512,19
2014-09-14,Sep,Sun,Weekend,7,B02598,120
2014-09-14,Sep,Sun,Weekend,7,B02617,216
2014-09-14,Sep,Sun,Weekend,7,B02682,121
2014-09-14,Sep,Sun,Weekend,7,B02764,90
2014-09-14,Sep,Sun,Weekend,8,B02512,29
2014-09-14,Sep,Sun,Weekend,8,B02598,164
2014-09-14,Sep,Sun,Weekend,8,B02617,284
2014-09-14,Sep,Sun,Weekend,8,B02682,169
2014-09-14,Sep,Sun,Weekend,8,B02764,124
2014-09-14,Sep,Sun,Weekend,9,B02512,32
2014-09-14,Sep,Sun,Weekend,9,B02598,218
2014-09-14,Sep,Sun,Weekend,9,B02617,354
2014-09-14,Sep,Sun,Weekend,9,B02682,210
2014-09-14,Sep,Sun,Weekend,9,B02764,155
2014-09-14,Sep,Sun,Weekend,10,B02512,33
2014-09-14,Sep,Sun,Weekend,10,B02598,265
2014-09-14,Sep,Sun,Weekend,10,B02617,412
2014-09-14,Sep,Sun,Weekend,10,B02682,248
2014-09-14,Sep,Sun,Weekend,10,B02764,165
2014-09-14,Sep,Sun,Weekend,11,B02512,34
2014-09-14,Sep,Sun,Weekend,11,B02598,298
2014-09-14,Sep,Sun,Weekend,11,B02617,484
2014-09-14,Sep,Sun,Weekend,11,B02682,322
2014-09-14,Sep,Sun,Weekend,11,B02764,221
2014-09-14,Sep,Sun,Weekend,12,B02512,43
2014-09-14,Sep,Sun,Weekend,12,B02598,299
2014-09-14,Sep,Sun,Weekend,12,B02617,475
2014-09-14,Sep,Sun,Weekend,12,B02682,284
2014-09-14,Sep,Sun,Weekend,12,B02764,222
2014-09-14,Sep,Sun,Weekend,13,B02512,45
2014-09-14,Sep,Sun,Weekend,13,B02598,376
2014-09-14,Sep,Sun,Weekend,13,B02617,551
2014-09-14,Sep,Sun,Weekend,13,B02682,273
2014-09-14,Sep,Sun,Weekend,13,B02764,267
2014-09-14,Sep,Sun,Weekend,14,B02512,53
2014-09-14,Sep,Sun,Weekend,14,B02598,388
2014-09-14,Sep,Sun,Weekend,14,B02617,587
2014-09-14,Sep,Sun,Weekend,14,B02682,289
2014-09-14,Sep,Sun,Weekend,14,B02764,270
2014-09-14,Sep,Sun,Weekend,15,B02512,63
2014-09-14,Sep,Sun,Weekend,15,B02598,405
2014-09-14,Sep,Sun,Weekend,15,B02617,680
2014-09-14,Sep,Sun,Weekend,15,B02682,330
2014-09-14,Sep,Sun,Weekend,15,B02764,308
2014-09-14,Sep,Sun,Weekend,16,B02512,65
2014-09-14,Sep,Sun,Weekend,16,B02598,474
2014-09-14,Sep,Sun,Weekend,16,B02617,702
2014-09-14,Sep,Sun,Weekend,16,B02682,316
2014-09-14,Sep,Sun,Weekend,16,B02764,346
2014-09-14,Sep,Sun,Weekend,17,B02512,51
2014-09-14,Sep,Sun,Weekend,17,B02598,442
2014-09-14,Sep,Sun,Weekend,17,B02617,698
2014-09-14,Sep,Sun,Weekend,17,B02682,335
2014-09-14,Sep,Sun,Weekend,17,B02764,344
2014-09-14,Sep,Sun,Weekend,18,B02512,62
2014-09-14,Sep,Sun,Weekend,18,B02598,416
2014-09-14,Sep,Sun,Weekend,18,B02617,669
2014-09-14,Sep,Sun,Weekend,18,B02682,317
2014-09-14,Sep,Sun,Weekend,18,B02764,332
2014-09-14,Sep,Sun,Weekend,19,B02512,59
2014-09-14,Sep,Sun,Weekend,19,B02598,366
2014-09-14,Sep,Sun,Weekend,19,B02617,608
2014-09-14,Sep,Sun,Weekend,19,B02682,286
2014-09-14,Sep,Sun,Weekend,19,B02764,305
2014-09-14,Sep,Sun,Weekend,20,B02512,51
2014-09-14,Sep,Sun,Weekend,20,B02598,336
2014-09-14,Sep,Sun,Weekend,20,B02617,563
2014-09-14,Sep,Sun,Weekend,20,B02682,272
2014-09-14,Sep,Sun,Weekend,20,B02764,299
2014-09-14,Sep,Sun,Weekend,21,B02512,29
2014-09-14,Sep,Sun,Weekend,21,B02598,298
2014-09-14,Sep,Sun,Weekend,21,B02617,465
2014-09-14,Sep,Sun,Weekend,21,B02682,217
2014-09-14,Sep,Sun,Weekend,21,B02764,228
2014-09-14,Sep,Sun,Weekend,22,B02512,28
2014-09-14,Sep,Sun,Weekend,22,B02598,219
2014-09-14,Sep,Sun,Weekend,22,B02617,389
2014-09-14,Sep,Sun,Weekend,22,B02682,186
2014-09-14,Sep,Sun,Weekend,22,B02764,190
2014-09-14,Sep,Sun,Weekend,23,B02512,17
2014-09-14,Sep,Sun,Weekend,23,B02598,109
2014-09-14,Sep,Sun,Weekend,23,B02617,191
2014-09-14,Sep,Sun,Weekend,23,B02682,88
2014-09-14,Sep,Sun,Weekend,23,B02764,100
2014-09-15,Sep,Mon,Weekday,0,B02512,6
2014-09-15,Sep,Mon,Weekday,0,B02598,50
2014-09-15,Sep,Mon,Weekday,0,B02617,110
2014-09-15,Sep,Mon,Weekday,0,B02682,46
2014-09-15,Sep,Mon,Weekday,0,B02764,45
2014-09-15,Sep,Mon,Weekday,1,B02512,6
2014-09-15,Sep,Mon,Weekday,1,B02598,34
2014-09-15,Sep,Mon,Weekday,1,B02617,58
2014-09-15,Sep,Mon,Weekday,1,B02682,40
2014-09-15,Sep,Mon,Weekday,1,B02764,34
2014-09-15,Sep,Mon,Weekday,2,B02512,4
2014-09-15,Sep,Mon,Weekday,2,B02598,36
2014-09-15,Sep,Mon,Weekday,2,B02617,53
2014-09-15,Sep,Mon,Weekday,2,B02682,30
2014-09-15,Sep,Mon,Weekday,2,B02764,35
2014-09-15,Sep,Mon,Weekday,3,B02512,9
2014-09-15,Sep,Mon,Weekday,3,B02598,91
2014-09-15,Sep,Mon,Weekday,3,B02617,119
2014-09-15,Sep,Mon,Weekday,3,B02682,69
2014-09-15,Sep,Mon,Weekday,3,B02764,58
2014-09-15,Sep,Mon,Weekday,4,B02512,16
2014-09-15,Sep,Mon,Weekday,4,B02598,142
2014-09-15,Sep,Mon,Weekday,4,B02617,203
2014-09-15,Sep,Mon,Weekday,4,B02682,118
2014-09-15,Sep,Mon,Weekday,4,B02764,92
2014-09-15,Sep,Mon,Weekday,5,B02512,30
2014-09-15,Sep,Mon,Weekday,5,B02598,200
2014-09-15,Sep,Mon,Weekday,5,B02617,334
2014-09-15,Sep,Mon,Weekday,5,B02682,196
2014-09-15,Sep,Mon,Weekday,5,B02764,123
2014-09-15,Sep,Mon,Weekday,6,B02512,46
2014-09-15,Sep,Mon,Weekday,6,B02598,348
2014-09-15,Sep,Mon,Weekday,6,B02617,514
2014-09-15,Sep,Mon,Weekday,6,B02682,277
2014-09-15,Sep,Mon,Weekday,6,B02764,172
2014-09-15,Sep,Mon,Weekday,7,B02512,66
2014-09-15,Sep,Mon,Weekday,7,B02598,411
2014-09-15,Sep,Mon,Weekday,7,B02617,642
2014-09-15,Sep,Mon,Weekday,7,B02682,366
2014-09-15,Sep,Mon,Weekday,7,B02764,209
2014-09-15,Sep,Mon,Weekday,8,B02512,54
2014-09-15,Sep,Mon,Weekday,8,B02598,429
2014-09-15,Sep,Mon,Weekday,8,B02617,632
2014-09-15,Sep,Mon,Weekday,8,B02682,348
2014-09-15,Sep,Mon,Weekday,8,B02764,243
2014-09-15,Sep,Mon,Weekday,9,B02512,32
2014-09-15,Sep,Mon,Weekday,9,B02598,320
2014-09-15,Sep,Mon,Weekday,9,B02617,457
2014-09-15,Sep,Mon,Weekday,9,B02682,236
2014-09-15,Sep,Mon,Weekday,9,B02764,204
2014-09-15,Sep,Mon,Weekday,10,B02512,41
2014-09-15,Sep,Mon,Weekday,10,B02598,250
2014-09-15,Sep,Mon,Weekday,10,B02617,374
2014-09-15,Sep,Mon,Weekday,10,B02682,207
2014-09-15,Sep,Mon,Weekday,10,B02764,160
2014-09-15,Sep,Mon,Weekday,11,B02512,49
2014-09-15,Sep,Mon,Weekday,11,B02598,237
2014-09-15,Sep,Mon,Weekday,11,B02617,393
2014-09-15,Sep,Mon,Weekday,11,B02682,194
2014-09-15,Sep,Mon,Weekday,11,B02764,182
2014-09-15,Sep,Mon,Weekday,12,B02512,49
2014-09-15,Sep,Mon,Weekday,12,B02598,222
2014-09-15,Sep,Mon,Weekday,12,B02617,405
2014-09-15,Sep,Mon,Weekday,12,B02682,205
2014-09-15,Sep,Mon,Weekday,12,B02764,179
2014-09-15,Sep,Mon,Weekday,13,B02512,51
2014-09-15,Sep,Mon,Weekday,13,B02598,301
2014-09-15,Sep,Mon,Weekday,13,B02617,474
2014-09-15,Sep,Mon,Weekday,13,B02682,226
2014-09-15,Sep,Mon,Weekday,13,B02764,225
2014-09-15,Sep,Mon,Weekday,14,B02512,62
2014-09-15,Sep,Mon,Weekday,14,B02598,342
2014-09-15,Sep,Mon,Weekday,14,B02617,516
2014-09-15,Sep,Mon,Weekday,14,B02682,281
2014-09-15,Sep,Mon,Weekday,14,B02764,253
2014-09-15,Sep,Mon,Weekday,15,B02512,74
2014-09-15,Sep,Mon,Weekday,15,B02598,422
2014-09-15,Sep,Mon,Weekday,15,B02617,627
2014-09-15,Sep,Mon,Weekday,15,B02682,334
2014-09-15,Sep,Mon,Weekday,15,B02764,309
2014-09-15,Sep,Mon,Weekday,16,B02512,82
2014-09-15,Sep,Mon,Weekday,16,B02598,503
2014-09-15,Sep,Mon,Weekday,16,B02617,799
2014-09-15,Sep,Mon,Weekday,16,B02682,440
2014-09-15,Sep,Mon,Weekday,16,B02764,362
2014-09-15,Sep,Mon,Weekday,17,B02512,89
2014-09-15,Sep,Mon,Weekday,17,B02598,543
2014-09-15,Sep,Mon,Weekday,17,B02617,834
2014-09-15,Sep,Mon,Weekday,17,B02682,456
2014-09-15,Sep,Mon,Weekday,17,B02764,426
2014-09-15,Sep,Mon,Weekday,18,B02512,69
2014-09-15,Sep,Mon,Weekday,18,B02598,473
2014-09-15,Sep,Mon,Weekday,18,B02617,822
2014-09-15,Sep,Mon,Weekday,18,B02682,405
2014-09-15,Sep,Mon,Weekday,18,B02764,386
2014-09-15,Sep,Mon,Weekday,19,B02512,76
2014-09-15,Sep,Mon,Weekday,19,B02598,443
2014-09-15,Sep,Mon,Weekday,19,B02617,716
2014-09-15,Sep,Mon,Weekday,19,B02682,336
2014-09-15,Sep,Mon,Weekday,19,B02764,339
2014-09-15,Sep,Mon,Weekday,20,B02512,67
2014-09-15,Sep,Mon,Weekday,20,B02598,432
2014-09-15,Sep,Mon,Weekday,20,B02617,670
2014-09-15,Sep,Mon,Weekday,20,B02682,355
2014-09-15,Sep,Mon,Weekday,20,B02764,323
2014-09-15,Sep,Mon,Weekday,21,B02512,49
2014-09-15,Sep,Mon,Weekday,21,B02598,338
2014-09-15,Sep,Mon,Weekday,21,B02617,479
2014-09-15,Sep,Mon,Weekday,21,B02682,273
2014-09-15,Sep,Mon,Weekday,21,B02764,239
2014-09-15,Sep,Mon,Weekday,22,B02512,35
2014-09-15,Sep,Mon,Weekday,22,B02598,228
2014-09-15,Sep,Mon,Weekday,22,B02617,376
2014-09-15,Sep,Mon,Weekday,22,B02682,214
2014-09-15,Sep,Mon,Weekday,22,B02764,167
2014-09-15,Sep,Mon,Weekday,23,B02512,21
2014-09-15,Sep,Mon,Weekday,23,B02598,125
2014-09-15,Sep,Mon,Weekday,23,B02617,224
2014-09-15,Sep,Mon,Weekday,23,B02682,128
2014-09-15,Sep,Mon,Weekday,23,B02764,75
2014-09-16,Sep,Tue,Weekday,0,B02512,7
2014-09-16,Sep,Tue,Weekday,0,B02598,56
2014-09-16,Sep,Tue,Weekday,0,B02617,104
2014-09-16,Sep,Tue,Weekday,0,B02682,59
2014-09-16,Sep,Tue,Weekday,0,B02764,42
2014-09-16,Sep,Tue,Weekday,1,B02512,6
2014-09-16,Sep,Tue,Weekday,1,B02598,31
2014-09-16,Sep,Tue,Weekday,1,B02617,47
2014-09-16,Sep,Tue,Weekday,1,B02682,30
2014-09-16,Sep,Tue,Weekday,1,B02764,25
2014-09-16,Sep,Tue,Weekday,2,B02512,3
2014-09-16,Sep,Tue,Weekday,2,B02598,29
2014-09-16,Sep,Tue,Weekday,2,B02617,39
2014-09-16,Sep,Tue,Weekday,2,B02682,31
2014-09-16,Sep,Tue,Weekday,2,B02764,23
2014-09-16,Sep,Tue,Weekday,3,B02512,7
2014-09-16,Sep,Tue,Weekday,3,B02598,59
2014-09-16,Sep,Tue,Weekday,3,B02617,76
2014-09-16,Sep,Tue,Weekday,3,B02682,38
2014-09-16,Sep,Tue,Weekday,3,B02764,40
2014-09-16,Sep,Tue,Weekday,4,B02512,11
2014-09-16,Sep,Tue,Weekday,4,B02598,98
2014-09-16,Sep,Tue,Weekday,4,B02617,143
2014-09-16,Sep,Tue,Weekday,4,B02682,72
2014-09-16,Sep,Tue,Weekday,4,B02764,46
2014-09-16,Sep,Tue,Weekday,5,B02512,25
2014-09-16,Sep,Tue,Weekday,5,B02598,188
2014-09-16,Sep,Tue,Weekday,5,B02617,319
2014-09-16,Sep,Tue,Weekday,5,B02682,144
2014-09-16,Sep,Tue,Weekday,5,B02764,121
2014-09-16,Sep,Tue,Weekday,6,B02512,58
2014-09-16,Sep,Tue,Weekday,6,B02598,396
2014-09-16,Sep,Tue,Weekday,6,B02617,587
2014-09-16,Sep,Tue,Weekday,6,B02682,363
2014-09-16,Sep,Tue,Weekday,6,B02764,264
2014-09-16,Sep,Tue,Weekday,7,B02512,90
2014-09-16,Sep,Tue,Weekday,7,B02598,568
2014-09-16,Sep,Tue,Weekday,7,B02617,801
2014-09-16,Sep,Tue,Weekday,7,B02682,531
2014-09-16,Sep,Tue,Weekday,7,B02764,318
2014-09-16,Sep,Tue,Weekday,8,B02512,95
2014-09-16,Sep,Tue,Weekday,8,B02598,613
2014-09-16,Sep,Tue,Weekday,8,B02617,885
2014-09-16,Sep,Tue,Weekday,8,B02682,554
2014-09-16,Sep,Tue,Weekday,8,B02764,364
2014-09-16,Sep,Tue,Weekday,9,B02512,69
2014-09-16,Sep,Tue,Weekday,9,B02598,477
2014-09-16,Sep,Tue,Weekday,9,B02617,713
2014-09-16,Sep,Tue,Weekday,9,B02682,410
2014-09-16,Sep,Tue,Weekday,9,B02764,352
2014-09-16,Sep,Tue,Weekday,10,B02512,64
2014-09-16,Sep,Tue,Weekday,10,B02598,432
2014-09-16,Sep,Tue,Weekday,10,B02617,622
2014-09-16,Sep,Tue,Weekday,10,B02682,356
2014-09-16,Sep,Tue,Weekday,10,B02764,330
2014-09-16,Sep,Tue,Weekday,11,B02512,60
2014-09-16,Sep,Tue,Weekday,11,B02598,319
2014-09-16,Sep,Tue,Weekday,11,B02617,483
2014-09-16,Sep,Tue,Weekday,11,B02682,261
2014-09-16,Sep,Tue,Weekday,11,B02764,237
2014-09-16,Sep,Tue,Weekday,12,B02512,56
2014-09-16,Sep,Tue,Weekday,12,B02598,298
2014-09-16,Sep,Tue,Weekday,12,B02617,437
2014-09-16,Sep,Tue,Weekday,12,B02682,237
2014-09-16,Sep,Tue,Weekday,12,B02764,237
2014-09-16,Sep,Tue,Weekday,13,B02512,52
2014-09-16,Sep,Tue,Weekday,13,B02598,335
2014-09-16,Sep,Tue,Weekday,13,B02617,484
2014-09-16,Sep,Tue,Weekday,13,B02682,267
2014-09-16,Sep,Tue,Weekday,13,B02764,269
2014-09-16,Sep,Tue,Weekday,14,B02512,68
2014-09-16,Sep,Tue,Weekday,14,B02598,402
2014-09-16,Sep,Tue,Weekday,14,B02617,644
2014-09-16,Sep,Tue,Weekday,14,B02682,345
2014-09-16,Sep,Tue,Weekday,14,B02764,298
2014-09-16,Sep,Tue,Weekday,15,B02512,84
2014-09-16,Sep,Tue,Weekday,15,B02598,479
2014-09-16,Sep,Tue,Weekday,15,B02617,765
2014-09-16,Sep,Tue,Weekday,15,B02682,405
2014-09-16,Sep,Tue,Weekday,15,B02764,396
2014-09-16,Sep,Tue,Weekday,16,B02512,116
2014-09-16,Sep,Tue,Weekday,16,B02598,648
2014-09-16,Sep,Tue,Weekday,16,B02617,920
2014-09-16,Sep,Tue,Weekday,16,B02682,433
2014-09-16,Sep,Tue,Weekday,16,B02764,425
2014-09-16,Sep,Tue,Weekday,17,B02512,100
2014-09-16,Sep,Tue,Weekday,17,B02598,649
2014-09-16,Sep,Tue,Weekday,17,B02617,1031
2014-09-16,Sep,Tue,Weekday,17,B02682,505
2014-09-16,Sep,Tue,Weekday,17,B02764,459
2014-09-16,Sep,Tue,Weekday,18,B02512,99
2014-09-16,Sep,Tue,Weekday,18,B02598,596
2014-09-16,Sep,Tue,Weekday,18,B02617,948
2014-09-16,Sep,Tue,Weekday,18,B02682,464
2014-09-16,Sep,Tue,Weekday,18,B02764,475
2014-09-16,Sep,Tue,Weekday,19,B02512,80
2014-09-16,Sep,Tue,Weekday,19,B02598,584
2014-09-16,Sep,Tue,Weekday,19,B02617,830
2014-09-16,Sep,Tue,Weekday,19,B02682,380
2014-09-16,Sep,Tue,Weekday,19,B02764,405
2014-09-16,Sep,Tue,Weekday,20,B02512,75
2014-09-16,Sep,Tue,Weekday,20,B02598,516
2014-09-16,Sep,Tue,Weekday,20,B02617,792
2014-09-16,Sep,Tue,Weekday,20,B02682,378
2014-09-16,Sep,Tue,Weekday,20,B02764,362
2014-09-16,Sep,Tue,Weekday,21,B02512,64
2014-09-16,Sep,Tue,Weekday,21,B02598,441
2014-09-16,Sep,Tue,Weekday,21,B02617,628
2014-09-16,Sep,Tue,Weekday,21,B02682,343
2014-09-16,Sep,Tue,Weekday,21,B02764,317
2014-09-16,Sep,Tue,Weekday,22,B02512,30
2014-09-16,Sep,Tue,Weekday,22,B02598,303
2014-09-16,Sep,Tue,Weekday,22,B02617,433
2014-09-16,Sep,Tue,Weekday,22,B02682,243
2014-09-16,Sep,Tue,Weekday,22,B02764,224
2014-09-16,Sep,Tue,Weekday,23,B02512,20
2014-09-16,Sep,Tue,Weekday,23,B02598,137
2014-09-16,Sep,Tue,Weekday,23,B02617,242
2014-09-16,Sep,Tue,Weekday,23,B02682,123
2014-09-16,Sep,Tue,Weekday,23,B02764,125
2014-09-17,Sep,Wed,Weekday,0,B02512,16
2014-09-17,Sep,Wed,Weekday,0,B02598,77
2014-09-17,Sep,Wed,Weekday,0,B02617,132
2014-09-17,Sep,Wed,Weekday,0,B02682,72
2014-09-17,Sep,Wed,Weekday,0,B02764,66
2014-09-17,Sep,Wed,Weekday,1,B02512,7
2014-09-17,Sep,Wed,Weekday,1,B02598,46
2014-09-17,Sep,Wed,Weekday,1,B02617,68
2014-09-17,Sep,Wed,Weekday,1,B02682,49
2014-09-17,Sep,Wed,Weekday,1,B02764,34
2014-09-17,Sep,Wed,Weekday,2,B02512,4
2014-09-17,Sep,Wed,Weekday,2,B02598,36
2014-09-17,Sep,Wed,Weekday,2,B02617,46
2014-09-17,Sep,Wed,Weekday,2,B02682,32
2014-09-17,Sep,Wed,Weekday,2,B02764,38
2014-09-17,Sep,Wed,Weekday,3,B02512,3
2014-09-17,Sep,Wed,Weekday,3,B02598,62
2014-09-17,Sep,Wed,Weekday,3,B02617,98
2014-09-17,Sep,Wed,Weekday,3,B02682,50
2014-09-17,Sep,Wed,Weekday,3,B02764,44
2014-09-17,Sep,Wed,Weekday,4,B02512,11
2014-09-17,Sep,Wed,Weekday,4,B02598,88
2014-09-17,Sep,Wed,Weekday,4,B02617,172
2014-09-17,Sep,Wed,Weekday,4,B02682,103
2014-09-17,Sep,Wed,Weekday,4,B02764,63
2014-09-17,Sep,Wed,Weekday,5,B02512,27
2014-09-17,Sep,Wed,Weekday,5,B02598,166
2014-09-17,Sep,Wed,Weekday,5,B02617,311
2014-09-17,Sep,Wed,Weekday,5,B02682,157
2014-09-17,Sep,Wed,Weekday,5,B02764,113
2014-09-17,Sep,Wed,Weekday,6,B02512,40
2014-09-17,Sep,Wed,Weekday,6,B02598,356
2014-09-17,Sep,Wed,Weekday,6,B02617,601
2014-09-17,Sep,Wed,Weekday,6,B02682,312
2014-09-17,Sep,Wed,Weekday,6,B02764,244
2014-09-17,Sep,Wed,Weekday,7,B02512,63
2014-09-17,Sep,Wed,Weekday,7,B02598,471
2014-09-17,Sep,Wed,Weekday,7,B02617,710
2014-09-17,Sep,Wed,Weekday,7,B02682,411
2014-09-17,Sep,Wed,Weekday,7,B02764,308
2014-09-17,Sep,Wed,Weekday,8,B02512,54
2014-09-17,Sep,Wed,Weekday,8,B02598,403
2014-09-17,Sep,Wed,Weekday,8,B02617,610
2014-09-17,Sep,Wed,Weekday,8,B02682,345
2014-09-17,Sep,Wed,Weekday,8,B02764,263
2014-09-17,Sep,Wed,Weekday,9,B02512,30
2014-09-17,Sep,Wed,Weekday,9,B02598,300
2014-09-17,Sep,Wed,Weekday,9,B02617,482
2014-09-17,Sep,Wed,Weekday,9,B02682,278
2014-09-17,Sep,Wed,Weekday,9,B02764,193
2014-09-17,Sep,Wed,Weekday,10,B02512,53
2014-09-17,Sep,Wed,Weekday,10,B02598,277
2014-09-17,Sep,Wed,Weekday,10,B02617,449
2014-09-17,Sep,Wed,Weekday,10,B02682,232
2014-09-17,Sep,Wed,Weekday,10,B02764,224
2014-09-17,Sep,Wed,Weekday,11,B02512,48
2014-09-17,Sep,Wed,Weekday,11,B02598,254
2014-09-17,Sep,Wed,Weekday,11,B02617,447
2014-09-17,Sep,Wed,Weekday,11,B02682,237
2014-09-17,Sep,Wed,Weekday,11,B02764,209
2014-09-17,Sep,Wed,Weekday,12,B02512,47
2014-09-17,Sep,Wed,Weekday,12,B02598,308
2014-09-17,Sep,Wed,Weekday,12,B02617,465
2014-09-17,Sep,Wed,Weekday,12,B02682,237
2014-09-17,Sep,Wed,Weekday,12,B02764,255
2014-09-17,Sep,Wed,Weekday,13,B02512,56
2014-09-17,Sep,Wed,Weekday,13,B02598,351
2014-09-17,Sep,Wed,Weekday,13,B02617,579
2014-09-17,Sep,Wed,Weekday,13,B02682,266
2014-09-17,Sep,Wed,Weekday,13,B02764,305
2014-09-17,Sep,Wed,Weekday,14,B02512,69
2014-09-17,Sep,Wed,Weekday,14,B02598,426
2014-09-17,Sep,Wed,Weekday,14,B02617,617
2014-09-17,Sep,Wed,Weekday,14,B02682,338
2014-09-17,Sep,Wed,Weekday,14,B02764,318
2014-09-17,Sep,Wed,Weekday,15,B02512,76
2014-09-17,Sep,Wed,Weekday,15,B02598,547
2014-09-17,Sep,Wed,Weekday,15,B02617,784
2014-09-17,Sep,Wed,Weekday,15,B02682,394
2014-09-17,Sep,Wed,Weekday,15,B02764,353
2014-09-17,Sep,Wed,Weekday,16,B02512,93
2014-09-17,Sep,Wed,Weekday,16,B02598,590
2014-09-17,Sep,Wed,Weekday,16,B02617,921
2014-09-17,Sep,Wed,Weekday,16,B02682,499
2014-09-17,Sep,Wed,Weekday,16,B02764,416
2014-09-17,Sep,Wed,Weekday,17,B02512,100
2014-09-17,Sep,Wed,Weekday,17,B02598,627
2014-09-17,Sep,Wed,Weekday,17,B02617,986
2014-09-17,Sep,Wed,Weekday,17,B02682,531
2014-09-17,Sep,Wed,Weekday,17,B02764,506
2014-09-17,Sep,Wed,Weekday,18,B02512,81
2014-09-17,Sep,Wed,Weekday,18,B02598,665
2014-09-17,Sep,Wed,Weekday,18,B02617,1010
2014-09-17,Sep,Wed,Weekday,18,B02682,480
2014-09-17,Sep,Wed,Weekday,18,B02764,528
2014-09-17,Sep,Wed,Weekday,19,B02512,78
2014-09-17,Sep,Wed,Weekday,19,B02598,555
2014-09-17,Sep,Wed,Weekday,19,B02617,923
2014-09-17,Sep,Wed,Weekday,19,B02682,478
2014-09-17,Sep,Wed,Weekday,19,B02764,477
2014-09-17,Sep,Wed,Weekday,20,B02512,70
2014-09-17,Sep,Wed,Weekday,20,B02598,577
2014-09-17,Sep,Wed,Weekday,20,B02617,931
2014-09-17,Sep,Wed,Weekday,20,B02682,445
2014-09-17,Sep,Wed,Weekday,20,B02764,456
2014-09-17,Sep,Wed,Weekday,21,B02512,63
2014-09-17,Sep,Wed,Weekday,21,B02598,504
2014-09-17,Sep,Wed,Weekday,21,B02617,815
2014-09-17,Sep,Wed,Weekday,21,B02682,404
2014-09-17,Sep,Wed,Weekday,21,B02764,382
2014-09-17,Sep,Wed,Weekday,22,B02512,48
2014-09-17,Sep,Wed,Weekday,22,B02598,354
2014-09-17,Sep,Wed,Weekday,22,B02617,647
2014-09-17,Sep,Wed,Weekday,22,B02682,277
2014-09-17,Sep,Wed,Weekday,22,B02764,291
2014-09-17,Sep,Wed,Weekday,23,B02512,21
2014-09-17,Sep,Wed,Weekday,23,B02598,191
2014-09-17,Sep,Wed,Weekday,23,B02617,302
2014-09-17,Sep,Wed,Weekday,23,B02682,180
2014-09-17,Sep,Wed,Weekday,23,B02764,143
2014-09-18,Sep,Thu,Weekday,0,B02512,7
2014-09-18,Sep,Thu,Weekday,0,B02598,92
2014-09-18,Sep,Thu,Weekday,0,B02617,138
2014-09-18,Sep,Thu,Weekday,0,B02682,85
2014-09-18,Sep,Thu,Weekday,0,B02764,86
2014-09-18,Sep,Thu,Weekday,1,B02512,5
2014-09-18,Sep,Thu,Weekday,1,B02598,53
2014-09-18,Sep,Thu,Weekday,1,B02617,76
2014-09-18,Sep,Thu,Weekday,1,B02682,59
2014-09-18,Sep,Thu,Weekday,1,B02764,49
2014-09-18,Sep,Thu,Weekday,2,B02512,2
2014-09-18,Sep,Thu,Weekday,2,B02598,39
2014-09-18,Sep,Thu,Weekday,2,B02617,68
2014-09-18,Sep,Thu,Weekday,2,B02682,30
2014-09-18,Sep,Thu,Weekday,2,B02764,29
2014-09-18,Sep,Thu,Weekday,3,B02512,5
2014-09-18,Sep,Thu,Weekday,3,B02598,63
2014-09-18,Sep,Thu,Weekday,3,B02617,94
2014-09-18,Sep,Thu,Weekday,3,B02682,66
2014-09-18,Sep,Thu,Weekday,3,B02764,45
2014-09-18,Sep,Thu,Weekday,4,B02512,5
2014-09-18,Sep,Thu,Weekday,4,B02598,108
2014-09-18,Sep,Thu,Weekday,4,B02617,183
2014-09-18,Sep,Thu,Weekday,4,B02682,90
2014-09-18,Sep,Thu,Weekday,4,B02764,69
2014-09-18,Sep,Thu,Weekday,5,B02512,26
2014-09-18,Sep,Thu,Weekday,5,B02598,185
2014-09-18,Sep,Thu,Weekday,5,B02617,327
2014-09-18,Sep,Thu,Weekday,5,B02682,181
2014-09-18,Sep,Thu,Weekday,5,B02764,138
2014-09-18,Sep,Thu,Weekday,6,B02512,45
2014-09-18,Sep,Thu,Weekday,6,B02598,321
2014-09-18,Sep,Thu,Weekday,6,B02617,518
2014-09-18,Sep,Thu,Weekday,6,B02682,314
2014-09-18,Sep,Thu,Weekday,6,B02764,241
2014-09-18,Sep,Thu,Weekday,7,B02512,62
2014-09-18,Sep,Thu,Weekday,7,B02598,476
2014-09-18,Sep,Thu,Weekday,7,B02617,672
2014-09-18,Sep,Thu,Weekday,7,B02682,406
2014-09-18,Sep,Thu,Weekday,7,B02764,298
2014-09-18,Sep,Thu,Weekday,8,B02512,52
2014-09-18,Sep,Thu,Weekday,8,B02598,459
2014-09-18,Sep,Thu,Weekday,8,B02617,624
2014-09-18,Sep,Thu,Weekday,8,B02682,392
2014-09-18,Sep,Thu,Weekday,8,B02764,293
2014-09-18,Sep,Thu,Weekday,9,B02512,49
2014-09-18,Sep,Thu,Weekday,9,B02598,350
2014-09-18,Sep,Thu,Weekday,9,B02617,443
2014-09-18,Sep,Thu,Weekday,9,B02682,282
2014-09-18,Sep,Thu,Weekday,9,B02764,225
2014-09-18,Sep,Thu,Weekday,10,B02512,44
2014-09-18,Sep,Thu,Weekday,10,B02598,317
2014-09-18,Sep,Thu,Weekday,10,B02617,435
2014-09-18,Sep,Thu,Weekday,10,B02682,263
2014-09-18,Sep,Thu,Weekday,10,B02764,221
2014-09-18,Sep,Thu,Weekday,11,B02512,45
2014-09-18,Sep,Thu,Weekday,11,B02598,299
2014-09-18,Sep,Thu,Weekday,11,B02617,478
2014-09-18,Sep,Thu,Weekday,11,B02682,275
2014-09-18,Sep,Thu,Weekday,11,B02764,222
2014-09-18,Sep,Thu,Weekday,12,B02512,51
2014-09-18,Sep,Thu,Weekday,12,B02598,306
2014-09-18,Sep,Thu,Weekday,12,B02617,473
2014-09-18,Sep,Thu,Weekday,12,B02682,231
2014-09-18,Sep,Thu,Weekday,12,B02764,242
2014-09-18,Sep,Thu,Weekday,13,B02512,59
2014-09-18,Sep,Thu,Weekday,13,B02598,384
2014-09-18,Sep,Thu,Weekday,13,B02617,585
2014-09-18,Sep,Thu,Weekday,13,B02682,281
2014-09-18,Sep,Thu,Weekday,13,B02764,294
2014-09-18,Sep,Thu,Weekday,14,B02512,66
2014-09-18,Sep,Thu,Weekday,14,B02598,441
2014-09-18,Sep,Thu,Weekday,14,B02617,680
2014-09-18,Sep,Thu,Weekday,14,B02682,369
2014-09-18,Sep,Thu,Weekday,14,B02764,310
2014-09-18,Sep,Thu,Weekday,15,B02512,81
2014-09-18,Sep,Thu,Weekday,15,B02598,550
2014-09-18,Sep,Thu,Weekday,15,B02617,826
2014-09-18,Sep,Thu,Weekday,15,B02682,429
2014-09-18,Sep,Thu,Weekday,15,B02764,386
2014-09-18,Sep,Thu,Weekday,16,B02512,78
2014-09-18,Sep,Thu,Weekday,16,B02598,645
2014-09-18,Sep,Thu,Weekday,16,B02617,931
2014-09-18,Sep,Thu,Weekday,16,B02682,525
2014-09-18,Sep,Thu,Weekday,16,B02764,506
2014-09-18,Sep,Thu,Weekday,17,B02512,83
2014-09-18,Sep,Thu,Weekday,17,B02598,751
2014-09-18,Sep,Thu,Weekday,17,B02617,1144
2014-09-18,Sep,Thu,Weekday,17,B02682,590
2014-09-18,Sep,Thu,Weekday,17,B02764,565
2014-09-18,Sep,Thu,Weekday,18,B02512,109
2014-09-18,Sep,Thu,Weekday,18,B02598,773
2014-09-18,Sep,Thu,Weekday,18,B02617,1192
2014-09-18,Sep,Thu,Weekday,18,B02682,576
2014-09-18,Sep,Thu,Weekday,18,B02764,575
2014-09-18,Sep,Thu,Weekday,19,B02512,98
2014-09-18,Sep,Thu,Weekday,19,B02598,734
2014-09-18,Sep,Thu,Weekday,19,B02617,1199
2014-09-18,Sep,Thu,Weekday,19,B02682,590
2014-09-18,Sep,Thu,Weekday,19,B02764,585
2014-09-18,Sep,Thu,Weekday,20,B02512,85
2014-09-18,Sep,Thu,Weekday,20,B02598,677
2014-09-18,Sep,Thu,Weekday,20,B02617,1025
2014-09-18,Sep,Thu,Weekday,20,B02682,566
2014-09-18,Sep,Thu,Weekday,20,B02764,524
2014-09-18,Sep,Thu,Weekday,21,B02512,90
2014-09-18,Sep,Thu,Weekday,21,B02598,688
2014-09-18,Sep,Thu,Weekday,21,B02617,1055
2014-09-18,Sep,Thu,Weekday,21,B02682,542
2014-09-18,Sep,Thu,Weekday,21,B02764,461
2014-09-18,Sep,Thu,Weekday,22,B02512,65
2014-09-18,Sep,Thu,Weekday,22,B02598,537
2014-09-18,Sep,Thu,Weekday,22,B02617,859
2014-09-18,Sep,Thu,Weekday,22,B02682,416
2014-09-18,Sep,Thu,Weekday,22,B02764,394
2014-09-18,Sep,Thu,Weekday,23,B02512,35
2014-09-18,Sep,Thu,Weekday,23,B02598,333
2014-09-18,Sep,Thu,Weekday,23,B02617,590
2014-09-18,Sep,Thu,Weekday,23,B02682,254
2014-09-18,Sep,Thu,Weekday,23,B02764,261
2014-09-19,Sep,Fri,Weekday,0,B02512,13
2014-09-19,Sep,Fri,Weekday,0,B02598,155
2014-09-19,Sep,Fri,Weekday,0,B02617,262
2014-09-19,Sep,Fri,Weekday,0,B02682,115
2014-09-19,Sep,Fri,Weekday,0,B02764,111
2014-09-19,Sep,Fri,Weekday,1,B02512,2
2014-09-19,Sep,Fri,Weekday,1,B02598,86
2014-09-19,Sep,Fri,Weekday,1,B02617,170
2014-09-19,Sep,Fri,Weekday,1,B02682,95
2014-09-19,Sep,Fri,Weekday,1,B02764,79
2014-09-19,Sep,Fri,Weekday,2,B02512,5
2014-09-19,Sep,Fri,Weekday,2,B02598,71
2014-09-19,Sep,Fri,Weekday,2,B02617,87
2014-09-19,Sep,Fri,Weekday,2,B02682,59
2014-09-19,Sep,Fri,Weekday,2,B02764,46
2014-09-19,Sep,Fri,Weekday,3,B02512,9
2014-09-19,Sep,Fri,Weekday,3,B02598,98
2014-09-19,Sep,Fri,Weekday,3,B02617,134
2014-09-19,Sep,Fri,Weekday,3,B02682,70
2014-09-19,Sep,Fri,Weekday,3,B02764,63
2014-09-19,Sep,Fri,Weekday,4,B02512,6
2014-09-19,Sep,Fri,Weekday,4,B02598,123
2014-09-19,Sep,Fri,Weekday,4,B02617,177
2014-09-19,Sep,Fri,Weekday,4,B02682,86
2014-09-19,Sep,Fri,Weekday,4,B02764,75
2014-09-19,Sep,Fri,Weekday,5,B02512,15
2014-09-19,Sep,Fri,Weekday,5,B02598,188
2014-09-19,Sep,Fri,Weekday,5,B02617,289
2014-09-19,Sep,Fri,Weekday,5,B02682,161
2014-09-19,Sep,Fri,Weekday,5,B02764,131
2014-09-19,Sep,Fri,Weekday,6,B02512,38
2014-09-19,Sep,Fri,Weekday,6,B02598,321
2014-09-19,Sep,Fri,Weekday,6,B02617,518
2014-09-19,Sep,Fri,Weekday,6,B02682,283
2014-09-19,Sep,Fri,Weekday,6,B02764,243
2014-09-19,Sep,Fri,Weekday,7,B02512,61
2014-09-19,Sep,Fri,Weekday,7,B02598,439
2014-09-19,Sep,Fri,Weekday,7,B02617,641
2014-09-19,Sep,Fri,Weekday,7,B02682,394
2014-09-19,Sep,Fri,Weekday,7,B02764,264
2014-09-19,Sep,Fri,Weekday,8,B02512,51
2014-09-19,Sep,Fri,Weekday,8,B02598,444
2014-09-19,Sep,Fri,Weekday,8,B02617,633
2014-09-19,Sep,Fri,Weekday,8,B02682,356
2014-09-19,Sep,Fri,Weekday,8,B02764,286
2014-09-19,Sep,Fri,Weekday,9,B02512,37
2014-09-19,Sep,Fri,Weekday,9,B02598,348
2014-09-19,Sep,Fri,Weekday,9,B02617,465
2014-09-19,Sep,Fri,Weekday,9,B02682,262
2014-09-19,Sep,Fri,Weekday,9,B02764,268
2014-09-19,Sep,Fri,Weekday,10,B02512,50
2014-09-19,Sep,Fri,Weekday,10,B02598,323
2014-09-19,Sep,Fri,Weekday,10,B02617,449
2014-09-19,Sep,Fri,Weekday,10,B02682,257
2014-09-19,Sep,Fri,Weekday,10,B02764,243
2014-09-19,Sep,Fri,Weekday,11,B02512,51
2014-09-19,Sep,Fri,Weekday,11,B02598,306
2014-09-19,Sep,Fri,Weekday,11,B02617,459
2014-09-19,Sep,Fri,Weekday,11,B02682,242
2014-09-19,Sep,Fri,Weekday,11,B02764,249
2014-09-19,Sep,Fri,Weekday,12,B02512,60
2014-09-19,Sep,Fri,Weekday,12,B02598,332
2014-09-19,Sep,Fri,Weekday,12,B02617,468
2014-09-19,Sep,Fri,Weekday,12,B02682,256
2014-09-19,Sep,Fri,Weekday,12,B02764,240
2014-09-19,Sep,Fri,Weekday,13,B02512,73
2014-09-19,Sep,Fri,Weekday,13,B02598,363
2014-09-19,Sep,Fri,Weekday,13,B02617,525
2014-09-19,Sep,Fri,Weekday,13,B02682,316
2014-09-19,Sep,Fri,Weekday,13,B02764,293
2014-09-19,Sep,Fri,Weekday,14,B02512,64
2014-09-19,Sep,Fri,Weekday,14,B02598,442
2014-09-19,Sep,Fri,Weekday,14,B02617,662
2014-09-19,Sep,Fri,Weekday,14,B02682,380
2014-09-19,Sep,Fri,Weekday,14,B02764,371
2014-09-19,Sep,Fri,Weekday,15,B02512,82
2014-09-19,Sep,Fri,Weekday,15,B02598,536
2014-09-19,Sep,Fri,Weekday,15,B02617,791
2014-09-19,Sep,Fri,Weekday,15,B02682,455
2014-09-19,Sep,Fri,Weekday,15,B02764,403
2014-09-19,Sep,Fri,Weekday,16,B02512,101
2014-09-19,Sep,Fri,Weekday,16,B02598,631
2014-09-19,Sep,Fri,Weekday,16,B02617,848
2014-09-19,Sep,Fri,Weekday,16,B02682,492
2014-09-19,Sep,Fri,Weekday,16,B02764,438
2014-09-19,Sep,Fri,Weekday,17,B02512,101
2014-09-19,Sep,Fri,Weekday,17,B02598,718
2014-09-19,Sep,Fri,Weekday,17,B02617,1011
2014-09-19,Sep,Fri,Weekday,17,B02682,546
2014-09-19,Sep,Fri,Weekday,17,B02764,520
2014-09-19,Sep,Fri,Weekday,18,B02512,116
2014-09-19,Sep,Fri,Weekday,18,B02598,813
2014-09-19,Sep,Fri,Weekday,18,B02617,1097
2014-09-19,Sep,Fri,Weekday,18,B02682,595
2014-09-19,Sep,Fri,Weekday,18,B02764,589
2014-09-19,Sep,Fri,Weekday,19,B02512,102
2014-09-19,Sep,Fri,Weekday,19,B02598,685
2014-09-19,Sep,Fri,Weekday,19,B02617,1031
2014-09-19,Sep,Fri,Weekday,19,B02682,549
2014-09-19,Sep,Fri,Weekday,19,B02764,569
2014-09-19,Sep,Fri,Weekday,20,B02512,86
2014-09-19,Sep,Fri,Weekday,20,B02598,638
2014-09-19,Sep,Fri,Weekday,20,B02617,903
2014-09-19,Sep,Fri,Weekday,20,B02682,499
2014-09-19,Sep,Fri,Weekday,20,B02764,499
2014-09-19,Sep,Fri,Weekday,21,B02512,78
2014-09-19,Sep,Fri,Weekday,21,B02598,680
2014-09-19,Sep,Fri,Weekday,21,B02617,942
2014-09-19,Sep,Fri,Weekday,21,B02682,508
2014-09-19,Sep,Fri,Weekday,21,B02764,550
2014-09-19,Sep,Fri,Weekday,22,B02512,81
2014-09-19,Sep,Fri,Weekday,22,B02598,660
2014-09-19,Sep,Fri,Weekday,22,B02617,951
2014-09-19,Sep,Fri,Weekday,22,B02682,505
2014-09-19,Sep,Fri,Weekday,22,B02764,512
2014-09-19,Sep,Fri,Weekday,23,B02512,66
2014-09-19,Sep,Fri,Weekday,23,B02598,569
2014-09-19,Sep,Fri,Weekday,23,B02617,846
2014-09-19,Sep,Fri,Weekday,23,B02682,424
2014-09-19,Sep,Fri,Weekday,23,B02764,394
2014-09-20,Sep,Sat,Weekend,0,B02512,35
2014-09-20,Sep,Sat,Weekend,0,B02598,400
2014-09-20,Sep,Sat,Weekend,0,B02617,629
2014-09-20,Sep,Sat,Weekend,0,B02682,308
2014-09-20,Sep,Sat,Weekend,0,B02764,329
2014-09-20,Sep,Sat,Weekend,1,B02512,22
2014-09-20,Sep,Sat,Weekend,1,B02598,232
2014-09-20,Sep,Sat,Weekend,1,B02617,420
2014-09-20,Sep,Sat,Weekend,1,B02682,206
2014-09-20,Sep,Sat,Weekend,1,B02764,284
2014-09-20,Sep,Sat,Weekend,2,B02512,12
2014-09-20,Sep,Sat,Weekend,2,B02598,141
2014-09-20,Sep,Sat,Weekend,2,B02617,271
2014-09-20,Sep,Sat,Weekend,2,B02682,135
2014-09-20,Sep,Sat,Weekend,2,B02764,158
2014-09-20,Sep,Sat,Weekend,3,B02512,5
2014-09-20,Sep,Sat,Weekend,3,B02598,109
2014-09-20,Sep,Sat,Weekend,3,B02617,179
2014-09-20,Sep,Sat,Weekend,3,B02682,86
2014-09-20,Sep,Sat,Weekend,3,B02764,120
2014-09-20,Sep,Sat,Weekend,4,B02512,3
2014-09-20,Sep,Sat,Weekend,4,B02598,92
2014-09-20,Sep,Sat,Weekend,4,B02617,133
2014-09-20,Sep,Sat,Weekend,4,B02682,70
2014-09-20,Sep,Sat,Weekend,4,B02764,88
2014-09-20,Sep,Sat,Weekend,5,B02512,7
2014-09-20,Sep,Sat,Weekend,5,B02598,82
2014-09-20,Sep,Sat,Weekend,5,B02617,124
2014-09-20,Sep,Sat,Weekend,5,B02682,81
2014-09-20,Sep,Sat,Weekend,5,B02764,79
2014-09-20,Sep,Sat,Weekend,6,B02512,8
2014-09-20,Sep,Sat,Weekend,6,B02598,117
2014-09-20,Sep,Sat,Weekend,6,B02617,188
2014-09-20,Sep,Sat,Weekend,6,B02682,124
2014-09-20,Sep,Sat,Weekend,6,B02764,110
2014-09-20,Sep,Sat,Weekend,7,B02512,18
2014-09-20,Sep,Sat,Weekend,7,B02598,140
2014-09-20,Sep,Sat,Weekend,7,B02617,289
2014-09-20,Sep,Sat,Weekend,7,B02682,157
2014-09-20,Sep,Sat,Weekend,7,B02764,137
2014-09-20,Sep,Sat,Weekend,8,B02512,27
2014-09-20,Sep,Sat,Weekend,8,B02598,215
2014-09-20,Sep,Sat,Weekend,8,B02617,300
2014-09-20,Sep,Sat,Weekend,8,B02682,185
2014-09-20,Sep,Sat,Weekend,8,B02764,179
2014-09-20,Sep,Sat,Weekend,9,B02512,29
2014-09-20,Sep,Sat,Weekend,9,B02598,235
2014-09-20,Sep,Sat,Weekend,9,B02617,368
2014-09-20,Sep,Sat,Weekend,9,B02682,232
2014-09-20,Sep,Sat,Weekend,9,B02764,250
2014-09-20,Sep,Sat,Weekend,10,B02512,35
2014-09-20,Sep,Sat,Weekend,10,B02598,291
2014-09-20,Sep,Sat,Weekend,10,B02617,424
2014-09-20,Sep,Sat,Weekend,10,B02682,265
2014-09-20,Sep,Sat,Weekend,10,B02764,254
2014-09-20,Sep,Sat,Weekend,11,B02512,47
2014-09-20,Sep,Sat,Weekend,11,B02598,318
2014-09-20,Sep,Sat,Weekend,11,B02617,510
2014-09-20,Sep,Sat,Weekend,11,B02682,288
2014-09-20,Sep,Sat,Weekend,11,B02764,271
2014-09-20,Sep,Sat,Weekend,12,B02512,60
2014-09-20,Sep,Sat,Weekend,12,B02598,350
2014-09-20,Sep,Sat,Weekend,12,B02617,527
2014-09-20,Sep,Sat,Weekend,12,B02682,272
2014-09-20,Sep,Sat,Weekend,12,B02764,323
2014-09-20,Sep,Sat,Weekend,13,B02512,57
2014-09-20,Sep,Sat,Weekend,13,B02598,347
2014-09-20,Sep,Sat,Weekend,13,B02617,577
2014-09-20,Sep,Sat,Weekend,13,B02682,311
2014-09-20,Sep,Sat,Weekend,13,B02764,380
2014-09-20,Sep,Sat,Weekend,14,B02512,55
2014-09-20,Sep,Sat,Weekend,14,B02598,443
2014-09-20,Sep,Sat,Weekend,14,B02617,665
2014-09-20,Sep,Sat,Weekend,14,B02682,365
2014-09-20,Sep,Sat,Weekend,14,B02764,449
2014-09-20,Sep,Sat,Weekend,15,B02512,71
2014-09-20,Sep,Sat,Weekend,15,B02598,506
2014-09-20,Sep,Sat,Weekend,15,B02617,752
2014-09-20,Sep,Sat,Weekend,15,B02682,382
2014-09-20,Sep,Sat,Weekend,15,B02764,446
2014-09-20,Sep,Sat,Weekend,16,B02512,84
2014-09-20,Sep,Sat,Weekend,16,B02598,537
2014-09-20,Sep,Sat,Weekend,16,B02617,878
2014-09-20,Sep,Sat,Weekend,16,B02682,456
2014-09-20,Sep,Sat,Weekend,16,B02764,498
2014-09-20,Sep,Sat,Weekend,17,B02512,63
2014-09-20,Sep,Sat,Weekend,17,B02598,612
2014-09-20,Sep,Sat,Weekend,17,B02617,907
2014-09-20,Sep,Sat,Weekend,17,B02682,506
2014-09-20,Sep,Sat,Weekend,17,B02764,572
2014-09-20,Sep,Sat,Weekend,18,B02512,89
2014-09-20,Sep,Sat,Weekend,18,B02598,637
2014-09-20,Sep,Sat,Weekend,18,B02617,905
2014-09-20,Sep,Sat,Weekend,18,B02682,499
2014-09-20,Sep,Sat,Weekend,18,B02764,545
2014-09-20,Sep,Sat,Weekend,19,B02512,77
2014-09-20,Sep,Sat,Weekend,19,B02598,633
2014-09-20,Sep,Sat,Weekend,19,B02617,932
2014-09-20,Sep,Sat,Weekend,19,B02682,493
2014-09-20,Sep,Sat,Weekend,19,B02764,531
2014-09-20,Sep,Sat,Weekend,20,B02512,59
2014-09-20,Sep,Sat,Weekend,20,B02598,612
2014-09-20,Sep,Sat,Weekend,20,B02617,842
2014-09-20,Sep,Sat,Weekend,20,B02682,468
2014-09-20,Sep,Sat,Weekend,20,B02764,471
2014-09-20,Sep,Sat,Weekend,21,B02512,81
2014-09-20,Sep,Sat,Weekend,21,B02598,604
2014-09-20,Sep,Sat,Weekend,21,B02617,831
2014-09-20,Sep,Sat,Weekend,21,B02682,508
2014-09-20,Sep,Sat,Weekend,21,B02764,498
2014-09-20,Sep,Sat,Weekend,22,B02512,81
2014-09-20,Sep,Sat,Weekend,22,B02598,612
2014-09-20,Sep,Sat,Weekend,22,B02617,940
2014-09-20,Sep,Sat,Weekend,22,B02682,512
2014-09-20,Sep,Sat,Weekend,22,B02764,508
2014-09-20,Sep,Sat,Weekend,23,B02512,79
2014-09-20,Sep,Sat,Weekend,23,B02598,631
2014-09-20,Sep,Sat,Weekend,23,B02617,938
2014-09-20,Sep,Sat,Weekend,23,B02682,459
2014-09-20,Sep,Sat,Weekend,23,B02764,487
2014-09-21,Sep,Sun,Weekend,0,B02512,61
2014-09-21,Sep,Sun,Weekend,0,B02598,529
2014-09-21,Sep,Sun,Weekend,0,B02617,868
2014-09-21,Sep,Sun,Weekend,0,B02682,506
2014-09-21,Sep,Sun,Weekend,0,B02764,479
2014-09-21,Sep,Sun,Weekend,1,B02512,45
2014-09-21,Sep,Sun,Weekend,1,B02598,436
2014-09-21,Sep,Sun,Weekend,1,B02617,736
2014-09-21,Sep,Sun,Weekend,1,B02682,387
2014-09-21,Sep,Sun,Weekend,1,B02764,421
2014-09-21,Sep,Sun,Weekend,2,B02512,16
2014-09-21,Sep,Sun,Weekend,2,B02598,258
2014-09-21,Sep,Sun,Weekend,2,B02617,398
2014-09-21,Sep,Sun,Weekend,2,B02682,214
2014-09-21,Sep,Sun,Weekend,2,B02764,278
2014-09-21,Sep,Sun,Weekend,3,B02512,8
2014-09-21,Sep,Sun,Weekend,3,B02598,119
2014-09-21,Sep,Sun,Weekend,3,B02617,187
2014-09-21,Sep,Sun,Weekend,3,B02682,134
2014-09-21,Sep,Sun,Weekend,3,B02764,135
2014-09-21,Sep,Sun,Weekend,4,B02512,7
2014-09-21,Sep,Sun,Weekend,4,B02598,78
2014-09-21,Sep,Sun,Weekend,4,B02617,135
2014-09-21,Sep,Sun,Weekend,4,B02682,78
2014-09-21,Sep,Sun,Weekend,4,B02764,81
2014-09-21,Sep,Sun,Weekend,5,B02512,9
2014-09-21,Sep,Sun,Weekend,5,B02598,82
2014-09-21,Sep,Sun,Weekend,5,B02617,129
2014-09-21,Sep,Sun,Weekend,5,B02682,103
2014-09-21,Sep,Sun,Weekend,5,B02764,77
2014-09-21,Sep,Sun,Weekend,6,B02512,8
2014-09-21,Sep,Sun,Weekend,6,B02598,84
2014-09-21,Sep,Sun,Weekend,6,B02617,158
2014-09-21,Sep,Sun,Weekend,6,B02682,97
2014-09-21,Sep,Sun,Weekend,6,B02764,85
2014-09-21,Sep,Sun,Weekend,7,B02512,16
2014-09-21,Sep,Sun,Weekend,7,B02598,112
2014-09-21,Sep,Sun,Weekend,7,B02617,202
2014-09-21,Sep,Sun,Weekend,7,B02682,113
2014-09-21,Sep,Sun,Weekend,7,B02764,118
2014-09-21,Sep,Sun,Weekend,8,B02512,28
2014-09-21,Sep,Sun,Weekend,8,B02598,163
2014-09-21,Sep,Sun,Weekend,8,B02617,259
2014-09-21,Sep,Sun,Weekend,8,B02682,135
2014-09-21,Sep,Sun,Weekend,8,B02764,138
2014-09-21,Sep,Sun,Weekend,9,B02512,29
2014-09-21,Sep,Sun,Weekend,9,B02598,218
2014-09-21,Sep,Sun,Weekend,9,B02617,337
2014-09-21,Sep,Sun,Weekend,9,B02682,173
2014-09-21,Sep,Sun,Weekend,9,B02764,175
2014-09-21,Sep,Sun,Weekend,10,B02512,48
2014-09-21,Sep,Sun,Weekend,10,B02598,260
2014-09-21,Sep,Sun,Weekend,10,B02617,388
2014-09-21,Sep,Sun,Weekend,10,B02682,213
2014-09-21,Sep,Sun,Weekend,10,B02764,213
2014-09-21,Sep,Sun,Weekend,11,B02512,55
2014-09-21,Sep,Sun,Weekend,11,B02598,298
2014-09-21,Sep,Sun,Weekend,11,B02617,425
2014-09-21,Sep,Sun,Weekend,11,B02682,234
2014-09-21,Sep,Sun,Weekend,11,B02764,246
2014-09-21,Sep,Sun,Weekend,12,B02512,62
2014-09-21,Sep,Sun,Weekend,12,B02598,289
2014-09-21,Sep,Sun,Weekend,12,B02617,465
2014-09-21,Sep,Sun,Weekend,12,B02682,259
2014-09-21,Sep,Sun,Weekend,12,B02764,273
2014-09-21,Sep,Sun,Weekend,13,B02512,56
2014-09-21,Sep,Sun,Weekend,13,B02598,341
2014-09-21,Sep,Sun,Weekend,13,B02617,528
2014-09-21,Sep,Sun,Weekend,13,B02682,261
2014-09-21,Sep,Sun,Weekend,13,B02764,288
2014-09-21,Sep,Sun,Weekend,14,B02512,54
2014-09-21,Sep,Sun,Weekend,14,B02598,370
2014-09-21,Sep,Sun,Weekend,14,B02617,568
2014-09-21,Sep,Sun,Weekend,14,B02682,263
2014-09-21,Sep,Sun,Weekend,14,B02764,294
2014-09-21,Sep,Sun,Weekend,15,B02512,56
2014-09-21,Sep,Sun,Weekend,15,B02598,379
2014-09-21,Sep,Sun,Weekend,15,B02617,538
2014-09-21,Sep,Sun,Weekend,15,B02682,295
2014-09-21,Sep,Sun,Weekend,15,B02764,297
2014-09-21,Sep,Sun,Weekend,16,B02512,42
2014-09-21,Sep,Sun,Weekend,16,B02598,381
2014-09-21,Sep,Sun,Weekend,16,B02617,631
2014-09-21,Sep,Sun,Weekend,16,B02682,326
2014-09-21,Sep,Sun,Weekend,16,B02764,303
2014-09-21,Sep,Sun,Weekend,17,B02512,55
2014-09-21,Sep,Sun,Weekend,17,B02598,368
2014-09-21,Sep,Sun,Weekend,17,B02617,604
2014-09-21,Sep,Sun,Weekend,17,B02682,339
2014-09-21,Sep,Sun,Weekend,17,B02764,288
2014-09-21,Sep,Sun,Weekend,18,B02512,39
2014-09-21,Sep,Sun,Weekend,18,B02598,366
2014-09-21,Sep,Sun,Weekend,18,B02617,620
2014-09-21,Sep,Sun,Weekend,18,B02682,337
2014-09-21,Sep,Sun,Weekend,18,B02764,322
2014-09-21,Sep,Sun,Weekend,19,B02512,34
2014-09-21,Sep,Sun,Weekend,19,B02598,349
2014-09-21,Sep,Sun,Weekend,19,B02617,532
2014-09-21,Sep,Sun,Weekend,19,B02682,307
2014-09-21,Sep,Sun,Weekend,19,B02764,308
2014-09-21,Sep,Sun,Weekend,20,B02512,40
2014-09-21,Sep,Sun,Weekend,20,B02598,320
2014-09-21,Sep,Sun,Weekend,20,B02617,481
2014-09-21,Sep,Sun,Weekend,20,B02682,263
2014-09-21,Sep,Sun,Weekend,20,B02764,274
2014-09-21,Sep,Sun,Weekend,21,B02512,36
2014-09-21,Sep,Sun,Weekend,21,B02598,278
2014-09-21,Sep,Sun,Weekend,21,B02617,406
2014-09-21,Sep,Sun,Weekend,21,B02682,254
2014-09-21,Sep,Sun,Weekend,21,B02764,256
2014-09-21,Sep,Sun,Weekend,22,B02512,20
2014-09-21,Sep,Sun,Weekend,22,B02598,215
2014-09-21,Sep,Sun,Weekend,22,B02617,324
2014-09-21,Sep,Sun,Weekend,22,B02682,186
2014-09-21,Sep,Sun,Weekend,22,B02764,187
2014-09-21,Sep,Sun,Weekend,23,B02512,10
2014-09-21,Sep,Sun,Weekend,23,B02598,136
2014-09-21,Sep,Sun,Weekend,23,B02617,213
2014-09-21,Sep,Sun,Weekend,23,B02682,112
2014-09-21,Sep,Sun,Weekend,23,B02764,100
2014-09-22,Sep,Mon,Weekday,0,B02512,6
2014-09-22,Sep,Mon,Weekday,0,B02598,62
2014-09-22,Sep,Mon,Weekday,0,B02617,99
2014-09-22,Sep,Mon,Weekday,0,B02682,50
2014-09-22,Sep,Mon,Weekday,0,B02764,60
2014-09-22,Sep,Mon,Weekday,1,B02512,1
2014-09-22,Sep,Mon,Weekday,1,B02598,48
2014-09-22,Sep,Mon,Weekday,1,B02617,49
2014-09-22,Sep,Mon,Weekday,1,B02682,34
2014-09-22,Sep,Mon,Weekday,1,B02764,33
2014-09-22,Sep,Mon,Weekday,2,B02512,2
2014-09-22,Sep,Mon,Weekday,2,B02598,43
2014-09-22,Sep,Mon,Weekday,2,B02617,56
2014-09-22,Sep,Mon,Weekday,2,B02682,26
2014-09-22,Sep,Mon,Weekday,2,B02764,22
2014-09-22,Sep,Mon,Weekday,3,B02512,9
2014-09-22,Sep,Mon,Weekday,3,B02598,96
2014-09-22,Sep,Mon,Weekday,3,B02617,130
2014-09-22,Sep,Mon,Weekday,3,B02682,65
2014-09-22,Sep,Mon,Weekday,3,B02764,46
2014-09-22,Sep,Mon,Weekday,4,B02512,16
2014-09-22,Sep,Mon,Weekday,4,B02598,140
2014-09-22,Sep,Mon,Weekday,4,B02617,207
2014-09-22,Sep,Mon,Weekday,4,B02682,106
2014-09-22,Sep,Mon,Weekday,4,B02764,81
2014-09-22,Sep,Mon,Weekday,5,B02512,15
2014-09-22,Sep,Mon,Weekday,5,B02598,200
2014-09-22,Sep,Mon,Weekday,5,B02617,355
2014-09-22,Sep,Mon,Weekday,5,B02682,217
2014-09-22,Sep,Mon,Weekday,5,B02764,156
2014-09-22,Sep,Mon,Weekday,6,B02512,52
2014-09-22,Sep,Mon,Weekday,6,B02598,303
2014-09-22,Sep,Mon,Weekday,6,B02617,485
2014-09-22,Sep,Mon,Weekday,6,B02682,271
2014-09-22,Sep,Mon,Weekday,6,B02764,246
2014-09-22,Sep,Mon,Weekday,7,B02512,49
2014-09-22,Sep,Mon,Weekday,7,B02598,398
2014-09-22,Sep,Mon,Weekday,7,B02617,602
2014-09-22,Sep,Mon,Weekday,7,B02682,372
2014-09-22,Sep,Mon,Weekday,7,B02764,250
2014-09-22,Sep,Mon,Weekday,8,B02512,38
2014-09-22,Sep,Mon,Weekday,8,B02598,377
2014-09-22,Sep,Mon,Weekday,8,B02617,574
2014-09-22,Sep,Mon,Weekday,8,B02682,311
2014-09-22,Sep,Mon,Weekday,8,B02764,306
2014-09-22,Sep,Mon,Weekday,9,B02512,36
2014-09-22,Sep,Mon,Weekday,9,B02598,255
2014-09-22,Sep,Mon,Weekday,9,B02617,414
2014-09-22,Sep,Mon,Weekday,9,B02682,248
2014-09-22,Sep,Mon,Weekday,9,B02764,233
2014-09-22,Sep,Mon,Weekday,10,B02512,48
2014-09-22,Sep,Mon,Weekday,10,B02598,245
2014-09-22,Sep,Mon,Weekday,10,B02617,430
2014-09-22,Sep,Mon,Weekday,10,B02682,212
2014-09-22,Sep,Mon,Weekday,10,B02764,200
2014-09-22,Sep,Mon,Weekday,11,B02512,34
2014-09-22,Sep,Mon,Weekday,11,B02598,224
2014-09-22,Sep,Mon,Weekday,11,B02617,376
2014-09-22,Sep,Mon,Weekday,11,B02682,215
2014-09-22,Sep,Mon,Weekday,11,B02764,220
2014-09-22,Sep,Mon,Weekday,12,B02512,41
2014-09-22,Sep,Mon,Weekday,12,B02598,206
2014-09-22,Sep,Mon,Weekday,12,B02617,371
2014-09-22,Sep,Mon,Weekday,12,B02682,205
2014-09-22,Sep,Mon,Weekday,12,B02764,225
2014-09-22,Sep,Mon,Weekday,13,B02512,44
2014-09-22,Sep,Mon,Weekday,13,B02598,266
2014-09-22,Sep,Mon,Weekday,13,B02617,430
2014-09-22,Sep,Mon,Weekday,13,B02682,241
2014-09-22,Sep,Mon,Weekday,13,B02764,220
2014-09-22,Sep,Mon,Weekday,14,B02512,50
2014-09-22,Sep,Mon,Weekday,14,B02598,293
2014-09-22,Sep,Mon,Weekday,14,B02617,478
2014-09-22,Sep,Mon,Weekday,14,B02682,277
2014-09-22,Sep,Mon,Weekday,14,B02764,293
2014-09-22,Sep,Mon,Weekday,15,B02512,66
2014-09-22,Sep,Mon,Weekday,15,B02598,348
2014-09-22,Sep,Mon,Weekday,15,B02617,593
2014-09-22,Sep,Mon,Weekday,15,B02682,317
2014-09-22,Sep,Mon,Weekday,15,B02764,319
2014-09-22,Sep,Mon,Weekday,16,B02512,68
2014-09-22,Sep,Mon,Weekday,16,B02598,408
2014-09-22,Sep,Mon,Weekday,16,B02617,692
2014-09-22,Sep,Mon,Weekday,16,B02682,334
2014-09-22,Sep,Mon,Weekday,16,B02764,377
2014-09-22,Sep,Mon,Weekday,17,B02512,58
2014-09-22,Sep,Mon,Weekday,17,B02598,432
2014-09-22,Sep,Mon,Weekday,17,B02617,688
2014-09-22,Sep,Mon,Weekday,17,B02682,373
2014-09-22,Sep,Mon,Weekday,17,B02764,392
2014-09-22,Sep,Mon,Weekday,18,B02512,53
2014-09-22,Sep,Mon,Weekday,18,B02598,432
2014-09-22,Sep,Mon,Weekday,18,B02617,705
2014-09-22,Sep,Mon,Weekday,18,B02682,357
2014-09-22,Sep,Mon,Weekday,18,B02764,387
2014-09-22,Sep,Mon,Weekday,19,B02512,59
2014-09-22,Sep,Mon,Weekday,19,B02598,421
2014-09-22,Sep,Mon,Weekday,19,B02617,611
2014-09-22,Sep,Mon,Weekday,19,B02682,351
2014-09-22,Sep,Mon,Weekday,19,B02764,359
2014-09-22,Sep,Mon,Weekday,20,B02512,55
2014-09-22,Sep,Mon,Weekday,20,B02598,418
2014-09-22,Sep,Mon,Weekday,20,B02617,598
2014-09-22,Sep,Mon,Weekday,20,B02682,345
2014-09-22,Sep,Mon,Weekday,20,B02764,324
2014-09-22,Sep,Mon,Weekday,21,B02512,54
2014-09-22,Sep,Mon,Weekday,21,B02598,383
2014-09-22,Sep,Mon,Weekday,21,B02617,552
2014-09-22,Sep,Mon,Weekday,21,B02682,277
2014-09-22,Sep,Mon,Weekday,21,B02764,284
2014-09-22,Sep,Mon,Weekday,22,B02512,39
2014-09-22,Sep,Mon,Weekday,22,B02598,251
2014-09-22,Sep,Mon,Weekday,22,B02617,391
2014-09-22,Sep,Mon,Weekday,22,B02682,184
2014-09-22,Sep,Mon,Weekday,22,B02764,207
2014-09-22,Sep,Mon,Weekday,23,B02512,24
2014-09-22,Sep,Mon,Weekday,23,B02598,140
2014-09-22,Sep,Mon,Weekday,23,B02617,248
2014-09-22,Sep,Mon,Weekday,23,B02682,118
2014-09-22,Sep,Mon,Weekday,23,B02764,126
2014-09-23,Sep,Tue,Weekday,0,B02512,7
2014-09-23,Sep,Tue,Weekday,0,B02598,84
2014-09-23,Sep,Tue,Weekday,0,B02617,103
2014-09-23,Sep,Tue,Weekday,0,B02682,66
2014-09-23,Sep,Tue,Weekday,0,B02764,72
2014-09-23,Sep,Tue,Weekday,1,B02512,2
2014-09-23,Sep,Tue,Weekday,1,B02598,42
2014-09-23,Sep,Tue,Weekday,1,B02617,65
2014-09-23,Sep,Tue,Weekday,1,B02682,26
2014-09-23,Sep,Tue,Weekday,1,B02764,40
2014-09-23,Sep,Tue,Weekday,2,B02512,2
2014-09-23,Sep,Tue,Weekday,2,B02598,29
2014-09-23,Sep,Tue,Weekday,2,B02617,39
2014-09-23,Sep,Tue,Weekday,2,B02682,20
2014-09-23,Sep,Tue,Weekday,2,B02764,35
2014-09-23,Sep,Tue,Weekday,3,B02512,4
2014-09-23,Sep,Tue,Weekday,3,B02598,57
2014-09-23,Sep,Tue,Weekday,3,B02617,80
2014-09-23,Sep,Tue,Weekday,3,B02682,57
2014-09-23,Sep,Tue,Weekday,3,B02764,33
2014-09-23,Sep,Tue,Weekday,4,B02512,4
2014-09-23,Sep,Tue,Weekday,4,B02598,100
2014-09-23,Sep,Tue,Weekday,4,B02617,126
2014-09-23,Sep,Tue,Weekday,4,B02682,84
2014-09-23,Sep,Tue,Weekday,4,B02764,69
2014-09-23,Sep,Tue,Weekday,5,B02512,12
2014-09-23,Sep,Tue,Weekday,5,B02598,194
2014-09-23,Sep,Tue,Weekday,5,B02617,311
2014-09-23,Sep,Tue,Weekday,5,B02682,176
2014-09-23,Sep,Tue,Weekday,5,B02764,155
2014-09-23,Sep,Tue,Weekday,6,B02512,36
2014-09-23,Sep,Tue,Weekday,6,B02598,324
2014-09-23,Sep,Tue,Weekday,6,B02617,530
2014-09-23,Sep,Tue,Weekday,6,B02682,307
2014-09-23,Sep,Tue,Weekday,6,B02764,232
2014-09-23,Sep,Tue,Weekday,7,B02512,42
2014-09-23,Sep,Tue,Weekday,7,B02598,414
2014-09-23,Sep,Tue,Weekday,7,B02617,631
2014-09-23,Sep,Tue,Weekday,7,B02682,371
2014-09-23,Sep,Tue,Weekday,7,B02764,296
2014-09-23,Sep,Tue,Weekday,8,B02512,32
2014-09-23,Sep,Tue,Weekday,8,B02598,351
2014-09-23,Sep,Tue,Weekday,8,B02617,553
2014-09-23,Sep,Tue,Weekday,8,B02682,279
2014-09-23,Sep,Tue,Weekday,8,B02764,269
2014-09-23,Sep,Tue,Weekday,9,B02512,29
2014-09-23,Sep,Tue,Weekday,9,B02598,280
2014-09-23,Sep,Tue,Weekday,9,B02617,430
2014-09-23,Sep,Tue,Weekday,9,B02682,226
2014-09-23,Sep,Tue,Weekday,9,B02764,236
2014-09-23,Sep,Tue,Weekday,10,B02512,42
2014-09-23,Sep,Tue,Weekday,10,B02598,240
2014-09-23,Sep,Tue,Weekday,10,B02617,377
2014-09-23,Sep,Tue,Weekday,10,B02682,203
2014-09-23,Sep,Tue,Weekday,10,B02764,213
2014-09-23,Sep,Tue,Weekday,11,B02512,27
2014-09-23,Sep,Tue,Weekday,11,B02598,225
2014-09-23,Sep,Tue,Weekday,11,B02617,402
2014-09-23,Sep,Tue,Weekday,11,B02682,201
2014-09-23,Sep,Tue,Weekday,11,B02764,210
2014-09-23,Sep,Tue,Weekday,12,B02512,30
2014-09-23,Sep,Tue,Weekday,12,B02598,226
2014-09-23,Sep,Tue,Weekday,12,B02617,413
2014-09-23,Sep,Tue,Weekday,12,B02682,177
2014-09-23,Sep,Tue,Weekday,12,B02764,193
2014-09-23,Sep,Tue,Weekday,13,B02512,44
2014-09-23,Sep,Tue,Weekday,13,B02598,277
2014-09-23,Sep,Tue,Weekday,13,B02617,455
2014-09-23,Sep,Tue,Weekday,13,B02682,213
2014-09-23,Sep,Tue,Weekday,13,B02764,218
2014-09-23,Sep,Tue,Weekday,14,B02512,51
2014-09-23,Sep,Tue,Weekday,14,B02598,312
2014-09-23,Sep,Tue,Weekday,14,B02617,534
2014-09-23,Sep,Tue,Weekday,14,B02682,269
2014-09-23,Sep,Tue,Weekday,14,B02764,318
2014-09-23,Sep,Tue,Weekday,15,B02512,63
2014-09-23,Sep,Tue,Weekday,15,B02598,381
2014-09-23,Sep,Tue,Weekday,15,B02617,602
2014-09-23,Sep,Tue,Weekday,15,B02682,331
2014-09-23,Sep,Tue,Weekday,15,B02764,348
2014-09-23,Sep,Tue,Weekday,16,B02512,69
2014-09-23,Sep,Tue,Weekday,16,B02598,437
2014-09-23,Sep,Tue,Weekday,16,B02617,698
2014-09-23,Sep,Tue,Weekday,16,B02682,372
2014-09-23,Sep,Tue,Weekday,16,B02764,337
2014-09-23,Sep,Tue,Weekday,17,B02512,74
2014-09-23,Sep,Tue,Weekday,17,B02598,509
2014-09-23,Sep,Tue,Weekday,17,B02617,779
2014-09-23,Sep,Tue,Weekday,17,B02682,403
2014-09-23,Sep,Tue,Weekday,17,B02764,416
2014-09-23,Sep,Tue,Weekday,18,B02512,84
2014-09-23,Sep,Tue,Weekday,18,B02598,553
2014-09-23,Sep,Tue,Weekday,18,B02617,821
2014-09-23,Sep,Tue,Weekday,18,B02682,379
2014-09-23,Sep,Tue,Weekday,18,B02764,498
2014-09-23,Sep,Tue,Weekday,19,B02512,61
2014-09-23,Sep,Tue,Weekday,19,B02598,505
2014-09-23,Sep,Tue,Weekday,19,B02617,806
2014-09-23,Sep,Tue,Weekday,19,B02682,408
2014-09-23,Sep,Tue,Weekday,19,B02764,484
2014-09-23,Sep,Tue,Weekday,20,B02512,56
2014-09-23,Sep,Tue,Weekday,20,B02598,439
2014-09-23,Sep,Tue,Weekday,20,B02617,712
2014-09-23,Sep,Tue,Weekday,20,B02682,386
2014-09-23,Sep,Tue,Weekday,20,B02764,469
2014-09-23,Sep,Tue,Weekday,21,B02512,49
2014-09-23,Sep,Tue,Weekday,21,B02598,410
2014-09-23,Sep,Tue,Weekday,21,B02617,655
2014-09-23,Sep,Tue,Weekday,21,B02682,344
2014-09-23,Sep,Tue,Weekday,21,B02764,387
2014-09-23,Sep,Tue,Weekday,22,B02512,33
2014-09-23,Sep,Tue,Weekday,22,B02598,308
2014-09-23,Sep,Tue,Weekday,22,B02617,521
2014-09-23,Sep,Tue,Weekday,22,B02682,242
2014-09-23,Sep,Tue,Weekday,22,B02764,305
2014-09-23,Sep,Tue,Weekday,23,B02512,13
2014-09-23,Sep,Tue,Weekday,23,B02598,155
2014-09-23,Sep,Tue,Weekday,23,B02617,268
2014-09-23,Sep,Tue,Weekday,23,B02682,141
2014-09-23,Sep,Tue,Weekday,23,B02764,173
2014-09-24,Sep,Wed,Weekday,0,B02512,7
2014-09-24,Sep,Wed,Weekday,0,B02598,105
2014-09-24,Sep,Wed,Weekday,0,B02617,141
2014-09-24,Sep,Wed,Weekday,0,B02682,72
2014-09-24,Sep,Wed,Weekday,0,B02764,88
2014-09-24,Sep,Wed,Weekday,1,B02512,9
2014-09-24,Sep,Wed,Weekday,1,B02598,41
2014-09-24,Sep,Wed,Weekday,1,B02617,77
2014-09-24,Sep,Wed,Weekday,1,B02682,47
2014-09-24,Sep,Wed,Weekday,1,B02764,46
2014-09-24,Sep,Wed,Weekday,2,B02512,3
2014-09-24,Sep,Wed,Weekday,2,B02598,34
2014-09-24,Sep,Wed,Weekday,2,B02617,47
2014-09-24,Sep,Wed,Weekday,2,B02682,33
2014-09-24,Sep,Wed,Weekday,2,B02764,28
2014-09-24,Sep,Wed,Weekday,3,B02512,3
2014-09-24,Sep,Wed,Weekday,3,B02598,61
2014-09-24,Sep,Wed,Weekday,3,B02617,82
2014-09-24,Sep,Wed,Weekday,3,B02682,71
2014-09-24,Sep,Wed,Weekday,3,B02764,50
2014-09-24,Sep,Wed,Weekday,4,B02512,9
2014-09-24,Sep,Wed,Weekday,4,B02598,99
2014-09-24,Sep,Wed,Weekday,4,B02617,149
2014-09-24,Sep,Wed,Weekday,4,B02682,83
2014-09-24,Sep,Wed,Weekday,4,B02764,83
2014-09-24,Sep,Wed,Weekday,5,B02512,18
2014-09-24,Sep,Wed,Weekday,5,B02598,194
2014-09-24,Sep,Wed,Weekday,5,B02617,310
2014-09-24,Sep,Wed,Weekday,5,B02682,149
2014-09-24,Sep,Wed,Weekday,5,B02764,133
2014-09-24,Sep,Wed,Weekday,6,B02512,41
2014-09-24,Sep,Wed,Weekday,6,B02598,331
2014-09-24,Sep,Wed,Weekday,6,B02617,512
2014-09-24,Sep,Wed,Weekday,6,B02682,263
2014-09-24,Sep,Wed,Weekday,6,B02764,263
2014-09-24,Sep,Wed,Weekday,7,B02512,48
2014-09-24,Sep,Wed,Weekday,7,B02598,422
2014-09-24,Sep,Wed,Weekday,7,B02617,599
2014-09-24,Sep,Wed,Weekday,7,B02682,366
2014-09-24,Sep,Wed,Weekday,7,B02764,306
2014-09-24,Sep,Wed,Weekday,8,B02512,22
2014-09-24,Sep,Wed,Weekday,8,B02598,357
2014-09-24,Sep,Wed,Weekday,8,B02617,543
2014-09-24,Sep,Wed,Weekday,8,B02682,334
2014-09-24,Sep,Wed,Weekday,8,B02764,280
2014-09-24,Sep,Wed,Weekday,9,B02512,34
2014-09-24,Sep,Wed,Weekday,9,B02598,266
2014-09-24,Sep,Wed,Weekday,9,B02617,452
2014-09-24,Sep,Wed,Weekday,9,B02682,238
2014-09-24,Sep,Wed,Weekday,9,B02764,255
2014-09-24,Sep,Wed,Weekday,10,B02512,39
2014-09-24,Sep,Wed,Weekday,10,B02598,248
2014-09-24,Sep,Wed,Weekday,10,B02617,412
2014-09-24,Sep,Wed,Weekday,10,B02682,227
2014-09-24,Sep,Wed,Weekday,10,B02764,250
2014-09-24,Sep,Wed,Weekday,11,B02512,46
2014-09-24,Sep,Wed,Weekday,11,B02598,274
2014-09-24,Sep,Wed,Weekday,11,B02617,438
2014-09-24,Sep,Wed,Weekday,11,B02682,230
2014-09-24,Sep,Wed,Weekday,11,B02764,254
2014-09-24,Sep,Wed,Weekday,12,B02512,38
2014-09-24,Sep,Wed,Weekday,12,B02598,235
2014-09-24,Sep,Wed,Weekday,12,B02617,408
2014-09-24,Sep,Wed,Weekday,12,B02682,207
2014-09-24,Sep,Wed,Weekday,12,B02764,234
2014-09-24,Sep,Wed,Weekday,13,B02512,49
2014-09-24,Sep,Wed,Weekday,13,B02598,301
2014-09-24,Sep,Wed,Weekday,13,B02617,472
2014-09-24,Sep,Wed,Weekday,13,B02682,241
2014-09-24,Sep,Wed,Weekday,13,B02764,286
2014-09-24,Sep,Wed,Weekday,14,B02512,52
2014-09-24,Sep,Wed,Weekday,14,B02598,358
2014-09-24,Sep,Wed,Weekday,14,B02617,616
2014-09-24,Sep,Wed,Weekday,14,B02682,295
2014-09-24,Sep,Wed,Weekday,14,B02764,338
2014-09-24,Sep,Wed,Weekday,15,B02512,56
2014-09-24,Sep,Wed,Weekday,15,B02598,443
2014-09-24,Sep,Wed,Weekday,15,B02617,688
2014-09-24,Sep,Wed,Weekday,15,B02682,351
2014-09-24,Sep,Wed,Weekday,15,B02764,386
2014-09-24,Sep,Wed,Weekday,16,B02512,57
2014-09-24,Sep,Wed,Weekday,16,B02598,482
2014-09-24,Sep,Wed,Weekday,16,B02617,736
2014-09-24,Sep,Wed,Weekday,16,B02682,398
2014-09-24,Sep,Wed,Weekday,16,B02764,454
2014-09-24,Sep,Wed,Weekday,17,B02512,65
2014-09-24,Sep,Wed,Weekday,17,B02598,485
2014-09-24,Sep,Wed,Weekday,17,B02617,816
2014-09-24,Sep,Wed,Weekday,17,B02682,424
2014-09-24,Sep,Wed,Weekday,17,B02764,512
2014-09-24,Sep,Wed,Weekday,18,B02512,71
2014-09-24,Sep,Wed,Weekday,18,B02598,508
2014-09-24,Sep,Wed,Weekday,18,B02617,785
2014-09-24,Sep,Wed,Weekday,18,B02682,399
2014-09-24,Sep,Wed,Weekday,18,B02764,508
2014-09-24,Sep,Wed,Weekday,19,B02512,61
2014-09-24,Sep,Wed,Weekday,19,B02598,440
2014-09-24,Sep,Wed,Weekday,19,B02617,720
2014-09-24,Sep,Wed,Weekday,19,B02682,340
2014-09-24,Sep,Wed,Weekday,19,B02764,440
2014-09-24,Sep,Wed,Weekday,20,B02512,44
2014-09-24,Sep,Wed,Weekday,20,B02598,484
2014-09-24,Sep,Wed,Weekday,20,B02617,715
2014-09-24,Sep,Wed,Weekday,20,B02682,360
2014-09-24,Sep,Wed,Weekday,20,B02764,402
2014-09-24,Sep,Wed,Weekday,21,B02512,42
2014-09-24,Sep,Wed,Weekday,21,B02598,443
2014-09-24,Sep,Wed,Weekday,21,B02617,632
2014-09-24,Sep,Wed,Weekday,21,B02682,335
2014-09-24,Sep,Wed,Weekday,21,B02764,364
2014-09-24,Sep,Wed,Weekday,22,B02512,32
2014-09-24,Sep,Wed,Weekday,22,B02598,320
2014-09-24,Sep,Wed,Weekday,22,B02617,506
2014-09-24,Sep,Wed,Weekday,22,B02682,223
2014-09-24,Sep,Wed,Weekday,22,B02764,269
2014-09-24,Sep,Wed,Weekday,23,B02512,14
2014-09-24,Sep,Wed,Weekday,23,B02598,192
2014-09-24,Sep,Wed,Weekday,23,B02617,258
2014-09-24,Sep,Wed,Weekday,23,B02682,140
2014-09-24,Sep,Wed,Weekday,23,B02764,149
2014-09-25,Sep,Thu,Weekday,0,B02512,6
2014-09-25,Sep,Thu,Weekday,0,B02598,88
2014-09-25,Sep,Thu,Weekday,0,B02617,132
2014-09-25,Sep,Thu,Weekday,0,B02682,68
2014-09-25,Sep,Thu,Weekday,0,B02764,88
2014-09-25,Sep,Thu,Weekday,1,B02512,1
2014-09-25,Sep,Thu,Weekday,1,B02598,50
2014-09-25,Sep,Thu,Weekday,1,B02617,87
2014-09-25,Sep,Thu,Weekday,1,B02682,46
2014-09-25,Sep,Thu,Weekday,1,B02764,49
2014-09-25,Sep,Thu,Weekday,2,B02512,1
2014-09-25,Sep,Thu,Weekday,2,B02598,45
2014-09-25,Sep,Thu,Weekday,2,B02617,65
2014-09-25,Sep,Thu,Weekday,2,B02682,24
2014-09-25,Sep,Thu,Weekday,2,B02764,46
2014-09-25,Sep,Thu,Weekday,3,B02512,2
2014-09-25,Sep,Thu,Weekday,3,B02598,81
2014-09-25,Sep,Thu,Weekday,3,B02617,113
2014-09-25,Sep,Thu,Weekday,3,B02682,38
2014-09-25,Sep,Thu,Weekday,3,B02764,55
2014-09-25,Sep,Thu,Weekday,4,B02512,13
2014-09-25,Sep,Thu,Weekday,4,B02598,100
2014-09-25,Sep,Thu,Weekday,4,B02617,151
2014-09-25,Sep,Thu,Weekday,4,B02682,89
2014-09-25,Sep,Thu,Weekday,4,B02764,83
2014-09-25,Sep,Thu,Weekday,5,B02512,13
2014-09-25,Sep,Thu,Weekday,5,B02598,180
2014-09-25,Sep,Thu,Weekday,5,B02617,313
2014-09-25,Sep,Thu,Weekday,5,B02682,158
2014-09-25,Sep,Thu,Weekday,5,B02764,147
2014-09-25,Sep,Thu,Weekday,6,B02512,38
2014-09-25,Sep,Thu,Weekday,6,B02598,365
2014-09-25,Sep,Thu,Weekday,6,B02617,672
2014-09-25,Sep,Thu,Weekday,6,B02682,350
2014-09-25,Sep,Thu,Weekday,6,B02764,312
2014-09-25,Sep,Thu,Weekday,7,B02512,82
2014-09-25,Sep,Thu,Weekday,7,B02598,557
2014-09-25,Sep,Thu,Weekday,7,B02617,906
2014-09-25,Sep,Thu,Weekday,7,B02682,542
2014-09-25,Sep,Thu,Weekday,7,B02764,473
2014-09-25,Sep,Thu,Weekday,8,B02512,54
2014-09-25,Sep,Thu,Weekday,8,B02598,492
2014-09-25,Sep,Thu,Weekday,8,B02617,818
2014-09-25,Sep,Thu,Weekday,8,B02682,450
2014-09-25,Sep,Thu,Weekday,8,B02764,486
2014-09-25,Sep,Thu,Weekday,9,B02512,54
2014-09-25,Sep,Thu,Weekday,9,B02598,489
2014-09-25,Sep,Thu,Weekday,9,B02617,732
2014-09-25,Sep,Thu,Weekday,9,B02682,406
2014-09-25,Sep,Thu,Weekday,9,B02764,437
2014-09-25,Sep,Thu,Weekday,10,B02512,52
2014-09-25,Sep,Thu,Weekday,10,B02598,376
2014-09-25,Sep,Thu,Weekday,10,B02617,590
2014-09-25,Sep,Thu,Weekday,10,B02682,339
2014-09-25,Sep,Thu,Weekday,10,B02764,383
2014-09-25,Sep,Thu,Weekday,11,B02512,59
2014-09-25,Sep,Thu,Weekday,11,B02598,354
2014-09-25,Sep,Thu,Weekday,11,B02617,558
2014-09-25,Sep,Thu,Weekday,11,B02682,326
2014-09-25,Sep,Thu,Weekday,11,B02764,376
2014-09-25,Sep,Thu,Weekday,12,B02512,53
2014-09-25,Sep,Thu,Weekday,12,B02598,365
2014-09-25,Sep,Thu,Weekday,12,B02617,507
2014-09-25,Sep,Thu,Weekday,12,B02682,285
2014-09-25,Sep,Thu,Weekday,12,B02764,375
2014-09-25,Sep,Thu,Weekday,13,B02512,61
2014-09-25,Sep,Thu,Weekday,13,B02598,377
2014-09-25,Sep,Thu,Weekday,13,B02617,519
2014-09-25,Sep,Thu,Weekday,13,B02682,309
2014-09-25,Sep,Thu,Weekday,13,B02764,370
2014-09-25,Sep,Thu,Weekday,14,B02512,54
2014-09-25,Sep,Thu,Weekday,14,B02598,409
2014-09-25,Sep,Thu,Weekday,14,B02617,612
2014-09-25,Sep,Thu,Weekday,14,B02682,331
2014-09-25,Sep,Thu,Weekday,14,B02764,370
2014-09-25,Sep,Thu,Weekday,15,B02512,54
2014-09-25,Sep,Thu,Weekday,15,B02598,485
2014-09-25,Sep,Thu,Weekday,15,B02617,727
2014-09-25,Sep,Thu,Weekday,15,B02682,372
2014-09-25,Sep,Thu,Weekday,15,B02764,431
2014-09-25,Sep,Thu,Weekday,16,B02512,59
2014-09-25,Sep,Thu,Weekday,16,B02598,561
2014-09-25,Sep,Thu,Weekday,16,B02617,827
2014-09-25,Sep,Thu,Weekday,16,B02682,455
2014-09-25,Sep,Thu,Weekday,16,B02764,520
2014-09-25,Sep,Thu,Weekday,17,B02512,68
2014-09-25,Sep,Thu,Weekday,17,B02598,583
2014-09-25,Sep,Thu,Weekday,17,B02617,884
2014-09-25,Sep,Thu,Weekday,17,B02682,456
2014-09-25,Sep,Thu,Weekday,17,B02764,591
2014-09-25,Sep,Thu,Weekday,18,B02512,71
2014-09-25,Sep,Thu,Weekday,18,B02598,601
2014-09-25,Sep,Thu,Weekday,18,B02617,837
2014-09-25,Sep,Thu,Weekday,18,B02682,450
2014-09-25,Sep,Thu,Weekday,18,B02764,559
2014-09-25,Sep,Thu,Weekday,19,B02512,51
2014-09-25,Sep,Thu,Weekday,19,B02598,527
2014-09-25,Sep,Thu,Weekday,19,B02617,730
2014-09-25,Sep,Thu,Weekday,19,B02682,414
2014-09-25,Sep,Thu,Weekday,19,B02764,498
2014-09-25,Sep,Thu,Weekday,20,B02512,51
2014-09-25,Sep,Thu,Weekday,20,B02598,464
2014-09-25,Sep,Thu,Weekday,20,B02617,699
2014-09-25,Sep,Thu,Weekday,20,B02682,381
2014-09-25,Sep,Thu,Weekday,20,B02764,450
2014-09-25,Sep,Thu,Weekday,21,B02512,52
2014-09-25,Sep,Thu,Weekday,21,B02598,498
2014-09-25,Sep,Thu,Weekday,21,B02617,702
2014-09-25,Sep,Thu,Weekday,21,B02682,380
2014-09-25,Sep,Thu,Weekday,21,B02764,476
2014-09-25,Sep,Thu,Weekday,22,B02512,40
2014-09-25,Sep,Thu,Weekday,22,B02598,395
2014-09-25,Sep,Thu,Weekday,22,B02617,599
2014-09-25,Sep,Thu,Weekday,22,B02682,310
2014-09-25,Sep,Thu,Weekday,22,B02764,384
2014-09-25,Sep,Thu,Weekday,23,B02512,26
2014-09-25,Sep,Thu,Weekday,23,B02598,232
2014-09-25,Sep,Thu,Weekday,23,B02617,347
2014-09-25,Sep,Thu,Weekday,23,B02682,187
2014-09-25,Sep,Thu,Weekday,23,B02764,262
2014-09-26,Sep,Fri,Weekday,0,B02512,10
2014-09-26,Sep,Fri,Weekday,0,B02598,133
2014-09-26,Sep,Fri,Weekday,0,B02617,224
2014-09-26,Sep,Fri,Weekday,0,B02682,107
2014-09-26,Sep,Fri,Weekday,0,B02764,132
2014-09-26,Sep,Fri,Weekday,1,B02512,2
2014-09-26,Sep,Fri,Weekday,1,B02598,84
2014-09-26,Sep,Fri,Weekday,1,B02617,112
2014-09-26,Sep,Fri,Weekday,1,B02682,62
2014-09-26,Sep,Fri,Weekday,1,B02764,86
2014-09-26,Sep,Fri,Weekday,2,B02512,3
2014-09-26,Sep,Fri,Weekday,2,B02598,54
2014-09-26,Sep,Fri,Weekday,2,B02617,98
2014-09-26,Sep,Fri,Weekday,2,B02682,39
2014-09-26,Sep,Fri,Weekday,2,B02764,45
2014-09-26,Sep,Fri,Weekday,3,B02512,3
2014-09-26,Sep,Fri,Weekday,3,B02598,84
2014-09-26,Sep,Fri,Weekday,3,B02617,108
2014-09-26,Sep,Fri,Weekday,3,B02682,60
2014-09-26,Sep,Fri,Weekday,3,B02764,85
2014-09-26,Sep,Fri,Weekday,4,B02512,8
2014-09-26,Sep,Fri,Weekday,4,B02598,82
2014-09-26,Sep,Fri,Weekday,4,B02617,145
2014-09-26,Sep,Fri,Weekday,4,B02682,87
2014-09-26,Sep,Fri,Weekday,4,B02764,84
2014-09-26,Sep,Fri,Weekday,5,B02512,10
2014-09-26,Sep,Fri,Weekday,5,B02598,150
2014-09-26,Sep,Fri,Weekday,5,B02617,255
2014-09-26,Sep,Fri,Weekday,5,B02682,133
2014-09-26,Sep,Fri,Weekday,5,B02764,136
2014-09-26,Sep,Fri,Weekday,6,B02512,31
2014-09-26,Sep,Fri,Weekday,6,B02598,266
2014-09-26,Sep,Fri,Weekday,6,B02617,413
2014-09-26,Sep,Fri,Weekday,6,B02682,213
2014-09-26,Sep,Fri,Weekday,6,B02764,240
2014-09-26,Sep,Fri,Weekday,7,B02512,32
2014-09-26,Sep,Fri,Weekday,7,B02598,361
2014-09-26,Sep,Fri,Weekday,7,B02617,567
2014-09-26,Sep,Fri,Weekday,7,B02682,264
2014-09-26,Sep,Fri,Weekday,7,B02764,301
2014-09-26,Sep,Fri,Weekday,8,B02512,38
2014-09-26,Sep,Fri,Weekday,8,B02598,308
2014-09-26,Sep,Fri,Weekday,8,B02617,477
2014-09-26,Sep,Fri,Weekday,8,B02682,238
2014-09-26,Sep,Fri,Weekday,8,B02764,279
2014-09-26,Sep,Fri,Weekday,9,B02512,29
2014-09-26,Sep,Fri,Weekday,9,B02598,290
2014-09-26,Sep,Fri,Weekday,9,B02617,421
2014-09-26,Sep,Fri,Weekday,9,B02682,225
2014-09-26,Sep,Fri,Weekday,9,B02764,267
2014-09-26,Sep,Fri,Weekday,10,B02512,29
2014-09-26,Sep,Fri,Weekday,10,B02598,264
2014-09-26,Sep,Fri,Weekday,10,B02617,418
2014-09-26,Sep,Fri,Weekday,10,B02682,211
2014-09-26,Sep,Fri,Weekday,10,B02764,268
2014-09-26,Sep,Fri,Weekday,11,B02512,33
2014-09-26,Sep,Fri,Weekday,11,B02598,270
2014-09-26,Sep,Fri,Weekday,11,B02617,422
2014-09-26,Sep,Fri,Weekday,11,B02682,230
2014-09-26,Sep,Fri,Weekday,11,B02764,252
2014-09-26,Sep,Fri,Weekday,12,B02512,44
2014-09-26,Sep,Fri,Weekday,12,B02598,283
2014-09-26,Sep,Fri,Weekday,12,B02617,450
2014-09-26,Sep,Fri,Weekday,12,B02682,256
2014-09-26,Sep,Fri,Weekday,12,B02764,233
2014-09-26,Sep,Fri,Weekday,13,B02512,43
2014-09-26,Sep,Fri,Weekday,13,B02598,321
2014-09-26,Sep,Fri,Weekday,13,B02617,504
2014-09-26,Sep,Fri,Weekday,13,B02682,254
2014-09-26,Sep,Fri,Weekday,13,B02764,288
2014-09-26,Sep,Fri,Weekday,14,B02512,71
2014-09-26,Sep,Fri,Weekday,14,B02598,381
2014-09-26,Sep,Fri,Weekday,14,B02617,594
2014-09-26,Sep,Fri,Weekday,14,B02682,283
2014-09-26,Sep,Fri,Weekday,14,B02764,409
2014-09-26,Sep,Fri,Weekday,15,B02512,67
2014-09-26,Sep,Fri,Weekday,15,B02598,487
2014-09-26,Sep,Fri,Weekday,15,B02617,689
2014-09-26,Sep,Fri,Weekday,15,B02682,357
2014-09-26,Sep,Fri,Weekday,15,B02764,438
2014-09-26,Sep,Fri,Weekday,16,B02512,80
2014-09-26,Sep,Fri,Weekday,16,B02598,524
2014-09-26,Sep,Fri,Weekday,16,B02617,766
2014-09-26,Sep,Fri,Weekday,16,B02682,399
2014-09-26,Sep,Fri,Weekday,16,B02764,530
2014-09-26,Sep,Fri,Weekday,17,B02512,67
2014-09-26,Sep,Fri,Weekday,17,B02598,584
2014-09-26,Sep,Fri,Weekday,17,B02617,910
2014-09-26,Sep,Fri,Weekday,17,B02682,421
2014-09-26,Sep,Fri,Weekday,17,B02764,644
2014-09-26,Sep,Fri,Weekday,18,B02512,81
2014-09-26,Sep,Fri,Weekday,18,B02598,652
2014-09-26,Sep,Fri,Weekday,18,B02617,1025
2014-09-26,Sep,Fri,Weekday,18,B02682,525
2014-09-26,Sep,Fri,Weekday,18,B02764,756
2014-09-26,Sep,Fri,Weekday,19,B02512,67
2014-09-26,Sep,Fri,Weekday,19,B02598,579
2014-09-26,Sep,Fri,Weekday,19,B02617,961
2014-09-26,Sep,Fri,Weekday,19,B02682,469
2014-09-26,Sep,Fri,Weekday,19,B02764,706
2014-09-26,Sep,Fri,Weekday,20,B02512,53
2014-09-26,Sep,Fri,Weekday,20,B02598,514
2014-09-26,Sep,Fri,Weekday,20,B02617,876
2014-09-26,Sep,Fri,Weekday,20,B02682,419
2014-09-26,Sep,Fri,Weekday,20,B02764,578
2014-09-26,Sep,Fri,Weekday,21,B02512,50
2014-09-26,Sep,Fri,Weekday,21,B02598,576
2014-09-26,Sep,Fri,Weekday,21,B02617,916
2014-09-26,Sep,Fri,Weekday,21,B02682,468
2014-09-26,Sep,Fri,Weekday,21,B02764,676
2014-09-26,Sep,Fri,Weekday,22,B02512,55
2014-09-26,Sep,Fri,Weekday,22,B02598,554
2014-09-26,Sep,Fri,Weekday,22,B02617,889
2014-09-26,Sep,Fri,Weekday,22,B02682,434
2014-09-26,Sep,Fri,Weekday,22,B02764,615
2014-09-26,Sep,Fri,Weekday,23,B02512,47
2014-09-26,Sep,Fri,Weekday,23,B02598,506
2014-09-26,Sep,Fri,Weekday,23,B02617,804
2014-09-26,Sep,Fri,Weekday,23,B02682,413
2014-09-26,Sep,Fri,Weekday,23,B02764,585
2014-09-27,Sep,Sat,Weekend,0,B02512,31
2014-09-27,Sep,Sat,Weekend,0,B02598,372
2014-09-27,Sep,Sat,Weekend,0,B02617,546
2014-09-27,Sep,Sat,Weekend,0,B02682,303
2014-09-27,Sep,Sat,Weekend,0,B02764,434
2014-09-27,Sep,Sat,Weekend,1,B02512,21
2014-09-27,Sep,Sat,Weekend,1,B02598,248
2014-09-27,Sep,Sat,Weekend,1,B02617,434
2014-09-27,Sep,Sat,Weekend,1,B02682,202
2014-09-27,Sep,Sat,Weekend,1,B02764,327
2014-09-27,Sep,Sat,Weekend,2,B02512,10
2014-09-27,Sep,Sat,Weekend,2,B02598,142
2014-09-27,Sep,Sat,Weekend,2,B02617,269
2014-09-27,Sep,Sat,Weekend,2,B02682,120
2014-09-27,Sep,Sat,Weekend,2,B02764,210
2014-09-27,Sep,Sat,Weekend,3,B02512,8
2014-09-27,Sep,Sat,Weekend,3,B02598,103
2014-09-27,Sep,Sat,Weekend,3,B02617,168
2014-09-27,Sep,Sat,Weekend,3,B02682,101
2014-09-27,Sep,Sat,Weekend,3,B02764,147
2014-09-27,Sep,Sat,Weekend,4,B02512,4
2014-09-27,Sep,Sat,Weekend,4,B02598,77
2014-09-27,Sep,Sat,Weekend,4,B02617,115
2014-09-27,Sep,Sat,Weekend,4,B02682,68
2014-09-27,Sep,Sat,Weekend,4,B02764,97
2014-09-27,Sep,Sat,Weekend,5,B02512,7
2014-09-27,Sep,Sat,Weekend,5,B02598,98
2014-09-27,Sep,Sat,Weekend,5,B02617,134
2014-09-27,Sep,Sat,Weekend,5,B02682,92
2014-09-27,Sep,Sat,Weekend,5,B02764,91
2014-09-27,Sep,Sat,Weekend,6,B02512,10
2014-09-27,Sep,Sat,Weekend,6,B02598,117
2014-09-27,Sep,Sat,Weekend,6,B02617,191
2014-09-27,Sep,Sat,Weekend,6,B02682,84
2014-09-27,Sep,Sat,Weekend,6,B02764,128
2014-09-27,Sep,Sat,Weekend,7,B02512,12
2014-09-27,Sep,Sat,Weekend,7,B02598,149
2014-09-27,Sep,Sat,Weekend,7,B02617,224
2014-09-27,Sep,Sat,Weekend,7,B02682,132
2014-09-27,Sep,Sat,Weekend,7,B02764,162
2014-09-27,Sep,Sat,Weekend,8,B02512,18
2014-09-27,Sep,Sat,Weekend,8,B02598,192
2014-09-27,Sep,Sat,Weekend,8,B02617,295
2014-09-27,Sep,Sat,Weekend,8,B02682,162
2014-09-27,Sep,Sat,Weekend,8,B02764,204
2014-09-27,Sep,Sat,Weekend,9,B02512,10
2014-09-27,Sep,Sat,Weekend,9,B02598,258
2014-09-27,Sep,Sat,Weekend,9,B02617,374
2014-09-27,Sep,Sat,Weekend,9,B02682,210
2014-09-27,Sep,Sat,Weekend,9,B02764,239
2014-09-27,Sep,Sat,Weekend,10,B02512,27
2014-09-27,Sep,Sat,Weekend,10,B02598,289
2014-09-27,Sep,Sat,Weekend,10,B02617,426
2014-09-27,Sep,Sat,Weekend,10,B02682,230
2014-09-27,Sep,Sat,Weekend,10,B02764,304
2014-09-27,Sep,Sat,Weekend,11,B02512,44
2014-09-27,Sep,Sat,Weekend,11,B02598,323
2014-09-27,Sep,Sat,Weekend,11,B02617,480
2014-09-27,Sep,Sat,Weekend,11,B02682,260
2014-09-27,Sep,Sat,Weekend,11,B02764,327
2014-09-27,Sep,Sat,Weekend,12,B02512,51
2014-09-27,Sep,Sat,Weekend,12,B02598,312
2014-09-27,Sep,Sat,Weekend,12,B02617,489
2014-09-27,Sep,Sat,Weekend,12,B02682,261
2014-09-27,Sep,Sat,Weekend,12,B02764,346
2014-09-27,Sep,Sat,Weekend,13,B02512,46
2014-09-27,Sep,Sat,Weekend,13,B02598,350
2014-09-27,Sep,Sat,Weekend,13,B02617,597
2014-09-27,Sep,Sat,Weekend,13,B02682,329
2014-09-27,Sep,Sat,Weekend,13,B02764,390
2014-09-27,Sep,Sat,Weekend,14,B02512,64
2014-09-27,Sep,Sat,Weekend,14,B02598,398
2014-09-27,Sep,Sat,Weekend,14,B02617,641
2014-09-27,Sep,Sat,Weekend,14,B02682,365
2014-09-27,Sep,Sat,Weekend,14,B02764,421
2014-09-27,Sep,Sat,Weekend,15,B02512,60
2014-09-27,Sep,Sat,Weekend,15,B02598,487
2014-09-27,Sep,Sat,Weekend,15,B02617,738
2014-09-27,Sep,Sat,Weekend,15,B02682,411
2014-09-27,Sep,Sat,Weekend,15,B02764,534
2014-09-27,Sep,Sat,Weekend,16,B02512,58
2014-09-27,Sep,Sat,Weekend,16,B02598,522
2014-09-27,Sep,Sat,Weekend,16,B02617,826
2014-09-27,Sep,Sat,Weekend,16,B02682,422
2014-09-27,Sep,Sat,Weekend,16,B02764,610
2014-09-27,Sep,Sat,Weekend,17,B02512,58
2014-09-27,Sep,Sat,Weekend,17,B02598,536
2014-09-27,Sep,Sat,Weekend,17,B02617,902
2014-09-27,Sep,Sat,Weekend,17,B02682,415
2014-09-27,Sep,Sat,Weekend,17,B02764,651
2014-09-27,Sep,Sat,Weekend,18,B02512,73
2014-09-27,Sep,Sat,Weekend,18,B02598,621
2014-09-27,Sep,Sat,Weekend,18,B02617,899
2014-09-27,Sep,Sat,Weekend,18,B02682,508
2014-09-27,Sep,Sat,Weekend,18,B02764,686
2014-09-27,Sep,Sat,Weekend,19,B02512,88
2014-09-27,Sep,Sat,Weekend,19,B02598,590
2014-09-27,Sep,Sat,Weekend,19,B02617,887
2014-09-27,Sep,Sat,Weekend,19,B02682,467
2014-09-27,Sep,Sat,Weekend,19,B02764,651
2014-09-27,Sep,Sat,Weekend,20,B02512,64
2014-09-27,Sep,Sat,Weekend,20,B02598,499
2014-09-27,Sep,Sat,Weekend,20,B02617,806
2014-09-27,Sep,Sat,Weekend,20,B02682,382
2014-09-27,Sep,Sat,Weekend,20,B02764,615
2014-09-27,Sep,Sat,Weekend,21,B02512,83
2014-09-27,Sep,Sat,Weekend,21,B02598,647
2014-09-27,Sep,Sat,Weekend,21,B02617,990
2014-09-27,Sep,Sat,Weekend,21,B02682,476
2014-09-27,Sep,Sat,Weekend,21,B02764,667
2014-09-27,Sep,Sat,Weekend,22,B02512,88
2014-09-27,Sep,Sat,Weekend,22,B02598,606
2014-09-27,Sep,Sat,Weekend,22,B02617,1049
2014-09-27,Sep,Sat,Weekend,22,B02682,463
2014-09-27,Sep,Sat,Weekend,22,B02764,703
2014-09-27,Sep,Sat,Weekend,23,B02512,70
2014-09-27,Sep,Sat,Weekend,23,B02598,560
2014-09-27,Sep,Sat,Weekend,23,B02617,956
2014-09-27,Sep,Sat,Weekend,23,B02682,436
2014-09-27,Sep,Sat,Weekend,23,B02764,688
2014-09-28,Sep,Sun,Weekend,0,B02512,47
2014-09-28,Sep,Sun,Weekend,0,B02598,420
2014-09-28,Sep,Sun,Weekend,0,B02617,740
2014-09-28,Sep,Sun,Weekend,0,B02682,354
2014-09-28,Sep,Sun,Weekend,0,B02764,526
2014-09-28,Sep,Sun,Weekend,1,B02512,23
2014-09-28,Sep,Sun,Weekend,1,B02598,277
2014-09-28,Sep,Sun,Weekend,1,B02617,511
2014-09-28,Sep,Sun,Weekend,1,B02682,235
2014-09-28,Sep,Sun,Weekend,1,B02764,364
2014-09-28,Sep,Sun,Weekend,2,B02512,10
2014-09-28,Sep,Sun,Weekend,2,B02598,179
2014-09-28,Sep,Sun,Weekend,2,B02617,349
2014-09-28,Sep,Sun,Weekend,2,B02682,175
2014-09-28,Sep,Sun,Weekend,2,B02764,269
2014-09-28,Sep,Sun,Weekend,3,B02512,3
2014-09-28,Sep,Sun,Weekend,3,B02598,116
2014-09-28,Sep,Sun,Weekend,3,B02617,236
2014-09-28,Sep,Sun,Weekend,3,B02682,135
2014-09-28,Sep,Sun,Weekend,3,B02764,169
2014-09-28,Sep,Sun,Weekend,4,B02512,1
2014-09-28,Sep,Sun,Weekend,4,B02598,91
2014-09-28,Sep,Sun,Weekend,4,B02617,142
2014-09-28,Sep,Sun,Weekend,4,B02682,81
2014-09-28,Sep,Sun,Weekend,4,B02764,101
2014-09-28,Sep,Sun,Weekend,5,B02512,7
2014-09-28,Sep,Sun,Weekend,5,B02598,83
2014-09-28,Sep,Sun,Weekend,5,B02617,180
2014-09-28,Sep,Sun,Weekend,5,B02682,95
2014-09-28,Sep,Sun,Weekend,5,B02764,112
2014-09-28,Sep,Sun,Weekend,6,B02512,14
2014-09-28,Sep,Sun,Weekend,6,B02598,82
2014-09-28,Sep,Sun,Weekend,6,B02617,177
2014-09-28,Sep,Sun,Weekend,6,B02682,94
2014-09-28,Sep,Sun,Weekend,6,B02764,78
2014-09-28,Sep,Sun,Weekend,7,B02512,16
2014-09-28,Sep,Sun,Weekend,7,B02598,111
2014-09-28,Sep,Sun,Weekend,7,B02617,210
2014-09-28,Sep,Sun,Weekend,7,B02682,131
2014-09-28,Sep,Sun,Weekend,7,B02764,121
2014-09-28,Sep,Sun,Weekend,8,B02512,19
2014-09-28,Sep,Sun,Weekend,8,B02598,165
2014-09-28,Sep,Sun,Weekend,8,B02617,272
2014-09-28,Sep,Sun,Weekend,8,B02682,182
2014-09-28,Sep,Sun,Weekend,8,B02764,165
2014-09-28,Sep,Sun,Weekend,9,B02512,28
2014-09-28,Sep,Sun,Weekend,9,B02598,221
2014-09-28,Sep,Sun,Weekend,9,B02617,343
2014-09-28,Sep,Sun,Weekend,9,B02682,201
2014-09-28,Sep,Sun,Weekend,9,B02764,197
2014-09-28,Sep,Sun,Weekend,10,B02512,31
2014-09-28,Sep,Sun,Weekend,10,B02598,260
2014-09-28,Sep,Sun,Weekend,10,B02617,462
2014-09-28,Sep,Sun,Weekend,10,B02682,215
2014-09-28,Sep,Sun,Weekend,10,B02764,248
2014-09-28,Sep,Sun,Weekend,11,B02512,52
2014-09-28,Sep,Sun,Weekend,11,B02598,337
2014-09-28,Sep,Sun,Weekend,11,B02617,529
2014-09-28,Sep,Sun,Weekend,11,B02682,268
2014-09-28,Sep,Sun,Weekend,11,B02764,308
2014-09-28,Sep,Sun,Weekend,12,B02512,36
2014-09-28,Sep,Sun,Weekend,12,B02598,325
2014-09-28,Sep,Sun,Weekend,12,B02617,491
2014-09-28,Sep,Sun,Weekend,12,B02682,302
2014-09-28,Sep,Sun,Weekend,12,B02764,327
2014-09-28,Sep,Sun,Weekend,13,B02512,51
2014-09-28,Sep,Sun,Weekend,13,B02598,342
2014-09-28,Sep,Sun,Weekend,13,B02617,520
2014-09-28,Sep,Sun,Weekend,13,B02682,293
2014-09-28,Sep,Sun,Weekend,13,B02764,399
2014-09-28,Sep,Sun,Weekend,14,B02512,56
2014-09-28,Sep,Sun,Weekend,14,B02598,362
2014-09-28,Sep,Sun,Weekend,14,B02617,628
2014-09-28,Sep,Sun,Weekend,14,B02682,296
2014-09-28,Sep,Sun,Weekend,14,B02764,418
2014-09-28,Sep,Sun,Weekend,15,B02512,62
2014-09-28,Sep,Sun,Weekend,15,B02598,373
2014-09-28,Sep,Sun,Weekend,15,B02617,654
2014-09-28,Sep,Sun,Weekend,15,B02682,286
2014-09-28,Sep,Sun,Weekend,15,B02764,453
2014-09-28,Sep,Sun,Weekend,16,B02512,58
2014-09-28,Sep,Sun,Weekend,16,B02598,426
2014-09-28,Sep,Sun,Weekend,16,B02617,683
2014-09-28,Sep,Sun,Weekend,16,B02682,331
2014-09-28,Sep,Sun,Weekend,16,B02764,439
2014-09-28,Sep,Sun,Weekend,17,B02512,48
2014-09-28,Sep,Sun,Weekend,17,B02598,379
2014-09-28,Sep,Sun,Weekend,17,B02617,653
2014-09-28,Sep,Sun,Weekend,17,B02682,311
2014-09-28,Sep,Sun,Weekend,17,B02764,420
2014-09-28,Sep,Sun,Weekend,18,B02512,35
2014-09-28,Sep,Sun,Weekend,18,B02598,367
2014-09-28,Sep,Sun,Weekend,18,B02617,659
2014-09-28,Sep,Sun,Weekend,18,B02682,289
2014-09-28,Sep,Sun,Weekend,18,B02764,450
2014-09-28,Sep,Sun,Weekend,19,B02512,36
2014-09-28,Sep,Sun,Weekend,19,B02598,303
2014-09-28,Sep,Sun,Weekend,19,B02617,563
2014-09-28,Sep,Sun,Weekend,19,B02682,291
2014-09-28,Sep,Sun,Weekend,19,B02764,375
2014-09-28,Sep,Sun,Weekend,20,B02512,31
2014-09-28,Sep,Sun,Weekend,20,B02598,287
2014-09-28,Sep,Sun,Weekend,20,B02617,523
2014-09-28,Sep,Sun,Weekend,20,B02682,244
2014-09-28,Sep,Sun,Weekend,20,B02764,330
2014-09-28,Sep,Sun,Weekend,21,B02512,32
2014-09-28,Sep,Sun,Weekend,21,B02598,247
2014-09-28,Sep,Sun,Weekend,21,B02617,447
2014-09-28,Sep,Sun,Weekend,21,B02682,228
2014-09-28,Sep,Sun,Weekend,21,B02764,299
2014-09-28,Sep,Sun,Weekend,22,B02512,23
2014-09-28,Sep,Sun,Weekend,22,B02598,211
2014-09-28,Sep,Sun,Weekend,22,B02617,362
2014-09-28,Sep,Sun,Weekend,22,B02682,178
2014-09-28,Sep,Sun,Weekend,22,B02764,235
2014-09-28,Sep,Sun,Weekend,23,B02512,15
2014-09-28,Sep,Sun,Weekend,23,B02598,135
2014-09-28,Sep,Sun,Weekend,23,B02617,230
2014-09-28,Sep,Sun,Weekend,23,B02682,112
2014-09-28,Sep,Sun,Weekend,23,B02764,129
2014-09-29,Sep,Mon,Weekday,0,B02512,3
2014-09-29,Sep,Mon,Weekday,0,B02598,70
2014-09-29,Sep,Mon,Weekday,0,B02617,99
2014-09-29,Sep,Mon,Weekday,0,B02682,73
2014-09-29,Sep,Mon,Weekday,0,B02764,84
2014-09-29,Sep,Mon,Weekday,1,B02512,3
2014-09-29,Sep,Mon,Weekday,1,B02598,33
2014-09-29,Sep,Mon,Weekday,1,B02617,54
2014-09-29,Sep,Mon,Weekday,1,B02682,44
2014-09-29,Sep,Mon,Weekday,1,B02764,39
2014-09-29,Sep,Mon,Weekday,2,B02512,3
2014-09-29,Sep,Mon,Weekday,2,B02598,35
2014-09-29,Sep,Mon,Weekday,2,B02617,46
2014-09-29,Sep,Mon,Weekday,2,B02682,31
2014-09-29,Sep,Mon,Weekday,2,B02764,35
2014-09-29,Sep,Mon,Weekday,3,B02512,12
2014-09-29,Sep,Mon,Weekday,3,B02598,82
2014-09-29,Sep,Mon,Weekday,3,B02617,132
2014-09-29,Sep,Mon,Weekday,3,B02682,87
2014-09-29,Sep,Mon,Weekday,3,B02764,73
2014-09-29,Sep,Mon,Weekday,4,B02512,14
2014-09-29,Sep,Mon,Weekday,4,B02598,126
2014-09-29,Sep,Mon,Weekday,4,B02617,217
2014-09-29,Sep,Mon,Weekday,4,B02682,114
2014-09-29,Sep,Mon,Weekday,4,B02764,111
2014-09-29,Sep,Mon,Weekday,5,B02512,28
2014-09-29,Sep,Mon,Weekday,5,B02598,186
2014-09-29,Sep,Mon,Weekday,5,B02617,351
2014-09-29,Sep,Mon,Weekday,5,B02682,171
2014-09-29,Sep,Mon,Weekday,5,B02764,150
2014-09-29,Sep,Mon,Weekday,6,B02512,45
2014-09-29,Sep,Mon,Weekday,6,B02598,295
2014-09-29,Sep,Mon,Weekday,6,B02617,520
2014-09-29,Sep,Mon,Weekday,6,B02682,283
2014-09-29,Sep,Mon,Weekday,6,B02764,259
2014-09-29,Sep,Mon,Weekday,7,B02512,56
2014-09-29,Sep,Mon,Weekday,7,B02598,403
2014-09-29,Sep,Mon,Weekday,7,B02617,607
2014-09-29,Sep,Mon,Weekday,7,B02682,365
2014-09-29,Sep,Mon,Weekday,7,B02764,327
2014-09-29,Sep,Mon,Weekday,8,B02512,51
2014-09-29,Sep,Mon,Weekday,8,B02598,400
2014-09-29,Sep,Mon,Weekday,8,B02617,559
2014-09-29,Sep,Mon,Weekday,8,B02682,349
2014-09-29,Sep,Mon,Weekday,8,B02764,331
2014-09-29,Sep,Mon,Weekday,9,B02512,35
2014-09-29,Sep,Mon,Weekday,9,B02598,322
2014-09-29,Sep,Mon,Weekday,9,B02617,458
2014-09-29,Sep,Mon,Weekday,9,B02682,269
2014-09-29,Sep,Mon,Weekday,9,B02764,320
2014-09-29,Sep,Mon,Weekday,10,B02512,43
2014-09-29,Sep,Mon,Weekday,10,B02598,242
2014-09-29,Sep,Mon,Weekday,10,B02617,360
2014-09-29,Sep,Mon,Weekday,10,B02682,218
2014-09-29,Sep,Mon,Weekday,10,B02764,250
2014-09-29,Sep,Mon,Weekday,11,B02512,39
2014-09-29,Sep,Mon,Weekday,11,B02598,251
2014-09-29,Sep,Mon,Weekday,11,B02617,379
2014-09-29,Sep,Mon,Weekday,11,B02682,214
2014-09-29,Sep,Mon,Weekday,11,B02764,255
2014-09-29,Sep,Mon,Weekday,12,B02512,41
2014-09-29,Sep,Mon,Weekday,12,B02598,227
2014-09-29,Sep,Mon,Weekday,12,B02617,386
2014-09-29,Sep,Mon,Weekday,12,B02682,172
2014-09-29,Sep,Mon,Weekday,12,B02764,270
2014-09-29,Sep,Mon,Weekday,13,B02512,57
2014-09-29,Sep,Mon,Weekday,13,B02598,296
2014-09-29,Sep,Mon,Weekday,13,B02617,434
2014-09-29,Sep,Mon,Weekday,13,B02682,215
2014-09-29,Sep,Mon,Weekday,13,B02764,295
2014-09-29,Sep,Mon,Weekday,14,B02512,48
2014-09-29,Sep,Mon,Weekday,14,B02598,307
2014-09-29,Sep,Mon,Weekday,14,B02617,510
2014-09-29,Sep,Mon,Weekday,14,B02682,264
2014-09-29,Sep,Mon,Weekday,14,B02764,340
2014-09-29,Sep,Mon,Weekday,15,B02512,55
2014-09-29,Sep,Mon,Weekday,15,B02598,346
2014-09-29,Sep,Mon,Weekday,15,B02617,595
2014-09-29,Sep,Mon,Weekday,15,B02682,288
2014-09-29,Sep,Mon,Weekday,15,B02764,413
2014-09-29,Sep,Mon,Weekday,16,B02512,68
2014-09-29,Sep,Mon,Weekday,16,B02598,414
2014-09-29,Sep,Mon,Weekday,16,B02617,646
2014-09-29,Sep,Mon,Weekday,16,B02682,333
2014-09-29,Sep,Mon,Weekday,16,B02764,422
2014-09-29,Sep,Mon,Weekday,17,B02512,58
2014-09-29,Sep,Mon,Weekday,17,B02598,450
2014-09-29,Sep,Mon,Weekday,17,B02617,683
2014-09-29,Sep,Mon,Weekday,17,B02682,316
2014-09-29,Sep,Mon,Weekday,17,B02764,448
2014-09-29,Sep,Mon,Weekday,18,B02512,58
2014-09-29,Sep,Mon,Weekday,18,B02598,438
2014-09-29,Sep,Mon,Weekday,18,B02617,696
2014-09-29,Sep,Mon,Weekday,18,B02682,374
2014-09-29,Sep,Mon,Weekday,18,B02764,487
2014-09-29,Sep,Mon,Weekday,19,B02512,50
2014-09-29,Sep,Mon,Weekday,19,B02598,406
2014-09-29,Sep,Mon,Weekday,19,B02617,636
2014-09-29,Sep,Mon,Weekday,19,B02682,314
2014-09-29,Sep,Mon,Weekday,19,B02764,386
2014-09-29,Sep,Mon,Weekday,20,B02512,47
2014-09-29,Sep,Mon,Weekday,20,B02598,372
2014-09-29,Sep,Mon,Weekday,20,B02617,588
2014-09-29,Sep,Mon,Weekday,20,B02682,307
2014-09-29,Sep,Mon,Weekday,20,B02764,413
2014-09-29,Sep,Mon,Weekday,21,B02512,47
2014-09-29,Sep,Mon,Weekday,21,B02598,334
2014-09-29,Sep,Mon,Weekday,21,B02617,531
2014-09-29,Sep,Mon,Weekday,21,B02682,263
2014-09-29,Sep,Mon,Weekday,21,B02764,334
2014-09-29,Sep,Mon,Weekday,22,B02512,29
2014-09-29,Sep,Mon,Weekday,22,B02598,221
2014-09-29,Sep,Mon,Weekday,22,B02617,422
2014-09-29,Sep,Mon,Weekday,22,B02682,183
2014-09-29,Sep,Mon,Weekday,22,B02764,248
2014-09-29,Sep,Mon,Weekday,23,B02512,15
2014-09-29,Sep,Mon,Weekday,23,B02598,138
2014-09-29,Sep,Mon,Weekday,23,B02617,216
2014-09-29,Sep,Mon,Weekday,23,B02682,105
2014-09-29,Sep,Mon,Weekday,23,B02764,135
2014-09-30,Sep,Tue,Weekday,0,B02512,3
2014-09-30,Sep,Tue,Weekday,0,B02598,63
2014-09-30,Sep,Tue,Weekday,0,B02617,103
2014-09-30,Sep,Tue,Weekday,0,B02682,47
2014-09-30,Sep,Tue,Weekday,0,B02764,74
2014-09-30,Sep,Tue,Weekday,1,B02512,2
2014-09-30,Sep,Tue,Weekday,1,B02598,46
2014-09-30,Sep,Tue,Weekday,1,B02617,48
2014-09-30,Sep,Tue,Weekday,1,B02682,27
2014-09-30,Sep,Tue,Weekday,1,B02764,42
2014-09-30,Sep,Tue,Weekday,2,B02512,4
2014-09-30,Sep,Tue,Weekday,2,B02598,28
2014-09-30,Sep,Tue,Weekday,2,B02617,45
2014-09-30,Sep,Tue,Weekday,2,B02682,24
2014-09-30,Sep,Tue,Weekday,2,B02764,28
2014-09-30,Sep,Tue,Weekday,3,B02512,4
2014-09-30,Sep,Tue,Weekday,3,B02598,56
2014-09-30,Sep,Tue,Weekday,3,B02617,68
2014-09-30,Sep,Tue,Weekday,3,B02682,53
2014-09-30,Sep,Tue,Weekday,3,B02764,54
2014-09-30,Sep,Tue,Weekday,4,B02512,7
2014-09-30,Sep,Tue,Weekday,4,B02598,102
2014-09-30,Sep,Tue,Weekday,4,B02617,121
2014-09-30,Sep,Tue,Weekday,4,B02682,83
2014-09-30,Sep,Tue,Weekday,4,B02764,102
2014-09-30,Sep,Tue,Weekday,5,B02512,17
2014-09-30,Sep,Tue,Weekday,5,B02598,180
2014-09-30,Sep,Tue,Weekday,5,B02617,316
2014-09-30,Sep,Tue,Weekday,5,B02682,176
2014-09-30,Sep,Tue,Weekday,5,B02764,178
2014-09-30,Sep,Tue,Weekday,6,B02512,44
2014-09-30,Sep,Tue,Weekday,6,B02598,353
2014-09-30,Sep,Tue,Weekday,6,B02617,562
2014-09-30,Sep,Tue,Weekday,6,B02682,292
2014-09-30,Sep,Tue,Weekday,6,B02764,331
2014-09-30,Sep,Tue,Weekday,7,B02512,79
2014-09-30,Sep,Tue,Weekday,7,B02598,446
2014-09-30,Sep,Tue,Weekday,7,B02617,710
2014-09-30,Sep,Tue,Weekday,7,B02682,380
2014-09-30,Sep,Tue,Weekday,7,B02764,415
2014-09-30,Sep,Tue,Weekday,8,B02512,44
2014-09-30,Sep,Tue,Weekday,8,B02598,380
2014-09-30,Sep,Tue,Weekday,8,B02617,649
2014-09-30,Sep,Tue,Weekday,8,B02682,387
2014-09-30,Sep,Tue,Weekday,8,B02764,406
2014-09-30,Sep,Tue,Weekday,9,B02512,31
2014-09-30,Sep,Tue,Weekday,9,B02598,275
2014-09-30,Sep,Tue,Weekday,9,B02617,425
2014-09-30,Sep,Tue,Weekday,9,B02682,267
2014-09-30,Sep,Tue,Weekday,9,B02764,276
2014-09-30,Sep,Tue,Weekday,10,B02512,36
2014-09-30,Sep,Tue,Weekday,10,B02598,260
2014-09-30,Sep,Tue,Weekday,10,B02617,390
2014-09-30,Sep,Tue,Weekday,10,B02682,222
2014-09-30,Sep,Tue,Weekday,10,B02764,275
2014-09-30,Sep,Tue,Weekday,11,B02512,44
2014-09-30,Sep,Tue,Weekday,11,B02598,258
2014-09-30,Sep,Tue,Weekday,11,B02617,402
2014-09-30,Sep,Tue,Weekday,11,B02682,217
2014-09-30,Sep,Tue,Weekday,11,B02764,293
2014-09-30,Sep,Tue,Weekday,12,B02512,41
2014-09-30,Sep,Tue,Weekday,12,B02598,272
2014-09-30,Sep,Tue,Weekday,12,B02617,395
2014-09-30,Sep,Tue,Weekday,12,B02682,199
2014-09-30,Sep,Tue,Weekday,12,B02764,269
2014-09-30,Sep,Tue,Weekday,13,B02512,48
2014-09-30,Sep,Tue,Weekday,13,B02598,354
2014-09-30,Sep,Tue,Weekday,13,B02617,522
2014-09-30,Sep,Tue,Weekday,13,B02682,263
2014-09-30,Sep,Tue,Weekday,13,B02764,351
2014-09-30,Sep,Tue,Weekday,14,B02512,56
2014-09-30,Sep,Tue,Weekday,14,B02598,420
2014-09-30,Sep,Tue,Weekday,14,B02617,561
2014-09-30,Sep,Tue,Weekday,14,B02682,265
2014-09-30,Sep,Tue,Weekday,14,B02764,402
2014-09-30,Sep,Tue,Weekday,15,B02512,70
2014-09-30,Sep,Tue,Weekday,15,B02598,474
2014-09-30,Sep,Tue,Weekday,15,B02617,686
2014-09-30,Sep,Tue,Weekday,15,B02682,377
2014-09-30,Sep,Tue,Weekday,15,B02764,521
2014-09-30,Sep,Tue,Weekday,16,B02512,79
2014-09-30,Sep,Tue,Weekday,16,B02598,529
2014-09-30,Sep,Tue,Weekday,16,B02617,794
2014-09-30,Sep,Tue,Weekday,16,B02682,427
2014-09-30,Sep,Tue,Weekday,16,B02764,541
2014-09-30,Sep,Tue,Weekday,17,B02512,87
2014-09-30,Sep,Tue,Weekday,17,B02598,611
2014-09-30,Sep,Tue,Weekday,17,B02617,907
2014-09-30,Sep,Tue,Weekday,17,B02682,472
2014-09-30,Sep,Tue,Weekday,17,B02764,605
2014-09-30,Sep,Tue,Weekday,18,B02512,71
2014-09-30,Sep,Tue,Weekday,18,B02598,590
2014-09-30,Sep,Tue,Weekday,18,B02617,904
2014-09-30,Sep,Tue,Weekday,18,B02682,465
2014-09-30,Sep,Tue,Weekday,18,B02764,595
2014-09-30,Sep,Tue,Weekday,19,B02512,61
2014-09-30,Sep,Tue,Weekday,19,B02598,554
2014-09-30,Sep,Tue,Weekday,19,B02617,814
2014-09-30,Sep,Tue,Weekday,19,B02682,413
2014-09-30,Sep,Tue,Weekday,19,B02764,562
2014-09-30,Sep,Tue,Weekday,20,B02512,57
2014-09-30,Sep,Tue,Weekday,20,B02598,510
2014-09-30,Sep,Tue,Weekday,20,B02617,754
2014-09-30,Sep,Tue,Weekday,20,B02682,415
2014-09-30,Sep,Tue,Weekday,20,B02764,510
2014-09-30,Sep,Tue,Weekday,21,B02512,51
2014-09-30,Sep,Tue,Weekday,21,B02598,477
2014-09-30,Sep,Tue,Weekday,21,B02617,655
2014-09-30,Sep,Tue,Weekday,21,B02682,335
2014-09-30,Sep,Tue,Weekday,21,B02764,443
2014-09-30,Sep,Tue,Weekday,22,B02512,32
2014-09-30,Sep,Tue,Weekday,22,B02598,308
2014-09-30,Sep,Tue,Weekday,22,B02617,461
2014-09-30,Sep,Tue,Weekday,22,B02682,251
2014-09-30,Sep,Tue,Weekday,22,B02764,295
