Lat,Lon,Total_Trips,Cluster_ID,Neighborhood_Trips,Is_Core,X_Km,Y_Km,Cluster_Total_Trips,Cluster_Share,Center_Lat,Center_Lon
40.58,-74.13,4,0,5,FALSE,-12.635624883104207,-18.903163639700782,133098,2.9825040234158093,40.73026732182302,-73.90160761243595
40.58,-74.11,4,0,31,FALSE,-10.950874898690552,-18.903163639700782,133098,2.9825040234158093,40.73026732182302,-73.90160761243595
40.58,-74.1,1,0,58,FALSE,-10.108499906483125,-18.903163639700782,133098,2.9825040234158093,40.73026732182302,-73.90160761243595
40.58,-74.09,9,0,55,FALSE,-9.266124914276897,-18.903163639700782,133098,2.9825040234158093,40.73026732182302,-73.90160761243595
40.58,-74.08,1,0,71,FALSE,-8.42374992206947,-18.903163639700782,133098,2.9825040234158093,40.73026732182302,-73.90160761243595
40.58,-74.01,9,0,93,FALSE,-2.5271249766210806,-18.903163639700782,133098,2.9825040234158093,40.73026732182302,-73.90160761243595
40.58,-74,27,0,364,FALSE,-1.6847499844136549,-18.903163639700782,133098,2.9825040234158093,40.73026732182302,-73.90160761243595
40.58,-73.99,82,0,720,FALSE,-0.8423749922062288,-18.903163639700782,133098,2.9825040234158093,40.73026732182302,-73.90160761243595
40.58,-73.98,174,0,1206,FALSE,0,-18.903163639700782,133098,2.9825040234158093,40.73026732182302,-73.90160761243595
40.58,-73.97,257,0,1570,FALSE,0.842374992207426,-18.903163639700782,133098,2.9825040234158093,40.73026732182302,-73.90160761243595
40.58,-73.96,321,0,1889,FALSE,1.684749984414852,-18.903163639700782,133098,2.9825040234158093,40.73026732182302,-73.90160761243595
40.58,-73.95,304,0,1832,FALSE,2.5271249766210806,-18.903163639700782,133098,2.9825040234158093,40.73026732182302,-73.90160761243595
40.58,-73.94,301,0,1455,FALSE,3.369499968828506,-18.903163639700782,133098,2.9825040234158093,40.73026732182302,-73.90160761243595
40.58,-73.93,99,0,787,FALSE,4.211874961034735,-18.903163639700782,133098,2.9825040234158093,40.73026732182302,-73.90160761243595
40.58,-73.92,4,0,278,FALSE,5.054249953242161,-18.903163639700782,133098,2.9825040234158093,40.73026732182302,-73.90160761243595
40.58,-73.9,1,0,189,FALSE,6.738999937655816,-18.903163639700782,133098,2.9825040234158093,40.73026732182302,-73.90160761243595
40.58,-73.89,6,0,190,FALSE,7.581374929863243,-18.903163639700782,133098,2.9825040234158093,40.73026732182302,-73.90160761243595
40.58,-73.88,2,0,17,FALSE,8.42374992207067,-18.903163639700782,133098,2.9825040234158093,40.73026732182302,-73.90160761243595
40.58,-73.86,2,0,13,FALSE,10.108499906484322,-18.903163639700782,133098,2.9825040234158093,40.73026732182302,-73.90160761243595
40.58,-73.85,11,0,40,FALSE,10.950874898691747,-18.903163639700782,133098,2.9825040234158093,40.73026732182302,-73.90160761243595
40.58,-73.84,27,0,58,FALSE,11.793249890897977,-18.903163639700782,133098,2.9825040234158093,40.73026732182302,-73.90160761243595
40.58,-73.83,20,0,154,FALSE,12.635624883105404,-18.903163639700782,133098,2.9825040234158093,40.73026732182302,-73.90160761243595
40.58,-73.82,62,0,196,FALSE,13.477999875312829,-18.903163639700782,133098,2.9825040234158093,40.73026732182302,-73.90160761243595
40.58,-73.81,7,0,216,FALSE,14.320374867519059,-18.903163639700782,133098,2.9825040234158093,40.73026732182302,-73.90160761243595
40.58,-73.71,1,0,93,FALSE,22.744124789589726,-18.903163639700782,133098,2.9825040234158093,40.73026732182302,-73.90160761243595
40.58,-73.7,2,0,57,FALSE,23.586499781795954,-18.903163639700782,133098,2.9825040234158093,40.73026732182302,-73.90160761243595
40.59,-74.13,1,0,22,FALSE,-12.635624883104207,-17.791212837364885,133098,2.9825040234158093,40.73026732182302,-73.90160761243595
40.59,-74.11,12,0,61,FALSE,-10.950874898690552,-17.791212837364885,133098,2.9825040234158093,40.73026732182302,-73.90160761243595
40.59,-74.1,14,0,113,FALSE,-10.108499906483125,-17.791212837364885,133098,2.9825040234158093,40.73026732182302,-73.90160761243595
40.59,-74.09,18,0,115,FALSE,-9.266124914276897,-17.791212837364885,133098,2.9825040234158093,40.73026732182302,-73.90160761243595
40.59,-74.08,12,0,151,FALSE,-8.42374992206947,-17.791212837364885,133098,2.9825040234158093,40.73026732182302,-73.90160761243595
40.59,-74.07,31,0,109,FALSE,-7.581374929862044,-17.791212837364885,133098,2.9825040234158093,40.73026732182302,-73.90160761243595
40.59,-74.06,3,0,78,FALSE,-6.738999937655816,-17.791212837364885,133098,2.9825040234158093,40.73026732182302,-73.90160761243595
40.59,-74,57,0,1285,FALSE,-1.6847499844136549,-17.791212837364885,133098,2.9825040234158093,40.73026732182302,-73.90160761243595
40.59,-73.99,189,0,1716,FALSE,-0.8423749922062288,-17.791212837364885,133098,2.9825040234158093,40.73026732182302,-73.90160761243595
40.59,-73.98,191,0,3101,FALSE,0,-17.791212837364885,133098,2.9825040234158093,40.73026732182302,-73.90160761243595
40.59,-73.97,313,0,3379,FALSE,0.842374992207426,-17.791212837364885,133098,2.9825040234158093,40.73026732182302,-73.90160761243595
40.59,-73.96,314,0,3785,FALSE,1.684749984414852,-17.791212837364885,133098,2.9825040234158093,40.73026732182302,-73.90160761243595
40.59,-73.95,380,0,2798,FALSE,2.5271249766210806,-17.791212837364885,133098,2.9825040234158093,40.73026732182302,-73.90160761243595
40.59,-73.94,212,0,2097,FALSE,3.369499968828506,-17.791212837364885,133098,2.9825040234158093,40.73026732182302,-73.90160761243595
40.59,-73.93,159,0,1130,FALSE,4.211874961034735,-17.791212837364885,133098,2.9825040234158093,40.73026732182302,-73.90160761243595
40.59,-73.92,12,0,432,FALSE,5.054249953242161,-17.791212837364885,133098,2.9825040234158093,40.73026732182302,-73.90160761243595
40.59,-73.91,4,0,294,FALSE,5.896624945449588,-17.791212837364885,133098,2.9825040234158093,40.73026732182302,-73.90160761243595
40.59,-73.9,172,0,277,FALSE,6.738999937655816,-17.791212837364885,133098,2.9825040234158093,40.73026732182302,-73.90160761243595
40.59,-73.89,6,0,191,FALSE,7.581374929863243,-17.791212837364885,133098,2.9825040234158093,40.73026732182302,-73.90160761243595
40.59,-73.88,3,0,17,FALSE,8.42374992207067,-17.791212837364885,133098,2.9825040234158093,40.73026732182302,-73.90160761243595
40.59,-73.82,45,0,203,FALSE,13.477999875312829,-17.791212837364885,133098,2.9825040234158093,40.73026732182302,-73.90160761243595
40.59,-73.81,62,0,227,FALSE,14.320374867519059,-17.791212837364885,133098,2.9825040234158093,40.73026732182302,-73.90160761243595
40.59,-73.8,40,0,135,FALSE,15.162749859726485,-17.791212837364885,133098,2.9825040234158093,40.73026732182302,-73.90160761243595
40.59,-73.79,19,0,77,FALSE,16.00512485193271,-17.791212837364885,133098,2.9825040234158093,40.73026732182302,-73.90160761243595
40.59,-73.78,6,0,46,FALSE,16.84749984414014,-17.791212837364885,133098,2.9825040234158093,40.73026732182302,-73.90160761243595
40.59,-73.77,1,0,69,FALSE,17.689874836347567,-17.791212837364885,133098,2.9825040234158093,40.73026732182302,-73.90160761243595
40.59,-73.76,8,0,114,FALSE,18.532249828553795,-17.791212837364885,133098,2.9825040234158093,40.73026732182302,-73.90160761243595
40.59,-73.75,7,0,174,FALSE,19.374624820761223,-17.791212837364885,133098,2.9825040234158093,40.73026732182302,-73.90160761243595
40.59,-73.74,27,0,175,FALSE,20.216999812968645,-17.791212837364885,133098,2.9825040234158093,40.73026732182302,-73.90160761243595
40.59,-73.73,44,0,166,FALSE,21.059374805174876,-17.791212837364885,133098,2.9825040234158093,40.73026732182302,-73.90160761243595
40.59,-73.72,36,0,138,FALSE,21.9017497973823,-17.791212837364885,133098,2.9825040234158093,40.73026732182302,-73.90160761243595
40.59,-73.71,44,0,104,FALSE,22.744124789589726,-17.791212837364885,133098,2.9825040234158093,40.73026732182302,-73.90160761243595
40.59,-73.7,10,0,57,FALSE,23.586499781795954,-17.791212837364885,133098,2.9825040234158093,40.73026732182302,-73.90160761243595
40.6,-74.15,1,0,11,FALSE,-14.320374867519059,-16.679262035029776,133098,2.9825040234158093,40.73026732182302,-73.90160761243595
40.6,-74.14,2,0,32,FALSE,-13.477999875311632,-16.679262035029776,133098,2.9825040234158093,40.73026732182302,-73.90160761243595
40.6,-74.13,9,0,59,FALSE,-12.635624883104207,-16.679262035029776,133098,2.9825040234158093,40.73026732182302,-73.90160761243595
40.6,-74.12,6,0,85,FALSE,-11.793249890897977,-16.679262035029776,133098,2.9825040234158093,40.73026732182302,-73.90160761243595
40.6,-74.11,14,0,102,FALSE,-10.950874898690552,-16.679262035029776,133098,2.9825040234158093,40.73026732182302,-73.90160761243595
40.6,-74.1,10,0,134,FALSE,-10.108499906483125,-16.679262035029776,133098,2.9825040234158093,40.73026732182302,-73.90160761243595
40.6,-74.09,31,0,158,FALSE,-9.266124914276897,-16.679262035029776,133098,2.9825040234158093,40.73026732182302,-73.90160761243595
40.6,-74.08,19,0,201,FALSE,-8.42374992206947,-16.679262035029776,133098,2.9825040234158093,40.73026732182302,-73.90160761243595
40.6,-74.07,30,0,249,FALSE,-7.581374929862044,-16.679262035029776,133098,2.9825040234158093,40.73026732182302,-73.90160761243595
40.6,-74.06,13,0,196,FALSE,-6.738999937655816,-16.679262035029776,133098,2.9825040234158093,40.73026732182302,-73.90160761243595
40.6,-74.05,1,0,234,FALSE,-5.896624945448391,-16.679262035029776,133098,2.9825040234158093,40.73026732182302,-73.90160761243595
40.6,-74.03,1,0,767,FALSE,-4.211874961034735,-16.679262035029776,133098,2.9825040234158093,40.73026732182302,-73.90160761243595
40.6,-74.02,20,0,1115,FALSE,-3.3694999688273097,-16.679262035029776,133098,2.9825040234158093,40.73026732182302,-73.90160761243595
40.6,-74.01,150,0,1489,FALSE,-2.5271249766210806,-16.679262035029776,133098,2.9825040234158093,40.73026732182302,-73.90160761243595
40.6,-74,307,0,2090,FALSE,-1.6847499844136549,-16.679262035029776,133098,2.9825040234158093,40.73026732182302,-73.90160761243595
40.6,-73.99,464,0,2455,FALSE,-0.8423749922062288,-16.679262035029776,133098,2.9825040234158093,40.73026732182302,-73.90160761243595
40.6,-73.98,225,0,3888,FALSE,0,-16.679262035029776,133098,2.9825040234158093,40.73026732182302,-73.90160761243595
40.6,-73.97,1206,0,4458,FALSE,0.842374992207426,-16.679262035029776,133098,2.9825040234158093,40.73026732182302,-73.90160761243595
40.6,-73.96,378,0,4776,FALSE,1.684749984414852,-16.679262035029776,133098,2.9825040234158093,40.73026732182302,-73.90160761243595
40.6,-73.95,312,0,3340,FALSE,2.5271249766210806,-16.679262035029776,133098,2.9825040234158093,40.73026732182302,-73.90160761243595
40.6,-73.94,276,0,2257,FALSE,3.369499968828506,-16.679262035029776,133098,2.9825040234158093,40.73026732182302,-73.90160761243595
40.6,-73.93,54,0,1421,FALSE,4.211874961034735,-16.679262035029776,133098,2.9825040234158093,40.73026732182302,-73.90160761243595
40.6,-73.92,13,0,905,FALSE,5.054249953242161,-16.679262035029776,133098,2.9825040234158093,40.73026732182302,-73.90160761243595
40.6,-73.91,87,0,743,FALSE,5.896624945449588,-16.679262035029776,133098,2.9825040234158093,40.73026732182302,-73.90160761243595
40.6,-73.9,1,0,435,FALSE,6.738999937655816,-16.679262035029776,133098,2.9825040234158093,40.73026732182302,-73.90160761243595
40.6,-73.82,7,0,122,FALSE,13.477999875312829,-16.679262035029776,133098,2.9825040234158093,40.73026732182302,-73.90160761243595
40.6,-73.8,4,0,128,FALSE,15.162749859726485,-16.679262035029776,133098,2.9825040234158093,40.73026732182302,-73.90160761243595
40.6,-73.79,3,0,77,FALSE,16.00512485193271,-16.679262035029776,133098,2.9825040234158093,40.73026732182302,-73.90160761243595
40.6,-73.78,5,0,46,FALSE,16.84749984414014,-16.679262035029776,133098,2.9825040234158093,40.73026732182302,-73.90160761243595
40.6,-73.77,12,0,84,FALSE,17.689874836347567,-16.679262035029776,133098,2.9825040234158093,40.73026732182302,-73.90160761243595
40.6,-73.76,37,0,162,FALSE,18.532249828553795,-16.679262035029776,133098,2.9825040234158093,40.73026732182302,-73.90160761243595
40.6,-73.75,49,0,295,FALSE,19.374624820761223,-16.679262035029776,133098,2.9825040234158093,40.73026732182302,-73.90160761243595
40.6,-73.74,46,0,361,FALSE,20.216999812968645,-16.679262035029776,133098,2.9825040234158093,40.73026732182302,-73.90160761243595
40.6,-73.73,2,0,344,FALSE,21.059374805174876,-16.679262035029776,133098,2.9825040234158093,40.73026732182302,-73.90160761243595
40.6,-73.72,11,0,281,FALSE,21.9017497973823,-16.679262035029776,133098,2.9825040234158093,40.73026732182302,-73.90160761243595
40.61,-74.15,5,0,22,FALSE,-14.320374867519059,-15.567311232694669,133098,2.9825040234158093,40.73026732182302,-73.90160761243595
40.61,-74.14,3,0,46,FALSE,-13.477999875311632,-15.567311232694669,133098,2.9825040234158093,40.73026732182302,-73.90160761243595
40.61,-74.13,11,0,82,FALSE,-12.635624883104207,-15.567311232694669,133098,2.9825040234158093,40.73026732182302,-73.90160761243595
40.61,-74.12,27,0,104,FALSE,-11.793249890897977,-15.567311232694669,133098,2.9825040234158093,40.73026732182302,-73.90160761243595
40.61,-74.11,5,0,132,FALSE,-10.950874898690552,-15.567311232694669,133098,2.9825040234158093,40.73026732182302,-73.90160761243595
40.61,-74.1,14,0,157,FALSE,-10.108499906483125,-15.567311232694669,133098,2.9825040234158093,40.73026732182302,-73.90160761243595
40.61,-74.09,16,0,195,FALSE,-9.266124914276897,-15.567311232694669,133098,2.9825040234158093,40.73026732182302,-73.90160761243595
40.61,-74.08,24,0,210,FALSE,-8.42374992206947,-15.567311232694669,133098,2.9825040234158093,40.73026732182302,-73.90160761243595
40.61,-74.07,20,0,257,FALSE,-7.581374929862044,-15.567311232694669,133098,2.9825040234158093,40.73026732182302,-73.90160761243595
40.61,-74.06,97,0,185,FALSE,-6.738999937655816,-15.567311232694669,133098,2.9825040234158093,40.73026732182302,-73.90160761243595
40.61,-74.05,1,0,701,FALSE,-5.896624945448391,-15.567311232694669,133098,2.9825040234158093,40.73026732182302,-73.90160761243595
40.61,-74.04,119,0,2775,FALSE,-5.054249953242161,-15.567311232694669,133098,2.9825040234158093,40.73026732182302,-73.90160761243595
40.61,-74.03,366,0,4077,FALSE,-4.211874961034735,-15.567311232694669,133098,2.9825040234158093,40.73026732182302,-73.90160761243595
40.61,-74.02,261,0,4307,FALSE,-3.3694999688273097,-15.567311232694669,133098,2.9825040234158093,40.73026732182302,-73.90160761243595
40.61,-74.01,317,0,3156,FALSE,-2.5271249766210806,-15.567311232694669,133098,2.9825040234158093,40.73026732182302,-73.90160761243595
40.61,-74,377,0,2801,FALSE,-1.6847499844136549,-15.567311232694669,133098,2.9825040234158093,40.73026732182302,-73.90160761243595
40.61,-73.99,229,0,2797,FALSE,-0.8423749922062288,-15.567311232694669,133098,2.9825040234158093,40.73026732182302,-73.90160761243595
40.61,-73.98,416,0,4218,FALSE,0,-15.567311232694669,133098,2.9825040234158093,40.73026732182302,-73.90160761243595
40.61,-73.97,655,0,4941,FALSE,0.842374992207426,-15.567311232694669,133098,2.9825040234158093,40.73026732182302,-73.90160761243595
40.61,-73.96,760,0,5303,FALSE,1.684749984414852,-15.567311232694669,133098,2.9825040234158093,40.73026732182302,-73.90160761243595
40.61,-73.95,458,0,3700,FALSE,2.5271249766210806,-15.567311232694669,133098,2.9825040234158093,40.73026732182302,-73.90160761243595
40.61,-73.94,250,0,2555,FALSE,3.369499968828506,-15.567311232694669,133098,2.9825040234158093,40.73026732182302,-73.90160761243595
40.61,-73.93,156,0,2040,FALSE,4.211874961034735,-15.567311232694669,133098,2.9825040234158093,40.73026732182302,-73.90160761243595
40.61,-73.92,289,0,1561,FALSE,5.054249953242161,-15.567311232694669,133098,2.9825040234158093,40.73026732182302,-73.90160761243595
40.61,-73.91,131,0,1097,FALSE,5.896624945449588,-15.567311232694669,133098,2.9825040234158093,40.73026732182302,-73.90160761243595
40.61,-73.9,34,0,441,FALSE,6.738999937655816,-15.567311232694669,133098,2.9825040234158093,40.73026732182302,-73.90160761243595
40.61,-73.82,8,0,18,FALSE,13.477999875312829,-15.567311232694669,133098,2.9825040234158093,40.73026732182302,-73.90160761243595
40.61,-73.76,15,0,173,FALSE,18.532249828553795,-15.567311232694669,133098,2.9825040234158093,40.73026732182302,-73.90160761243595
40.61,-73.75,33,0,298,FALSE,19.374624820761223,-15.567311232694669,133098,2.9825040234158093,40.73026732182302,-73.90160761243595
40.61,-73.74,73,0,409,FALSE,20.216999812968645,-15.567311232694669,133098,2.9825040234158093,40.73026732182302,-73.90160761243595
40.61,-73.73,80,0,385,FALSE,21.059374805174876,-15.567311232694669,133098,2.9825040234158093,40.73026732182302,-73.90160761243595
40.61,-73.72,25,0,307,FALSE,21.9017497973823,-15.567311232694669,133098,2.9825040234158093,40.73026732182302,-73.90160761243595
40.61,-73.71,39,0,136,FALSE,22.744124789589726,-15.567311232694669,133098,2.9825040234158093,40.73026732182302,-73.90160761243595
40.62,-74.15,2,0,26,FALSE,-14.320374867519059,-14.455360430359562,133098,2.9825040234158093,40.73026732182302,-73.90160761243595
40.62,-74.14,9,0,43,FALSE,-13.477999875311632,-14.455360430359562,133098,2.9825040234158093,40.73026732182302,-73.90160761243595
40.62,-74.13,4,0,73,FALSE,-12.635624883104207,-14.455360430359562,133098,2.9825040234158093,40.73026732182302,-73.90160761243595
40.62,-74.12,11,0,104,FALSE,-11.793249890897977,-14.455360430359562,133098,2.9825040234158093,40.73026732182302,-73.90160761243595
40.62,-74.11,17,0,145,FALSE,-10.950874898690552,-14.455360430359562,133098,2.9825040234158093,40.73026732182302,-73.90160761243595
40.62,-74.1,28,0,162,FALSE,-10.108499906483125,-14.455360430359562,133098,2.9825040234158093,40.73026732182302,-73.90160761243595
40.62,-74.09,22,0,184,FALSE,-9.266124914276897,-14.455360430359562,133098,2.9825040234158093,40.73026732182302,-73.90160761243595
40.62,-74.08,31,0,167,FALSE,-8.42374992206947,-14.455360430359562,133098,2.9825040234158093,40.73026732182302,-73.90160761243595
40.62,-74.07,17,0,214,FALSE,-7.581374929862044,-14.455360430359562,133098,2.9825040234158093,40.73026732182302,-73.90160761243595
40.62,-74.06,6,0,145,FALSE,-6.738999937655816,-14.455360430359562,133098,2.9825040234158093,40.73026732182302,-73.90160761243595
40.62,-74.04,464,0,4237,FALSE,-5.054249953242161,-14.455360430359562,133098,2.9825040234158093,40.73026732182302,-73.90160761243595
40.62,-74.03,1823,0,6459,FALSE,-4.211874961034735,-14.455360430359562,133098,2.9825040234158093,40.73026732182302,-73.90160761243595
40.62,-74.02,1023,0,6897,FALSE,-3.3694999688273097,-14.455360430359562,133098,2.9825040234158093,40.73026732182302,-73.90160761243595
40.62,-74.01,346,0,4446,FALSE,-2.5271249766210806,-14.455360430359562,133098,2.9825040234158093,40.73026732182302,-73.90160761243595
40.62,-74,355,0,2893,FALSE,-1.6847499844136549,-14.455360430359562,133098,2.9825040234158093,40.73026732182302,-73.90160761243595
40.62,-73.99,256,0,2612,FALSE,-0.8423749922062288,-14.455360430359562,133098,2.9825040234158093,40.73026732182302,-73.90160761243595
40.62,-73.98,168,0,3895,FALSE,0,-14.455360430359562,133098,2.9825040234158093,40.73026732182302,-73.90160761243595
40.62,-73.97,599,0,5661,FALSE,0.842374992207426,-14.455360430359562,133098,2.9825040234158093,40.73026732182302,-73.90160761243595
40.62,-73.96,534,0,6665,FALSE,1.684749984414852,-14.455360430359562,133098,2.9825040234158093,40.73026732182302,-73.90160761243595
40.62,-73.95,401,0,5455,FALSE,2.5271249766210806,-14.455360430359562,133098,2.9825040234158093,40.73026732182302,-73.90160761243595
40.62,-73.94,331,0,3820,FALSE,3.369499968828506,-14.455360430359562,133098,2.9825040234158093,40.73026732182302,-73.90160761243595
40.62,-73.93,317,0,2888,FALSE,4.211874961034735,-14.455360430359562,133098,2.9825040234158093,40.73026732182302,-73.90160761243595
40.62,-73.92,354,0,2239,FALSE,5.054249953242161,-14.455360430359562,133098,2.9825040234158093,40.73026732182302,-73.90160761243595
40.62,-73.91,160,0,1690,FALSE,5.896624945449588,-14.455360430359562,133098,2.9825040234158093,40.73026732182302,-73.90160761243595
40.62,-73.9,28,0,859,FALSE,6.738999937655816,-14.455360430359562,133098,2.9825040234158093,40.73026732182302,-73.90160761243595
40.62,-73.82,3,0,11,FALSE,13.477999875312829,-14.455360430359562,133098,2.9825040234158093,40.73026732182302,-73.90160761243595
40.62,-73.8,1,0,1,FALSE,15.162749859726485,-14.455360430359562,133098,2.9825040234158093,40.73026732182302,-73.90160761243595
40.62,-73.76,10,0,78,FALSE,18.532249828553795,-14.455360430359562,133098,2.9825040234158093,40.73026732182302,-73.90160761243595
40.62,-73.75,17,0,201,FALSE,19.374624820761223,-14.455360430359562,133098,2.9825040234158093,40.73026732182302,-73.90160761243595
40.62,-73.74,18,0,395,FALSE,20.216999812968645,-14.455360430359562,133098,2.9825040234158093,40.73026732182302,-73.90160761243595
40.62,-73.73,91,0,448,FALSE,21.059374805174876,-14.455360430359562,133098,2.9825040234158093,40.73026732182302,-73.90160761243595
40.62,-73.72,39,0,424,FALSE,21.9017497973823,-14.455360430359562,133098,2.9825040234158093,40.73026732182302,-73.90160761243595
40.62,-73.71,20,0,214,FALSE,22.744124789589726,-14.455360430359562,133098,2.9825040234158093,40.73026732182302,-73.90160761243595
40.62,-73.7,2,0,108,FALSE,23.586499781795954,-14.455360430359562,133098,2.9825040234158093,40.73026732182302,-73.90160761243595
40.63,-74.15,2,0,23,FALSE,-14.320374867519059,-13.343409628023664,133098,2.9825040234158093,40.73026732182302,-73.90160761243595
40.63,-74.14,5,0,31,FALSE,-13.477999875311632,-13.343409628023664,133098,2.9825040234158093,40.73026732182302,-73.90160761243595
40.63,-74.13,2,0,40,FALSE,-12.635624883104207,-13.343409628023664,133098,2.9825040234158093,40.73026732182302,-73.90160761243595
40.63,-74.12,1,0,72,FALSE,-11.793249890897977,-13.343409628023664,133098,2.9825040234158093,40.73026732182302,-73.90160761243595
40.63,-74.11,26,0,114,FALSE,-10.950874898690552,-13.343409628023664,133098,2.9825040234158093,40.73026732182302,-73.90160761243595
40.63,-74.1,16,0,143,FALSE,-10.108499906483125,-13.343409628023664,133098,2.9825040234158093,40.73026732182302,-73.90160761243595
40.63,-74.09,18,0,201,FALSE,-9.266124914276897,-13.343409628023664,133098,2.9825040234158093,40.73026732182302,-73.90160761243595
40.63,-74.08,15,0,183,FALSE,-8.42374992206947,-13.343409628023664,133098,2.9825040234158093,40.73026732182302,-73.90160761243595
40.63,-74.07,4,0,143,FALSE,-7.581374929862044,-13.343409628023664,133098,2.9825040234158093,40.73026732182302,-73.90160761243595
40.63,-74.04,172,0,4500,FALSE,-5.054249953242161,-13.343409628023664,133098,2.9825040234158093,40.73026732182302,-73.90160761243595
40.63,-74.03,1292,0,7199,FALSE,-4.211874961034735,-13.343409628023664,133098,2.9825040234158093,40.73026732182302,-73.90160761243595
40.63,-74.02,939,0,7641,FALSE,-3.3694999688273097,-13.343409628023664,133098,2.9825040234158093,40.73026732182302,-73.90160761243595
40.63,-74.01,530,0,5355,FALSE,-2.5271249766210806,-13.343409628023664,133098,2.9825040234158093,40.73026732182302,-73.90160761243595
40.63,-74,298,0,3532,FALSE,-1.6847499844136549,-13.343409628023664,133098,2.9825040234158093,40.73026732182302,-73.90160761243595
40.63,-73.99,185,0,3725,FALSE,-0.8423749922062288,-13.343409628023664,133098,2.9825040234158093,40.73026732182302,-73.90160761243595
40.63,-73.98,328,0,6277,FALSE,0,-13.343409628023664,133098,2.9825040234158093,40.73026732182302,-73.90160761243595
40.63,-73.97,1059,0,8794,FALSE,0.842374992207426,-13.343409628023664,133098,2.9825040234158093,40.73026732182302,-73.90160761243595
40.63,-73.96,1142,0,9610,FALSE,1.684749984414852,-13.343409628023664,133098,2.9825040234158093,40.73026732182302,-73.90160761243595
40.63,-73.95,1057,0,6827,FALSE,2.5271249766210806,-13.343409628023664,133098,2.9825040234158093,40.73026732182302,-73.90160761243595
40.63,-73.94,522,0,4411,FALSE,3.369499968828506,-13.343409628023664,133098,2.9825040234158093,40.73026732182302,-73.90160761243595
40.63,-73.93,328,0,3189,FALSE,4.211874961034735,-13.343409628023664,133098,2.9825040234158093,40.73026732182302,-73.90160761243595
40.63,-73.92,341,0,2619,FALSE,5.054249953242161,-13.343409628023664,133098,2.9825040234158093,40.73026732182302,-73.90160761243595
40.63,-73.91,163,0,2060,FALSE,5.896624945449588,-13.343409628023664,133098,2.9825040234158093,40.73026732182302,-73.90160761243595
40.63,-73.9,190,0,1309,FALSE,6.738999937655816,-13.343409628023664,133098,2.9825040234158093,40.73026732182302,-73.90160761243595
40.63,-73.89,153,0,759,FALSE,7.581374929863243,-13.343409628023664,133098,2.9825040234158093,40.73026732182302,-73.90160761243595
40.63,-73.88,14,0,341,FALSE,8.42374992207067,-13.343409628023664,133098,2.9825040234158093,40.73026732182302,-73.90160761243595
40.63,-73.78,4,2,49725,TRUE,16.84749984414014,-13.343409628023664,107640,2.4120327358824154,40.64590143069491,-73.78347500929023
40.63,-73.75,3,0,150,FALSE,19.374624820761223,-13.343409628023664,133098,2.9825040234158093,40.73026732182302,-73.90160761243595
40.63,-73.74,32,0,338,FALSE,20.216999812968645,-13.343409628023664,133098,2.9825040234158093,40.73026732182302,-73.90160761243595
40.63,-73.73,48,0,423,FALSE,21.059374805174876,-13.343409628023664,133098,2.9825040234158093,40.73026732182302,-73.90160761243595
40.63,-73.72,42,0,399,FALSE,21.9017497973823,-13.343409628023664,133098,2.9825040234158093,40.73026732182302,-73.90160761243595
40.63,-73.71,40,0,225,FALSE,22.744124789589726,-13.343409628023664,133098,2.9825040234158093,40.73026732182302,-73.90160761243595
40.63,-73.7,7,0,116,FALSE,23.586499781795954,-13.343409628023664,133098,2.9825040234158093,40.73026732182302,-73.90160761243595
40.64,-74.15,4,0,21,FALSE,-14.320374867519059,-12.231458825688557,133098,2.9825040234158093,40.73026732182302,-73.90160761243595
40.64,-74.14,1,0,32,FALSE,-13.477999875311632,-12.231458825688557,133098,2.9825040234158093,40.73026732182302,-73.90160761243595
40.64,-74.13,2,0,37,FALSE,-12.635624883104207,-12.231458825688557,133098,2.9825040234158093,40.73026732182302,-73.90160761243595
40.64,-74.12,5,0,52,FALSE,-11.793249890897977,-12.231458825688557,133098,2.9825040234158093,40.73026732182302,-73.90160761243595
40.64,-74.11,4,0,63,FALSE,-10.950874898690552,-12.231458825688557,133098,2.9825040234158093,40.73026732182302,-73.90160761243595
40.64,-74.1,6,0,77,FALSE,-10.108499906483125,-12.231458825688557,133098,2.9825040234158093,40.73026732182302,-73.90160761243595
40.64,-74.09,6,0,140,FALSE,-9.266124914276897,-12.231458825688557,133098,2.9825040234158093,40.73026732182302,-73.90160761243595
40.64,-74.08,59,0,135,FALSE,-8.42374992206947,-12.231458825688557,133098,2.9825040234158093,40.73026732182302,-73.90160761243595
40.64,-74.07,11,0,110,FALSE,-7.581374929862044,-12.231458825688557,133098,2.9825040234158093,40.73026732182302,-73.90160761243595
40.64,-74.04,175,0,2215,FALSE,-5.054249953242161,-12.231458825688557,133098,2.9825040234158093,40.73026732182302,-73.90160761243595
40.64,-74.03,574,0,4584,FALSE,-4.211874961034735,-12.231458825688557,133098,2.9825040234158093,40.73026732182302,-73.90160761243595
40.64,-74.02,737,0,6300,FALSE,-3.3694999688273097,-12.231458825688557,133098,2.9825040234158093,40.73026732182302,-73.90160761243595
40.64,-74.01,377,0,6463,FALSE,-2.5271249766210806,-12.231458825688557,133098,2.9825040234158093,40.73026732182302,-73.90160761243595
40.64,-74,750,0,4761,FALSE,-1.6847499844136549,-12.231458825688557,133098,2.9825040234158093,40.73026732182302,-73.90160761243595
40.64,-73.99,435,0,5660,FALSE,-0.8423749922062288,-12.231458825688557,133098,2.9825040234158093,40.73026732182302,-73.90160761243595
40.64,-73.98,950,1,9041,FALSE,0,-12.231458825688557,4125187,92.43855523631153,40.7409730661907,-73.98207363205596
40.64,-73.97,2297,1,14467,FALSE,0.842374992207426,-12.231458825688557,4125187,92.43855523631153,40.7409730661907,-73.98207363205596
40.64,-73.96,1717,1,14484,FALSE,1.684749984414852,-12.231458825688557,4125187,92.43855523631153,40.7409730661907,-73.98207363205596
40.64,-73.95,804,0,10506,FALSE,2.5271249766210806,-12.231458825688557,133098,2.9825040234158093,40.73026732182302,-73.90160761243595
40.64,-73.94,319,0,5452,FALSE,3.369499968828506,-12.231458825688557,133098,2.9825040234158093,40.73026732182302,-73.90160761243595
40.64,-73.93,332,0,3459,FALSE,4.211874961034735,-12.231458825688557,133098,2.9825040234158093,40.73026732182302,-73.90160761243595
40.64,-73.92,345,0,2948,FALSE,5.054249953242161,-12.231458825688557,133098,2.9825040234158093,40.73026732182302,-73.90160761243595
40.64,-73.91,279,0,2558,FALSE,5.896624945449588,-12.231458825688557,133098,2.9825040234158093,40.73026732182302,-73.90160761243595
40.64,-73.9,200,0,2033,FALSE,6.738999937655816,-12.231458825688557,133098,2.9825040234158093,40.73026732182302,-73.90160761243595
40.64,-73.89,136,0,1410,FALSE,7.581374929863243,-12.231458825688557,133098,2.9825040234158093,40.73026732182302,-73.90160761243595
40.64,-73.88,38,0,847,FALSE,8.42374992207067,-12.231458825688557,133098,2.9825040234158093,40.73026732182302,-73.90160761243595
40.64,-73.84,1,0,232,FALSE,11.793249890897977,-12.231458825688557,133098,2.9825040234158093,40.73026732182302,-73.90160761243595
40.64,-73.83,2,0,207,FALSE,12.635624883105404,-12.231458825688557,133098,2.9825040234158093,40.73026732182302,-73.90160761243595
40.64,-73.8,83,2,32593,TRUE,15.162749859726485,-12.231458825688557,107640,2.4120327358824154,40.64590143069491,-73.78347500929023
40.64,-73.79,14869,2,104133,TRUE,16.00512485193271,-12.231458825688557,107640,2.4120327358824154,40.64590143069491,-73.78347500929023
40.64,-73.78,34852,2,103838,TRUE,16.84749984414014,-12.231458825688557,107640,2.4120327358824154,40.64590143069491,-73.78347500929023
40.64,-73.75,4,0,170,FALSE,19.374624820761223,-12.231458825688557,133098,2.9825040234158093,40.73026732182302,-73.90160761243595
40.64,-73.74,66,0,296,FALSE,20.216999812968645,-12.231458825688557,133098,2.9825040234158093,40.73026732182302,-73.90160761243595
40.64,-73.73,59,0,371,FALSE,21.059374805174876,-12.231458825688557,133098,2.9825040234158093,40.73026732182302,-73.90160761243595
40.64,-73.72,28,0,339,FALSE,21.9017497973823,-12.231458825688557,133098,2.9825040234158093,40.73026732182302,-73.90160761243595
40.64,-73.71,32,0,204,FALSE,22.744124789589726,-12.231458825688557,133098,2.9825040234158093,40.73026732182302,-73.90160761243595
40.64,-73.7,15,0,116,FALSE,23.586499781795954,-12.231458825688557,133098,2.9825040234158093,40.73026732182302,-73.90160761243595
40.65,-74.14,9,0,45,FALSE,-13.477999875311632,-11.119508023353449,133098,2.9825040234158093,40.73026732182302,-73.90160761243595
40.65,-74.13,7,0,88,FALSE,-12.635624883104207,-11.119508023353449,133098,2.9825040234158093,40.73026732182302,-73.90160761243595
40.65,-74.12,5,0,85,FALSE,-11.793249890897977,-11.119508023353449,133098,2.9825040234158093,40.73026732182302,-73.90160761243595
40.65,-74.09,1,0,151,FALSE,-9.266124914276897,-11.119508023353449,133098,2.9825040234158093,40.73026732182302,-73.90160761243595
40.65,-74.08,19,0,144,FALSE,-8.42374992206947,-11.119508023353449,133098,2.9825040234158093,40.73026732182302,-73.90160761243595
40.65,-74.07,2,0,93,FALSE,-7.581374929862044,-11.119508023353449,133098,2.9825040234158093,40.73026732182302,-73.90160761243595
40.65,-74.03,2,0,2181,FALSE,-4.211874961034735,-11.119508023353449,133098,2.9825040234158093,40.73026732182302,-73.90160761243595
40.65,-74.02,693,0,5069,FALSE,-3.3694999688273097,-11.119508023353449,133098,2.9825040234158093,40.73026732182302,-73.90160761243595
40.65,-74.01,1156,1,8157,FALSE,-2.5271249766210806,-11.119508023353449,4125187,92.43855523631153,40.7409730661907,-73.98207363205596
40.65,-74,983,1,12596,FALSE,-1.6847499844136549,-11.119508023353449,4125187,92.43855523631153,40.7409730661907,-73.98207363205596
40.65,-73.99,47,1,18421,FALSE,-0.8423749922062288,-11.119508023353449,4125187,92.43855523631153,40.7409730661907,-73.98207363205596
40.65,-73.98,1684,1,19367,FALSE,0,-11.119508023353449,4125187,92.43855523631153,40.7409730661907,-73.98207363205596
40.65,-73.97,2056,1,22088,TRUE,0.842374992207426,-11.119508023353449,4125187,92.43855523631153,40.7409730661907,-73.98207363205596
40.65,-73.96,3234,1,17782,FALSE,1.684749984414852,-11.119508023353449,4125187,92.43855523631153,40.7409730661907,-73.98207363205596
40.65,-73.95,1118,1,15635,FALSE,2.5271249766210806,-11.119508023353449,4125187,92.43855523631153,40.7409730661907,-73.98207363205596
40.65,-73.94,593,1,8488,FALSE,3.369499968828506,-11.119508023353449,4125187,92.43855523631153,40.7409730661907,-73.98207363205596
40.65,-73.93,379,0,5177,FALSE,4.211874961034735,-11.119508023353449,133098,2.9825040234158093,40.73026732182302,-73.90160761243595
40.65,-73.92,300,0,3904,FALSE,5.054249953242161,-11.119508023353449,133098,2.9825040234158093,40.73026732182302,-73.90160761243595
40.65,-73.91,481,0,3160,FALSE,5.896624945449588,-11.119508023353449,133098,2.9825040234158093,40.73026732182302,-73.90160761243595
40.65,-73.9,259,0,2479,FALSE,6.738999937655816,-11.119508023353449,133098,2.9825040234158093,40.73026732182302,-73.90160761243595
40.65,-73.89,172,0,1743,FALSE,7.581374929863243,-11.119508023353449,133098,2.9825040234158093,40.73026732182302,-73.90160761243595
40.65,-73.88,248,0,1223,FALSE,8.42374992207067,-11.119508023353449,133098,2.9825040234158093,40.73026732182302,-73.90160761243595
40.65,-73.87,86,0,664,FALSE,9.266124914276897,-11.119508023353449,133098,2.9825040234158093,40.73026732182302,-73.90160761243595
40.65,-73.85,25,0,521,FALSE,10.950874898691747,-11.119508023353449,133098,2.9825040234158093,40.73026732182302,-73.90160761243595
40.65,-73.84,178,0,695,FALSE,11.793249890897977,-11.119508023353449,133098,2.9825040234158093,40.73026732182302,-73.90160761243595
40.65,-73.83,26,0,644,FALSE,12.635624883105404,-11.119508023353449,133098,2.9825040234158093,40.73026732182302,-73.90160761243595
40.65,-73.81,100,2,1133,FALSE,14.320374867519059,-11.119508023353449,107640,2.4120327358824154,40.64590143069491,-73.78347500929023
40.65,-73.8,223,2,33384,TRUE,15.162749859726485,-11.119508023353449,107640,2.4120327358824154,40.64590143069491,-73.78347500929023
40.65,-73.79,17318,2,104828,TRUE,16.00512485193271,-11.119508023353449,107640,2.4120327358824154,40.64590143069491,-73.78347500929023
40.65,-73.78,36784,2,104131,TRUE,16.84749984414014,-11.119508023353449,107640,2.4120327358824154,40.64590143069491,-73.78347500929023
40.65,-73.77,11,2,71914,TRUE,17.689874836347567,-11.119508023353449,107640,2.4120327358824154,40.64590143069491,-73.78347500929023
40.65,-73.76,39,2,297,FALSE,18.532249828553795,-11.119508023353449,107640,2.4120327358824154,40.64590143069491,-73.78347500929023
40.65,-73.75,6,0,342,FALSE,19.374624820761223,-11.119508023353449,133098,2.9825040234158093,40.73026732182302,-73.90160761243595
40.65,-73.74,20,0,437,FALSE,20.216999812968645,-11.119508023353449,133098,2.9825040234158093,40.73026732182302,-73.90160761243595
40.65,-73.73,58,0,506,FALSE,21.059374805174876,-11.119508023353449,133098,2.9825040234158093,40.73026732182302,-73.90160761243595
40.65,-73.72,18,0,408,FALSE,21.9017497973823,-11.119508023353449,133098,2.9825040234158093,40.73026732182302,-73.90160761243595
40.65,-73.71,14,0,269,FALSE,22.744124789589726,-11.119508023353449,133098,2.9825040234158093,40.73026732182302,-73.90160761243595
40.65,-73.7,8,0,135,FALSE,23.586499781795954,-11.119508023353449,133098,2.9825040234158093,40.73026732182302,-73.90160761243595
40.66,-74.14,7,0,43,FALSE,-13.477999875311632,-10.007557221018342,133098,2.9825040234158093,40.73026732182302,-73.90160761243595
40.66,-74.13,15,0,131,FALSE,-12.635624883104207,-10.007557221018342,133098,2.9825040234158093,40.73026732182302,-73.90160761243595
40.66,-74.12,37,0,160,FALSE,-11.793249890897977,-10.007557221018342,133098,2.9825040234158093,40.73026732182302,-73.90160761243595
40.66,-74.11,10,0,205,FALSE,-10.950874898690552,-10.007557221018342,133098,2.9825040234158093,40.73026732182302,-73.90160761243595
40.66,-74.1,16,0,164,FALSE,-10.108499906483125,-10.007557221018342,133098,2.9825040234158093,40.73026732182302,-73.90160761243595
40.66,-74.09,44,0,151,FALSE,-9.266124914276897,-10.007557221018342,133098,2.9825040234158093,40.73026732182302,-73.90160761243595
40.66,-74.07,2,0,36,FALSE,-7.581374929862044,-10.007557221018342,133098,2.9825040234158093,40.73026732182302,-73.90160761243595
40.66,-74.01,1530,1,12062,FALSE,-2.5271249766210806,-10.007557221018342,4125187,92.43855523631153,40.7409730661907,-73.98207363205596
40.66,-74,1931,1,24702,TRUE,-1.6847499844136549,-10.007557221018342,4125187,92.43855523631153,40.7409730661907,-73.98207363205596
40.66,-73.99,5387,1,41484,TRUE,-0.8423749922062288,-10.007557221018342,4125187,92.43855523631153,40.7409730661907,-73.98207363205596
40.66,-73.98,6254,1,45504,TRUE,0,-10.007557221018342,4125187,92.43855523631153,40.7409730661907,-73.98207363205596
40.66,-73.97,257,1,46459,TRUE,0.842374992207426,-10.007557221018342,4125187,92.43855523631153,40.7409730661907,-73.98207363205596
40.66,-73.96,3639,1,33215,TRUE,1.684749984414852,-10.007557221018342,4125187,92.43855523631153,40.7409730661907,-73.98207363205596
40.66,-73.95,2660,1,29718,TRUE,2.5271249766210806,-10.007557221018342,4125187,92.43855523631153,40.7409730661907,-73.98207363205596
40.66,-73.94,1551,1,16924,FALSE,3.369499968828506,-10.007557221018342,4125187,92.43855523631153,40.7409730661907,-73.98207363205596
40.66,-73.93,732,1,9416,FALSE,4.211874961034735,-10.007557221018342,4125187,92.43855523631153,40.7409730661907,-73.98207363205596
40.66,-73.92,626,0,5638,FALSE,5.054249953242161,-10.007557221018342,133098,2.9825040234158093,40.73026732182302,-73.90160761243595
40.66,-73.91,430,0,3581,FALSE,5.896624945449588,-10.007557221018342,133098,2.9825040234158093,40.73026732182302,-73.90160761243595
40.66,-73.9,240,0,2764,FALSE,6.738999937655816,-10.007557221018342,133098,2.9825040234158093,40.73026732182302,-73.90160761243595
40.66,-73.89,282,0,2166,FALSE,7.581374929863243,-10.007557221018342,133098,2.9825040234158093,40.73026732182302,-73.90160761243595
40.66,-73.88,168,0,1853,FALSE,8.42374992207067,-10.007557221018342,133098,2.9825040234158093,40.73026732182302,-73.90160761243595
40.66,-73.87,93,0,1293,FALSE,9.266124914276897,-10.007557221018342,133098,2.9825040234158093,40.73026732182302,-73.90160761243595
40.66,-73.86,31,0,896,FALSE,10.108499906484322,-10.007557221018342,133098,2.9825040234158093,40.73026732182302,-73.90160761243595
40.66,-73.85,96,0,985,FALSE,10.950874898691747,-10.007557221018342,133098,2.9825040234158093,40.73026732182302,-73.90160761243595
40.66,-73.84,190,0,1213,FALSE,11.793249890897977,-10.007557221018342,133098,2.9825040234158093,40.73026732182302,-73.90160761243595
40.66,-73.83,177,0,1160,FALSE,12.635624883105404,-10.007557221018342,133098,2.9825040234158093,40.73026732182302,-73.90160761243595
40.66,-73.82,70,0,1359,FALSE,13.477999875312829,-10.007557221018342,133098,2.9825040234158093,40.73026732182302,-73.90160761243595
40.66,-73.81,138,2,2481,FALSE,14.320374867519059,-10.007557221018342,107640,2.4120327358824154,40.64590143069491,-73.78347500929023
40.66,-73.8,519,2,20124,TRUE,15.162749859726485,-10.007557221018342,107640,2.4120327358824154,40.64590143069491,-73.78347500929023
40.66,-73.79,134,2,56674,TRUE,16.00512485193271,-10.007557221018342,107640,2.4120327358824154,40.64590143069491,-73.78347500929023
40.66,-73.78,46,2,55370,TRUE,16.84749984414014,-10.007557221018342,107640,2.4120327358824154,40.64590143069491,-73.78347500929023
40.66,-73.77,117,2,37708,TRUE,17.689874836347567,-10.007557221018342,107640,2.4120327358824154,40.64590143069491,-73.78347500929023
40.66,-73.76,65,2,596,FALSE,18.532249828553795,-10.007557221018342,107640,2.4120327358824154,40.64590143069491,-73.78347500929023
40.66,-73.75,55,0,526,FALSE,19.374624820761223,-10.007557221018342,133098,2.9825040234158093,40.73026732182302,-73.90160761243595
40.66,-73.74,87,0,500,FALSE,20.216999812968645,-10.007557221018342,133098,2.9825040234158093,40.73026732182302,-73.90160761243595
40.66,-73.73,82,0,495,FALSE,21.059374805174876,-10.007557221018342,133098,2.9825040234158093,40.73026732182302,-73.90160761243595
40.66,-73.72,88,0,395,FALSE,21.9017497973823,-10.007557221018342,133098,2.9825040234158093,40.73026732182302,-73.90160761243595
40.66,-73.71,29,0,242,FALSE,22.744124789589726,-10.007557221018342,133098,2.9825040234158093,40.73026732182302,-73.90160761243595
40.66,-73.7,37,0,109,FALSE,23.586499781795954,-10.007557221018342,133098,2.9825040234158093,40.73026732182302,-73.90160761243595
40.67,-74.13,5,0,117,FALSE,-12.635624883104207,-8.895606418682442,133098,2.9825040234158093,40.73026732182302,-73.90160761243595
40.67,-74.12,46,0,199,FALSE,-11.793249890897977,-8.895606418682442,133098,2.9825040234158093,40.73026732182302,-73.90160761243595
40.67,-74.11,35,0,288,FALSE,-10.950874898690552,-8.895606418682442,133098,2.9825040234158093,40.73026732182302,-73.90160761243595
40.67,-74.1,56,0,254,FALSE,-10.108499906483125,-8.895606418682442,133098,2.9825040234158093,40.73026732182302,-73.90160761243595
40.67,-74.09,2,0,181,FALSE,-9.266124914276897,-8.895606418682442,133098,2.9825040234158093,40.73026732182302,-73.90160761243595
40.67,-74.08,13,0,74,FALSE,-8.42374992206947,-8.895606418682442,133098,2.9825040234158093,40.73026732182302,-73.90160761243595
40.67,-74.02,1288,1,12668,FALSE,-3.3694999688273097,-8.895606418682442,4125187,92.43855523631153,40.7409730661907,-73.98207363205596
40.67,-74.01,2844,1,27443,TRUE,-2.5271249766210806,-8.895606418682442,4125187,92.43855523631153,40.7409730661907,-73.98207363205596
40.67,-74,1637,1,48902,TRUE,-1.6847499844136549,-8.895606418682442,4125187,92.43855523631153,40.7409730661907,-73.98207363205596
40.67,-73.99,9187,1,78607,TRUE,-0.8423749922062288,-8.895606418682442,4125187,92.43855523631153,40.7409730661907,-73.98207363205596
40.67,-73.98,14374,1,83948,TRUE,0,-8.895606418682442,4125187,92.43855523631153,40.7409730661907,-73.98207363205596
40.67,-73.97,6258,1,83557,TRUE,0.842374992207426,-8.895606418682442,4125187,92.43855523631153,40.7409730661907,-73.98207363205596
40.67,-73.96,8703,1,60115,TRUE,1.684749984414852,-8.895606418682442,4125187,92.43855523631153,40.7409730661907,-73.98207363205596
40.67,-73.95,5290,1,48992,TRUE,2.5271249766210806,-8.895606418682442,4125187,92.43855523631153,40.7409730661907,-73.98207363205596
40.67,-73.94,2930,1,29659,TRUE,3.369499968828506,-8.895606418682442,4125187,92.43855523631153,40.7409730661907,-73.98207363205596
40.67,-73.93,1671,1,17306,FALSE,4.211874961034735,-8.895606418682442,4125187,92.43855523631153,40.7409730661907,-73.98207363205596
40.67,-73.92,634,1,10388,FALSE,5.054249953242161,-8.895606418682442,4125187,92.43855523631153,40.7409730661907,-73.98207363205596
40.67,-73.91,385,0,5871,FALSE,5.896624945449588,-8.895606418682442,133098,2.9825040234158093,40.73026732182302,-73.90160761243595
40.67,-73.9,226,0,3739,FALSE,6.738999937655816,-8.895606418682442,133098,2.9825040234158093,40.73026732182302,-73.90160761243595
40.67,-73.89,289,0,2278,FALSE,7.581374929863243,-8.895606418682442,133098,2.9825040234158093,40.73026732182302,-73.90160761243595
40.67,-73.88,282,0,1977,FALSE,8.42374992207067,-8.895606418682442,133098,2.9825040234158093,40.73026732182302,-73.90160761243595
40.67,-73.87,233,0,1657,FALSE,9.266124914276897,-8.895606418682442,133098,2.9825040234158093,40.73026732182302,-73.90160761243595
40.67,-73.86,152,0,1532,FALSE,10.108499906484322,-8.895606418682442,133098,2.9825040234158093,40.73026732182302,-73.90160761243595
40.67,-73.85,180,0,1532,FALSE,10.950874898691747,-8.895606418682442,133098,2.9825040234158093,40.73026732182302,-73.90160761243595
40.67,-73.84,133,0,1589,FALSE,11.793249890897977,-8.895606418682442,133098,2.9825040234158093,40.73026732182302,-73.90160761243595
40.67,-73.83,208,0,1510,FALSE,12.635624883105404,-8.895606418682442,133098,2.9825040234158093,40.73026732182302,-73.90160761243595
40.67,-73.82,178,0,1657,FALSE,13.477999875312829,-8.895606418682442,133098,2.9825040234158093,40.73026732182302,-73.90160761243595
40.67,-73.81,462,2,2706,FALSE,14.320374867519059,-8.895606418682442,107640,2.4120327358824154,40.64590143069491,-73.78347500929023
40.67,-73.8,791,2,2954,FALSE,15.162749859726485,-8.895606418682442,107640,2.4120327358824154,40.64590143069491,-73.78347500929023
40.67,-73.79,439,2,2772,FALSE,16.00512485193271,-8.895606418682442,107640,2.4120327358824154,40.64590143069491,-73.78347500929023
40.67,-73.78,420,2,1539,FALSE,16.84749984414014,-8.895606418682442,107640,2.4120327358824154,40.64590143069491,-73.78347500929023
40.67,-73.77,101,2,1127,FALSE,17.689874836347567,-8.895606418682442,107640,2.4120327358824154,40.64590143069491,-73.78347500929023
40.67,-73.76,125,2,774,FALSE,18.532249828553795,-8.895606418682442,107640,2.4120327358824154,40.64590143069491,-73.78347500929023
40.67,-73.75,77,0,668,FALSE,19.374624820761223,-8.895606418682442,133098,2.9825040234158093,40.73026732182302,-73.90160761243595
40.67,-73.74,52,0,607,FALSE,20.216999812968645,-8.895606418682442,133098,2.9825040234158093,40.73026732182302,-73.90160761243595
40.67,-73.73,63,0,539,FALSE,21.059374805174876,-8.895606418682442,133098,2.9825040234158093,40.73026732182302,-73.90160761243595
40.67,-73.72,27,0,395,FALSE,21.9017497973823,-8.895606418682442,133098,2.9825040234158093,40.73026732182302,-73.90160761243595
40.67,-73.71,16,0,263,FALSE,22.744124789589726,-8.895606418682442,133098,2.9825040234158093,40.73026732182302,-73.90160761243595
40.67,-73.7,5,0,120,FALSE,23.586499781795954,-8.895606418682442,133098,2.9825040234158093,40.73026732182302,-73.90160761243595
40.68,-74.12,7,0,175,FALSE,-11.793249890897977,-7.7836556163473345,133098,2.9825040234158093,40.73026732182302,-73.90160761243595
40.68,-74.11,44,0,316,FALSE,-10.950874898690552,-7.7836556163473345,133098,2.9825040234158093,40.73026732182302,-73.90160761243595
40.68,-74.1,37,0,305,FALSE,-10.108499906483125,-7.7836556163473345,133098,2.9825040234158093,40.73026732182302,-73.90160761243595
40.68,-74.09,10,0,212,FALSE,-9.266124914276897,-7.7836556163473345,133098,2.9825040234158093,40.73026732182302,-73.90160761243595
40.68,-74.08,3,0,129,FALSE,-8.42374992206947,-7.7836556163473345,133098,2.9825040234158093,40.73026732182302,-73.90160761243595
40.68,-74.02,2394,1,11160,FALSE,-3.3694999688273097,-7.7836556163473345,4125187,92.43855523631153,40.7409730661907,-73.98207363205596
40.68,-74.01,4612,1,36919,TRUE,-2.5271249766210806,-7.7836556163473345,4125187,92.43855523631153,40.7409730661907,-73.98207363205596
40.68,-74,11207,1,78172,TRUE,-1.6847499844136549,-7.7836556163473345,4125187,92.43855523631153,40.7409730661907,-73.98207363205596
40.68,-73.99,10567,1,119509,TRUE,-0.8423749922062288,-7.7836556163473345,4125187,92.43855523631153,40.7409730661907,-73.98207363205596
40.68,-73.98,18063,1,131231,TRUE,0,-7.7836556163473345,4125187,92.43855523631153,40.7409730661907,-73.98207363205596
40.68,-73.97,13601,1,119774,TRUE,0.842374992207426,-7.7836556163473345,4125187,92.43855523631153,40.7409730661907,-73.98207363205596
40.68,-73.96,12408,1,91171,TRUE,1.684749984414852,-7.7836556163473345,4125187,92.43855523631153,40.7409730661907,-73.98207363205596
40.68,-73.95,7299,1,66556,TRUE,2.5271249766210806,-7.7836556163473345,4125187,92.43855523631153,40.7409730661907,-73.98207363205596
40.68,-73.94,4512,1,41579,TRUE,3.369499968828506,-7.7836556163473345,4125187,92.43855523631153,40.7409730661907,-73.98207363205596
40.68,-73.93,3014,1,27934,TRUE,4.211874961034735,-7.7836556163473345,4125187,92.43855523631153,40.7409730661907,-73.98207363205596
40.68,-73.92,1636,1,19753,FALSE,5.054249953242161,-7.7836556163473345,4125187,92.43855523631153,40.7409730661907,-73.98207363205596
40.68,-73.91,1260,1,12217,FALSE,5.896624945449588,-7.7836556163473345,4125187,92.43855523631153,40.7409730661907,-73.98207363205596
40.68,-73.9,434,1,6152,FALSE,6.738999937655816,-7.7836556163473345,4125187,92.43855523631153,40.7409730661907,-73.98207363205596
40.68,-73.89,193,0,1954,FALSE,7.581374929863243,-7.7836556163473345,133098,2.9825040234158093,40.73026732182302,-73.90160761243595
40.68,-73.88,164,0,1612,FALSE,8.42374992207067,-7.7836556163473345,133098,2.9825040234158093,40.73026732182302,-73.90160761243595
40.68,-73.87,273,0,1787,FALSE,9.266124914276897,-7.7836556163473345,133098,2.9825040234158093,40.73026732182302,-73.90160761243595
40.68,-73.86,261,0,1933,FALSE,10.108499906484322,-7.7836556163473345,133098,2.9825040234158093,40.73026732182302,-73.90160761243595
40.68,-73.85,213,0,1834,FALSE,10.950874898691747,-7.7836556163473345,133098,2.9825040234158093,40.73026732182302,-73.90160761243595
40.68,-73.84,276,0,1757,FALSE,11.793249890897977,-7.7836556163473345,133098,2.9825040234158093,40.73026732182302,-73.90160761243595
40.68,-73.83,116,0,1699,FALSE,12.635624883105404,-7.7836556163473345,133098,2.9825040234158093,40.73026732182302,-73.90160761243595
40.68,-73.82,162,0,1956,FALSE,13.477999875312829,-7.7836556163473345,133098,2.9825040234158093,40.73026732182302,-73.90160761243595
40.68,-73.81,146,0,2528,FALSE,14.320374867519059,-7.7836556163473345,133098,2.9825040234158093,40.73026732182302,-73.90160761243595
40.68,-73.8,240,0,2528,FALSE,15.162749859726485,-7.7836556163473345,133098,2.9825040234158093,40.73026732182302,-73.90160761243595
40.68,-73.79,85,0,2327,FALSE,16.00512485193271,-7.7836556163473345,133098,2.9825040234158093,40.73026732182302,-73.90160761243595
40.68,-73.78,98,0,1415,FALSE,16.84749984414014,-7.7836556163473345,133098,2.9825040234158093,40.73026732182302,-73.90160761243595
40.68,-73.77,99,0,1096,FALSE,17.689874836347567,-7.7836556163473345,133098,2.9825040234158093,40.73026732182302,-73.90160761243595
40.68,-73.76,56,0,735,FALSE,18.532249828553795,-7.7836556163473345,133098,2.9825040234158093,40.73026732182302,-73.90160761243595
40.68,-73.75,79,0,730,FALSE,19.374624820761223,-7.7836556163473345,133098,2.9825040234158093,40.73026732182302,-73.90160761243595
40.68,-73.74,72,0,624,FALSE,20.216999812968645,-7.7836556163473345,133098,2.9825040234158093,40.73026732182302,-73.90160761243595
40.68,-73.73,40,0,490,FALSE,21.059374805174876,-7.7836556163473345,133098,2.9825040234158093,40.73026732182302,-73.90160761243595
40.68,-73.72,28,0,318,FALSE,21.9017497973823,-7.7836556163473345,133098,2.9825040234158093,40.73026732182302,-73.90160761243595
40.68,-73.71,22,0,193,FALSE,22.744124789589726,-7.7836556163473345,133098,2.9825040234158093,40.73026732182302,-73.90160761243595
40.68,-73.7,11,0,105,FALSE,23.586499781795954,-7.7836556163473345,133098,2.9825040234158093,40.73026732182302,-73.90160761243595
40.69,-74.14,3,0,10,FALSE,-13.477999875311632,-6.671704814012227,133098,2.9825040234158093,40.73026732182302,-73.90160761243595
40.69,-74.11,38,0,227,FALSE,-10.950874898690552,-6.671704814012227,133098,2.9825040234158093,40.73026732182302,-73.90160761243595
40.69,-74.1,53,0,327,FALSE,-10.108499906483125,-6.671704814012227,133098,2.9825040234158093,40.73026732182302,-73.90160761243595
40.69,-74.09,30,0,289,FALSE,-9.266124914276897,-6.671704814012227,133098,2.9825040234158093,40.73026732182302,-73.90160761243595
40.69,-74.08,8,0,323,FALSE,-8.42374992206947,-6.671704814012227,133098,2.9825040234158093,40.73026732182302,-73.90160761243595
40.69,-74.07,63,0,232,FALSE,-7.581374929862044,-6.671704814012227,133098,2.9825040234158093,40.73026732182302,-73.90160761243595
40.69,-74.06,4,0,199,FALSE,-6.738999937655816,-6.671704814012227,133098,2.9825040234158093,40.73026732182302,-73.90160761243595
40.69,-74.02,3,1,33708,TRUE,-3.3694999688273097,-6.671704814012227,4125187,92.43855523631153,40.7409730661907,-73.98207363205596
40.69,-74.01,19,1,61576,TRUE,-2.5271249766210806,-6.671704814012227,4125187,92.43855523631153,40.7409730661907,-73.98207363205596
40.69,-74,12915,1,118991,TRUE,-1.6847499844136549,-6.671704814012227,4125187,92.43855523631153,40.7409730661907,-73.98207363205596
40.69,-73.99,25184,1,131485,TRUE,-0.8423749922062288,-6.671704814012227,4125187,92.43855523631153,40.7409730661907,-73.98207363205596
40.69,-73.98,16375,1,139276,TRUE,0,-6.671704814012227,4125187,92.43855523631153,40.7409730661907,-73.98207363205596
40.69,-73.97,17622,1,105336,TRUE,0.842374992207426,-6.671704814012227,4125187,92.43855523631153,40.7409730661907,-73.98207363205596
40.69,-73.96,12370,1,80917,TRUE,1.684749984414852,-6.671704814012227,4125187,92.43855523631153,40.7409730661907,-73.98207363205596
40.69,-73.95,7620,1,60542,TRUE,2.5271249766210806,-6.671704814012227,4125187,92.43855523631153,40.7409730661907,-73.98207363205596
40.69,-73.94,5424,1,51502,TRUE,3.369499968828506,-6.671704814012227,4125187,92.43855523631153,40.7409730661907,-73.98207363205596
40.69,-73.93,3819,1,45144,TRUE,4.211874961034735,-6.671704814012227,4125187,92.43855523631153,40.7409730661907,-73.98207363205596
40.69,-73.92,4294,1,36535,TRUE,5.054249953242161,-6.671704814012227,4125187,92.43855523631153,40.7409730661907,-73.98207363205596
40.69,-73.91,3040,1,20009,TRUE,5.896624945449588,-6.671704814012227,4125187,92.43855523631153,40.7409730661907,-73.98207363205596
40.69,-73.9,308,1,8948,FALSE,6.738999937655816,-6.671704814012227,4125187,92.43855523631153,40.7409730661907,-73.98207363205596
40.69,-73.89,17,0,2676,FALSE,7.581374929863243,-6.671704814012227,133098,2.9825040234158093,40.73026732182302,-73.90160761243595
40.69,-73.88,41,0,1566,FALSE,8.42374992207067,-6.671704814012227,133098,2.9825040234158093,40.73026732182302,-73.90160761243595
40.69,-73.87,120,0,1689,FALSE,9.266124914276897,-6.671704814012227,133098,2.9825040234158093,40.73026732182302,-73.90160761243595
40.69,-73.86,261,0,1900,FALSE,10.108499906484322,-6.671704814012227,133098,2.9825040234158093,40.73026732182302,-73.90160761243595
40.69,-73.85,240,0,1992,FALSE,10.950874898691747,-6.671704814012227,133098,2.9825040234158093,40.73026732182302,-73.90160761243595
40.69,-73.84,118,0,2169,FALSE,11.793249890897977,-6.671704814012227,133098,2.9825040234158093,40.73026732182302,-73.90160761243595
40.69,-73.83,273,0,2272,FALSE,12.635624883105404,-6.671704814012227,133098,2.9825040234158093,40.73026732182302,-73.90160761243595
40.69,-73.82,235,0,2866,FALSE,13.477999875312829,-6.671704814012227,133098,2.9825040234158093,40.73026732182302,-73.90160761243595
40.69,-73.81,176,0,2689,FALSE,14.320374867519059,-6.671704814012227,133098,2.9825040234158093,40.73026732182302,-73.90160761243595
40.69,-73.8,138,0,2154,FALSE,15.162749859726485,-6.671704814012227,133098,2.9825040234158093,40.73026732182302,-73.90160761243595
40.69,-73.79,51,0,1116,FALSE,16.00512485193271,-6.671704814012227,133098,2.9825040234158093,40.73026732182302,-73.90160761243595
40.69,-73.78,65,0,684,FALSE,16.84749984414014,-6.671704814012227,133098,2.9825040234158093,40.73026732182302,-73.90160761243595
40.69,-73.77,57,0,712,FALSE,17.689874836347567,-6.671704814012227,133098,2.9825040234158093,40.73026732182302,-73.90160761243595
40.69,-73.76,75,0,707,FALSE,18.532249828553795,-6.671704814012227,133098,2.9825040234158093,40.73026732182302,-73.90160761243595
40.69,-73.75,66,0,748,FALSE,19.374624820761223,-6.671704814012227,133098,2.9825040234158093,40.73026732182302,-73.90160761243595
40.69,-73.74,128,0,675,FALSE,20.216999812968645,-6.671704814012227,133098,2.9825040234158093,40.73026732182302,-73.90160761243595
40.69,-73.73,47,0,619,FALSE,21.059374805174876,-6.671704814012227,133098,2.9825040234158093,40.73026732182302,-73.90160761243595
40.69,-73.72,33,0,412,FALSE,21.9017497973823,-6.671704814012227,133098,2.9825040234158093,40.73026732182302,-73.90160761243595
40.69,-73.71,42,0,300,FALSE,22.744124789589726,-6.671704814012227,133098,2.9825040234158093,40.73026732182302,-73.90160761243595
40.69,-73.7,9,0,112,FALSE,23.586499781795954,-6.671704814012227,133098,2.9825040234158093,40.73026732182302,-73.90160761243595
40.7,-74.15,1,0,20,FALSE,-14.320374867519059,-5.559754011676328,133098,2.9825040234158093,40.73026732182302,-73.90160761243595
40.7,-74.14,3,0,23,FALSE,-13.477999875311632,-5.559754011676328,133098,2.9825040234158093,40.73026732182302,-73.90160761243595
40.7,-74.13,3,0,18,FALSE,-12.635624883104207,-5.559754011676328,133098,2.9825040234158093,40.73026732182302,-73.90160761243595
40.7,-74.12,5,0,64,FALSE,-11.793249890897977,-5.559754011676328,133098,2.9825040234158093,40.73026732182302,-73.90160761243595
40.7,-74.1,43,0,425,FALSE,-10.108499906483125,-5.559754011676328,133098,2.9825040234158093,40.73026732182302,-73.90160761243595
40.7,-74.09,72,0,489,FALSE,-9.266124914276897,-5.559754011676328,133098,2.9825040234158093,40.73026732182302,-73.90160761243595
40.7,-74.08,33,0,589,FALSE,-8.42374992206947,-5.559754011676328,133098,2.9825040234158093,40.73026732182302,-73.90160761243595
40.7,-74.07,104,0,677,FALSE,-7.581374929862044,-5.559754011676328,133098,2.9825040234158093,40.73026732182302,-73.90160761243595
40.7,-74.06,17,0,596,FALSE,-6.738999937655816,-5.559754011676328,133098,2.9825040234158093,40.73026732182302,-73.90160761243595
40.7,-74.05,11,0,1895,FALSE,-5.896624945448391,-5.559754011676328,133098,2.9825040234158093,40.73026732182302,-73.90160761243595
40.7,-74.02,1405,1,151655,TRUE,-3.3694999688273097,-5.559754011676328,4125187,92.43855523631153,40.7409730661907,-73.98207363205596
40.7,-74.01,25275,1,187622,TRUE,-2.5271249766210806,-5.559754011676328,4125187,92.43855523631153,40.7409730661907,-73.98207363205596
40.7,-74,3746,1,225586,TRUE,-1.6847499844136549,-5.559754011676328,4125187,92.43855523631153,40.7409730661907,-73.98207363205596
40.7,-73.99,25466,1,124923,TRUE,-0.8423749922062288,-5.559754011676328,4125187,92.43855523631153,40.7409730661907,-73.98207363205596
40.7,-73.98,7962,1,122012,TRUE,0,-5.559754011676328,4125187,92.43855523631153,40.7409730661907,-73.98207363205596
40.7,-73.97,4436,1,103070,TRUE,0.842374992207426,-5.559754011676328,4125187,92.43855523631153,40.7409730661907,-73.98207363205596
40.7,-73.96,2499,1,105685,TRUE,1.684749984414852,-5.559754011676328,4125187,92.43855523631153,40.7409730661907,-73.98207363205596
40.7,-73.95,3062,1,96926,TRUE,2.5271249766210806,-5.559754011676328,4125187,92.43855523631153,40.7409730661907,-73.98207363205596
40.7,-73.94,5348,1,75460,TRUE,3.369499968828506,-5.559754011676328,4125187,92.43855523631153,40.7409730661907,-73.98207363205596
40.7,-73.93,11404,1,59279,TRUE,4.211874961034735,-5.559754011676328,4125187,92.43855523631153,40.7409730661907,-73.98207363205596
40.7,-73.92,5693,1,40928,TRUE,5.054249953242161,-5.559754011676328,4125187,92.43855523631153,40.7409730661907,-73.98207363205596
40.7,-73.91,2375,1,22872,TRUE,5.896624945449588,-5.559754011676328,4125187,92.43855523631153,40.7409730661907,-73.98207363205596
40.7,-73.9,969,1,8741,FALSE,6.738999937655816,-5.559754011676328,4125187,92.43855523631153,40.7409730661907,-73.98207363205596
40.7,-73.89,352,0,2976,FALSE,7.581374929863243,-5.559754011676328,133098,2.9825040234158093,40.73026732182302,-73.90160761243595
40.7,-73.88,198,0,1650,FALSE,8.42374992207067,-5.559754011676328,133098,2.9825040234158093,40.73026732182302,-73.90160761243595
40.7,-73.87,208,0,1834,FALSE,9.266124914276897,-5.559754011676328,133098,2.9825040234158093,40.73026732182302,-73.90160761243595
40.7,-73.86,163,0,2165,FALSE,10.108499906484322,-5.559754011676328,133098,2.9825040234158093,40.73026732182302,-73.90160761243595
40.7,-73.85,161,0,2306,FALSE,10.950874898691747,-5.559754011676328,133098,2.9825040234158093,40.73026732182302,-73.90160761243595
40.7,-73.84,299,0,3559,FALSE,11.793249890897977,-5.559754011676328,133098,2.9825040234158093,40.73026732182302,-73.90160761243595
40.7,-73.83,473,0,3929,FALSE,12.635624883105404,-5.559754011676328,133098,2.9825040234158093,40.73026732182302,-73.90160761243595
40.7,-73.82,320,0,4519,FALSE,13.477999875312829,-5.559754011676328,133098,2.9825040234158093,40.73026732182302,-73.90160761243595
40.7,-73.81,965,0,3386,FALSE,14.320374867519059,-5.559754011676328,133098,2.9825040234158093,40.73026732182302,-73.90160761243595
40.7,-73.8,307,0,2715,FALSE,15.162749859726485,-5.559754011676328,133098,2.9825040234158093,40.73026732182302,-73.90160761243595
40.7,-73.79,46,0,1835,FALSE,16.00512485193271,-5.559754011676328,133098,2.9825040234158093,40.73026732182302,-73.90160761243595
40.7,-73.78,86,0,1241,FALSE,16.84749984414014,-5.559754011676328,133098,2.9825040234158093,40.73026732182302,-73.90160761243595
40.7,-73.77,97,0,933,FALSE,17.689874836347567,-5.559754011676328,133098,2.9825040234158093,40.73026732182302,-73.90160761243595
40.7,-73.76,79,0,714,FALSE,18.532249828553795,-5.559754011676328,133098,2.9825040234158093,40.73026732182302,-73.90160761243595
40.7,-73.75,99,0,769,FALSE,19.374624820761223,-5.559754011676328,133098,2.9825040234158093,40.73026732182302,-73.90160761243595
40.7,-73.74,94,0,732,FALSE,20.216999812968645,-5.559754011676328,133098,2.9825040234158093,40.73026732182302,-73.90160761243595
40.7,-73.73,50,0,824,FALSE,21.059374805174876,-5.559754011676328,133098,2.9825040234158093,40.73026732182302,-73.90160761243595
40.7,-73.72,127,0,626,FALSE,21.9017497973823,-5.559754011676328,133098,2.9825040234158093,40.73026732182302,-73.90160761243595
40.7,-73.71,23,0,476,FALSE,22.744124789589726,-5.559754011676328,133098,2.9825040234158093,40.73026732182302,-73.90160761243595
40.7,-73.7,5,0,132,FALSE,23.586499781795954,-5.559754011676328,133098,2.9825040234158093,40.73026732182302,-73.90160761243595
40.71,-74.15,9,0,28,FALSE,-14.320374867519059,-4.447803209341221,133098,2.9825040234158093,40.73026732182302,-73.90160761243595
40.71,-74.14,4,0,36,FALSE,-13.477999875311632,-4.447803209341221,133098,2.9825040234158093,40.73026732182302,-73.90160761243595
40.71,-74.11,18,0,138,FALSE,-10.950874898690552,-4.447803209341221,133098,2.9825040234158093,40.73026732182302,-73.90160761243595
40.71,-74.1,47,0,468,FALSE,-10.108499906483125,-4.447803209341221,133098,2.9825040234158093,40.73026732182302,-73.90160761243595
40.71,-74.09,124,0,736,FALSE,-9.266124914276897,-4.447803209341221,133098,2.9825040234158093,40.73026732182302,-73.90160761243595
40.71,-74.08,79,0,1073,FALSE,-8.42374992206947,-4.447803209341221,133098,2.9825040234158093,40.73026732182302,-73.90160761243595
40.71,-74.07,76,0,1380,FALSE,-7.581374929862044,-4.447803209341221,133098,2.9825040234158093,40.73026732182302,-73.90160761243595
40.71,-74.06,293,0,2726,FALSE,-6.738999937655816,-4.447803209341221,133098,2.9825040234158093,40.73026732182302,-73.90160761243595
40.71,-74.05,28,0,7347,FALSE,-5.896624945448391,-4.447803209341221,133098,2.9825040234158093,40.73026732182302,-73.90160761243595
40.71,-74.04,1542,1,8663,FALSE,-5.054249953242161,-4.447803209341221,4125187,92.43855523631153,40.7409730661907,-73.98207363205596
40.71,-74.03,312,1,39363,TRUE,-4.211874961034735,-4.447803209341221,4125187,92.43855523631153,40.7409730661907,-73.98207363205596
40.71,-74.02,21038,1,271142,TRUE,-3.3694999688273097,-4.447803209341221,4125187,92.43855523631153,40.7409730661907,-73.98207363205596
40.71,-74.01,103603,1,460181,TRUE,-2.5271249766210806,-4.447803209341221,4125187,92.43855523631153,40.7409730661907,-73.98207363205596
40.71,-74,19618,1,574679,TRUE,-1.6847499844136549,-4.447803209341221,4125187,92.43855523631153,40.7409730661907,-73.98207363205596
40.71,-73.99,9760,1,388624,TRUE,-0.8423749922062288,-4.447803209341221,4125187,92.43855523631153,40.7409730661907,-73.98207363205596
40.71,-73.98,3897,1,214954,TRUE,0,-4.447803209341221,4125187,92.43855523631153,40.7409730661907,-73.98207363205596
40.71,-73.97,11310,1,143084,TRUE,0.842374992207426,-4.447803209341221,4125187,92.43855523631153,40.7409730661907,-73.98207363205596
40.71,-73.96,26599,1,136337,TRUE,1.684749984414852,-4.447803209341221,4125187,92.43855523631153,40.7409730661907,-73.98207363205596
40.71,-73.95,20167,1,147681,TRUE,2.5271249766210806,-4.447803209341221,4125187,92.43855523631153,40.7409730661907,-73.98207363205596
40.71,-73.94,13837,1,89097,TRUE,3.369499968828506,-4.447803209341221,4125187,92.43855523631153,40.7409730661907,-73.98207363205596
40.71,-73.93,4779,1,55481,TRUE,4.211874961034735,-4.447803209341221,4125187,92.43855523631153,40.7409730661907,-73.98207363205596
40.71,-73.92,4681,1,30375,TRUE,5.054249953242161,-4.447803209341221,4125187,92.43855523631153,40.7409730661907,-73.98207363205596
40.71,-73.91,843,1,16054,FALSE,5.896624945449588,-4.447803209341221,4125187,92.43855523631153,40.7409730661907,-73.98207363205596
40.71,-73.9,669,1,6469,FALSE,6.738999937655816,-4.447803209341221,4125187,92.43855523631153,40.7409730661907,-73.98207363205596
40.71,-73.89,168,0,3751,FALSE,7.581374929863243,-4.447803209341221,133098,2.9825040234158093,40.73026732182302,-73.90160761243595
40.71,-73.88,254,0,2604,FALSE,8.42374992207067,-4.447803209341221,133098,2.9825040234158093,40.73026732182302,-73.90160761243595
40.71,-73.87,292,0,2834,FALSE,9.266124914276897,-4.447803209341221,133098,2.9825040234158093,40.73026732182302,-73.90160761243595
40.71,-73.86,297,0,4169,FALSE,10.108499906484322,-4.447803209341221,133098,2.9825040234158093,40.73026732182302,-73.90160761243595
40.71,-73.85,423,0,5795,FALSE,10.950874898691747,-4.447803209341221,133098,2.9825040234158093,40.73026732182302,-73.90160761243595
40.71,-73.84,344,0,6712,FALSE,11.793249890897977,-4.447803209341221,133098,2.9825040234158093,40.73026732182302,-73.90160761243595
40.71,-73.83,1228,0,5807,FALSE,12.635624883105404,-4.447803209341221,133098,2.9825040234158093,40.73026732182302,-73.90160761243595
40.71,-73.82,639,0,4885,FALSE,13.477999875312829,-4.447803209341221,133098,2.9825040234158093,40.73026732182302,-73.90160761243595
40.71,-73.81,210,0,4291,FALSE,14.320374867519059,-4.447803209341221,133098,2.9825040234158093,40.73026732182302,-73.90160761243595
40.71,-73.8,396,0,3854,FALSE,15.162749859726485,-4.447803209341221,133098,2.9825040234158093,40.73026732182302,-73.90160761243595
40.71,-73.79,426,0,2841,FALSE,16.00512485193271,-4.447803209341221,133098,2.9825040234158093,40.73026732182302,-73.90160761243595
40.71,-73.78,320,0,1698,FALSE,16.84749984414014,-4.447803209341221,133098,2.9825040234158093,40.73026732182302,-73.90160761243595
40.71,-73.77,93,0,1063,FALSE,17.689874836347567,-4.447803209341221,133098,2.9825040234158093,40.73026732182302,-73.90160761243595
40.71,-73.76,61,0,756,FALSE,18.532249828553795,-4.447803209341221,133098,2.9825040234158093,40.73026732182302,-73.90160761243595
40.71,-73.75,87,0,812,FALSE,19.374624820761223,-4.447803209341221,133098,2.9825040234158093,40.73026732182302,-73.90160761243595
40.71,-73.74,80,0,819,FALSE,20.216999812968645,-4.447803209341221,133098,2.9825040234158093,40.73026732182302,-73.90160761243595
40.71,-73.73,81,0,879,FALSE,21.059374805174876,-4.447803209341221,133098,2.9825040234158093,40.73026732182302,-73.90160761243595
40.71,-73.72,184,0,683,FALSE,21.9017497973823,-4.447803209341221,133098,2.9825040234158093,40.73026732182302,-73.90160761243595
40.71,-73.71,39,0,540,FALSE,22.744124789589726,-4.447803209341221,133098,2.9825040234158093,40.73026732182302,-73.90160761243595
40.71,-73.7,14,0,188,FALSE,23.586499781795954,-4.447803209341221,133098,2.9825040234158093,40.73026732182302,-73.90160761243595
40.72,-74.15,6,0,68,FALSE,-14.320374867519059,-3.3358524070061133,133098,2.9825040234158093,40.73026732182302,-73.90160761243595
40.72,-74.14,5,0,81,FALSE,-13.477999875311632,-3.3358524070061133,133098,2.9825040234158093,40.73026732182302,-73.90160761243595
40.72,-74.13,5,0,64,FALSE,-12.635624883104207,-3.3358524070061133,133098,2.9825040234158093,40.73026732182302,-73.90160761243595
40.72,-74.1,25,0,370,FALSE,-10.108499906483125,-3.3358524070061133,133098,2.9825040234158093,40.73026732182302,-73.90160761243595
40.72,-74.09,139,0,698,FALSE,-9.266124914276897,-3.3358524070061133,133098,2.9825040234158093,40.73026732182302,-73.90160761243595
40.72,-74.08,174,0,1339,FALSE,-8.42374992206947,-3.3358524070061133,133098,2.9825040234158093,40.73026732182302,-73.90160761243595
40.72,-74.07,272,0,2320,FALSE,-7.581374929862044,-3.3358524070061133,133098,2.9825040234158093,40.73026732182302,-73.90160761243595
40.72,-74.06,332,0,4694,FALSE,-6.738999937655816,-3.3358524070061133,133098,2.9825040234158093,40.73026732182302,-73.90160761243595
40.72,-74.05,1593,1,11105,FALSE,-5.896624945448391,-3.3358524070061133,4125187,92.43855523631153,40.7409730661907,-73.98207363205596
40.72,-74.04,3531,1,13158,FALSE,-5.054249953242161,-3.3358524070061133,4125187,92.43855523631153,40.7409730661907,-73.98207363205596
40.72,-74.03,1646,1,41361,TRUE,-4.211874961034735,-3.3358524070061133,4125187,92.43855523631153,40.7409730661907,-73.98207363205596
40.72,-74.02,9889,1,317688,TRUE,-3.3694999688273097,-3.3358524070061133,4125187,92.43855523631153,40.7409730661907,-73.98207363205596
40.72,-74.01,107974,1,660199,TRUE,-2.5271249766210806,-3.3358524070061133,4125187,92.43855523631153,40.7409730661907,-73.98207363205596
40.72,-74,167633,1,892398,TRUE,-1.6847499844136549,-3.3358524070061133,4125187,92.43855523631153,40.7409730661907,-73.98207363205596
40.72,-73.99,111604,1,722922,TRUE,-0.8423749922062288,-3.3358524070061133,4125187,92.43855523631153,40.7409730661907,-73.98207363205596
40.72,-73.98,38938,1,392503,TRUE,0,-3.3358524070061133,4125187,92.43855523631153,40.7409730661907,-73.98207363205596
40.72,-73.97,1581,1,213090,TRUE,0.842374992207426,-3.3358524070061133,4125187,92.43855523631153,40.7409730661907,-73.98207363205596
40.72,-73.96,45862,1,150111,TRUE,1.684749984414852,-3.3358524070061133,4125187,92.43855523631153,40.7409730661907,-73.98207363205596
40.72,-73.95,20821,1,161759,TRUE,2.5271249766210806,-3.3358524070061133,4125187,92.43855523631153,40.7409730661907,-73.98207363205596
40.72,-73.94,9486,1,83090,TRUE,3.369499968828506,-3.3358524070061133,4125187,92.43855523631153,40.7409730661907,-73.98207363205596
40.72,-73.93,193,1,36993,TRUE,4.211874961034735,-3.3358524070061133,4125187,92.43855523631153,40.7409730661907,-73.98207363205596
40.72,-73.92,60,1,11429,FALSE,5.054249953242161,-3.3358524070061133,4125187,92.43855523631153,40.7409730661907,-73.98207363205596
40.72,-73.91,347,1,8021,FALSE,5.896624945449588,-3.3358524070061133,4125187,92.43855523631153,40.7409730661907,-73.98207363205596
40.72,-73.9,417,0,3991,FALSE,6.738999937655816,-3.3358524070061133,133098,2.9825040234158093,40.73026732182302,-73.90160761243595
40.72,-73.89,329,0,3516,FALSE,7.581374929863243,-3.3358524070061133,133098,2.9825040234158093,40.73026732182302,-73.90160761243595
40.72,-73.88,395,0,3408,FALSE,8.42374992207067,-3.3358524070061133,133098,2.9825040234158093,40.73026732182302,-73.90160761243595
40.72,-73.87,408,0,4914,FALSE,9.266124914276897,-3.3358524070061133,133098,2.9825040234158093,40.73026732182302,-73.90160761243595
40.72,-73.86,619,0,7247,FALSE,10.108499906484322,-3.3358524070061133,133098,2.9825040234158093,40.73026732182302,-73.90160761243595
40.72,-73.85,1598,0,8037,FALSE,10.950874898691747,-3.3358524070061133,133098,2.9825040234158093,40.73026732182302,-73.90160761243595
40.72,-73.84,1891,0,7361,FALSE,11.793249890897977,-3.3358524070061133,133098,2.9825040234158093,40.73026732182302,-73.90160761243595
40.72,-73.83,295,0,5306,FALSE,12.635624883105404,-3.3358524070061133,133098,2.9825040234158093,40.73026732182302,-73.90160761243595
40.72,-73.82,318,0,4035,FALSE,13.477999875312829,-3.3358524070061133,133098,2.9825040234158093,40.73026732182302,-73.90160761243595
40.72,-73.81,437,0,3581,FALSE,14.320374867519059,-3.3358524070061133,133098,2.9825040234158093,40.73026732182302,-73.90160761243595
40.72,-73.8,699,0,3368,FALSE,15.162749859726485,-3.3358524070061133,133098,2.9825040234158093,40.73026732182302,-73.90160761243595
40.72,-73.79,368,0,2973,FALSE,16.00512485193271,-3.3358524070061133,133098,2.9825040234158093,40.73026732182302,-73.90160761243595
40.72,-73.78,193,0,1921,FALSE,16.84749984414014,-3.3358524070061133,133098,2.9825040234158093,40.73026732182302,-73.90160761243595
40.72,-73.77,69,0,1027,FALSE,17.689874836347567,-3.3358524070061133,133098,2.9825040234158093,40.73026732182302,-73.90160761243595
40.72,-73.76,65,0,633,FALSE,18.532249828553795,-3.3358524070061133,133098,2.9825040234158093,40.73026732182302,-73.90160761243595
40.72,-73.75,106,0,753,FALSE,19.374624820761223,-3.3358524070061133,133098,2.9825040234158093,40.73026732182302,-73.90160761243595
40.72,-73.74,141,0,809,FALSE,20.216999812968645,-3.3358524070061133,133098,2.9825040234158093,40.73026732182302,-73.90160761243595
40.72,-73.73,81,0,843,FALSE,21.059374805174876,-3.3358524070061133,133098,2.9825040234158093,40.73026732182302,-73.90160761243595
40.72,-73.72,41,0,687,FALSE,21.9017497973823,-3.3358524070061133,133098,2.9825040234158093,40.73026732182302,-73.90160761243595
40.72,-73.71,57,0,573,FALSE,22.744124789589726,-3.3358524070061133,133098,2.9825040234158093,40.73026732182302,-73.90160761243595
40.72,-73.7,50,0,278,FALSE,23.586499781795954,-3.3358524070061133,133098,2.9825040234158093,40.73026732182302,-73.90160761243595
40.73,-74.15,10,0,61,FALSE,-14.320374867519059,-2.2239016046710054,133098,2.9825040234158093,40.73026732182302,-73.90160761243595
40.73,-74.14,34,0,75,FALSE,-13.477999875311632,-2.2239016046710054,133098,2.9825040234158093,40.73026732182302,-73.90160761243595
40.73,-74.13,8,0,72,FALSE,-12.635624883104207,-2.2239016046710054,133098,2.9825040234158093,40.73026732182302,-73.90160761243595
40.73,-74.12,8,0,39,FALSE,-11.793249890897977,-2.2239016046710054,133098,2.9825040234158093,40.73026732182302,-73.90160761243595
40.73,-74.11,7,0,56,FALSE,-10.950874898690552,-2.2239016046710054,133098,2.9825040234158093,40.73026732182302,-73.90160761243595
40.73,-74.1,6,0,187,FALSE,-10.108499906483125,-2.2239016046710054,133098,2.9825040234158093,40.73026732182302,-73.90160761243595
40.73,-74.09,4,0,480,FALSE,-9.266124914276897,-2.2239016046710054,133098,2.9825040234158093,40.73026732182302,-73.90160761243595
40.73,-74.08,100,0,1283,FALSE,-8.42374992206947,-2.2239016046710054,133098,2.9825040234158093,40.73026732182302,-73.90160761243595
40.73,-74.07,371,0,2400,FALSE,-7.581374929862044,-2.2239016046710054,133098,2.9825040234158093,40.73026732182302,-73.90160761243595
40.73,-74.06,623,0,5378,FALSE,-6.738999937655816,-2.2239016046710054,133098,2.9825040234158093,40.73026732182302,-73.90160761243595
40.73,-74.05,1106,1,13273,FALSE,-5.896624945448391,-2.2239016046710054,4125187,92.43855523631153,40.7409730661907,-73.98207363205596
40.73,-74.04,2057,1,21095,TRUE,-5.054249953242161,-2.2239016046710054,4125187,92.43855523631153,40.7409730661907,-73.98207363205596
40.73,-74.03,1343,1,27711,TRUE,-4.211874961034735,-2.2239016046710054,4125187,92.43855523631153,40.7409730661907,-73.98207363205596
40.73,-74.02,3,1,299902,TRUE,-3.3694999688273097,-2.2239016046710054,4125187,92.43855523631153,40.7409730661907,-73.98207363205596
40.73,-74.01,71880,1,752792,TRUE,-2.5271249766210806,-2.2239016046710054,4125187,92.43855523631153,40.7409730661907,-73.98207363205596
40.73,-74,158561,1,1188782,TRUE,-1.6847499844136549,-2.2239016046710054,4125187,92.43855523631153,40.7409730661907,-73.98207363205596
40.73,-73.99,141765,1,1101649,TRUE,-0.8423749922062288,-2.2239016046710054,4125187,92.43855523631153,40.7409730661907,-73.98207363205596
40.73,-73.98,71146,1,659520,TRUE,0,-2.2239016046710054,4125187,92.43855523631153,40.7409730661907,-73.98207363205596
40.73,-73.97,2502,1,276172,TRUE,0.842374992207426,-2.2239016046710054,4125187,92.43855523631153,40.7409730661907,-73.98207363205596
40.73,-73.96,11255,1,117992,TRUE,1.684749984414852,-2.2239016046710054,4125187,92.43855523631153,40.7409730661907,-73.98207363205596
40.73,-73.95,10014,1,112821,TRUE,2.5271249766210806,-2.2239016046710054,4125187,92.43855523631153,40.7409730661907,-73.98207363205596
40.73,-73.94,3718,1,52780,TRUE,3.369499968828506,-2.2239016046710054,4125187,92.43855523631153,40.7409730661907,-73.98207363205596
40.73,-73.93,75,1,20655,TRUE,4.211874961034735,-2.2239016046710054,4125187,92.43855523631153,40.7409730661907,-73.98207363205596
40.73,-73.92,164,1,7319,FALSE,5.054249953242161,-2.2239016046710054,4125187,92.43855523631153,40.7409730661907,-73.98207363205596
40.73,-73.91,287,0,6610,FALSE,5.896624945449588,-2.2239016046710054,133098,2.9825040234158093,40.73026732182302,-73.90160761243595
40.73,-73.9,553,0,4496,FALSE,6.738999937655816,-2.2239016046710054,133098,2.9825040234158093,40.73026732182302,-73.90160761243595
40.73,-73.89,378,0,4820,FALSE,7.581374929863243,-2.2239016046710054,133098,2.9825040234158093,40.73026732182302,-73.90160761243595
40.73,-73.88,353,0,4880,FALSE,8.42374992207067,-2.2239016046710054,133098,2.9825040234158093,40.73026732182302,-73.90160761243595
40.73,-73.87,831,0,6225,FALSE,9.266124914276897,-2.2239016046710054,133098,2.9825040234158093,40.73026732182302,-73.90160761243595
40.73,-73.86,1465,0,8011,FALSE,10.108499906484322,-2.2239016046710054,133098,2.9825040234158093,40.73026732182302,-73.90160761243595
40.73,-73.85,1314,0,9928,FALSE,10.950874898691747,-2.2239016046710054,133098,2.9825040234158093,40.73026732182302,-73.90160761243595
40.73,-73.84,86,0,8045,FALSE,11.793249890897977,-2.2239016046710054,133098,2.9825040234158093,40.73026732182302,-73.90160761243595
40.73,-73.83,182,0,5478,FALSE,12.635624883105404,-2.2239016046710054,133098,2.9825040234158093,40.73026732182302,-73.90160761243595
40.73,-73.82,323,0,2774,FALSE,13.477999875312829,-2.2239016046710054,133098,2.9825040234158093,40.73026732182302,-73.90160761243595
40.73,-73.81,403,0,2898,FALSE,14.320374867519059,-2.2239016046710054,133098,2.9825040234158093,40.73026732182302,-73.90160761243595
40.73,-73.8,156,0,2799,FALSE,15.162749859726485,-2.2239016046710054,133098,2.9825040234158093,40.73026732182302,-73.90160761243595
40.73,-73.79,273,0,2283,FALSE,16.00512485193271,-2.2239016046710054,133098,2.9825040234158093,40.73026732182302,-73.90160761243595
40.73,-73.78,142,0,1452,FALSE,16.84749984414014,-2.2239016046710054,133098,2.9825040234158093,40.73026732182302,-73.90160761243595
40.73,-73.77,37,0,881,FALSE,17.689874836347567,-2.2239016046710054,133098,2.9825040234158093,40.73026732182302,-73.90160761243595
40.73,-73.76,47,0,609,FALSE,18.532249828553795,-2.2239016046710054,133098,2.9825040234158093,40.73026732182302,-73.90160761243595
40.73,-73.75,68,0,750,FALSE,19.374624820761223,-2.2239016046710054,133098,2.9825040234158093,40.73026732182302,-73.90160761243595
40.73,-73.74,98,0,711,FALSE,20.216999812968645,-2.2239016046710054,133098,2.9825040234158093,40.73026732182302,-73.90160761243595
40.73,-73.73,67,0,628,FALSE,21.059374805174876,-2.2239016046710054,133098,2.9825040234158093,40.73026732182302,-73.90160761243595
40.73,-73.72,70,0,549,FALSE,21.9017497973823,-2.2239016046710054,133098,2.9825040234158093,40.73026732182302,-73.90160761243595
40.73,-73.71,67,0,499,FALSE,22.744124789589726,-2.2239016046710054,133098,2.9825040234158093,40.73026732182302,-73.90160761243595
40.73,-73.7,51,0,309,FALSE,23.586499781795954,-2.2239016046710054,133098,2.9825040234158093,40.73026732182302,-73.90160761243595
40.74,-74.15,3,0,73,FALSE,-14.320374867519059,-1.111950802335108,133098,2.9825040234158093,40.73026732182302,-73.90160761243595
40.74,-74.14,3,0,82,FALSE,-13.477999875311632,-1.111950802335108,133098,2.9825040234158093,40.73026732182302,-73.90160761243595
40.74,-74.13,1,0,84,FALSE,-12.635624883104207,-1.111950802335108,133098,2.9825040234158093,40.73026732182302,-73.90160761243595
40.74,-74.12,8,0,42,FALSE,-11.793249890897977,-1.111950802335108,133098,2.9825040234158093,40.73026732182302,-73.90160761243595
40.74,-74.11,2,0,39,FALSE,-10.950874898690552,-1.111950802335108,133098,2.9825040234158093,40.73026732182302,-73.90160761243595
40.74,-74.09,4,0,142,FALSE,-9.266124914276897,-1.111950802335108,133098,2.9825040234158093,40.73026732182302,-73.90160761243595
40.74,-74.08,28,0,698,FALSE,-8.42374992206947,-1.111950802335108,133098,2.9825040234158093,40.73026732182302,-73.90160761243595
40.74,-74.07,191,0,1704,FALSE,-7.581374929862044,-1.111950802335108,133098,2.9825040234158093,40.73026732182302,-73.90160761243595
40.74,-74.06,309,0,3491,FALSE,-6.738999937655816,-1.111950802335108,133098,2.9825040234158093,40.73026732182302,-73.90160761243595
40.74,-74.05,581,1,9327,FALSE,-5.896624945448391,-1.111950802335108,4125187,92.43855523631153,40.7409730661907,-73.98207363205596
40.74,-74.04,3141,1,21150,TRUE,-5.054249953242161,-1.111950802335108,4125187,92.43855523631153,40.7409730661907,-73.98207363205596
40.74,-74.03,6097,1,20061,TRUE,-4.211874961034735,-1.111950802335108,4125187,92.43855523631153,40.7409730661907,-73.98207363205596
40.74,-74.02,4,1,222226,TRUE,-3.3694999688273097,-1.111950802335108,4125187,92.43855523631153,40.7409730661907,-73.98207363205596
40.74,-74.01,101066,1,571483,TRUE,-2.5271249766210806,-1.111950802335108,4125187,92.43855523631153,40.7409730661907,-73.98207363205596
40.74,-74,135782,1,1077127,TRUE,-1.6847499844136549,-1.111950802335108,4125187,92.43855523631153,40.7409730661907,-73.98207363205596
40.74,-73.99,192517,1,1183189,TRUE,-0.8423749922062288,-1.111950802335108,4125187,92.43855523631153,40.7409730661907,-73.98207363205596
40.74,-73.98,83703,1,909358,TRUE,0,-1.111950802335108,4125187,92.43855523631153,40.7409730661907,-73.98207363205596
40.74,-73.97,15764,1,426887,TRUE,0.842374992207426,-1.111950802335108,4125187,92.43855523631153,40.7409730661907,-73.98207363205596
40.74,-73.96,5421,1,132394,TRUE,1.684749984414852,-1.111950802335108,4125187,92.43855523631153,40.7409730661907,-73.98207363205596
40.74,-73.95,4772,1,58169,TRUE,2.5271249766210806,-1.111950802335108,4125187,92.43855523631153,40.7409730661907,-73.98207363205596
40.74,-73.94,1472,1,38834,TRUE,3.369499968828506,-1.111950802335108,4125187,92.43855523631153,40.7409730661907,-73.98207363205596
40.74,-73.93,2229,1,23990,TRUE,4.211874961034735,-1.111950802335108,4125187,92.43855523631153,40.7409730661907,-73.98207363205596
40.74,-73.92,3258,1,12562,FALSE,5.054249953242161,-1.111950802335108,4125187,92.43855523631153,40.7409730661907,-73.98207363205596
40.74,-73.91,706,1,10276,FALSE,5.896624945449588,-1.111950802335108,4125187,92.43855523631153,40.7409730661907,-73.98207363205596
40.74,-73.9,818,0,7794,FALSE,6.738999937655816,-1.111950802335108,133098,2.9825040234158093,40.73026732182302,-73.90160761243595
40.74,-73.89,661,0,7456,FALSE,7.581374929863243,-1.111950802335108,133098,2.9825040234158093,40.73026732182302,-73.90160761243595
40.74,-73.88,916,0,6855,FALSE,8.42374992207067,-1.111950802335108,133098,2.9825040234158093,40.73026732182302,-73.90160761243595
40.74,-73.87,609,0,6469,FALSE,9.266124914276897,-1.111950802335108,133098,2.9825040234158093,40.73026732182302,-73.90160761243595
40.74,-73.86,629,0,8646,FALSE,10.108499906484322,-1.111950802335108,133098,2.9825040234158093,40.73026732182302,-73.90160761243595
40.74,-73.85,538,0,9205,FALSE,10.950874898691747,-1.111950802335108,133098,2.9825040234158093,40.73026732182302,-73.90160761243595
40.74,-73.84,1788,0,7830,FALSE,11.793249890897977,-1.111950802335108,133098,2.9825040234158093,40.73026732182302,-73.90160761243595
40.74,-73.83,353,0,4240,FALSE,12.635624883105404,-1.111950802335108,133098,2.9825040234158093,40.73026732182302,-73.90160761243595
40.74,-73.82,242,0,2579,FALSE,13.477999875312829,-1.111950802335108,133098,2.9825040234158093,40.73026732182302,-73.90160761243595
40.74,-73.81,221,0,1836,FALSE,14.320374867519059,-1.111950802335108,133098,2.9825040234158093,40.73026732182302,-73.90160761243595
40.74,-73.8,99,0,1477,FALSE,15.162749859726485,-1.111950802335108,133098,2.9825040234158093,40.73026732182302,-73.90160761243595
40.74,-73.79,143,0,1211,FALSE,16.00512485193271,-1.111950802335108,133098,2.9825040234158093,40.73026732182302,-73.90160761243595
40.74,-73.78,210,0,1017,FALSE,16.84749984414014,-1.111950802335108,133098,2.9825040234158093,40.73026732182302,-73.90160761243595
40.74,-73.77,17,0,763,FALSE,17.689874836347567,-1.111950802335108,133098,2.9825040234158093,40.73026732182302,-73.90160761243595
40.74,-73.76,101,0,608,FALSE,18.532249828553795,-1.111950802335108,133098,2.9825040234158093,40.73026732182302,-73.90160761243595
40.74,-73.75,99,0,659,FALSE,19.374624820761223,-1.111950802335108,133098,2.9825040234158093,40.73026732182302,-73.90160761243595
40.74,-73.74,25,0,540,FALSE,20.216999812968645,-1.111950802335108,133098,2.9825040234158093,40.73026732182302,-73.90160761243595
40.74,-73.73,26,0,559,FALSE,21.059374805174876,-1.111950802335108,133098,2.9825040234158093,40.73026732182302,-73.90160761243595
40.74,-73.72,79,0,699,FALSE,21.9017497973823,-1.111950802335108,133098,2.9825040234158093,40.73026732182302,-73.90160761243595
40.74,-73.71,61,0,667,FALSE,22.744124789589726,-1.111950802335108,133098,2.9825040234158093,40.73026732182302,-73.90160761243595
40.74,-73.7,23,0,394,FALSE,23.586499781795954,-1.111950802335108,133098,2.9825040234158093,40.73026732182302,-73.90160761243595
40.75,-74.15,7,0,40,FALSE,-14.320374867519059,0,133098,2.9825040234158093,40.73026732182302,-73.90160761243595
40.75,-74.14,16,0,41,FALSE,-13.477999875311632,0,133098,2.9825040234158093,40.73026732182302,-73.90160761243595
40.75,-74.12,6,0,23,FALSE,-11.793249890897977,0,133098,2.9825040234158093,40.73026732182302,-73.90160761243595
40.75,-74.11,2,0,25,FALSE,-10.950874898690552,0,133098,2.9825040234158093,40.73026732182302,-73.90160761243595
40.75,-74.06,82,0,1517,FALSE,-6.738999937655816,0,133098,2.9825040234158093,40.73026732182302,-73.90160761243595
40.75,-74.05,228,1,5756,FALSE,-5.896624945448391,0,4125187,92.43855523631153,40.7409730661907,-73.98207363205596
40.75,-74.04,1200,1,17628,FALSE,-5.054249953242161,0,4125187,92.43855523631153,40.7409730661907,-73.98207363205596
40.75,-74.03,5397,1,18122,FALSE,-4.211874961034735,0,4125187,92.43855523631153,40.7409730661907,-73.98207363205596
40.75,-74.02,819,1,150393,TRUE,-3.3694999688273097,0,4125187,92.43855523631153,40.7409730661907,-73.98207363205596
40.75,-74.01,35617,1,393701,TRUE,-2.5271249766210806,0,4125187,92.43855523631153,40.7409730661907,-73.98207363205596
40.75,-74,67751,1,877868,TRUE,-1.6847499844136549,0,4125187,92.43855523631153,40.7409730661907,-73.98207363205596
40.75,-73.99,172188,1,1211279,TRUE,-0.8423749922062288,0,4125187,92.43855523631153,40.7409730661907,-73.98207363205596
40.75,-73.98,159776,1,1257051,TRUE,0,0,4125187,92.43855523631153,40.7409730661907,-73.98207363205596
40.75,-73.97,69997,1,827015,TRUE,0.842374992207426,0,4125187,92.43855523631153,40.7409730661907,-73.98207363205596
40.75,-73.96,7323,1,370181,TRUE,1.684749984414852,0,4125187,92.43855523631153,40.7409730661907,-73.98207363205596
40.75,-73.95,5346,1,79959,TRUE,2.5271249766210806,0,4125187,92.43855523631153,40.7409730661907,-73.98207363205596
40.75,-73.94,8848,1,32826,TRUE,3.369499968828506,0,4125187,92.43855523631153,40.7409730661907,-73.98207363205596
40.75,-73.93,2360,1,31022,TRUE,4.211874961034735,0,4125187,92.43855523631153,40.7409730661907,-73.98207363205596
40.75,-73.92,1866,1,24867,TRUE,5.054249953242161,0,4125187,92.43855523631153,40.7409730661907,-73.98207363205596
40.75,-73.91,1617,1,18971,FALSE,5.896624945449588,0,4125187,92.43855523631153,40.7409730661907,-73.98207363205596
40.75,-73.9,1007,1,10369,FALSE,6.738999937655816,0,4125187,92.43855523631153,40.7409730661907,-73.98207363205596
40.75,-73.89,1767,1,7868,FALSE,7.581374929863243,0,4125187,92.43855523631153,40.7409730661907,-73.98207363205596
40.75,-73.88,1003,3,6689,FALSE,8.42374992207067,0,96701,2.16690800439024,40.768817695783916,-73.86626187940145
40.75,-73.87,337,3,5072,FALSE,9.266124914276897,0,96701,2.16690800439024,40.768817695783916,-73.86626187940145
40.75,-73.86,326,3,6107,FALSE,10.108499906484322,0,96701,2.16690800439024,40.768817695783916,-73.86626187940145
40.75,-73.85,2597,3,8553,FALSE,10.950874898691747,0,96701,2.16690800439024,40.768817695783916,-73.86626187940145
40.75,-73.84,462,3,10129,FALSE,11.793249890897977,0,96701,2.16690800439024,40.768817695783916,-73.86626187940145
40.75,-73.83,510,0,7513,FALSE,12.635624883105404,0,133098,2.9825040234158093,40.73026732182302,-73.90160761243595
40.75,-73.82,294,0,4256,FALSE,13.477999875312829,0,133098,2.9825040234158093,40.73026732182302,-73.90160761243595
40.75,-73.81,51,0,1726,FALSE,14.320374867519059,0,133098,2.9825040234158093,40.73026732182302,-73.90160761243595
40.75,-73.8,47,0,1237,FALSE,15.162749859726485,0,133098,2.9825040234158093,40.73026732182302,-73.90160761243595
40.75,-73.79,84,0,1146,FALSE,16.00512485193271,0,133098,2.9825040234158093,40.73026732182302,-73.90160761243595
40.75,-73.78,57,0,1321,FALSE,16.84749984414014,0,133098,2.9825040234158093,40.73026732182302,-73.90160761243595
40.75,-73.77,54,0,1258,FALSE,17.689874836347567,0,133098,2.9825040234158093,40.73026732182302,-73.90160761243595
40.75,-73.76,98,0,1093,FALSE,18.532249828553795,0,133098,2.9825040234158093,40.73026732182302,-73.90160761243595
40.75,-73.75,87,0,655,FALSE,19.374624820761223,0,133098,2.9825040234158093,40.73026732182302,-73.90160761243595
40.75,-73.74,36,0,449,FALSE,20.216999812968645,0,133098,2.9825040234158093,40.73026732182302,-73.90160761243595
40.75,-73.73,34,0,468,FALSE,21.059374805174876,0,133098,2.9825040234158093,40.73026732182302,-73.90160761243595
40.75,-73.72,124,0,687,FALSE,21.9017497973823,0,133098,2.9825040234158093,40.73026732182302,-73.90160761243595
40.75,-73.71,171,0,636,FALSE,22.744124789589726,0,133098,2.9825040234158093,40.73026732182302,-73.90160761243595
40.75,-73.7,21,0,394,FALSE,23.586499781795954,0,133098,2.9825040234158093,40.73026732182302,-73.90160761243595
40.76,-74.15,6,0,41,FALSE,-14.320374867519059,1.111950802335108,133098,2.9825040234158093,40.73026732182302,-73.90160761243595
40.76,-74.14,5,0,43,FALSE,-13.477999875311632,1.111950802335108,133098,2.9825040234158093,40.73026732182302,-73.90160761243595
40.76,-74.11,4,0,16,FALSE,-10.950874898690552,1.111950802335108,133098,2.9825040234158093,40.73026732182302,-73.90160761243595
40.76,-74.1,3,0,11,FALSE,-10.108499906483125,1.111950802335108,133098,2.9825040234158093,40.73026732182302,-73.90160761243595
40.76,-74.09,1,0,134,FALSE,-9.266124914276897,1.111950802335108,133098,2.9825040234158093,40.73026732182302,-73.90160761243595
40.76,-74.08,115,0,209,FALSE,-8.42374992206947,1.111950802335108,133098,2.9825040234158093,40.73026732182302,-73.90160761243595
40.76,-74.07,59,0,333,FALSE,-7.581374929862044,1.111950802335108,133098,2.9825040234158093,40.73026732182302,-73.90160761243595
40.76,-74.06,3,0,500,FALSE,-6.738999937655816,1.111950802335108,133098,2.9825040234158093,40.73026732182302,-73.90160761243595
40.76,-74.05,64,0,1932,FALSE,-5.896624945448391,1.111950802335108,133098,2.9825040234158093,40.73026732182302,-73.90160761243595
40.76,-74.04,148,0,8324,FALSE,-5.054249953242161,1.111950802335108,133098,2.9825040234158093,40.73026732182302,-73.90160761243595
40.76,-74.03,772,1,9833,FALSE,-4.211874961034735,1.111950802335108,4125187,92.43855523631153,40.7409730661907,-73.98207363205596
40.76,-74.02,544,1,44081,TRUE,-3.3694999688273097,1.111950802335108,4125187,92.43855523631153,40.7409730661907,-73.98207363205596
40.76,-74.01,77,1,160254,TRUE,-2.5271249766210806,1.111950802335108,4125187,92.43855523631153,40.7409730661907,-73.98207363205596
40.76,-74,52041,1,495559,TRUE,-1.6847499844136549,1.111950802335108,4125187,92.43855523631153,40.7409730661907,-73.98207363205596
40.76,-73.99,120829,1,925695,TRUE,-0.8423749922062288,1.111950802335108,4125187,92.43855523631153,40.7409730661907,-73.98207363205596
40.76,-73.98,226692,1,1127644,TRUE,0,1.111950802335108,4125187,92.43855523631153,40.7409730661907,-73.98207363205596
40.76,-73.97,215585,1,927652,TRUE,0.842374992207426,1.111950802335108,4125187,92.43855523631153,40.7409730661907,-73.98207363205596
40.76,-73.96,42754,1,515273,TRUE,1.684749984414852,1.111950802335108,4125187,92.43855523631153,40.7409730661907,-73.98207363205596
40.76,-73.95,3219,1,201714,TRUE,2.5271249766210806,1.111950802335108,4125187,92.43855523631153,40.7409730661907,-73.98207363205596
40.76,-73.94,804,1,73409,TRUE,3.369499968828506,1.111950802335108,4125187,92.43855523631153,40.7409730661907,-73.98207363205596
40.76,-73.93,3776,1,33898,TRUE,4.211874961034735,1.111950802335108,4125187,92.43855523631153,40.7409730661907,-73.98207363205596
40.76,-73.92,6409,1,30435,TRUE,5.054249953242161,1.111950802335108,4125187,92.43855523631153,40.7409730661907,-73.98207363205596
40.76,-73.91,2646,1,24621,TRUE,5.896624945449588,1.111950802335108,4125187,92.43855523631153,40.7409730661907,-73.98207363205596
40.76,-73.9,644,1,23035,TRUE,6.738999937655816,1.111950802335108,4125187,92.43855523631153,40.7409730661907,-73.98207363205596
40.76,-73.89,503,1,19170,FALSE,7.581374929863243,1.111950802335108,4125187,92.43855523631153,40.7409730661907,-73.98207363205596
40.76,-73.88,549,3,77617,TRUE,8.42374992207067,1.111950802335108,96701,2.16690800439024,40.768817695783916,-73.86626187940145
40.76,-73.87,344,3,90883,TRUE,9.266124914276897,1.111950802335108,96701,2.16690800439024,40.768817695783916,-73.86626187940145
40.76,-73.86,359,3,90111,TRUE,10.108499906484322,1.111950802335108,96701,2.16690800439024,40.768817695783916,-73.86626187940145
40.76,-73.85,368,3,30769,TRUE,10.950874898691747,1.111950802335108,96701,2.16690800439024,40.768817695783916,-73.86626187940145
40.76,-73.84,1486,3,7832,FALSE,11.793249890897977,1.111950802335108,96701,2.16690800439024,40.768817695783916,-73.86626187940145
40.76,-73.83,2027,0,5692,FALSE,12.635624883105404,1.111950802335108,133098,2.9825040234158093,40.73026732182302,-73.90160761243595
40.76,-73.82,351,0,3949,FALSE,13.477999875312829,1.111950802335108,133098,2.9825040234158093,40.73026732182302,-73.90160761243595
40.76,-73.81,207,0,1523,FALSE,14.320374867519059,1.111950802335108,133098,2.9825040234158093,40.73026732182302,-73.90160761243595
40.76,-73.8,214,0,1059,FALSE,15.162749859726485,1.111950802335108,133098,2.9825040234158093,40.73026732182302,-73.90160761243595
40.76,-73.79,171,0,958,FALSE,16.00512485193271,1.111950802335108,133098,2.9825040234158093,40.73026732182302,-73.90160761243595
40.76,-73.78,121,0,1264,FALSE,16.84749984414014,1.111950802335108,133098,2.9825040234158093,40.73026732182302,-73.90160761243595
40.76,-73.77,464,0,1131,FALSE,17.689874836347567,1.111950802335108,133098,2.9825040234158093,40.73026732182302,-73.90160761243595
40.76,-73.76,136,0,1081,FALSE,18.532249828553795,1.111950802335108,133098,2.9825040234158093,40.73026732182302,-73.90160761243595
40.76,-73.75,37,0,641,FALSE,19.374624820761223,1.111950802335108,133098,2.9825040234158093,40.73026732182302,-73.90160761243595
40.76,-73.74,36,0,561,FALSE,20.216999812968645,1.111950802335108,133098,2.9825040234158093,40.73026732182302,-73.90160761243595
40.76,-73.73,69,0,547,FALSE,21.059374805174876,1.111950802335108,133098,2.9825040234158093,40.73026732182302,-73.90160761243595
40.76,-73.72,39,0,676,FALSE,21.9017497973823,1.111950802335108,133098,2.9825040234158093,40.73026732182302,-73.90160761243595
40.76,-73.71,84,0,620,FALSE,22.744124789589726,1.111950802335108,133098,2.9825040234158093,40.73026732182302,-73.90160761243595
40.76,-73.7,34,0,424,FALSE,23.586499781795954,1.111950802335108,133098,2.9825040234158093,40.73026732182302,-73.90160761243595
40.77,-74.15,2,0,31,FALSE,-14.320374867519059,2.2239016046710054,133098,2.9825040234158093,40.73026732182302,-73.90160761243595
40.77,-74.14,5,0,39,FALSE,-13.477999875311632,2.2239016046710054,133098,2.9825040234158093,40.73026732182302,-73.90160761243595
40.77,-74.13,2,0,29,FALSE,-12.635624883104207,2.2239016046710054,133098,2.9825040234158093,40.73026732182302,-73.90160761243595
40.77,-74.1,1,0,10,FALSE,-10.108499906483125,2.2239016046710054,133098,2.9825040234158093,40.73026732182302,-73.90160761243595
40.77,-74.08,14,0,301,FALSE,-8.42374992206947,2.2239016046710054,133098,2.9825040234158093,40.73026732182302,-73.90160761243595
40.77,-74.07,20,0,361,FALSE,-7.581374929862044,2.2239016046710054,133098,2.9825040234158093,40.73026732182302,-73.90160761243595
40.77,-74.06,40,0,330,FALSE,-6.738999937655816,2.2239016046710054,133098,2.9825040234158093,40.73026732182302,-73.90160761243595
40.77,-74.05,4,0,550,FALSE,-5.896624945448391,2.2239016046710054,133098,2.9825040234158093,40.73026732182302,-73.90160761243595
40.77,-74.04,163,0,1678,FALSE,-5.054249953242161,2.2239016046710054,133098,2.9825040234158093,40.73026732182302,-73.90160761243595
40.77,-74.03,348,1,2783,FALSE,-4.211874961034735,2.2239016046710054,4125187,92.43855523631153,40.7409730661907,-73.98207363205596
40.77,-74.02,442,1,3006,FALSE,-3.3694999688273097,2.2239016046710054,4125187,92.43855523631153,40.7409730661907,-73.98207363205596
40.77,-74.01,65,1,56835,TRUE,-2.5271249766210806,2.2239016046710054,4125187,92.43855523631153,40.7409730661907,-73.98207363205596
40.77,-74,2898,1,235119,TRUE,-1.6847499844136549,2.2239016046710054,4125187,92.43855523631153,40.7409730661907,-73.98207363205596
40.77,-73.99,44093,1,602154,TRUE,-0.8423749922062288,2.2239016046710054,4125187,92.43855523631153,40.7409730661907,-73.98207363205596
40.77,-73.98,79427,1,813823,TRUE,0,2.2239016046710054,4125187,92.43855523631153,40.7409730661907,-73.98207363205596
40.77,-73.97,39057,1,821716,TRUE,0.842374992207426,2.2239016046710054,4125187,92.43855523631153,40.7409730661907,-73.98207363205596
40.77,-73.96,87041,1,556175,TRUE,1.684749984414852,2.2239016046710054,4125187,92.43855523631153,40.7409730661907,-73.98207363205596
40.77,-73.95,44951,1,295101,TRUE,2.5271249766210806,2.2239016046710054,4125187,92.43855523631153,40.7409730661907,-73.98207363205596
40.77,-73.94,1428,1,114552,TRUE,3.369499968828506,2.2239016046710054,4125187,92.43855523631153,40.7409730661907,-73.98207363205596
40.77,-73.93,2677,1,26073,TRUE,4.211874961034735,2.2239016046710054,4125187,92.43855523631153,40.7409730661907,-73.98207363205596
40.77,-73.92,5730,1,28545,TRUE,5.054249953242161,2.2239016046710054,4125187,92.43855523631153,40.7409730661907,-73.98207363205596
40.77,-73.91,3354,1,24176,TRUE,5.896624945449588,2.2239016046710054,4125187,92.43855523631153,40.7409730661907,-73.98207363205596
40.77,-73.9,1348,1,21225,TRUE,6.738999937655816,2.2239016046710054,4125187,92.43855523631153,40.7409730661907,-73.98207363205596
40.77,-73.89,10149,1,15889,FALSE,7.581374929863243,2.2239016046710054,4125187,92.43855523631153,40.7409730661907,-73.98207363205596
40.77,-73.88,2200,3,74528,TRUE,8.42374992207067,2.2239016046710054,96701,2.16690800439024,40.768817695783916,-73.86626187940145
40.77,-73.87,60765,3,89234,TRUE,9.266124914276897,2.2239016046710054,96701,2.16690800439024,40.768817695783916,-73.86626187940145
40.77,-73.86,25000,3,87012,TRUE,10.108499906484322,2.2239016046710054,96701,2.16690800439024,40.768817695783916,-73.86626187940145
40.77,-73.85,15,3,27719,TRUE,10.950874898691747,2.2239016046710054,96701,2.16690800439024,40.768817695783916,-73.86626187940145
40.77,-73.84,156,3,4718,FALSE,11.793249890897977,2.2239016046710054,96701,2.16690800439024,40.768817695783916,-73.86626187940145
40.77,-73.83,211,0,4865,FALSE,12.635624883105404,2.2239016046710054,133098,2.9825040234158093,40.73026732182302,-73.90160761243595
40.77,-73.82,195,0,3455,FALSE,13.477999875312829,2.2239016046710054,133098,2.9825040234158093,40.73026732182302,-73.90160761243595
40.77,-73.81,103,0,1463,FALSE,14.320374867519059,2.2239016046710054,133098,2.9825040234158093,40.73026732182302,-73.90160761243595
40.77,-73.8,61,0,1152,FALSE,15.162749859726485,2.2239016046710054,133098,2.9825040234158093,40.73026732182302,-73.90160761243595
40.77,-73.79,121,0,1138,FALSE,16.00512485193271,2.2239016046710054,133098,2.9825040234158093,40.73026732182302,-73.90160761243595
40.77,-73.78,82,0,1423,FALSE,16.84749984414014,2.2239016046710054,133098,2.9825040234158093,40.73026732182302,-73.90160761243595
40.77,-73.77,110,0,1204,FALSE,17.689874836347567,2.2239016046710054,133098,2.9825040234158093,40.73026732182302,-73.90160761243595
40.77,-73.76,9,0,965,FALSE,18.532249828553795,2.2239016046710054,133098,2.9825040234158093,40.73026732182302,-73.90160761243595
40.77,-73.75,86,0,469,FALSE,19.374624820761223,2.2239016046710054,133098,2.9825040234158093,40.73026732182302,-73.90160761243595
40.77,-73.74,116,0,634,FALSE,20.216999812968645,2.2239016046710054,133098,2.9825040234158093,40.73026732182302,-73.90160761243595
40.77,-73.73,60,0,620,FALSE,21.059374805174876,2.2239016046710054,133098,2.9825040234158093,40.73026732182302,-73.90160761243595
40.77,-73.72,33,0,670,FALSE,21.9017497973823,2.2239016046710054,133098,2.9825040234158093,40.73026732182302,-73.90160761243595
40.77,-73.71,62,0,544,FALSE,22.744124789589726,2.2239016046710054,133098,2.9825040234158093,40.73026732182302,-73.90160761243595
40.77,-73.7,52,0,396,FALSE,23.586499781795954,2.2239016046710054,133098,2.9825040234158093,40.73026732182302,-73.90160761243595
40.78,-74.15,2,0,41,FALSE,-14.320374867519059,3.3358524070061133,133098,2.9825040234158093,40.73026732182302,-73.90160761243595
40.78,-74.14,11,0,53,FALSE,-13.477999875311632,3.3358524070061133,133098,2.9825040234158093,40.73026732182302,-73.90160761243595
40.78,-74.13,6,0,44,FALSE,-12.635624883104207,3.3358524070061133,133098,2.9825040234158093,40.73026732182302,-73.90160761243595
40.78,-74.09,1,0,55,FALSE,-9.266124914276897,3.3358524070061133,133098,2.9825040234158093,40.73026732182302,-73.90160761243595
40.78,-74.08,17,0,223,FALSE,-8.42374992206947,3.3358524070061133,133098,2.9825040234158093,40.73026732182302,-73.90160761243595
40.78,-74.07,74,0,338,FALSE,-7.581374929862044,3.3358524070061133,133098,2.9825040234158093,40.73026732182302,-73.90160761243595
40.78,-74.06,19,0,488,FALSE,-6.738999937655816,3.3358524070061133,133098,2.9825040234158093,40.73026732182302,-73.90160761243595
40.78,-74.05,47,0,956,FALSE,-5.896624945448391,3.3358524070061133,133098,2.9825040234158093,40.73026732182302,-73.90160761243595
40.78,-74.04,62,0,1268,FALSE,-5.054249953242161,3.3358524070061133,133098,2.9825040234158093,40.73026732182302,-73.90160761243595
40.78,-74.03,70,0,1813,FALSE,-4.211874961034735,3.3358524070061133,133098,2.9825040234158093,40.73026732182302,-73.90160761243595
40.78,-74.02,234,1,1855,FALSE,-3.3694999688273097,3.3358524070061133,4125187,92.43855523631153,40.7409730661907,-73.98207363205596
40.78,-74.01,454,1,4644,FALSE,-2.5271249766210806,3.3358524070061133,4125187,92.43855523631153,40.7409730661907,-73.98207363205596
40.78,-74,80,1,62586,TRUE,-1.6847499844136549,3.3358524070061133,4125187,92.43855523631153,40.7409730661907,-73.98207363205596
40.78,-73.99,14582,1,227877,TRUE,-0.8423749922062288,3.3358524070061133,4125187,92.43855523631153,40.7409730661907,-73.98207363205596
40.78,-73.98,61512,1,308371,TRUE,0,3.3358524070061133,4125187,92.43855523631153,40.7409730661907,-73.98207363205596
40.78,-73.97,12046,1,399002,TRUE,0.842374992207426,3.3358524070061133,4125187,92.43855523631153,40.7409730661907,-73.98207363205596
40.78,-73.96,57602,1,343931,TRUE,1.684749984414852,3.3358524070061133,4125187,92.43855523631153,40.7409730661907,-73.98207363205596
40.78,-73.95,53920,1,268647,TRUE,2.5271249766210806,3.3358524070061133,4125187,92.43855523631153,40.7409730661907,-73.98207363205596
40.78,-73.94,3382,1,123573,TRUE,3.369499968828506,3.3358524070061133,4125187,92.43855523631153,40.7409730661907,-73.98207363205596
40.78,-73.93,395,1,20997,TRUE,4.211874961034735,3.3358524070061133,4125187,92.43855523631153,40.7409730661907,-73.98207363205596
40.78,-73.92,1472,1,18009,FALSE,5.054249953242161,3.3358524070061133,4125187,92.43855523631153,40.7409730661907,-73.98207363205596
40.78,-73.91,2086,1,15599,FALSE,5.896624945449588,3.3358524070061133,4125187,92.43855523631153,40.7409730661907,-73.98207363205596
40.78,-73.9,487,1,17432,FALSE,6.738999937655816,3.3358524070061133,4125187,92.43855523631153,40.7409730661907,-73.98207363205596
40.78,-73.89,8,1,14193,FALSE,7.581374929863243,3.3358524070061133,4125187,92.43855523631153,40.7409730661907,-73.98207363205596
40.78,-73.88,1,3,73132,TRUE,8.42374992207067,3.3358524070061133,96701,2.16690800439024,40.768817695783916,-73.86626187940145
40.78,-73.87,9,3,87991,TRUE,9.266124914276897,3.3358524070061133,96701,2.16690800439024,40.768817695783916,-73.86626187940145
40.78,-73.86,7,3,86001,TRUE,10.108499906484322,3.3358524070061133,96701,2.16690800439024,40.768817695783916,-73.86626187940145
40.78,-73.85,145,3,25895,TRUE,10.950874898691747,3.3358524070061133,96701,2.16690800439024,40.768817695783916,-73.86626187940145
40.78,-73.84,183,3,1282,FALSE,11.793249890897977,3.3358524070061133,96701,2.16690800439024,40.768817695783916,-73.86626187940145
40.78,-73.83,127,0,1475,FALSE,12.635624883105404,3.3358524070061133,133098,2.9825040234158093,40.73026732182302,-73.90160761243595
40.78,-73.82,129,0,1128,FALSE,13.477999875312829,3.3358524070061133,133098,2.9825040234158093,40.73026732182302,-73.90160761243595
40.78,-73.81,105,0,1037,FALSE,14.320374867519059,3.3358524070061133,133098,2.9825040234158093,40.73026732182302,-73.90160761243595
40.78,-73.8,98,0,952,FALSE,15.162749859726485,3.3358524070061133,133098,2.9825040234158093,40.73026732182302,-73.90160761243595
40.78,-73.79,72,0,948,FALSE,16.00512485193271,3.3358524070061133,133098,2.9825040234158093,40.73026732182302,-73.90160761243595
40.78,-73.78,198,0,831,FALSE,16.84749984414014,3.3358524070061133,133098,2.9825040234158093,40.73026732182302,-73.90160761243595
40.78,-73.77,84,0,521,FALSE,17.689874836347567,3.3358524070061133,133098,2.9825040234158093,40.73026732182302,-73.90160761243595
40.78,-73.75,39,0,300,FALSE,19.374624820761223,3.3358524070061133,133098,2.9825040234158093,40.73026732182302,-73.90160761243595
40.78,-73.74,10,0,804,FALSE,20.216999812968645,3.3358524070061133,133098,2.9825040234158093,40.73026732182302,-73.90160761243595
40.78,-73.73,181,0,823,FALSE,21.059374805174876,3.3358524070061133,133098,2.9825040234158093,40.73026732182302,-73.90160761243595
40.78,-73.72,76,0,821,FALSE,21.9017497973823,3.3358524070061133,133098,2.9825040234158093,40.73026732182302,-73.90160761243595
40.78,-73.71,66,0,480,FALSE,22.744124789589726,3.3358524070061133,133098,2.9825040234158093,40.73026732182302,-73.90160761243595
40.78,-73.7,98,0,323,FALSE,23.586499781795954,3.3358524070061133,133098,2.9825040234158093,40.73026732182302,-73.90160761243595
40.79,-74.15,5,0,47,FALSE,-14.320374867519059,4.447803209341221,133098,2.9825040234158093,40.73026732182302,-73.90160761243595
40.79,-74.14,16,0,72,FALSE,-13.477999875311632,4.447803209341221,133098,2.9825040234158093,40.73026732182302,-73.90160761243595
40.79,-74.13,4,0,66,FALSE,-12.635624883104207,4.447803209341221,133098,2.9825040234158093,40.73026732182302,-73.90160761243595
40.79,-74.1,1,0,46,FALSE,-10.108499906483125,4.447803209341221,133098,2.9825040234158093,40.73026732182302,-73.90160761243595
40.79,-74.09,1,0,71,FALSE,-9.266124914276897,4.447803209341221,133098,2.9825040234158093,40.73026732182302,-73.90160761243595
40.79,-74.08,20,0,255,FALSE,-8.42374992206947,4.447803209341221,133098,2.9825040234158093,40.73026732182302,-73.90160761243595
40.79,-74.07,76,0,432,FALSE,-7.581374929862044,4.447803209341221,133098,2.9825040234158093,40.73026732182302,-73.90160761243595
40.79,-74.06,58,0,615,FALSE,-6.738999937655816,4.447803209341221,133098,2.9825040234158093,40.73026732182302,-73.90160761243595
40.79,-74.05,150,0,876,FALSE,-5.896624945448391,4.447803209341221,133098,2.9825040234158093,40.73026732182302,-73.90160761243595
40.79,-74.04,413,0,786,FALSE,-5.054249953242161,4.447803209341221,133098,2.9825040234158093,40.73026732182302,-73.90160761243595
40.79,-74.03,11,0,917,FALSE,-4.211874961034735,4.447803209341221,133098,2.9825040234158093,40.73026732182302,-73.90160761243595
40.79,-74.02,70,0,1102,FALSE,-3.3694999688273097,4.447803209341221,133098,2.9825040234158093,40.73026732182302,-73.90160761243595
40.79,-74.01,161,1,1419,FALSE,-2.5271249766210806,4.447803209341221,4125187,92.43855523631153,40.7409730661907,-73.98207363205596
40.79,-74,240,1,15760,FALSE,-1.6847499844136549,4.447803209341221,4125187,92.43855523631153,40.7409730661907,-73.98207363205596
40.79,-73.99,13,1,102581,TRUE,-0.8423749922062288,4.447803209341221,4125187,92.43855523631153,40.7409730661907,-73.98207363205596
40.79,-73.98,25032,1,162494,TRUE,0,4.447803209341221,4125187,92.43855523631153,40.7409730661907,-73.98207363205596
40.79,-73.97,32609,1,218396,TRUE,0.842374992207426,4.447803209341221,4125187,92.43855523631153,40.7409730661907,-73.98207363205596
40.79,-73.96,4676,1,203398,TRUE,1.684749984414852,4.447803209341221,4125187,92.43855523631153,40.7409730661907,-73.98207363205596
40.79,-73.95,12029,1,155026,TRUE,2.5271249766210806,4.447803209341221,4125187,92.43855523631153,40.7409730661907,-73.98207363205596
40.79,-73.94,3618,1,88757,TRUE,3.369499968828506,4.447803209341221,4125187,92.43855523631153,40.7409730661907,-73.98207363205596
40.79,-73.93,1173,1,19376,FALSE,4.211874961034735,4.447803209341221,4125187,92.43855523631153,40.7409730661907,-73.98207363205596
40.79,-73.92,1122,1,9700,FALSE,5.054249953242161,4.447803209341221,4125187,92.43855523631153,40.7409730661907,-73.98207363205596
40.79,-73.86,9,3,233,FALSE,10.108499906484322,4.447803209341221,96701,2.16690800439024,40.768817695783916,-73.86626187940145
40.79,-73.85,51,3,733,FALSE,10.950874898691747,4.447803209341221,96701,2.16690800439024,40.768817695783916,-73.86626187940145
40.79,-73.84,329,3,910,FALSE,11.793249890897977,4.447803209341221,96701,2.16690800439024,40.768817695783916,-73.86626187940145
40.79,-73.83,65,0,978,FALSE,12.635624883105404,4.447803209341221,133098,2.9825040234158093,40.73026732182302,-73.90160761243595
40.79,-73.82,80,0,692,FALSE,13.477999875312829,4.447803209341221,133098,2.9825040234158093,40.73026732182302,-73.90160761243595
40.79,-73.81,113,0,752,FALSE,14.320374867519059,4.447803209341221,133098,2.9825040234158093,40.73026732182302,-73.90160761243595
40.79,-73.8,153,0,678,FALSE,15.162749859726485,4.447803209341221,133098,2.9825040234158093,40.73026732182302,-73.90160761243595
40.79,-73.79,126,0,687,FALSE,16.00512485193271,4.447803209341221,133098,2.9825040234158093,40.73026732182302,-73.90160761243595
40.79,-73.78,37,0,519,FALSE,16.84749984414014,4.447803209341221,133098,2.9825040234158093,40.73026732182302,-73.90160761243595
40.79,-73.77,1,0,320,FALSE,17.689874836347567,4.447803209341221,133098,2.9825040234158093,40.73026732182302,-73.90160761243595
40.79,-73.75,13,0,133,FALSE,19.374624820761223,4.447803209341221,133098,2.9825040234158093,40.73026732182302,-73.90160761243595
40.79,-73.74,27,0,600,FALSE,20.216999812968645,4.447803209341221,133098,2.9825040234158093,40.73026732182302,-73.90160761243595
40.79,-73.73,272,0,678,FALSE,21.059374805174876,4.447803209341221,133098,2.9825040234158093,40.73026732182302,-73.90160761243595
40.79,-73.72,48,0,713,FALSE,21.9017497973823,4.447803209341221,133098,2.9825040234158093,40.73026732182302,-73.90160761243595
40.79,-73.71,23,0,385,FALSE,22.744124789589726,4.447803209341221,133098,2.9825040234158093,40.73026732182302,-73.90160761243595
40.79,-73.7,22,0,244,FALSE,23.586499781795954,4.447803209341221,133098,2.9825040234158093,40.73026732182302,-73.90160761243595
40.8,-74.15,6,0,66,FALSE,-14.320374867519059,5.559754011676328,133098,2.9825040234158093,40.73026732182302,-73.90160761243595
40.8,-74.14,7,0,91,FALSE,-13.477999875311632,5.559754011676328,133098,2.9825040234158093,40.73026732182302,-73.90160761243595
40.8,-74.13,15,0,101,FALSE,-12.635624883104207,5.559754011676328,133098,2.9825040234158093,40.73026732182302,-73.90160761243595
40.8,-74.12,7,0,101,FALSE,-11.793249890897977,5.559754011676328,133098,2.9825040234158093,40.73026732182302,-73.90160761243595
40.8,-74.11,14,0,249,FALSE,-10.950874898690552,5.559754011676328,133098,2.9825040234158093,40.73026732182302,-73.90160761243595
40.8,-74.1,29,0,233,FALSE,-10.108499906483125,5.559754011676328,133098,2.9825040234158093,40.73026732182302,-73.90160761243595
40.8,-74.08,2,0,756,FALSE,-8.42374992206947,5.559754011676328,133098,2.9825040234158093,40.73026732182302,-73.90160761243595
40.8,-74.07,64,0,908,FALSE,-7.581374929862044,5.559754011676328,133098,2.9825040234158093,40.73026732182302,-73.90160761243595
40.8,-74.06,102,0,799,FALSE,-6.738999937655816,5.559754011676328,133098,2.9825040234158093,40.73026732182302,-73.90160761243595
40.8,-74.05,25,0,753,FALSE,-5.896624945448391,5.559754011676328,133098,2.9825040234158093,40.73026732182302,-73.90160761243595
40.8,-74.03,8,0,562,FALSE,-4.211874961034735,5.559754011676328,133098,2.9825040234158093,40.73026732182302,-73.90160761243595
40.8,-74.02,49,0,402,FALSE,-3.3694999688273097,5.559754011676328,133098,2.9825040234158093,40.73026732182302,-73.90160761243595
40.8,-74.01,45,0,760,FALSE,-2.5271249766210806,5.559754011676328,133098,2.9825040234158093,40.73026732182302,-73.90160761243595
40.8,-74,86,1,898,FALSE,-1.6847499844136549,5.559754011676328,4125187,92.43855523631153,40.7409730661907,-73.98207363205596
40.8,-73.99,99,1,26656,TRUE,-0.8423749922062288,5.559754011676328,4125187,92.43855523631153,40.7409730661907,-73.98207363205596
40.8,-73.98,937,1,76467,TRUE,0,5.559754011676328,4125187,92.43855523631153,40.7409730661907,-73.98207363205596
40.8,-73.97,15664,1,98445,TRUE,0.842374992207426,5.559754011676328,4125187,92.43855523631153,40.7409730661907,-73.98207363205596
40.8,-73.96,8318,1,98875,TRUE,1.684749984414852,5.559754011676328,4125187,92.43855523631153,40.7409730661907,-73.98207363205596
40.8,-73.95,6534,1,63464,TRUE,2.5271249766210806,5.559754011676328,4125187,92.43855523631153,40.7409730661907,-73.98207363205596
40.8,-73.94,4947,1,46055,TRUE,3.369499968828506,5.559754011676328,4125187,92.43855523631153,40.7409730661907,-73.98207363205596
40.8,-73.93,2759,1,21645,TRUE,4.211874961034735,5.559754011676328,4125187,92.43855523631153,40.7409730661907,-73.98207363205596
40.8,-73.92,508,1,7232,FALSE,5.054249953242161,5.559754011676328,4125187,92.43855523631153,40.7409730661907,-73.98207363205596
40.8,-73.91,185,0,2473,FALSE,5.896624945449588,5.559754011676328,133098,2.9825040234158093,40.73026732182302,-73.90160761243595
40.8,-73.88,2,0,137,FALSE,8.42374992207067,5.559754011676328,133098,2.9825040234158093,40.73026732182302,-73.90160761243595
40.8,-73.87,3,0,151,FALSE,9.266124914276897,5.559754011676328,133098,2.9825040234158093,40.73026732182302,-73.90160761243595
40.8,-73.85,9,0,526,FALSE,10.950874898691747,5.559754011676328,133098,2.9825040234158093,40.73026732182302,-73.90160761243595
40.8,-73.83,1,0,573,FALSE,12.635624883105404,5.559754011676328,133098,2.9825040234158093,40.73026732182302,-73.90160761243595
40.8,-73.82,64,0,437,FALSE,13.477999875312829,5.559754011676328,133098,2.9825040234158093,40.73026732182302,-73.90160761243595
40.8,-73.81,8,0,537,FALSE,14.320374867519059,5.559754011676328,133098,2.9825040234158093,40.73026732182302,-73.90160761243595
40.8,-73.8,2,0,507,FALSE,15.162749859726485,5.559754011676328,133098,2.9825040234158093,40.73026732182302,-73.90160761243595
40.8,-73.79,1,0,346,FALSE,16.00512485193271,5.559754011676328,133098,2.9825040234158093,40.73026732182302,-73.90160761243595
40.8,-73.75,11,0,111,FALSE,19.374624820761223,5.559754011676328,133098,2.9825040234158093,40.73026732182302,-73.90160761243595
40.8,-73.74,33,0,390,FALSE,20.216999812968645,5.559754011676328,133098,2.9825040234158093,40.73026732182302,-73.90160761243595
40.8,-73.73,14,0,441,FALSE,21.059374805174876,5.559754011676328,133098,2.9825040234158093,40.73026732182302,-73.90160761243595
40.8,-73.72,17,0,425,FALSE,21.9017497973823,5.559754011676328,133098,2.9825040234158093,40.73026732182302,-73.90160761243595
40.8,-73.71,16,0,181,FALSE,22.744124789589726,5.559754011676328,133098,2.9825040234158093,40.73026732182302,-73.90160761243595
40.8,-73.7,19,0,102,FALSE,23.586499781795954,5.559754011676328,133098,2.9825040234158093,40.73026732182302,-73.90160761243595
40.81,-74.15,8,0,86,FALSE,-14.320374867519059,6.671704814012227,133098,2.9825040234158093,40.73026732182302,-73.90160761243595
40.81,-74.14,24,0,115,FALSE,-13.477999875311632,6.671704814012227,133098,2.9825040234158093,40.73026732182302,-73.90160761243595
40.81,-74.13,6,0,137,FALSE,-12.635624883104207,6.671704814012227,133098,2.9825040234158093,40.73026732182302,-73.90160761243595
40.81,-74.12,22,0,152,FALSE,-11.793249890897977,6.671704814012227,133098,2.9825040234158093,40.73026732182302,-73.90160761243595
40.81,-74.11,33,0,321,FALSE,-10.950874898690552,6.671704814012227,133098,2.9825040234158093,40.73026732182302,-73.90160761243595
40.81,-74.1,143,0,297,FALSE,-10.108499906483125,6.671704814012227,133098,2.9825040234158093,40.73026732182302,-73.90160761243595
40.81,-74.09,12,0,524,FALSE,-9.266124914276897,6.671704814012227,133098,2.9825040234158093,40.73026732182302,-73.90160761243595
40.81,-74.08,262,0,765,FALSE,-8.42374992206947,6.671704814012227,133098,2.9825040234158093,40.73026732182302,-73.90160761243595
40.81,-74.07,319,0,851,FALSE,-7.581374929862044,6.671704814012227,133098,2.9825040234158093,40.73026732182302,-73.90160761243595
40.81,-74.06,5,0,582,FALSE,-6.738999937655816,6.671704814012227,133098,2.9825040234158093,40.73026732182302,-73.90160761243595
40.81,-74.02,11,0,180,FALSE,-3.3694999688273097,6.671704814012227,133098,2.9825040234158093,40.73026732182302,-73.90160761243595
40.81,-74.01,47,0,319,FALSE,-2.5271249766210806,6.671704814012227,133098,2.9825040234158093,40.73026732182302,-73.90160761243595
40.81,-74,51,1,575,FALSE,-1.6847499844136549,6.671704814012227,4125187,92.43855523631153,40.7409730661907,-73.98207363205596
40.81,-73.99,156,1,1521,FALSE,-0.8423749922062288,6.671704814012227,4125187,92.43855523631153,40.7409730661907,-73.98207363205596
40.81,-73.98,42,1,18959,FALSE,0,6.671704814012227,4125187,92.43855523631153,40.7409730661907,-73.98207363205596
40.81,-73.97,1915,1,38453,TRUE,0.842374992207426,6.671704814012227,4125187,92.43855523631153,40.7409730661907,-73.98207363205596
40.81,-73.96,9252,1,55883,TRUE,1.684749984414852,6.671704814012227,4125187,92.43855523631153,40.7409730661907,-73.98207363205596
40.81,-73.95,7878,1,54452,TRUE,2.5271249766210806,6.671704814012227,4125187,92.43855523631153,40.7409730661907,-73.98207363205596
40.81,-73.94,6212,1,39065,TRUE,3.369499968828506,6.671704814012227,4125187,92.43855523631153,40.7409730661907,-73.98207363205596
40.81,-73.93,905,1,21944,TRUE,4.211874961034735,6.671704814012227,4125187,92.43855523631153,40.7409730661907,-73.98207363205596
40.81,-73.92,401,1,6501,FALSE,5.054249953242161,6.671704814012227,4125187,92.43855523631153,40.7409730661907,-73.98207363205596
40.81,-73.91,179,0,2347,FALSE,5.896624945449588,6.671704814012227,133098,2.9825040234158093,40.73026732182302,-73.90160761243595
40.81,-73.9,78,0,1390,FALSE,6.738999937655816,6.671704814012227,133098,2.9825040234158093,40.73026732182302,-73.90160761243595
40.81,-73.89,73,0,820,FALSE,7.581374929863243,6.671704814012227,133098,2.9825040234158093,40.73026732182302,-73.90160761243595
40.81,-73.88,25,0,696,FALSE,8.42374992207067,6.671704814012227,133098,2.9825040234158093,40.73026732182302,-73.90160761243595
40.81,-73.87,34,0,526,FALSE,9.266124914276897,6.671704814012227,133098,2.9825040234158093,40.73026732182302,-73.90160761243595
40.81,-73.86,78,0,558,FALSE,10.108499906484322,6.671704814012227,133098,2.9825040234158093,40.73026732182302,-73.90160761243595
40.81,-73.85,45,0,463,FALSE,10.950874898691747,6.671704814012227,133098,2.9825040234158093,40.73026732182302,-73.90160761243595
40.81,-73.84,5,0,258,FALSE,11.793249890897977,6.671704814012227,133098,2.9825040234158093,40.73026732182302,-73.90160761243595
40.81,-73.83,14,0,260,FALSE,12.635624883105404,6.671704814012227,133098,2.9825040234158093,40.73026732182302,-73.90160761243595
40.81,-73.82,15,0,332,FALSE,13.477999875312829,6.671704814012227,133098,2.9825040234158093,40.73026732182302,-73.90160761243595
40.81,-73.81,77,0,335,FALSE,14.320374867519059,6.671704814012227,133098,2.9825040234158093,40.73026732182302,-73.90160761243595
40.81,-73.8,25,0,157,FALSE,15.162749859726485,6.671704814012227,133098,2.9825040234158093,40.73026732182302,-73.90160761243595
40.81,-73.79,2,0,32,FALSE,16.00512485193271,6.671704814012227,133098,2.9825040234158093,40.73026732182302,-73.90160761243595
40.81,-73.76,17,0,41,FALSE,18.532249828553795,6.671704814012227,133098,2.9825040234158093,40.73026732182302,-73.90160761243595
40.81,-73.75,4,0,90,FALSE,19.374624820761223,6.671704814012227,133098,2.9825040234158093,40.73026732182302,-73.90160761243595
40.81,-73.74,6,0,101,FALSE,20.216999812968645,6.671704814012227,133098,2.9825040234158093,40.73026732182302,-73.90160761243595
40.81,-73.73,10,0,116,FALSE,21.059374805174876,6.671704814012227,133098,2.9825040234158093,40.73026732182302,-73.90160761243595
40.81,-73.72,14,0,94,FALSE,21.9017497973823,6.671704814012227,133098,2.9825040234158093,40.73026732182302,-73.90160761243595
40.81,-73.71,11,0,114,FALSE,22.744124789589726,6.671704814012227,133098,2.9825040234158093,40.73026732182302,-73.90160761243595
40.81,-73.7,11,0,76,FALSE,23.586499781795954,6.671704814012227,133098,2.9825040234158093,40.73026732182302,-73.90160761243595
40.82,-74.15,19,0,118,FALSE,-14.320374867519059,7.7836556163473345,133098,2.9825040234158093,40.73026732182302,-73.90160761243595
40.82,-74.14,22,0,147,FALSE,-13.477999875311632,7.7836556163473345,133098,2.9825040234158093,40.73026732182302,-73.90160761243595
40.82,-74.13,8,0,177,FALSE,-12.635624883104207,7.7836556163473345,133098,2.9825040234158093,40.73026732182302,-73.90160761243595
40.82,-74.12,26,0,167,FALSE,-11.793249890897977,7.7836556163473345,133098,2.9825040234158093,40.73026732182302,-73.90160761243595
40.82,-74.11,21,0,384,FALSE,-10.950874898690552,7.7836556163473345,133098,2.9825040234158093,40.73026732182302,-73.90160761243595
40.82,-74.1,26,0,392,FALSE,-10.108499906483125,7.7836556163473345,133098,2.9825040234158093,40.73026732182302,-73.90160761243595
40.82,-74.09,19,0,663,FALSE,-9.266124914276897,7.7836556163473345,133098,2.9825040234158093,40.73026732182302,-73.90160761243595
40.82,-74.08,31,0,807,FALSE,-8.42374992206947,7.7836556163473345,133098,2.9825040234158093,40.73026732182302,-73.90160761243595
40.82,-74.07,56,0,776,FALSE,-7.581374929862044,7.7836556163473345,133098,2.9825040234158093,40.73026732182302,-73.90160761243595
40.82,-74.06,10,0,437,FALSE,-6.738999937655816,7.7836556163473345,133098,2.9825040234158093,40.73026732182302,-73.90160761243595
40.82,-74.05,1,0,49,FALSE,-5.896624945448391,7.7836556163473345,133098,2.9825040234158093,40.73026732182302,-73.90160761243595
40.82,-74.03,6,0,23,FALSE,-4.211874961034735,7.7836556163473345,133098,2.9825040234158093,40.73026732182302,-73.90160761243595
40.82,-74.02,3,0,85,FALSE,-3.3694999688273097,7.7836556163473345,133098,2.9825040234158093,40.73026732182302,-73.90160761243595
40.82,-74.01,11,0,164,FALSE,-2.5271249766210806,7.7836556163473345,133098,2.9825040234158093,40.73026732182302,-73.90160761243595
40.82,-74,16,0,388,FALSE,-1.6847499844136549,7.7836556163473345,133098,2.9825040234158093,40.73026732182302,-73.90160761243595
40.82,-73.99,64,0,519,FALSE,-0.8423749922062288,7.7836556163473345,133098,2.9825040234158093,40.73026732182302,-73.90160761243595
40.82,-73.98,70,1,2446,FALSE,0,7.7836556163473345,4125187,92.43855523631153,40.7409730661907,-73.98207363205596
40.82,-73.97,12,1,13733,FALSE,0.842374992207426,7.7836556163473345,4125187,92.43855523631153,40.7409730661907,-73.98207363205596
40.82,-73.96,2243,1,27977,TRUE,1.684749984414852,7.7836556163473345,4125187,92.43855523631153,40.7409730661907,-73.98207363205596
40.82,-73.95,4067,1,40639,TRUE,2.5271249766210806,7.7836556163473345,4125187,92.43855523631153,40.7409730661907,-73.98207363205596
40.82,-73.94,5001,1,34408,TRUE,3.369499968828506,7.7836556163473345,4125187,92.43855523631153,40.7409730661907,-73.98207363205596
40.82,-73.93,762,1,22595,TRUE,4.211874961034735,7.7836556163473345,4125187,92.43855523631153,40.7409730661907,-73.98207363205596
40.82,-73.92,449,1,8661,FALSE,5.054249953242161,7.7836556163473345,4125187,92.43855523631153,40.7409730661907,-73.98207363205596
40.82,-73.91,353,0,3864,FALSE,5.896624945449588,7.7836556163473345,133098,2.9825040234158093,40.73026732182302,-73.90160761243595
40.82,-73.9,194,0,1828,FALSE,6.738999937655816,7.7836556163473345,133098,2.9825040234158093,40.73026732182302,-73.90160761243595
40.82,-73.89,328,0,1366,FALSE,7.581374929863243,7.7836556163473345,133098,2.9825040234158093,40.73026732182302,-73.90160761243595
40.82,-73.88,120,0,1153,FALSE,8.42374992207067,7.7836556163473345,133098,2.9825040234158093,40.73026732182302,-73.90160761243595
40.82,-73.87,111,0,977,FALSE,9.266124914276897,7.7836556163473345,133098,2.9825040234158093,40.73026732182302,-73.90160761243595
40.82,-73.86,153,0,1018,FALSE,10.108499906484322,7.7836556163473345,133098,2.9825040234158093,40.73026732182302,-73.90160761243595
40.82,-73.85,125,0,812,FALSE,10.950874898691747,7.7836556163473345,133098,2.9825040234158093,40.73026732182302,-73.90160761243595
40.82,-73.84,48,0,525,FALSE,11.793249890897977,7.7836556163473345,133098,2.9825040234158093,40.73026732182302,-73.90160761243595
40.82,-73.83,11,0,429,FALSE,12.635624883105404,7.7836556163473345,133098,2.9825040234158093,40.73026732182302,-73.90160761243595
40.82,-73.82,102,0,470,FALSE,13.477999875312829,7.7836556163473345,133098,2.9825040234158093,40.73026732182302,-73.90160761243595
40.82,-73.81,40,0,370,FALSE,14.320374867519059,7.7836556163473345,133098,2.9825040234158093,40.73026732182302,-73.90160761243595
40.82,-73.8,2,0,149,FALSE,15.162749859726485,7.7836556163473345,133098,2.9825040234158093,40.73026732182302,-73.90160761243595
40.82,-73.76,1,0,42,FALSE,18.532249828553795,7.7836556163473345,133098,2.9825040234158093,40.73026732182302,-73.90160761243595
40.82,-73.75,8,0,60,FALSE,19.374624820761223,7.7836556163473345,133098,2.9825040234158093,40.73026732182302,-73.90160761243595
40.82,-73.74,10,0,57,FALSE,20.216999812968645,7.7836556163473345,133098,2.9825040234158093,40.73026732182302,-73.90160761243595
40.82,-73.73,5,0,54,FALSE,21.059374805174876,7.7836556163473345,133098,2.9825040234158093,40.73026732182302,-73.90160761243595
40.82,-73.72,7,0,47,FALSE,21.9017497973823,7.7836556163473345,133098,2.9825040234158093,40.73026732182302,-73.90160761243595
40.82,-73.7,19,0,56,FALSE,23.586499781795954,7.7836556163473345,133098,2.9825040234158093,40.73026732182302,-73.90160761243595
40.83,-74.15,1,0,139,FALSE,-14.320374867519059,8.895606418682442,133098,2.9825040234158093,40.73026732182302,-73.90160761243595
40.83,-74.14,44,0,168,FALSE,-13.477999875311632,8.895606418682442,133098,2.9825040234158093,40.73026732182302,-73.90160761243595
40.83,-74.13,15,0,154,FALSE,-12.635624883104207,8.895606418682442,133098,2.9825040234158093,40.73026732182302,-73.90160761243595
40.83,-74.12,10,0,146,FALSE,-11.793249890897977,8.895606418682442,133098,2.9825040234158093,40.73026732182302,-73.90160761243595
40.83,-74.11,26,0,229,FALSE,-10.950874898690552,8.895606418682442,133098,2.9825040234158093,40.73026732182302,-73.90160761243595
40.83,-74.1,77,0,244,FALSE,-10.108499906483125,8.895606418682442,133098,2.9825040234158093,40.73026732182302,-73.90160761243595
40.83,-74.09,35,0,292,FALSE,-9.266124914276897,8.895606418682442,133098,2.9825040234158093,40.73026732182302,-73.90160761243595
40.83,-74.08,58,0,335,FALSE,-8.42374992206947,8.895606418682442,133098,2.9825040234158093,40.73026732182302,-73.90160761243595
40.83,-74.07,15,0,296,FALSE,-7.581374929862044,8.895606418682442,133098,2.9825040234158093,40.73026732182302,-73.90160761243595
40.83,-74.06,20,0,204,FALSE,-6.738999937655816,8.895606418682442,133098,2.9825040234158093,40.73026732182302,-73.90160761243595
40.83,-74.05,11,0,56,FALSE,-5.896624945448391,8.895606418682442,133098,2.9825040234158093,40.73026732182302,-73.90160761243595
40.83,-74.04,2,0,32,FALSE,-5.054249953242161,8.895606418682442,133098,2.9825040234158093,40.73026732182302,-73.90160761243595
40.83,-74.02,1,0,37,FALSE,-3.3694999688273097,8.895606418682442,133098,2.9825040234158093,40.73026732182302,-73.90160761243595
40.83,-74.01,6,0,83,FALSE,-2.5271249766210806,8.895606418682442,133098,2.9825040234158093,40.73026732182302,-73.90160761243595
40.83,-74,18,0,185,FALSE,-1.6847499844136549,8.895606418682442,133098,2.9825040234158093,40.73026732182302,-73.90160761243595
40.83,-73.99,19,0,373,FALSE,-0.8423749922062288,8.895606418682442,133098,2.9825040234158093,40.73026732182302,-73.90160761243595
40.83,-73.98,83,0,551,FALSE,0,8.895606418682442,133098,2.9825040234158093,40.73026732182302,-73.90160761243595
40.83,-73.97,85,1,2713,FALSE,0.842374992207426,8.895606418682442,4125187,92.43855523631153,40.7409730661907,-73.98207363205596
40.83,-73.96,31,1,9762,FALSE,1.684749984414852,8.895606418682442,4125187,92.43855523631153,40.7409730661907,-73.98207363205596
40.83,-73.95,2494,1,22664,TRUE,2.5271249766210806,8.895606418682442,4125187,92.43855523631153,40.7409730661907,-73.98207363205596
40.83,-73.94,3461,1,24951,TRUE,3.369499968828506,8.895606418682442,4125187,92.43855523631153,40.7409730661907,-73.98207363205596
40.83,-73.93,3628,1,20339,TRUE,4.211874961034735,8.895606418682442,4125187,92.43855523631153,40.7409730661907,-73.98207363205596
40.83,-73.92,1776,1,8114,FALSE,5.054249953242161,8.895606418682442,4125187,92.43855523631153,40.7409730661907,-73.98207363205596
40.83,-73.91,208,0,4144,FALSE,5.896624945449588,8.895606418682442,133098,2.9825040234158093,40.73026732182302,-73.90160761243595
40.83,-73.9,226,0,2205,FALSE,6.738999937655816,8.895606418682442,133098,2.9825040234158093,40.73026732182302,-73.90160761243595
40.83,-73.89,189,0,1792,FALSE,7.581374929863243,8.895606418682442,133098,2.9825040234158093,40.73026732182302,-73.90160761243595
40.83,-73.88,133,0,1630,FALSE,8.42374992207067,8.895606418682442,133098,2.9825040234158093,40.73026732182302,-73.90160761243595
40.83,-73.87,140,0,1547,FALSE,9.266124914276897,8.895606418682442,133098,2.9825040234158093,40.73026732182302,-73.90160761243595
40.83,-73.86,183,0,1538,FALSE,10.108499906484322,8.895606418682442,133098,2.9825040234158093,40.73026732182302,-73.90160761243595
40.83,-73.85,149,0,1384,FALSE,10.950874898691747,8.895606418682442,133098,2.9825040234158093,40.73026732182302,-73.90160761243595
40.83,-73.84,26,0,1090,FALSE,11.793249890897977,8.895606418682442,133098,2.9825040234158093,40.73026732182302,-73.90160761243595
40.83,-73.83,102,0,877,FALSE,12.635624883105404,8.895606418682442,133098,2.9825040234158093,40.73026732182302,-73.90160761243595
40.83,-73.82,106,0,645,FALSE,13.477999875312829,8.895606418682442,133098,2.9825040234158093,40.73026732182302,-73.90160761243595
40.83,-73.81,3,0,317,FALSE,14.320374867519059,8.895606418682442,133098,2.9825040234158093,40.73026732182302,-73.90160761243595
40.83,-73.75,12,0,40,FALSE,19.374624820761223,8.895606418682442,133098,2.9825040234158093,40.73026732182302,-73.90160761243595
40.83,-73.74,2,0,47,FALSE,20.216999812968645,8.895606418682442,133098,2.9825040234158093,40.73026732182302,-73.90160761243595
40.83,-73.7,15,0,44,FALSE,23.586499781795954,8.895606418682442,133098,2.9825040234158093,40.73026732182302,-73.90160761243595
40.84,-74.15,48,0,106,FALSE,-14.320374867519059,10.007557221018342,133098,2.9825040234158093,40.73026732182302,-73.90160761243595
40.84,-74.14,5,0,134,FALSE,-13.477999875311632,10.007557221018342,133098,2.9825040234158093,40.73026732182302,-73.90160761243595
40.84,-74.13,6,0,118,FALSE,-12.635624883104207,10.007557221018342,133098,2.9825040234158093,40.73026732182302,-73.90160761243595
40.84,-74.12,18,0,113,FALSE,-11.793249890897977,10.007557221018342,133098,2.9825040234158093,40.73026732182302,-73.90160761243595
40.84,-74.11,16,0,173,FALSE,-10.950874898690552,10.007557221018342,133098,2.9825040234158093,40.73026732182302,-73.90160761243595
40.84,-74.1,9,0,193,FALSE,-10.108499906483125,10.007557221018342,133098,2.9825040234158093,40.73026732182302,-73.90160761243595
40.84,-74.09,15,0,241,FALSE,-9.266124914276897,10.007557221018342,133098,2.9825040234158093,40.73026732182302,-73.90160761243595
40.84,-74.08,22,0,364,FALSE,-8.42374992206947,10.007557221018342,133098,2.9825040234158093,40.73026732182302,-73.90160761243595
40.84,-74.07,84,0,326,FALSE,-7.581374929862044,10.007557221018342,133098,2.9825040234158093,40.73026732182302,-73.90160761243595
40.84,-74.05,7,0,78,FALSE,-5.896624945448391,10.007557221018342,133098,2.9825040234158093,40.73026732182302,-73.90160761243595
40.84,-74.04,5,0,69,FALSE,-5.054249953242161,10.007557221018342,133098,2.9825040234158093,40.73026732182302,-73.90160761243595
40.84,-74.02,6,0,126,FALSE,-3.3694999688273097,10.007557221018342,133098,2.9825040234158093,40.73026732182302,-73.90160761243595
40.84,-74.01,4,0,180,FALSE,-2.5271249766210806,10.007557221018342,133098,2.9825040234158093,40.73026732182302,-73.90160761243595
40.84,-74,18,0,218,FALSE,-1.6847499844136549,10.007557221018342,133098,2.9825040234158093,40.73026732182302,-73.90160761243595
40.84,-73.99,29,0,337,FALSE,-0.8423749922062288,10.007557221018342,133098,2.9825040234158093,40.73026732182302,-73.90160761243595
40.84,-73.98,56,0,711,FALSE,0,10.007557221018342,133098,2.9825040234158093,40.73026732182302,-73.90160761243595
40.84,-73.97,133,0,691,FALSE,0.842374992207426,10.007557221018342,133098,2.9825040234158093,40.73026732182302,-73.90160761243595
40.84,-73.95,697,1,15083,FALSE,2.5271249766210806,10.007557221018342,4125187,92.43855523631153,40.7409730661907,-73.98207363205596
40.84,-73.94,4670,1,20948,TRUE,3.369499968828506,10.007557221018342,4125187,92.43855523631153,40.7409730661907,-73.98207363205596
40.84,-73.93,171,1,20114,TRUE,4.211874961034735,10.007557221018342,4125187,92.43855523631153,40.7409730661907,-73.98207363205596
40.84,-73.92,421,1,9126,FALSE,5.054249953242161,10.007557221018342,4125187,92.43855523631153,40.7409730661907,-73.98207363205596
40.84,-73.91,346,0,3821,FALSE,5.896624945449588,10.007557221018342,133098,2.9825040234158093,40.73026732182302,-73.90160761243595
40.84,-73.9,171,0,2401,FALSE,6.738999937655816,10.007557221018342,133098,2.9825040234158093,40.73026732182302,-73.90160761243595
40.84,-73.89,190,0,2168,FALSE,7.581374929863243,10.007557221018342,133098,2.9825040234158093,40.73026732182302,-73.90160761243595
40.84,-73.88,241,0,2057,FALSE,8.42374992207067,10.007557221018342,133098,2.9825040234158093,40.73026732182302,-73.90160761243595
40.84,-73.87,178,0,1915,FALSE,9.266124914276897,10.007557221018342,133098,2.9825040234158093,40.73026732182302,-73.90160761243595
40.84,-73.86,288,0,2104,FALSE,10.108499906484322,10.007557221018342,133098,2.9825040234158093,40.73026732182302,-73.90160761243595
40.84,-73.85,211,0,2129,FALSE,10.950874898691747,10.007557221018342,133098,2.9825040234158093,40.73026732182302,-73.90160761243595
40.84,-73.84,201,0,1895,FALSE,11.793249890897977,10.007557221018342,133098,2.9825040234158093,40.73026732182302,-73.90160761243595
40.84,-73.83,217,0,1294,FALSE,12.635624883105404,10.007557221018342,133098,2.9825040234158093,40.73026732182302,-73.90160761243595
40.84,-73.82,64,0,770,FALSE,13.477999875312829,10.007557221018342,133098,2.9825040234158093,40.73026732182302,-73.90160761243595
40.84,-73.79,18,0,117,FALSE,16.00512485193271,10.007557221018342,133098,2.9825040234158093,40.73026732182302,-73.90160761243595
40.84,-73.78,23,0,117,FALSE,16.84749984414014,10.007557221018342,133098,2.9825040234158093,40.73026732182302,-73.90160761243595
40.84,-73.75,7,0,21,FALSE,19.374624820761223,10.007557221018342,133098,2.9825040234158093,40.73026732182302,-73.90160761243595
40.84,-73.73,3,0,19,FALSE,21.059374805174876,10.007557221018342,133098,2.9825040234158093,40.73026732182302,-73.90160761243595
40.84,-73.72,8,0,33,FALSE,21.9017497973823,10.007557221018342,133098,2.9825040234158093,40.73026732182302,-73.90160761243595
40.84,-73.71,4,0,51,FALSE,22.744124789589726,10.007557221018342,133098,2.9825040234158093,40.73026732182302,-73.90160761243595
40.84,-73.7,6,0,37,FALSE,23.586499781795954,10.007557221018342,133098,2.9825040234158093,40.73026732182302,-73.90160761243595
40.85,-74.15,5,0,67,FALSE,-14.320374867519059,11.119508023353449,133098,2.9825040234158093,40.73026732182302,-73.90160761243595
40.85,-74.14,3,0,92,FALSE,-13.477999875311632,11.119508023353449,133098,2.9825040234158093,40.73026732182302,-73.90160761243595
40.85,-74.13,7,0,66,FALSE,-12.635624883104207,11.119508023353449,133098,2.9825040234158093,40.73026732182302,-73.90160761243595
40.85,-74.12,10,0,79,FALSE,-11.793249890897977,11.119508023353449,133098,2.9825040234158093,40.73026732182302,-73.90160761243595
40.85,-74.11,5,0,67,FALSE,-10.950874898690552,11.119508023353449,133098,2.9825040234158093,40.73026732182302,-73.90160761243595
40.85,-74.1,2,0,76,FALSE,-10.108499906483125,11.119508023353449,133098,2.9825040234158093,40.73026732182302,-73.90160761243595
40.85,-74.09,8,0,102,FALSE,-9.266124914276897,11.119508023353449,133098,2.9825040234158093,40.73026732182302,-73.90160761243595
40.85,-74.08,15,0,304,FALSE,-8.42374992206947,11.119508023353449,133098,2.9825040234158093,40.73026732182302,-73.90160761243595
40.85,-74.07,112,0,311,FALSE,-7.581374929862044,11.119508023353449,133098,2.9825040234158093,40.73026732182302,-73.90160761243595
40.85,-74.05,14,0,104,FALSE,-5.896624945448391,11.119508023353449,133098,2.9825040234158093,40.73026732182302,-73.90160761243595
40.85,-74.04,19,0,80,FALSE,-5.054249953242161,11.119508023353449,133098,2.9825040234158093,40.73026732182302,-73.90160761243595
40.85,-74.03,11,0,109,FALSE,-4.211874961034735,11.119508023353449,133098,2.9825040234158093,40.73026732182302,-73.90160761243595
40.85,-74.02,28,0,160,FALSE,-3.3694999688273097,11.119508023353449,133098,2.9825040234158093,40.73026732182302,-73.90160761243595
40.85,-74.01,70,0,188,FALSE,-2.5271249766210806,11.119508023353449,133098,2.9825040234158093,40.73026732182302,-73.90160761243595
40.85,-74,29,0,200,FALSE,-1.6847499844136549,11.119508023353449,133098,2.9825040234158093,40.73026732182302,-73.90160761243595
40.85,-73.99,25,0,312,FALSE,-0.8423749922062288,11.119508023353449,133098,2.9825040234158093,40.73026732182302,-73.90160761243595
40.85,-73.98,60,0,816,FALSE,0,11.119508023353449,133098,2.9825040234158093,40.73026732182302,-73.90160761243595
40.85,-73.97,221,0,799,FALSE,0.842374992207426,11.119508023353449,133098,2.9825040234158093,40.73026732182302,-73.90160761243595
40.85,-73.96,22,0,1313,FALSE,1.684749984414852,11.119508023353449,133098,2.9825040234158093,40.73026732182302,-73.90160761243595
40.85,-73.95,8,1,9665,FALSE,2.5271249766210806,11.119508023353449,4125187,92.43855523631153,40.7409730661907,-73.98207363205596
40.85,-73.94,3700,1,13520,FALSE,3.369499968828506,11.119508023353449,4125187,92.43855523631153,40.7409730661907,-73.98207363205596
40.85,-73.93,2119,1,13795,FALSE,4.211874961034735,11.119508023353449,4125187,92.43855523631153,40.7409730661907,-73.98207363205596
40.85,-73.92,168,1,5786,FALSE,5.054249953242161,11.119508023353449,4125187,92.43855523631153,40.7409730661907,-73.98207363205596
40.85,-73.91,289,0,2614,FALSE,5.896624945449588,11.119508023353449,133098,2.9825040234158093,40.73026732182302,-73.90160761243595
40.85,-73.9,216,0,3521,FALSE,6.738999937655816,11.119508023353449,133098,2.9825040234158093,40.73026732182302,-73.90160761243595
40.85,-73.89,566,0,3719,FALSE,7.581374929863243,11.119508023353449,133098,2.9825040234158093,40.73026732182302,-73.90160761243595
40.85,-73.88,236,0,3687,FALSE,8.42374992207067,11.119508023353449,133098,2.9825040234158093,40.73026732182302,-73.90160761243595
40.85,-73.87,184,0,2621,FALSE,9.266124914276897,11.119508023353449,133098,2.9825040234158093,40.73026732182302,-73.90160761243595
40.85,-73.86,332,0,2357,FALSE,10.108499906484322,11.119508023353449,133098,2.9825040234158093,40.73026732182302,-73.90160761243595
40.85,-73.85,439,0,2272,FALSE,10.950874898691747,11.119508023353449,133098,2.9825040234158093,40.73026732182302,-73.90160761243595
40.85,-73.84,300,0,1978,FALSE,11.793249890897977,11.119508023353449,133098,2.9825040234158093,40.73026732182302,-73.90160761243595
40.85,-73.83,250,0,1265,FALSE,12.635624883105404,11.119508023353449,133098,2.9825040234158093,40.73026732182302,-73.90160761243595
40.85,-73.82,28,0,650,FALSE,13.477999875312829,11.119508023353449,133098,2.9825040234158093,40.73026732182302,-73.90160761243595
40.85,-73.79,73,0,131,FALSE,16.00512485193271,11.119508023353449,133098,2.9825040234158093,40.73026732182302,-73.90160761243595
40.85,-73.78,3,0,124,FALSE,16.84749984414014,11.119508023353449,133098,2.9825040234158093,40.73026732182302,-73.90160761243595
40.85,-73.72,6,0,36,FALSE,21.9017497973823,11.119508023353449,133098,2.9825040234158093,40.73026732182302,-73.90160761243595
40.85,-73.71,12,0,41,FALSE,22.744124789589726,11.119508023353449,133098,2.9825040234158093,40.73026732182302,-73.90160761243595
40.86,-74.15,3,0,16,FALSE,-14.320374867519059,12.231458825688557,133098,2.9825040234158093,40.73026732182302,-73.90160761243595
40.86,-74.14,3,0,41,FALSE,-13.477999875311632,12.231458825688557,133098,2.9825040234158093,40.73026732182302,-73.90160761243595
40.86,-74.13,12,0,49,FALSE,-12.635624883104207,12.231458825688557,133098,2.9825040234158093,40.73026732182302,-73.90160761243595
40.86,-74.12,2,0,61,FALSE,-11.793249890897977,12.231458825688557,133098,2.9825040234158093,40.73026732182302,-73.90160761243595
40.86,-74.11,3,0,52,FALSE,-10.950874898690552,12.231458825688557,133098,2.9825040234158093,40.73026732182302,-73.90160761243595
40.86,-74.1,2,0,74,FALSE,-10.108499906483125,12.231458825688557,133098,2.9825040234158093,40.73026732182302,-73.90160761243595
40.86,-74.09,16,0,90,FALSE,-9.266124914276897,12.231458825688557,133098,2.9825040234158093,40.73026732182302,-73.90160761243595
40.86,-74.08,13,0,211,FALSE,-8.42374992206947,12.231458825688557,133098,2.9825040234158093,40.73026732182302,-73.90160761243595
40.86,-74.07,19,0,282,FALSE,-7.581374929862044,12.231458825688557,133098,2.9825040234158093,40.73026732182302,-73.90160761243595
40.86,-74.06,46,0,276,FALSE,-6.738999937655816,12.231458825688557,133098,2.9825040234158093,40.73026732182302,-73.90160761243595
40.86,-74.05,9,0,176,FALSE,-5.896624945448391,12.231458825688557,133098,2.9825040234158093,40.73026732182302,-73.90160761243595
40.86,-74.04,4,0,104,FALSE,-5.054249953242161,12.231458825688557,133098,2.9825040234158093,40.73026732182302,-73.90160761243595
40.86,-74.03,11,0,148,FALSE,-4.211874961034735,12.231458825688557,133098,2.9825040234158093,40.73026732182302,-73.90160761243595
40.86,-74.02,25,0,221,FALSE,-3.3694999688273097,12.231458825688557,133098,2.9825040234158093,40.73026732182302,-73.90160761243595
40.86,-74.01,5,0,289,FALSE,-2.5271249766210806,12.231458825688557,133098,2.9825040234158093,40.73026732182302,-73.90160761243595
40.86,-74,3,0,264,FALSE,-1.6847499844136549,12.231458825688557,133098,2.9825040234158093,40.73026732182302,-73.90160761243595
40.86,-73.99,17,0,320,FALSE,-0.8423749922062288,12.231458825688557,133098,2.9825040234158093,40.73026732182302,-73.90160761243595
40.86,-73.98,75,0,700,FALSE,0,12.231458825688557,133098,2.9825040234158093,40.73026732182302,-73.90160761243595
40.86,-73.97,200,0,767,FALSE,0.842374992207426,12.231458825688557,133098,2.9825040234158093,40.73026732182302,-73.90160761243595
40.86,-73.96,32,0,621,FALSE,1.684749984414852,12.231458825688557,133098,2.9825040234158093,40.73026732182302,-73.90160761243595
40.86,-73.94,536,0,9112,FALSE,3.369499968828506,12.231458825688557,133098,2.9825040234158093,40.73026732182302,-73.90160761243595
40.86,-73.93,1619,0,10805,FALSE,4.211874961034735,12.231458825688557,133098,2.9825040234158093,40.73026732182302,-73.90160761243595
40.86,-73.92,391,0,7588,FALSE,5.054249953242161,12.231458825688557,133098,2.9825040234158093,40.73026732182302,-73.90160761243595
40.86,-73.91,262,0,3656,FALSE,5.896624945449588,12.231458825688557,133098,2.9825040234158093,40.73026732182302,-73.90160761243595
40.86,-73.9,350,0,3980,FALSE,6.738999937655816,12.231458825688557,133098,2.9825040234158093,40.73026732182302,-73.90160761243595
40.86,-73.89,1131,0,4239,FALSE,7.581374929863243,12.231458825688557,133098,2.9825040234158093,40.73026732182302,-73.90160761243595
40.86,-73.88,618,0,3977,FALSE,8.42374992207067,12.231458825688557,133098,2.9825040234158093,40.73026732182302,-73.90160761243595
40.86,-73.87,343,0,2637,FALSE,9.266124914276897,12.231458825688557,133098,2.9825040234158093,40.73026732182302,-73.90160761243595
40.86,-73.86,201,0,2097,FALSE,10.108499906484322,12.231458825688557,133098,2.9825040234158093,40.73026732182302,-73.90160761243595
40.86,-73.85,181,0,1919,FALSE,10.950874898691747,12.231458825688557,133098,2.9825040234158093,40.73026732182302,-73.90160761243595
40.86,-73.84,119,0,1669,FALSE,11.793249890897977,12.231458825688557,133098,2.9825040234158093,40.73026732182302,-73.90160761243595
40.86,-73.83,60,0,1031,FALSE,12.635624883105404,12.231458825688557,133098,2.9825040234158093,40.73026732182302,-73.90160761243595
40.86,-73.82,26,0,691,FALSE,13.477999875312829,12.231458825688557,133098,2.9825040234158093,40.73026732182302,-73.90160761243595
40.86,-73.81,5,0,271,FALSE,14.320374867519059,12.231458825688557,133098,2.9825040234158093,40.73026732182302,-73.90160761243595
40.86,-73.8,7,0,253,FALSE,15.162749859726485,12.231458825688557,133098,2.9825040234158093,40.73026732182302,-73.90160761243595
40.86,-73.79,7,0,112,FALSE,16.00512485193271,12.231458825688557,133098,2.9825040234158093,40.73026732182302,-73.90160761243595
40.86,-73.71,3,0,24,FALSE,22.744124789589726,12.231458825688557,133098,2.9825040234158093,40.73026732182302,-73.90160761243595
40.86,-73.7,2,0,18,FALSE,23.586499781795954,12.231458825688557,133098,2.9825040234158093,40.73026732182302,-73.90160761243595
40.87,-74.14,2,0,34,FALSE,-13.477999875311632,13.343409628023664,133098,2.9825040234158093,40.73026732182302,-73.90160761243595
40.87,-74.13,6,0,56,FALSE,-12.635624883104207,13.343409628023664,133098,2.9825040234158093,40.73026732182302,-73.90160761243595
40.87,-74.12,4,0,69,FALSE,-11.793249890897977,13.343409628023664,133098,2.9825040234158093,40.73026732182302,-73.90160761243595
40.87,-74.11,12,0,71,FALSE,-10.950874898690552,13.343409628023664,133098,2.9825040234158093,40.73026732182302,-73.90160761243595
40.87,-74.1,12,0,85,FALSE,-10.108499906483125,13.343409628023664,133098,2.9825040234158093,40.73026732182302,-73.90160761243595
40.87,-74.09,14,0,91,FALSE,-9.266124914276897,13.343409628023664,133098,2.9825040234158093,40.73026732182302,-73.90160761243595
40.87,-74.08,8,0,118,FALSE,-8.42374992206947,13.343409628023664,133098,2.9825040234158093,40.73026732182302,-73.90160761243595
40.87,-74.07,6,0,240,FALSE,-7.581374929862044,13.343409628023664,133098,2.9825040234158093,40.73026732182302,-73.90160761243595
40.87,-74.06,63,0,256,FALSE,-6.738999937655816,13.343409628023664,133098,2.9825040234158093,40.73026732182302,-73.90160761243595
40.87,-74.05,7,0,258,FALSE,-5.896624945448391,13.343409628023664,133098,2.9825040234158093,40.73026732182302,-73.90160761243595
40.87,-74.04,14,0,130,FALSE,-5.054249953242161,13.343409628023664,133098,2.9825040234158093,40.73026732182302,-73.90160761243595
40.87,-74.03,15,0,137,FALSE,-4.211874961034735,13.343409628023664,133098,2.9825040234158093,40.73026732182302,-73.90160761243595
40.87,-74.02,21,0,135,FALSE,-3.3694999688273097,13.343409628023664,133098,2.9825040234158093,40.73026732182302,-73.90160761243595
40.87,-74.01,35,0,187,FALSE,-2.5271249766210806,13.343409628023664,133098,2.9825040234158093,40.73026732182302,-73.90160761243595
40.87,-74,73,0,216,FALSE,-1.6847499844136549,13.343409628023664,133098,2.9825040234158093,40.73026732182302,-73.90160761243595
40.87,-73.99,7,0,343,FALSE,-0.8423749922062288,13.343409628023664,133098,2.9825040234158093,40.73026732182302,-73.90160761243595
40.87,-73.98,31,0,545,FALSE,0,13.343409628023664,133098,2.9825040234158093,40.73026732182302,-73.90160761243595
40.87,-73.97,64,0,577,FALSE,0.842374992207426,13.343409628023664,133098,2.9825040234158093,40.73026732182302,-73.90160761243595
40.87,-73.96,62,0,451,FALSE,1.684749984414852,13.343409628023664,133098,2.9825040234158093,40.73026732182302,-73.90160761243595
40.87,-73.95,12,0,697,FALSE,2.5271249766210806,13.343409628023664,133098,2.9825040234158093,40.73026732182302,-73.90160761243595
40.87,-73.93,1118,0,5247,FALSE,4.211874961034735,13.343409628023664,133098,2.9825040234158093,40.73026732182302,-73.90160761243595
40.87,-73.92,1154,0,6209,FALSE,5.054249953242161,13.343409628023664,133098,2.9825040234158093,40.73026732182302,-73.90160761243595
40.87,-73.91,468,0,4687,FALSE,5.896624945449588,13.343409628023664,133098,2.9825040234158093,40.73026732182302,-73.90160761243595
40.87,-73.9,358,0,4456,FALSE,6.738999937655816,13.343409628023664,133098,2.9825040234158093,40.73026732182302,-73.90160761243595
40.87,-73.89,340,0,4598,FALSE,7.581374929863243,13.343409628023664,133098,2.9825040234158093,40.73026732182302,-73.90160761243595
40.87,-73.88,424,0,3982,FALSE,8.42374992207067,13.343409628023664,133098,2.9825040234158093,40.73026732182302,-73.90160761243595
40.87,-73.87,135,0,2723,FALSE,9.266124914276897,13.343409628023664,133098,2.9825040234158093,40.73026732182302,-73.90160761243595
40.87,-73.86,164,0,1492,FALSE,10.108499906484322,13.343409628023664,133098,2.9825040234158093,40.73026732182302,-73.90160761243595
40.87,-73.85,118,0,1201,FALSE,10.950874898691747,13.343409628023664,133098,2.9825040234158093,40.73026732182302,-73.90160761243595
40.87,-73.84,65,0,1057,FALSE,11.793249890897977,13.343409628023664,133098,2.9825040234158093,40.73026732182302,-73.90160761243595
40.87,-73.83,137,0,727,FALSE,12.635624883105404,13.343409628023664,133098,2.9825040234158093,40.73026732182302,-73.90160761243595
40.87,-73.82,46,0,563,FALSE,13.477999875312829,13.343409628023664,133098,2.9825040234158093,40.73026732182302,-73.90160761243595
40.87,-73.81,139,0,253,FALSE,14.320374867519059,13.343409628023664,133098,2.9825040234158093,40.73026732182302,-73.90160761243595
40.87,-73.8,20,0,191,FALSE,15.162749859726485,13.343409628023664,133098,2.9825040234158093,40.73026732182302,-73.90160761243595
40.87,-73.79,2,0,47,FALSE,16.00512485193271,13.343409628023664,133098,2.9825040234158093,40.73026732182302,-73.90160761243595
40.87,-73.71,1,0,6,FALSE,22.744124789589726,13.343409628023664,133098,2.9825040234158093,40.73026732182302,-73.90160761243595
40.88,-74.15,3,0,15,FALSE,-14.320374867519059,14.455360430359562,133098,2.9825040234158093,40.73026732182302,-73.90160761243595
40.88,-74.14,3,0,23,FALSE,-13.477999875311632,14.455360430359562,133098,2.9825040234158093,40.73026732182302,-73.90160761243595
40.88,-74.13,2,0,52,FALSE,-12.635624883104207,14.455360430359562,133098,2.9825040234158093,40.73026732182302,-73.90160761243595
40.88,-74.12,22,0,64,FALSE,-11.793249890897977,14.455360430359562,133098,2.9825040234158093,40.73026732182302,-73.90160761243595
40.88,-74.11,6,0,76,FALSE,-10.950874898690552,14.455360430359562,133098,2.9825040234158093,40.73026732182302,-73.90160761243595
40.88,-74.1,8,0,71,FALSE,-10.108499906483125,14.455360430359562,133098,2.9825040234158093,40.73026732182302,-73.90160761243595
40.88,-74.09,12,0,69,FALSE,-9.266124914276897,14.455360430359562,133098,2.9825040234158093,40.73026732182302,-73.90160761243595
40.88,-74.08,6,0,87,FALSE,-8.42374992206947,14.455360430359562,133098,2.9825040234158093,40.73026732182302,-73.90160761243595
40.88,-74.07,24,0,217,FALSE,-7.581374929862044,14.455360430359562,133098,2.9825040234158093,40.73026732182302,-73.90160761243595
40.88,-74.06,55,0,253,FALSE,-6.738999937655816,14.455360430359562,133098,2.9825040234158093,40.73026732182302,-73.90160761243595
40.88,-74.05,27,0,289,FALSE,-5.896624945448391,14.455360430359562,133098,2.9825040234158093,40.73026732182302,-73.90160761243595
40.88,-74.04,33,0,164,FALSE,-5.054249953242161,14.455360430359562,133098,2.9825040234158093,40.73026732182302,-73.90160761243595
40.88,-74.03,10,0,160,FALSE,-4.211874961034735,14.455360430359562,133098,2.9825040234158093,40.73026732182302,-73.90160761243595
40.88,-74.02,4,0,156,FALSE,-3.3694999688273097,14.455360430359562,133098,2.9825040234158093,40.73026732182302,-73.90160761243595
40.88,-74.01,9,0,214,FALSE,-2.5271249766210806,14.455360430359562,133098,2.9825040234158093,40.73026732182302,-73.90160761243595
40.88,-74,12,0,235,FALSE,-1.6847499844136549,14.455360430359562,133098,2.9825040234158093,40.73026732182302,-73.90160761243595
40.88,-73.99,55,0,292,FALSE,-0.8423749922062288,14.455360430359562,133098,2.9825040234158093,40.73026732182302,-73.90160761243595
40.88,-73.98,70,0,362,FALSE,0,14.455360430359562,133098,2.9825040234158093,40.73026732182302,-73.90160761243595
40.88,-73.97,26,0,436,FALSE,0.842374992207426,14.455360430359562,133098,2.9825040234158093,40.73026732182302,-73.90160761243595
40.88,-73.96,17,0,455,FALSE,1.684749984414852,14.455360430359562,133098,2.9825040234158093,40.73026732182302,-73.90160761243595
40.88,-73.95,38,0,318,FALSE,2.5271249766210806,14.455360430359562,133098,2.9825040234158093,40.73026732182302,-73.90160761243595
40.88,-73.92,429,0,5700,FALSE,5.054249953242161,14.455360430359562,133098,2.9825040234158093,40.73026732182302,-73.90160761243595
40.88,-73.91,768,0,6941,FALSE,5.896624945449588,14.455360430359562,133098,2.9825040234158093,40.73026732182302,-73.90160761243595
40.88,-73.9,507,0,6048,FALSE,6.738999937655816,14.455360430359562,133098,2.9825040234158093,40.73026732182302,-73.90160761243595
40.88,-73.89,272,0,4239,FALSE,7.581374929863243,14.455360430359562,133098,2.9825040234158093,40.73026732182302,-73.90160761243595
40.88,-73.88,598,0,2143,FALSE,8.42374992207067,14.455360430359562,133098,2.9825040234158093,40.73026732182302,-73.90160761243595
40.88,-73.87,121,0,1755,FALSE,9.266124914276897,14.455360430359562,133098,2.9825040234158093,40.73026732182302,-73.90160761243595
40.88,-73.86,119,0,960,FALSE,10.108499906484322,14.455360430359562,133098,2.9825040234158093,40.73026732182302,-73.90160761243595
40.88,-73.85,110,0,961,FALSE,10.950874898691747,14.455360430359562,133098,2.9825040234158093,40.73026732182302,-73.90160761243595
40.88,-73.84,124,0,898,FALSE,11.793249890897977,14.455360430359562,133098,2.9825040234158093,40.73026732182302,-73.90160761243595
40.88,-73.83,143,0,677,FALSE,12.635624883105404,14.455360430359562,133098,2.9825040234158093,40.73026732182302,-73.90160761243595
40.88,-73.82,7,0,572,FALSE,13.477999875312829,14.455360430359562,133098,2.9825040234158093,40.73026732182302,-73.90160761243595
40.88,-73.8,3,0,307,FALSE,15.162749859726485,14.455360430359562,133098,2.9825040234158093,40.73026732182302,-73.90160761243595
40.88,-73.79,8,0,236,FALSE,16.00512485193271,14.455360430359562,133098,2.9825040234158093,40.73026732182302,-73.90160761243595
40.89,-74.15,3,0,17,FALSE,-14.320374867519059,15.567311232694669,133098,2.9825040234158093,40.73026732182302,-73.90160761243595
40.89,-74.14,4,0,21,FALSE,-13.477999875311632,15.567311232694669,133098,2.9825040234158093,40.73026732182302,-73.90160761243595
40.89,-74.12,9,0,51,FALSE,-11.793249890897977,15.567311232694669,133098,2.9825040234158093,40.73026732182302,-73.90160761243595
40.89,-74.11,3,0,93,FALSE,-10.950874898690552,15.567311232694669,133098,2.9825040234158093,40.73026732182302,-73.90160761243595
40.89,-74.09,4,0,86,FALSE,-9.266124914276897,15.567311232694669,133098,2.9825040234158093,40.73026732182302,-73.90160761243595
40.89,-74.08,5,0,78,FALSE,-8.42374992206947,15.567311232694669,133098,2.9825040234158093,40.73026732182302,-73.90160761243595
40.89,-74.07,8,0,160,FALSE,-7.581374929862044,15.567311232694669,133098,2.9825040234158093,40.73026732182302,-73.90160761243595
40.89,-74.06,42,0,202,FALSE,-6.738999937655816,15.567311232694669,133098,2.9825040234158093,40.73026732182302,-73.90160761243595
40.89,-74.05,21,0,250,FALSE,-5.896624945448391,15.567311232694669,133098,2.9825040234158093,40.73026732182302,-73.90160761243595
40.89,-74.04,27,0,181,FALSE,-5.054249953242161,15.567311232694669,133098,2.9825040234158093,40.73026732182302,-73.90160761243595
40.89,-74.03,10,0,160,FALSE,-4.211874961034735,15.567311232694669,133098,2.9825040234158093,40.73026732182302,-73.90160761243595
40.89,-74.02,26,0,118,FALSE,-3.3694999688273097,15.567311232694669,133098,2.9825040234158093,40.73026732182302,-73.90160761243595
40.89,-74.01,26,0,124,FALSE,-2.5271249766210806,15.567311232694669,133098,2.9825040234158093,40.73026732182302,-73.90160761243595
40.89,-74,8,0,158,FALSE,-1.6847499844136549,15.567311232694669,133098,2.9825040234158093,40.73026732182302,-73.90160761243595
40.89,-73.99,10,0,224,FALSE,-0.8423749922062288,15.567311232694669,133098,2.9825040234158093,40.73026732182302,-73.90160761243595
40.89,-73.98,26,0,309,FALSE,0,15.567311232694669,133098,2.9825040234158093,40.73026732182302,-73.90160761243595
40.89,-73.97,73,0,364,FALSE,0.842374992207426,15.567311232694669,133098,2.9825040234158093,40.73026732182302,-73.90160761243595
40.89,-73.96,67,0,418,FALSE,1.684749984414852,15.567311232694669,133098,2.9825040234158093,40.73026732182302,-73.90160761243595
40.89,-73.95,96,0,371,FALSE,2.5271249766210806,15.567311232694669,133098,2.9825040234158093,40.73026732182302,-73.90160761243595
40.89,-73.94,26,0,245,FALSE,3.369499968828506,15.567311232694669,133098,2.9825040234158093,40.73026732182302,-73.90160761243595
40.89,-73.92,101,0,3186,FALSE,5.054249953242161,15.567311232694669,133098,2.9825040234158093,40.73026732182302,-73.90160761243595
40.89,-73.91,1662,0,5879,FALSE,5.896624945449588,15.567311232694669,133098,2.9825040234158093,40.73026732182302,-73.90160761243595
40.89,-73.9,1494,0,5814,FALSE,6.738999937655816,15.567311232694669,133098,2.9825040234158093,40.73026732182302,-73.90160761243595
40.89,-73.89,179,0,3839,FALSE,7.581374929863243,15.567311232694669,133098,2.9825040234158093,40.73026732182302,-73.90160761243595
40.89,-73.88,67,0,1442,FALSE,8.42374992207067,15.567311232694669,133098,2.9825040234158093,40.73026732182302,-73.90160761243595
40.89,-73.87,7,0,1337,FALSE,9.266124914276897,15.567311232694669,133098,2.9825040234158093,40.73026732182302,-73.90160761243595
40.89,-73.86,120,0,897,FALSE,10.108499906484322,15.567311232694669,133098,2.9825040234158093,40.73026732182302,-73.90160761243595
40.89,-73.85,66,0,832,FALSE,10.950874898691747,15.567311232694669,133098,2.9825040234158093,40.73026732182302,-73.90160761243595
40.89,-73.84,75,0,692,FALSE,11.793249890897977,15.567311232694669,133098,2.9825040234158093,40.73026732182302,-73.90160761243595
40.89,-73.83,60,0,514,FALSE,12.635624883105404,15.567311232694669,133098,2.9825040234158093,40.73026732182302,-73.90160761243595
40.89,-73.82,20,0,359,FALSE,13.477999875312829,15.567311232694669,133098,2.9825040234158093,40.73026732182302,-73.90160761243595
40.89,-73.81,20,0,214,FALSE,14.320374867519059,15.567311232694669,133098,2.9825040234158093,40.73026732182302,-73.90160761243595
40.89,-73.8,29,0,266,FALSE,15.162749859726485,15.567311232694669,133098,2.9825040234158093,40.73026732182302,-73.90160761243595
40.89,-73.79,86,0,296,FALSE,16.00512485193271,15.567311232694669,133098,2.9825040234158093,40.73026732182302,-73.90160761243595
40.89,-73.78,88,0,245,FALSE,16.84749984414014,15.567311232694669,133098,2.9825040234158093,40.73026732182302,-73.90160761243595
40.89,-73.77,4,0,132,FALSE,17.689874836347567,15.567311232694669,133098,2.9825040234158093,40.73026732182302,-73.90160761243595
40.9,-74.15,1,0,15,FALSE,-14.320374867519059,16.679262035029776,133098,2.9825040234158093,40.73026732182302,-73.90160761243595
40.9,-74.14,3,0,19,FALSE,-13.477999875311632,16.679262035029776,133098,2.9825040234158093,40.73026732182302,-73.90160761243595
40.9,-74.13,2,0,32,FALSE,-12.635624883104207,16.679262035029776,133098,2.9825040234158093,40.73026732182302,-73.90160761243595
40.9,-74.12,5,0,27,FALSE,-11.793249890897977,16.679262035029776,133098,2.9825040234158093,40.73026732182302,-73.90160761243595
40.9,-74.11,2,0,79,FALSE,-10.950874898690552,16.679262035029776,133098,2.9825040234158093,40.73026732182302,-73.90160761243595
40.9,-74.1,38,0,73,FALSE,-10.108499906483125,16.679262035029776,133098,2.9825040234158093,40.73026732182302,-73.90160761243595
40.9,-74.09,8,0,93,FALSE,-9.266124914276897,16.679262035029776,133098,2.9825040234158093,40.73026732182302,-73.90160761243595
40.9,-74.08,5,0,57,FALSE,-8.42374992206947,16.679262035029776,133098,2.9825040234158093,40.73026732182302,-73.90160761243595
40.9,-74.07,6,0,104,FALSE,-7.581374929862044,16.679262035029776,133098,2.9825040234158093,40.73026732182302,-73.90160761243595
40.9,-74.06,9,0,129,FALSE,-6.738999937655816,16.679262035029776,133098,2.9825040234158093,40.73026732182302,-73.90160761243595
40.9,-74.05,10,0,186,FALSE,-5.896624945448391,16.679262035029776,133098,2.9825040234158093,40.73026732182302,-73.90160761243595
40.9,-74.04,26,0,205,FALSE,-5.054249953242161,16.679262035029776,133098,2.9825040234158093,40.73026732182302,-73.90160761243595
40.9,-74.03,17,0,193,FALSE,-4.211874961034735,16.679262035029776,133098,2.9825040234158093,40.73026732182302,-73.90160761243595
40.9,-74.02,7,0,165,FALSE,-3.3694999688273097,16.679262035029776,133098,2.9825040234158093,40.73026732182302,-73.90160761243595
40.9,-74.01,9,0,127,FALSE,-2.5271249766210806,16.679262035029776,133098,2.9825040234158093,40.73026732182302,-73.90160761243595
40.9,-74,23,0,109,FALSE,-1.6847499844136549,16.679262035029776,133098,2.9825040234158093,40.73026732182302,-73.90160761243595
40.9,-73.99,6,0,108,FALSE,-0.8423749922062288,16.679262035029776,133098,2.9825040234158093,40.73026732182302,-73.90160761243595
40.9,-73.98,14,0,180,FALSE,0,16.679262035029776,133098,2.9825040234158093,40.73026732182302,-73.90160761243595
40.9,-73.97,29,0,294,FALSE,0.842374992207426,16.679262035029776,133098,2.9825040234158093,40.73026732182302,-73.90160761243595
40.9,-73.96,42,0,398,FALSE,1.684749984414852,16.679262035029776,133098,2.9825040234158093,40.73026732182302,-73.90160761243595
40.9,-73.95,30,0,370,FALSE,2.5271249766210806,16.679262035029776,133098,2.9825040234158093,40.73026732182302,-73.90160761243595
40.9,-73.94,55,0,236,FALSE,3.369499968828506,16.679262035029776,133098,2.9825040234158093,40.73026732182302,-73.90160761243595
40.9,-73.92,2,0,2107,FALSE,5.054249953242161,16.679262035029776,133098,2.9825040234158093,40.73026732182302,-73.90160761243595
40.9,-73.91,224,0,4602,FALSE,5.896624945449588,16.679262035029776,133098,2.9825040234158093,40.73026732182302,-73.90160761243595
40.9,-73.9,692,0,4723,FALSE,6.738999937655816,16.679262035029776,133098,2.9825040234158093,40.73026732182302,-73.90160761243595
40.9,-73.89,16,0,2837,FALSE,7.581374929863243,16.679262035029776,133098,2.9825040234158093,40.73026732182302,-73.90160761243595
40.9,-73.88,14,0,544,FALSE,8.42374992207067,16.679262035029776,133098,2.9825040234158093,40.73026732182302,-73.90160761243595
40.9,-73.87,168,0,631,FALSE,9.266124914276897,16.679262035029776,133098,2.9825040234158093,40.73026732182302,-73.90160761243595
40.9,-73.86,123,0,707,FALSE,10.108499906484322,16.679262035029776,133098,2.9825040234158093,40.73026732182302,-73.90160761243595
40.9,-73.85,63,0,662,FALSE,10.950874898691747,16.679262035029776,133098,2.9825040234158093,40.73026732182302,-73.90160761243595
40.9,-73.84,32,0,467,FALSE,11.793249890897977,16.679262035029776,133098,2.9825040234158093,40.73026732182302,-73.90160761243595
40.9,-73.83,19,0,346,FALSE,12.635624883105404,16.679262035029776,133098,2.9825040234158093,40.73026732182302,-73.90160761243595
40.9,-73.82,34,0,334,FALSE,13.477999875312829,16.679262035029776,133098,2.9825040234158093,40.73026732182302,-73.90160761243595
40.9,-73.81,56,0,306,FALSE,14.320374867519059,16.679262035029776,133098,2.9825040234158093,40.73026732182302,-73.90160761243595
40.9,-73.8,45,0,358,FALSE,15.162749859726485,16.679262035029776,133098,2.9825040234158093,40.73026732182302,-73.90160761243595
40.9,-73.79,19,0,544,FALSE,16.00512485193271,16.679262035029776,133098,2.9825040234158093,40.73026732182302,-73.90160761243595
40.9,-73.78,18,0,495,FALSE,16.84749984414014,16.679262035029776,133098,2.9825040234158093,40.73026732182302,-73.90160761243595
40.9,-73.77,22,0,374,FALSE,17.689874836347567,16.679262035029776,133098,2.9825040234158093,40.73026732182302,-73.90160761243595
40.91,-74.15,1,0,10,FALSE,-14.320374867519059,17.791212837364885,133098,2.9825040234158093,40.73026732182302,-73.90160761243595
40.91,-74.14,3,0,15,FALSE,-13.477999875311632,17.791212837364885,133098,2.9825040234158093,40.73026732182302,-73.90160761243595
40.91,-74.13,2,0,21,FALSE,-12.635624883104207,17.791212837364885,133098,2.9825040234158093,40.73026732182302,-73.90160761243595
40.91,-74.12,4,0,16,FALSE,-11.793249890897977,17.791212837364885,133098,2.9825040234158093,40.73026732182302,-73.90160761243595
40.91,-74.1,18,0,70,FALSE,-10.108499906483125,17.791212837364885,133098,2.9825040234158093,40.73026732182302,-73.90160761243595
40.91,-74.08,15,0,64,FALSE,-8.42374992206947,17.791212837364885,133098,2.9825040234158093,40.73026732182302,-73.90160761243595
40.91,-74.07,6,0,77,FALSE,-7.581374929862044,17.791212837364885,133098,2.9825040234158093,40.73026732182302,-73.90160761243595
40.91,-74.06,8,0,71,FALSE,-6.738999937655816,17.791212837364885,133098,2.9825040234158093,40.73026732182302,-73.90160761243595
40.91,-74.05,19,0,109,FALSE,-5.896624945448391,17.791212837364885,133098,2.9825040234158093,40.73026732182302,-73.90160761243595
40.91,-74.04,24,0,156,FALSE,-5.054249953242161,17.791212837364885,133098,2.9825040234158093,40.73026732182302,-73.90160761243595
40.91,-74.03,51,0,137,FALSE,-4.211874961034735,17.791212837364885,133098,2.9825040234158093,40.73026732182302,-73.90160761243595
40.91,-74.02,5,0,109,FALSE,-3.3694999688273097,17.791212837364885,133098,2.9825040234158093,40.73026732182302,-73.90160761243595
40.91,-74.01,14,0,70,FALSE,-2.5271249766210806,17.791212837364885,133098,2.9825040234158093,40.73026732182302,-73.90160761243595
40.91,-74,9,0,68,FALSE,-1.6847499844136549,17.791212837364885,133098,2.9825040234158093,40.73026732182302,-73.90160761243595
40.91,-73.99,4,0,67,FALSE,-0.8423749922062288,17.791212837364885,133098,2.9825040234158093,40.73026732182302,-73.90160761243595
40.91,-73.98,8,0,76,FALSE,0,17.791212837364885,133098,2.9825040234158093,40.73026732182302,-73.90160761243595
40.91,-73.97,10,0,142,FALSE,0.842374992207426,17.791212837364885,133098,2.9825040234158093,40.73026732182302,-73.90160761243595
40.91,-73.96,25,0,191,FALSE,1.684749984414852,17.791212837364885,133098,2.9825040234158093,40.73026732182302,-73.90160761243595
40.91,-73.95,26,0,207,FALSE,2.5271249766210806,17.791212837364885,133098,2.9825040234158093,40.73026732182302,-73.90160761243595
40.91,-73.94,3,0,131,FALSE,3.369499968828506,17.791212837364885,133098,2.9825040234158093,40.73026732182302,-73.90160761243595
40.91,-73.91,118,0,1368,FALSE,5.896624945449588,17.791212837364885,133098,2.9825040234158093,40.73026732182302,-73.90160761243595
40.91,-73.9,309,0,1420,FALSE,6.738999937655816,17.791212837364885,133098,2.9825040234158093,40.73026732182302,-73.90160761243595
40.91,-73.89,29,0,1135,FALSE,7.581374929863243,17.791212837364885,133098,2.9825040234158093,40.73026732182302,-73.90160761243595
40.91,-73.88,37,0,311,FALSE,8.42374992207067,17.791212837364885,133098,2.9825040234158093,40.73026732182302,-73.90160761243595
40.91,-73.87,27,0,452,FALSE,9.266124914276897,17.791212837364885,133098,2.9825040234158093,40.73026732182302,-73.90160761243595
40.91,-73.86,68,0,531,FALSE,10.108499906484322,17.791212837364885,133098,2.9825040234158093,40.73026732182302,-73.90160761243595
40.91,-73.85,65,0,419,FALSE,10.950874898691747,17.791212837364885,133098,2.9825040234158093,40.73026732182302,-73.90160761243595
40.91,-73.84,50,0,284,FALSE,11.793249890897977,17.791212837364885,133098,2.9825040234158093,40.73026732182302,-73.90160761243595
40.91,-73.83,37,0,208,FALSE,12.635624883105404,17.791212837364885,133098,2.9825040234158093,40.73026732182302,-73.90160761243595
40.91,-73.82,19,0,262,FALSE,13.477999875312829,17.791212837364885,133098,2.9825040234158093,40.73026732182302,-73.90160761243595
40.91,-73.81,69,0,267,FALSE,14.320374867519059,17.791212837364885,133098,2.9825040234158093,40.73026732182302,-73.90160761243595
40.91,-73.8,14,0,246,FALSE,15.162749859726485,17.791212837364885,133098,2.9825040234158093,40.73026732182302,-73.90160761243595
40.91,-73.79,20,0,357,FALSE,16.00512485193271,17.791212837364885,133098,2.9825040234158093,40.73026732182302,-73.90160761243595
40.91,-73.78,225,0,338,FALSE,16.84749984414014,17.791212837364885,133098,2.9825040234158093,40.73026732182302,-73.90160761243595
40.91,-73.77,13,0,303,FALSE,17.689874836347567,17.791212837364885,133098,2.9825040234158093,40.73026732182302,-73.90160761243595
40.91,-73.76,4,0,55,FALSE,18.532249828553795,17.791212837364885,133098,2.9825040234158093,40.73026732182302,-73.90160761243595
40.92,-74.15,1,0,6,FALSE,-14.320374867519059,18.903163639700782,133098,2.9825040234158093,40.73026732182302,-73.90160761243595
40.92,-74.14,1,0,9,FALSE,-13.477999875311632,18.903163639700782,133098,2.9825040234158093,40.73026732182302,-73.90160761243595
40.92,-74.13,1,0,11,FALSE,-12.635624883104207,18.903163639700782,133098,2.9825040234158093,40.73026732182302,-73.90160761243595
40.92,-74.09,4,0,54,FALSE,-9.266124914276897,18.903163639700782,133098,2.9825040234158093,40.73026732182302,-73.90160761243595
40.92,-74.08,17,0,45,FALSE,-8.42374992206947,18.903163639700782,133098,2.9825040234158093,40.73026732182302,-73.90160761243595
40.92,-74.07,3,0,57,FALSE,-7.581374929862044,18.903163639700782,133098,2.9825040234158093,40.73026732182302,-73.90160761243595
40.92,-74.06,8,0,46,FALSE,-6.738999937655816,18.903163639700782,133098,2.9825040234158093,40.73026732182302,-73.90160761243595
40.92,-74.05,2,0,64,FALSE,-5.896624945448391,18.903163639700782,133098,2.9825040234158093,40.73026732182302,-73.90160761243595
40.92,-74.04,3,0,103,FALSE,-5.054249953242161,18.903163639700782,133098,2.9825040234158093,40.73026732182302,-73.90160761243595
40.92,-74.03,4,0,87,FALSE,-4.211874961034735,18.903163639700782,133098,2.9825040234158093,40.73026732182302,-73.90160761243595
40.92,-74.01,2,0,31,FALSE,-2.5271249766210806,18.903163639700782,133098,2.9825040234158093,40.73026732182302,-73.90160761243595
40.92,-74,1,0,30,FALSE,-1.6847499844136549,18.903163639700782,133098,2.9825040234158093,40.73026732182302,-73.90160761243595
40.92,-73.98,2,0,27,FALSE,0,18.903163639700782,133098,2.9825040234158093,40.73026732182302,-73.90160761243595
40.92,-73.97,3,0,57,FALSE,0.842374992207426,18.903163639700782,133098,2.9825040234158093,40.73026732182302,-73.90160761243595
40.92,-73.96,9,0,90,FALSE,1.684749984414852,18.903163639700782,133098,2.9825040234158093,40.73026732182302,-73.90160761243595
40.92,-73.95,17,0,80,FALSE,2.5271249766210806,18.903163639700782,133098,2.9825040234158093,40.73026732182302,-73.90160761243595
40.92,-73.91,1,0,450,FALSE,5.896624945449588,18.903163639700782,133098,2.9825040234158093,40.73026732182302,-73.90160761243595
40.92,-73.9,22,0,488,FALSE,6.738999937655816,18.903163639700782,133098,2.9825040234158093,40.73026732182302,-73.90160761243595
40.92,-73.89,9,0,413,FALSE,7.581374929863243,18.903163639700782,133098,2.9825040234158093,40.73026732182302,-73.90160761243595
40.92,-73.88,7,0,113,FALSE,8.42374992207067,18.903163639700782,133098,2.9825040234158093,40.73026732182302,-73.90160761243595
40.92,-73.87,4,0,147,FALSE,9.266124914276897,18.903163639700782,133098,2.9825040234158093,40.73026732182302,-73.90160761243595
40.92,-73.86,4,0,177,FALSE,10.108499906484322,18.903163639700782,133098,2.9825040234158093,40.73026732182302,-73.90160761243595
40.92,-73.85,9,0,201,FALSE,10.950874898691747,18.903163639700782,133098,2.9825040234158093,40.73026732182302,-73.90160761243595
40.92,-73.84,5,0,170,FALSE,11.793249890897977,18.903163639700782,133098,2.9825040234158093,40.73026732182302,-73.90160761243595
40.92,-73.83,4,0,123,FALSE,12.635624883105404,18.903163639700782,133098,2.9825040234158093,40.73026732182302,-73.90160761243595
40.92,-73.82,8,0,153,FALSE,13.477999875312829,18.903163639700782,133098,2.9825040234158093,40.73026732182302,-73.90160761243595
40.92,-73.81,16,0,132,FALSE,14.320374867519059,18.903163639700782,133098,2.9825040234158093,40.73026732182302,-73.90160761243595
40.92,-73.8,6,0,126,FALSE,15.162749859726485,18.903163639700782,133098,2.9825040234158093,40.73026732182302,-73.90160761243595
40.92,-73.79,1,0,275,FALSE,16.00512485193271,18.903163639700782,133098,2.9825040234158093,40.73026732182302,-73.90160761243595
40.92,-73.78,9,0,279,FALSE,16.84749984414014,18.903163639700782,133098,2.9825040234158093,40.73026732182302,-73.90160761243595
40.92,-73.77,11,0,263,FALSE,17.689874836347567,18.903163639700782,133098,2.9825040234158093,40.73026732182302,-73.90160761243595
40.92,-73.76,1,0,33,FALSE,18.532249828553795,18.903163639700782,133098,2.9825040234158093,40.73026732182302,-73.90160761243595
40.92,-73.75,4,0,9,FALSE,19.374624820761223,18.903163639700782,133098,2.9825040234158093,40.73026732182302,-73.90160761243595
