DateTime,Observed,Expected,Residual,Residual_Percent,Anomaly_Score,Is_Anomaly,Direction,Calibration_Start,Calibration_End,Calibration_Median,Calibration_MAD,Threshold,Model,Zero_Filled
2014-09-08T00:00:00Z,323,736.7370833333333,-413.7370833333333,-56.158036929727864,2.82657587368924,FALSE,Lower than expected,2014-09-01T00:00:00Z,2014-09-07T23:00:00Z,82.3532916666664,118.3792291666669,3.5,Random Forest,FALSE
2014-09-08T01:00:00Z,201,449.25512500000013,-248.25512500000013,-55.25927500548826,1.8837087379262294,FALSE,Lower than expected,2014-09-01T00:00:00Z,2014-09-07T23:00:00Z,82.3532916666664,118.3792291666669,3.5,Random Forest,FALSE
2014-09-08T02:00:00Z,157,310.00454166666674,-153.00454166666674,-49.35558067764868,1.3409991544056326,FALSE,Lower than expected,2014-09-01T00:00:00Z,2014-09-07T23:00:00Z,82.3532916666664,118.3792291666669,3.5,Random Forest,FALSE
2014-09-08T03:00:00Z,369,316.80954166666686,52.19045833333314,16.47376466591579,0.17185888152357204,FALSE,Higher than expected,2014-09-01T00:00:00Z,2014-09-07T23:00:00Z,82.3532916666664,118.3792291666669,3.5,Random Forest,FALSE
2014-09-08T04:00:00Z,515,361.285125,153.714875,42.54669355678566,0.40659714423660226,FALSE,Higher than expected,2014-09-01T00:00:00Z,2014-09-07T23:00:00Z,82.3532916666664,118.3792291666669,3.5,Random Forest,FALSE
2014-09-08T05:00:00Z,910,462.24716666666654,447.75283333333346,96.86437594894224,2.0819382531501605,FALSE,Higher than expected,2014-09-01T00:00:00Z,2014-09-07T23:00:00Z,82.3532916666664,118.3792291666669,3.5,Random Forest,FALSE
2014-09-08T06:00:00Z,1222,732.6463333333329,489.3536666666671,66.7926179934931,2.3189674674850846,FALSE,Higher than expected,2014-09-01T00:00:00Z,2014-09-07T23:00:00Z,82.3532916666664,118.3792291666669,3.5,Random Forest,FALSE
2014-09-08T07:00:00Z,1673,826.9224583333337,846.0775416666663,102.31643041500406,4.351474344168461,TRUE,Higher than expected,2014-09-01T00:00:00Z,2014-09-07T23:00:00Z,82.3532916666664,118.3792291666669,3.5,Random Forest,FALSE
2014-09-08T08:00:00Z,1725,1197.2880000000002,527.7119999999998,44.075610880590105,2.5375218781706943,FALSE,Higher than expected,2014-09-01T00:00:00Z,2014-09-07T23:00:00Z,82.3532916666664,118.3792291666669,3.5,Random Forest,FALSE
2014-09-08T09:00:00Z,1288,1330.008291666667,-42.00829166666699,-3.15849847928582,0.7085754305630184,FALSE,Lower than expected,2014-09-01T00:00:00Z,2014-09-07T23:00:00Z,82.3532916666664,118.3792291666669,3.5,Random Forest,FALSE
2014-09-08T10:00:00Z,1204,1143.5126250000003,60.4873749999997,5.289611472370031,0.12458551026332564,FALSE,Higher than expected,2014-09-01T00:00:00Z,2014-09-07T23:00:00Z,82.3532916666664,118.3792291666669,3.5,Random Forest,FALSE
2014-09-08T11:00:00Z,1211,1251.7200000000005,-40.72000000000048,-3.253123701786379,0.7012351266047439,FALSE,Lower than expected,2014-09-01T00:00:00Z,2014-09-07T23:00:00Z,82.3532916666664,118.3792291666669,3.5,Random Forest,FALSE
2014-09-08T12:00:00Z,1190,1256.4508750000005,-66.45087500000045,-5.288776212599671,0.8478420235515222,FALSE,Lower than expected,2014-09-01T00:00:00Z,2014-09-07T23:00:00Z,82.3532916666664,118.3792291666669,3.5,Random Forest,FALSE
2014-09-08T13:00:00Z,1345,1298.306041666668,46.69395833333192,3.5965293878929896,0.20317630889703472,FALSE,Higher than expected,2014-09-01T00:00:00Z,2014-09-07T23:00:00Z,82.3532916666664,118.3792291666669,3.5,Random Forest,FALSE
2014-09-08T14:00:00Z,1577,1380.9740416666664,196.02595833333362,14.194760539941383,0.6476731524934763,FALSE,Higher than expected,2014-09-01T00:00:00Z,2014-09-07T23:00:00Z,82.3532916666664,118.3792291666669,3.5,Random Forest,FALSE
2014-09-08T15:00:00Z,1895,1608.7395833333328,286.2604166666672,17.794080510751858,1.1618023429669218,FALSE,Higher than expected,2014-09-01T00:00:00Z,2014-09-07T23:00:00Z,82.3532916666664,118.3792291666669,3.5,Random Forest,FALSE
2014-09-08T16:00:00Z,2092,1844.1198333333332,247.8801666666668,13.441651794320316,0.9431230576125895,FALSE,Higher than expected,2014-09-01T00:00:00Z,2014-09-07T23:00:00Z,82.3532916666664,118.3792291666669,3.5,Random Forest,FALSE
2014-09-08T17:00:00Z,2254,1969.087083333333,284.9129166666669,14.469289808369332,1.1541246874796587,FALSE,Higher than expected,2014-09-01T00:00:00Z,2014-09-07T23:00:00Z,82.3532916666664,118.3792291666669,3.5,Random Forest,FALSE
2014-09-08T18:00:00Z,2221,1985.0531249999988,235.94687500000123,11.886174330976727,0.875130699730835,FALSE,Higher than expected,2014-09-01T00:00:00Z,2014-09-07T23:00:00Z,82.3532916666664,118.3792291666669,3.5,Random Forest,FALSE
2014-09-08T19:00:00Z,1971,1966.7416250000003,4.25837499999966,0.21651928986857433,0.44496168124159247,FALSE,Higher than expected,2014-09-01T00:00:00Z,2014-09-07T23:00:00Z,82.3532916666664,118.3792291666669,3.5,Random Forest,FALSE
2014-09-08T20:00:00Z,1823,1793.881208333334,29.118791666666084,1.6232285355015166,0.30331439780082575,FALSE,Higher than expected,2014-09-01T00:00:00Z,2014-09-07T23:00:00Z,82.3532916666664,118.3792291666669,3.5,Random Forest,FALSE
2014-09-08T21:00:00Z,1487,1694.7285416666668,-207.72854166666684,-12.257334231379495,1.6528002815929324,FALSE,Lower than expected,2014-09-01T00:00:00Z,2014-09-07T23:00:00Z,82.3532916666664,118.3792291666669,3.5,Random Forest,FALSE
2014-09-08T22:00:00Z,1117,1322.0033750000002,-205.00337500000023,-15.507023573218957,1.63727308989569,FALSE,Lower than expected,2014-09-01T00:00:00Z,2014-09-07T23:00:00Z,82.3532916666664,118.3792291666669,3.5,Random Forest,FALSE
2014-09-08T23:00:00Z,590,749.503166666667,-159.50316666666697,-21.281186492652164,1.3780263929146528,FALSE,Lower than expected,2014-09-01T00:00:00Z,2014-09-07T23:00:00Z,82.3532916666664,118.3792291666669,3.5,Random Forest,FALSE
2014-09-09T00:00:00Z,312,367.8887083333335,-55.88870833333351,-15.191743336328315,0.787661929402577,FALSE,Lower than expected,2014-09-01T00:00:00Z,2014-09-07T23:00:00Z,82.3532916666664,118.3792291666669,3.5,Random Forest,FALSE
2014-09-09T01:00:00Z,194,187.0985833333334,6.9014166666665915,3.6886525508165287,0.42990241344556607,FALSE,Higher than expected,2014-09-01T00:00:00Z,2014-09-07T23:00:00Z,82.3532916666664,118.3792291666669,3.5,Random Forest,FALSE
2014-09-09T02:00:00Z,146,143.79654166666657,2.2034583333334297,1.5323444554329033,0.45666998715750684,FALSE,Higher than expected,2014-09-01T00:00:00Z,2014-09-07T23:00:00Z,82.3532916666664,118.3792291666669,3.5,Random Forest,FALSE
2014-09-09T03:00:00Z,242,295.9729583333334,-53.972958333333395,-18.235773510277067,0.7767465538925794,FALSE,Lower than expected,2014-09-01T00:00:00Z,2014-09-07T23:00:00Z,82.3532916666664,118.3792291666669,3.5,Random Forest,FALSE
2014-09-09T04:00:00Z,407,433.2086666666668,-26.208666666666772,-6.04989435422193,0.6185538516554695,FALSE,Lower than expected,2014-09-01T00:00:00Z,2014-09-07T23:00:00Z,82.3532916666664,118.3792291666669,3.5,Random Forest,FALSE
2014-09-09T05:00:00Z,826,786.5175833333337,39.48241666666627,5.019902606542648,0.24426553520403946,FALSE,Higher than expected,2014-09-01T00:00:00Z,2014-09-07T23:00:00Z,82.3532916666664,118.3792291666669,3.5,Random Forest,FALSE
2014-09-09T06:00:00Z,1443,1198.2548749999996,244.74512500000037,20.42513075525776,0.9252605196868943,FALSE,Higher than expected,2014-09-01T00:00:00Z,2014-09-07T23:00:00Z,82.3532916666664,118.3792291666669,3.5,Random Forest,FALSE
2014-09-09T07:00:00Z,1778,1472.1793749999997,305.8206250000003,20.773326280297898,1.273250610753481,FALSE,Higher than expected,2014-09-01T00:00:00Z,2014-09-07T23:00:00Z,82.3532916666664,118.3792291666669,3.5,Random Forest,FALSE
2014-09-09T08:00:00Z,1785,1746.139499999999,38.86050000000091,2.2255094738994754,0.2478090319821044,FALSE,Higher than expected,2014-09-01T00:00:00Z,2014-09-07T23:00:00Z,82.3532916666664,118.3792291666669,3.5,Random Forest,FALSE
2014-09-09T09:00:00Z,1330,1494.8270833333322,-164.8270833333322,-11.026498326868843,1.4083604916230346,FALSE,Lower than expected,2014-09-01T00:00:00Z,2014-09-07T23:00:00Z,82.3532916666664,118.3792291666669,3.5,Random Forest,FALSE
2014-09-09T10:00:00Z,1293,1244.676458333333,48.3235416666671,3.882417904117354,0.1938914262097395,FALSE,Higher than expected,2014-09-01T00:00:00Z,2014-09-07T23:00:00Z,82.3532916666664,118.3792291666669,3.5,Random Forest,FALSE
2014-09-09T11:00:00Z,1294,1216.4525416666677,77.54745833333232,6.374885634838179,0.02738221347869056,FALSE,Higher than expected,2014-09-01T00:00:00Z,2014-09-07T23:00:00Z,82.3532916666664,118.3792291666669,3.5,Random Forest,FALSE
2014-09-09T12:00:00Z,1319,1224.3207499999996,94.67925000000037,7.73320635135853,0.07022965612888712,FALSE,Higher than expected,2014-09-01T00:00:00Z,2014-09-07T23:00:00Z,82.3532916666664,118.3792291666669,3.5,Random Forest,FALSE
2014-09-09T13:00:00Z,1639,1377.9488750000005,261.0511249999995,18.944906428404277,1.0181672732121452,FALSE,Higher than expected,2014-09-01T00:00:00Z,2014-09-07T23:00:00Z,82.3532916666664,118.3792291666669,3.5,Random Forest,FALSE
2014-09-09T14:00:00Z,2028,1729.4468333333325,298.5531666666675,17.262928290847583,1.2318427878582265,FALSE,Higher than expected,2014-09-01T00:00:00Z,2014-09-07T23:00:00Z,82.3532916666664,118.3792291666669,3.5,Random Forest,FALSE
2014-09-09T15:00:00Z,2234,2231.0388749999997,2.9611250000002656,0.1327240431881881,0.4523530271271918,FALSE,Higher than expected,2014-09-01T00:00:00Z,2014-09-07T23:00:00Z,82.3532916666664,118.3792291666669,3.5,Random Forest,FALSE
2014-09-09T16:00:00Z,2237,2278.165041666666,-41.165041666666184,-1.806938519105295,0.7037708420734903,FALSE,Lower than expected,2014-09-01T00:00:00Z,2014-09-07T23:00:00Z,82.3532916666664,118.3792291666669,3.5,Random Forest,FALSE
2014-09-09T17:00:00Z,2616,2309.3834166666666,306.61658333333344,13.276989049133286,1.2777857453475785,FALSE,Higher than expected,2014-09-01T00:00:00Z,2014-09-07T23:00:00Z,82.3532916666664,118.3792291666669,3.5,Random Forest,FALSE
2014-09-09T18:00:00Z,2682,2441.592541666667,240.40745833333312,9.846338167843005,0.9005457810707546,FALSE,Higher than expected,2014-09-01T00:00:00Z,2014-09-07T23:00:00Z,82.3532916666664,118.3792291666669,3.5,Random Forest,FALSE
2014-09-09T19:00:00Z,2379,2355.097375,23.90262500000017,1.0149314951361692,0.333034568955406,FALSE,Higher than expected,2014-09-01T00:00:00Z,2014-09-07T23:00:00Z,82.3532916666664,118.3792291666669,3.5,Random Forest,FALSE
2014-09-09T20:00:00Z,2181,2318.3437916666667,-137.34379166666668,-5.924220219639197,1.2517688440738126,FALSE,Lower than expected,2014-09-01T00:00:00Z,2014-09-07T23:00:00Z,82.3532916666664,118.3792291666669,3.5,Random Forest,FALSE
2014-09-09T21:00:00Z,1908,2010.0228333333343,-102.02283333333435,-5.075705193067092,1.0505204956038785,FALSE,Lower than expected,2014-09-01T00:00:00Z,2014-09-07T23:00:00Z,82.3532916666664,118.3792291666669,3.5,Random Forest,FALSE
2014-09-09T22:00:00Z,1427,1538.59775,-111.5977499999999,-7.253211568780723,1.1050755319570469,FALSE,Lower than expected,2014-09-01T00:00:00Z,2014-09-07T23:00:00Z,82.3532916666664,118.3792291666669,3.5,Random Forest,FALSE
2014-09-09T23:00:00Z,860,900.4005000000001,-40.40050000000008,-4.486947752694504,0.6994147103315096,FALSE,Lower than expected,2014-09-01T00:00:00Z,2014-09-07T23:00:00Z,82.3532916666664,118.3792291666669,3.5,Random Forest,FALSE
2014-09-10T00:00:00Z,429,469.2471666666666,-40.2471666666666,-8.576965302223442,0.6985410624591178,FALSE,Lower than expected,2014-09-01T00:00:00Z,2014-09-07T23:00:00Z,82.3532916666664,118.3792291666669,3.5,Random Forest,FALSE
2014-09-10T01:00:00Z,310,234.03737500000005,75.96262499999995,32.45747607620361,0.03641212393364703,FALSE,Higher than expected,2014-09-01T00:00:00Z,2014-09-07T23:00:00Z,82.3532916666664,118.3792291666669,3.5,Random Forest,FALSE
2014-09-10T02:00:00Z,180,176.91750000000008,3.082499999999925,1.7423375302047133,0.4516614683629886,FALSE,Higher than expected,2014-09-01T00:00:00Z,2014-09-07T23:00:00Z,82.3532916666664,118.3792291666669,3.5,Random Forest,FALSE
2014-09-10T03:00:00Z,238,239.70087499999997,-1.700874999999968,-0.7095823075322392,0.4789157209168866,FALSE,Lower than expected,2014-09-01T00:00:00Z,2014-09-07T23:00:00Z,82.3532916666664,118.3792291666669,3.5,Random Forest,FALSE
2014-09-10T04:00:00Z,396,374.9378750000001,21.062124999999924,5.617497298719133,0.34921889579144877,FALSE,Higher than expected,2014-09-01T00:00:00Z,2014-09-07T23:00:00Z,82.3532916666664,118.3792291666669,3.5,Random Forest,FALSE
2014-09-10T05:00:00Z,792,748.1013750000004,43.89862499999958,5.868004854288572,0.21910328945761606,FALSE,Higher than expected,2014-09-01T00:00:00Z,2014-09-07T23:00:00Z,82.3532916666664,118.3792291666669,3.5,Random Forest,FALSE
2014-09-10T06:00:00Z,1353,1219.4042499999998,133.59575000000018,10.95582125451836,0.2919643349934526,FALSE,Higher than expected,2014-09-01T00:00:00Z,2014-09-07T23:00:00Z,82.3532916666664,118.3792291666669,3.5,Random Forest,FALSE
2014-09-10T07:00:00Z,1687,1514.0581666666674,172.94183333333262,11.422403520604451,0.5161466523265874,FALSE,Higher than expected,2014-09-01T00:00:00Z,2014-09-07T23:00:00Z,82.3532916666664,118.3792291666669,3.5,Random Forest,FALSE
2014-09-10T08:00:00Z,1785,1729.0110416666655,55.988958333334494,3.2382071012897877,0.15021615471958516,FALSE,Higher than expected,2014-09-01T00:00:00Z,2014-09-07T23:00:00Z,82.3532916666664,118.3792291666669,3.5,Random Forest,FALSE
2014-09-10T09:00:00Z,1434,1599.6499166666658,-165.64991666666583,-10.355385571603405,1.4130487519991164,FALSE,Lower than expected,2014-09-01T00:00:00Z,2014-09-07T23:00:00Z,82.3532916666664,118.3792291666669,3.5,Random Forest,FALSE
2014-09-10T10:00:00Z,1286,1347.7979166666662,-61.7979166666662,-4.58510255153851,0.8213308464977768,FALSE,Lower than expected,2014-09-01T00:00:00Z,2014-09-07T23:00:00Z,82.3532916666664,118.3792291666669,3.5,Random Forest,FALSE
2014-09-10T11:00:00Z,1408,1268.4930833333335,139.50691666666648,10.997846066300305,0.3256444100913721,FALSE,Higher than expected,2014-09-01T00:00:00Z,2014-09-07T23:00:00Z,82.3532916666664,118.3792291666669,3.5,Random Forest,FALSE
2014-09-10T12:00:00Z,1372,1349.5122916666678,22.487708333332193,1.666358170443897,0.341096344621351,FALSE,Higher than expected,2014-09-01T00:00:00Z,2014-09-07T23:00:00Z,82.3532916666664,118.3792291666669,3.5,Random Forest,FALSE
2014-09-10T13:00:00Z,1551,1452.6690000000006,98.33099999999945,6.7689886684440435,0.09103624494194786,FALSE,Higher than expected,2014-09-01T00:00:00Z,2014-09-07T23:00:00Z,82.3532916666664,118.3792291666669,3.5,Random Forest,FALSE
2014-09-10T14:00:00Z,1814,1759.799333333334,54.20066666666594,3.0799344925311134,0.16040531043566786,FALSE,Higher than expected,2014-09-01T00:00:00Z,2014-09-07T23:00:00Z,82.3532916666664,118.3792291666669,3.5,Random Forest,FALSE
2014-09-10T15:00:00Z,2218,1990.3222500000013,227.6777499999987,11.439240555141186,0.8280156771474443,FALSE,Higher than expected,2014-09-01T00:00:00Z,2014-09-07T23:00:00Z,82.3532916666664,118.3792291666669,3.5,Random Forest,FALSE
2014-09-10T16:00:00Z,2469,2288.6719166666676,180.32808333333242,7.879158302251156,0.5582313149186334,FALSE,Higher than expected,2014-09-01T00:00:00Z,2014-09-07T23:00:00Z,82.3532916666664,118.3792291666669,3.5,Random Forest,FALSE
2014-09-10T17:00:00Z,2784,2375.6014166666664,408.3985833333336,17.19137648547034,1.857709404571644,FALSE,Higher than expected,2014-09-01T00:00:00Z,2014-09-07T23:00:00Z,82.3532916666664,118.3792291666669,3.5,Random Forest,FALSE
2014-09-10T18:00:00Z,2839,2403.482208333334,435.5177916666662,18.120283568425947,2.012226613232566,FALSE,Higher than expected,2014-09-01T00:00:00Z,2014-09-07T23:00:00Z,82.3532916666664,118.3792291666669,3.5,Random Forest,FALSE
2014-09-10T19:00:00Z,2567,2350.840416666667,216.1595833333331,9.194991791056273,0.7623885784376002,FALSE,Higher than expected,2014-09-01T00:00:00Z,2014-09-07T23:00:00Z,82.3532916666664,118.3792291666669,3.5,Random Forest,FALSE
2014-09-10T20:00:00Z,2416,2298.461041666668,117.53895833333218,5.113811206828284,0.20047749666513742,FALSE,Higher than expected,2014-09-01T00:00:00Z,2014-09-07T23:00:00Z,82.3532916666664,118.3792291666669,3.5,Random Forest,FALSE
2014-09-10T21:00:00Z,2050,2267.340833333334,-217.3408333333341,-9.585715131051126,1.7075682696150056,FALSE,Lower than expected,2014-09-01T00:00:00Z,2014-09-07T23:00:00Z,82.3532916666664,118.3792291666669,3.5,Random Forest,FALSE
2014-09-10T22:00:00Z,1638,1906.237000000001,-268.237000000001,-14.071545143652171,1.9975595373618698,FALSE,Lower than expected,2014-09-01T00:00:00Z,2014-09-07T23:00:00Z,82.3532916666664,118.3792291666669,3.5,Random Forest,FALSE
2014-09-10T23:00:00Z,894,1103.9145833333337,-209.91458333333367,-19.015473343914387,1.6652556988823324,FALSE,Lower than expected,2014-09-01T00:00:00Z,2014-09-07T23:00:00Z,82.3532916666664,118.3792291666669,3.5,Random Forest,FALSE
2014-09-11T00:00:00Z,480,504.5752083333331,-24.57520833333308,-4.870474792946659,0.6092468903670599,FALSE,Lower than expected,2014-09-01T00:00:00Z,2014-09-07T23:00:00Z,82.3532916666664,118.3792291666669,3.5,Random Forest,FALSE
2014-09-11T01:00:00Z,296,294.59220833333336,1.4077916666666397,0.4778781063597285,0.4612034599214142,FALSE,Higher than expected,2014-09-01T00:00:00Z,2014-09-07T23:00:00Z,82.3532916666664,118.3792291666669,3.5,Random Forest,FALSE
2014-09-11T02:00:00Z,185,201.9484166666667,-16.948416666666702,-8.392448401633933,0.5657916926752011,FALSE,Lower than expected,2014-09-01T00:00:00Z,2014-09-07T23:00:00Z,82.3532916666664,118.3792291666669,3.5,Random Forest,FALSE
2014-09-11T03:00:00Z,279,262.7899583333333,16.21004166666671,6.168440289527823,0.3768646280577305,FALSE,Higher than expected,2014-09-01T00:00:00Z,2014-09-07T23:00:00Z,82.3532916666664,118.3792291666669,3.5,Random Forest,FALSE
2014-09-11T04:00:00Z,445,416.6600833333333,28.33991666666668,6.801687466661977,0.3077521966265297,FALSE,Higher than expected,2014-09-01T00:00:00Z,2014-09-07T23:00:00Z,82.3532916666664,118.3792291666669,3.5,Random Forest,FALSE
2014-09-11T05:00:00Z,326,725.4932500000001,-399.4932500000001,-55.065054016698305,2.7454187344303898,FALSE,Lower than expected,2014-09-01T00:00:00Z,2014-09-07T23:00:00Z,82.3532916666664,118.3792291666669,3.5,Random Forest,FALSE
2014-09-11T06:00:00Z,1042,954.9514583333336,87.04854166666644,9.115493872179778,0.026752142431587266,FALSE,Higher than expected,2014-09-01T00:00:00Z,2014-09-07T23:00:00Z,82.3532916666664,118.3792291666669,3.5,Random Forest,FALSE
2014-09-11T07:00:00Z,1563,1452.5172083333332,110.4827916666668,7.606298296007002,0.1602735510418695,FALSE,Higher than expected,2014-09-01T00:00:00Z,2014-09-07T23:00:00Z,82.3532916666664,118.3792291666669,3.5,Random Forest,FALSE
2014-09-11T08:00:00Z,1742,1573.577291666666,168.42270833333396,10.703173541284889,0.49039801792669185,FALSE,Higher than expected,2014-09-01T00:00:00Z,2014-09-07T23:00:00Z,82.3532916666664,118.3792291666669,3.5,Random Forest,FALSE
2014-09-11T09:00:00Z,1408,1677.6351666666656,-269.63516666666555,-16.072336347264958,2.005525876493909,FALSE,Lower than expected,2014-09-01T00:00:00Z,2014-09-07T23:00:00Z,82.3532916666664,118.3792291666669,3.5,Random Forest,FALSE
2014-09-11T10:00:00Z,1251,1369.7565833333333,-118.75658333333331,-8.669904184314012,1.1458644418079234,FALSE,Lower than expected,2014-09-01T00:00:00Z,2014-09-07T23:00:00Z,82.3532916666664,118.3792291666669,3.5,Random Forest,FALSE
2014-09-11T11:00:00Z,1332,1380.7126666666666,-48.712666666666564,-3.5280813917836564,0.7467749715703683,FALSE,Lower than expected,2014-09-01T00:00:00Z,2014-09-07T23:00:00Z,82.3532916666664,118.3792291666669,3.5,Random Forest,FALSE
2014-09-11T12:00:00Z,1331,1437.1642500000005,-106.1642500000005,-7.387064491758716,1.0741170599050769,FALSE,Lower than expected,2014-09-01T00:00:00Z,2014-09-07T23:00:00Z,82.3532916666664,118.3792291666669,3.5,Random Forest,FALSE
2014-09-11T13:00:00Z,1577,1498.5489166666669,78.45108333333314,5.235136635234951,0.022233626139408304,FALSE,Higher than expected,2014-09-01T00:00:00Z,2014-09-07T23:00:00Z,82.3532916666664,118.3792291666669,3.5,Random Forest,FALSE
2014-09-11T14:00:00Z,1903,1778.5131250000006,124.48687499999937,6.999491499394998,0.2400646658828528,FALSE,Higher than expected,2014-09-01T00:00:00Z,2014-09-07T23:00:00Z,82.3532916666664,118.3792291666669,3.5,Random Forest,FALSE
2014-09-11T15:00:00Z,2200,2074.551541666667,125.44845833333284,6.047015743583271,0.24554348262172232,FALSE,Higher than expected,2014-09-01T00:00:00Z,2014-09-07T23:00:00Z,82.3532916666664,118.3792291666669,3.5,Random Forest,FALSE
2014-09-11T16:00:00Z,2596,2285.1882916666673,310.8117083333327,13.601142167004843,1.3016883238084256,FALSE,Higher than expected,2014-09-01T00:00:00Z,2014-09-07T23:00:00Z,82.3532916666664,118.3792291666669,3.5,Random Forest,FALSE
2014-09-11T17:00:00Z,2852,2387.253708333333,464.7462916666668,19.467821540892295,2.1787619404380734,FALSE,Higher than expected,2014-09-01T00:00:00Z,2014-09-07T23:00:00Z,82.3532916666664,118.3792291666669,3.5,Random Forest,FALSE
2014-09-11T18:00:00Z,2908,2395.8524583333333,512.1475416666667,21.3764224038629,2.448840209206565,FALSE,Higher than expected,2014-09-01T00:00:00Z,2014-09-07T23:00:00Z,82.3532916666664,118.3792291666669,3.5,Random Forest,FALSE
2014-09-11T19:00:00Z,2724,2340.6467083333337,383.35329166666634,16.37809287073633,1.7150087581934272,FALSE,Higher than expected,2014-09-01T00:00:00Z,2014-09-07T23:00:00Z,82.3532916666664,118.3792291666669,3.5,Random Forest,FALSE
2014-09-11T20:00:00Z,2537,2348.224333333334,188.77566666666598,8.039081444944255,0.6063631401752312,FALSE,Higher than expected,2014-09-01T00:00:00Z,2014-09-07T23:00:00Z,82.3532916666664,118.3792291666669,3.5,Random Forest,FALSE
2014-09-11T21:00:00Z,2430,2275.7893333333336,154.21066666666638,6.776139795013234,0.4094220181587689,FALSE,Higher than expected,2014-09-01T00:00:00Z,2014-09-07T23:00:00Z,82.3532916666664,118.3792291666669,3.5,Random Forest,FALSE
2014-09-11T22:00:00Z,1812,2237.3799166666668,-425.37991666666676,-19.012413291901442,2.892913286104035,FALSE,Lower than expected,2014-09-01T00:00:00Z,2014-09-07T23:00:00Z,82.3532916666664,118.3792291666669,3.5,Random Forest,FALSE
2014-09-11T23:00:00Z,1220,1397.2936249999996,-177.29362499999957,-12.688358540245943,1.479391149904489,FALSE,Lower than expected,2014-09-01T00:00:00Z,2014-09-07T23:00:00Z,82.3532916666664,118.3792291666669,3.5,Random Forest,FALSE
2014-09-12T00:00:00Z,600,702.2314583333333,-102.23145833333331,-14.5580858163159,1.0517091789998132,FALSE,Lower than expected,2014-09-01T00:00:00Z,2014-09-07T23:00:00Z,82.3532916666664,118.3792291666669,3.5,Random Forest,FALSE
2014-09-12T01:00:00Z,390,385.63587499999994,4.364125000000058,1.1316698686293278,0.4443591490948162,FALSE,Higher than expected,2014-09-01T00:00:00Z,2014-09-07T23:00:00Z,82.3532916666664,118.3792291666669,3.5,Random Forest,FALSE
2014-09-12T02:00:00Z,262,241.8695833333335,20.13041666666649,8.322839271163618,0.35452749363778974,FALSE,Higher than expected,2014-09-01T00:00:00Z,2014-09-07T23:00:00Z,82.3532916666664,118.3792291666669,3.5,Random Forest,FALSE
2014-09-12T03:00:00Z,330,331.8680833333332,-1.8680833333331748,-0.5628993648831377,0.4798684244255556,FALSE,Lower than expected,2014-09-01T00:00:00Z,2014-09-07T23:00:00Z,82.3532916666664,118.3792291666669,3.5,Random Forest,FALSE
2014-09-12T04:00:00Z,478,444.54516666666694,33.454833333333056,7.525632003647106,0.27860891795290055,FALSE,Higher than expected,2014-09-01T00:00:00Z,2014-09-07T23:00:00Z,82.3532916666664,118.3792291666669,3.5,Random Forest,FALSE
2014-09-12T05:00:00Z,820,691.5664999999999,128.4335000000001,18.571388290207828,0.26255136502008325,FALSE,Higher than expected,2014-09-01T00:00:00Z,2014-09-07T23:00:00Z,82.3532916666664,118.3792291666669,3.5,Random Forest,FALSE
2014-09-12T06:00:00Z,1287,1177.709416666667,109.29058333333296,9.279927780713841,0.1534807014297143,FALSE,Higher than expected,2014-09-01T00:00:00Z,2014-09-07T23:00:00Z,82.3532916666664,118.3792291666669,3.5,Random Forest,FALSE
2014-09-12T07:00:00Z,1667,1465.0706250000012,201.9293749999988,13.782910636133916,0.6813090703891436,FALSE,Higher than expected,2014-09-01T00:00:00Z,2014-09-07T23:00:00Z,82.3532916666664,118.3792291666669,3.5,Random Forest,FALSE
2014-09-12T08:00:00Z,1746,1737.072125,8.927875000000085,0.5139610999169125,0.4183562546755295,FALSE,Higher than expected,2014-09-01T00:00:00Z,2014-09-07T23:00:00Z,82.3532916666664,118.3792291666669,3.5,Random Forest,FALSE
2014-09-12T09:00:00Z,1394,1737.6494166666655,-343.6494166666655,-19.776682993160293,2.427237128922872,FALSE,Lower than expected,2014-09-01T00:00:00Z,2014-09-07T23:00:00Z,82.3532916666664,118.3792291666669,3.5,Random Forest,FALSE
2014-09-12T10:00:00Z,1358,1375.9627916666668,-17.962791666666817,-1.3054707420473899,0.5715713006788312,FALSE,Lower than expected,2014-09-01T00:00:00Z,2014-09-07T23:00:00Z,82.3532916666664,118.3792291666669,3.5,Random Forest,FALSE
2014-09-12T11:00:00Z,1284,1407.6347083333335,-123.63470833333349,-8.783152873497938,1.1736585517699254,FALSE,Lower than expected,2014-09-01T00:00:00Z,2014-09-07T23:00:00Z,82.3532916666664,118.3792291666669,3.5,Random Forest,FALSE
2014-09-12T12:00:00Z,1321,1393.6855416666665,-72.6855416666665,-5.215347328619342,0.8833653057367342,FALSE,Lower than expected,2014-09-01T00:00:00Z,2014-09-07T23:00:00Z,82.3532916666664,118.3792291666669,3.5,Random Forest,FALSE
2014-09-12T13:00:00Z,1545,1535.757708333333,9.242291666666915,0.6018066272118554,0.41656480172850097,FALSE,Higher than expected,2014-09-01T00:00:00Z,2014-09-07T23:00:00Z,82.3532916666664,118.3792291666669,3.5,Random Forest,FALSE
2014-09-12T14:00:00Z,1717,1772.3868750000004,-55.38687500000037,-3.1249878782813916,0.784802631855003,FALSE,Lower than expected,2014-09-01T00:00:00Z,2014-09-07T23:00:00Z,82.3532916666664,118.3792291666669,3.5,Random Forest,FALSE
2014-09-12T15:00:00Z,2068,1961.0842916666672,106.91570833333276,5.45186705067472,0.13994936779311973,FALSE,Higher than expected,2014-09-01T00:00:00Z,2014-09-07T23:00:00Z,82.3532916666664,118.3792291666669,3.5,Random Forest,FALSE
2014-09-12T16:00:00Z,2328,2276.985166666667,51.01483333333317,2.24045523353211,0.17855724421909064,FALSE,Higher than expected,2014-09-01T00:00:00Z,2014-09-07T23:00:00Z,82.3532916666664,118.3792291666669,3.5,Random Forest,FALSE
2014-09-12T17:00:00Z,2692,2329.619249999999,362.38075000000117,15.555363821791966,1.5955134338083532,FALSE,Higher than expected,2014-09-01T00:00:00Z,2014-09-07T23:00:00Z,82.3532916666664,118.3792291666669,3.5,Random Forest,FALSE
2014-09-12T18:00:00Z,2915,2379.4455000000003,535.5544999999997,22.50753379306228,2.582206117991731,FALSE,Higher than expected,2014-09-01T00:00:00Z,2014-09-07T23:00:00Z,82.3532916666664,118.3792291666669,3.5,Random Forest,FALSE
2014-09-12T19:00:00Z,2890,2358.813666666667,531.1863333333331,22.51921552090944,2.5573175994183686,FALSE,Higher than expected,2014-09-01T00:00:00Z,2014-09-07T23:00:00Z,82.3532916666664,118.3792291666669,3.5,Random Forest,FALSE
2014-09-12T20:00:00Z,2542,2345.782791666667,196.21720833333302,8.364679331368174,0.6487628382908301,FALSE,Higher than expected,2014-09-01T00:00:00Z,2014-09-07T23:00:00Z,82.3532916666664,118.3792291666669,3.5,Random Forest,FALSE
2014-09-12T21:00:00Z,2710,2283.281166666667,426.7188333333329,18.688843037070825,1.9620927574031786,FALSE,Higher than expected,2014-09-01T00:00:00Z,2014-09-07T23:00:00Z,82.3532916666664,118.3792291666669,3.5,Random Forest,FALSE
2014-09-12T22:00:00Z,2778,2245.058708333334,532.9412916666661,23.738412260154487,2.567316831683919,FALSE,Higher than expected,2014-09-01T00:00:00Z,2014-09-07T23:00:00Z,82.3532916666664,118.3792291666669,3.5,Random Forest,FALSE
2014-09-12T23:00:00Z,2418,1938.757625,479.24237500000004,24.719045270034723,2.261356325408732,FALSE,Higher than expected,2014-09-01T00:00:00Z,2014-09-07T23:00:00Z,82.3532916666664,118.3792291666669,3.5,Random Forest,FALSE
2014-09-13T00:00:00Z,1816,1664.5219999999993,151.47800000000075,9.10039038234405,0.3938520936851649,FALSE,Higher than expected,2014-09-01T00:00:00Z,2014-09-07T23:00:00Z,82.3532916666664,118.3792291666669,3.5,Random Forest,FALSE
2014-09-13T01:00:00Z,1219,1144.5204583333327,74.47954166666727,6.507488889724651,0.04486229305589366,FALSE,Higher than expected,2014-09-01T00:00:00Z,2014-09-07T23:00:00Z,82.3532916666664,118.3792291666669,3.5,Random Forest,FALSE
2014-09-13T02:00:00Z,783,768.0990000000003,14.900999999999726,1.9399842988989338,0.38432315936395645,FALSE,Higher than expected,2014-09-01T00:00:00Z,2014-09-07T23:00:00Z,82.3532916666664,118.3792291666669,3.5,Random Forest,FALSE
2014-09-13T03:00:00Z,527,503.85375000000016,23.14624999999984,4.593842955421058,0.3373441694520144,FALSE,Higher than expected,2014-09-01T00:00:00Z,2014-09-07T23:00:00Z,82.3532916666664,118.3792291666669,3.5,Random Forest,FALSE
2014-09-13T04:00:00Z,363,381.8480833333333,-18.848083333333307,-4.936016221110614,0.5766154301203218,FALSE,Lower than expected,2014-09-01T00:00:00Z,2014-09-07T23:00:00Z,82.3532916666664,118.3792291666669,3.5,Random Forest,FALSE
2014-09-13T05:00:00Z,409,397.6129999999999,11.387000000000114,2.8638399649911137,0.4043448895177472,FALSE,Higher than expected,2014-09-01T00:00:00Z,2014-09-07T23:00:00Z,82.3532916666664,118.3792291666669,3.5,Random Forest,FALSE
2014-09-13T06:00:00Z,489,552.1391250000003,-63.13912500000026,-11.435365135553512,0.8289726539337566,FALSE,Lower than expected,2014-09-01T00:00:00Z,2014-09-07T23:00:00Z,82.3532916666664,118.3792291666669,3.5,Random Forest,FALSE
2014-09-13T07:00:00Z,660,646.8102916666666,13.189708333333442,2.0391927128040743,0.39407359190932556,FALSE,Higher than expected,2014-09-01T00:00:00Z,2014-09-07T23:00:00Z,82.3532916666664,118.3792291666669,3.5,Random Forest,FALSE
2014-09-13T08:00:00Z,934,891.1063333333332,42.89366666666683,4.813529548849221,0.22482924408647037,FALSE,Higher than expected,2014-09-01T00:00:00Z,2014-09-07T23:00:00Z,82.3532916666664,118.3792291666669,3.5,Random Forest,FALSE
2014-09-13T09:00:00Z,1062,1106.0883333333338,-44.08833333333382,-3.9859685709249084,0.7204268912797654,FALSE,Lower than expected,2014-09-01T00:00:00Z,2014-09-07T23:00:00Z,82.3532916666664,118.3792291666669,3.5,Random Forest,FALSE
2014-09-13T10:00:00Z,1301,1205.6655416666672,95.3344583333328,7.907206023450417,0.07396283895316107,FALSE,Higher than expected,2014-09-01T00:00:00Z,2014-09-07T23:00:00Z,82.3532916666664,118.3792291666669,3.5,Random Forest,FALSE
2014-09-13T11:00:00Z,1458,1355.6222083333332,102.37779166666678,7.552088704163008,0.11409366404798989,FALSE,Higher than expected,2014-09-01T00:00:00Z,2014-09-07T23:00:00Z,82.3532916666664,118.3792291666669,3.5,Random Forest,FALSE
2014-09-13T12:00:00Z,1523,1517.3464583333332,5.653541666666797,0.37259398706322466,0.43701243522008526,FALSE,Higher than expected,2014-09-01T00:00:00Z,2014-09-07T23:00:00Z,82.3532916666664,118.3792291666669,3.5,Random Forest,FALSE
2014-09-13T13:00:00Z,1794,1687.6597083333336,106.34029166666642,6.301050569707795,0.13667081422852423,FALSE,Higher than expected,2014-09-01T00:00:00Z,2014-09-07T23:00:00Z,82.3532916666664,118.3792291666669,3.5,Random Forest,FALSE
2014-09-13T14:00:00Z,2733,1954.1041666666672,778.8958333333328,39.85948377879886,3.9686928884140977,TRUE,Higher than expected,2014-09-01T00:00:00Z,2014-09-07T23:00:00Z,82.3532916666664,118.3792291666669,3.5,Random Forest,FALSE
2014-09-13T15:00:00Z,3056,2375.3534999999997,680.6465000000003,28.654534998685474,3.4088973164761223,FALSE,Higher than expected,2014-09-01T00:00:00Z,2014-09-07T23:00:00Z,82.3532916666664,118.3792291666669,3.5,Random Forest,FALSE
2014-09-13T16:00:00Z,3024,2500.0262083333337,523.9737916666663,20.958731949293384,2.516222675407842,FALSE,Higher than expected,2014-09-01T00:00:00Z,2014-09-07T23:00:00Z,82.3532916666664,118.3792291666669,3.5,Random Forest,FALSE
2014-09-13T17:00:00Z,3023,2488.636375000001,534.363624999999,21.47214556405408,2.575420865317595,FALSE,Higher than expected,2014-09-01T00:00:00Z,2014-09-07T23:00:00Z,82.3532916666664,118.3792291666669,3.5,Random Forest,FALSE
2014-09-13T18:00:00Z,3437,2484.510833333334,952.4891666666658,38.33709050037679,4.9577762340308995,TRUE,Higher than expected,2014-09-01T00:00:00Z,2014-09-07T23:00:00Z,82.3532916666664,118.3792291666669,3.5,Random Forest,FALSE
2014-09-13T19:00:00Z,3332,2469.2468333333345,862.7531666666655,34.93993208860374,4.446487111355664,TRUE,Higher than expected,2014-09-01T00:00:00Z,2014-09-07T23:00:00Z,82.3532916666664,118.3792291666669,3.5,Random Forest,FALSE
2014-09-13T20:00:00Z,2601,2458.425000000001,142.5749999999989,5.799444766466288,0.34312543928583183,FALSE,Higher than expected,2014-09-01T00:00:00Z,2014-09-07T23:00:00Z,82.3532916666664,118.3792291666669,3.5,Random Forest,FALSE
2014-09-13T21:00:00Z,2625,2307.137750000001,317.8622499999992,13.777341643341371,1.3418602198494245,FALSE,Higher than expected,2014-09-01T00:00:00Z,2014-09-07T23:00:00Z,82.3532916666664,118.3792291666669,3.5,Random Forest,FALSE
2014-09-13T22:00:00Z,2577,2271.335458333334,305.6645416666661,13.45748117237413,1.272361294196417,FALSE,Higher than expected,2014-09-01T00:00:00Z,2014-09-07T23:00:00Z,82.3532916666664,118.3792291666669,3.5,Random Forest,FALSE
2014-09-13T23:00:00Z,2459,2271.8976666666667,187.10233333333326,8.235508847009392,0.5968289829591427,FALSE,Higher than expected,2014-09-01T00:00:00Z,2014-09-07T23:00:00Z,82.3532916666664,118.3792291666669,3.5,Random Forest,FALSE
2014-09-14T00:00:00Z,1804,2107.437125000001,-303.43712500000083,-14.39839515971328,2.1981194133236746,FALSE,Lower than expected,2014-09-01T00:00:00Z,2014-09-07T23:00:00Z,82.3532916666664,118.3792291666669,3.5,Random Forest,FALSE
2014-09-14T01:00:00Z,1261,1372.7653749999993,-111.76537499999927,-8.141622525990599,1.1060306095088446,FALSE,Lower than expected,2014-09-01T00:00:00Z,2014-09-07T23:00:00Z,82.3532916666664,118.3792291666669,3.5,Random Forest,FALSE
2014-09-14T02:00:00Z,877,868.2420833333331,8.757916666666915,1.0086952515643728,0.41932462686886623,FALSE,Higher than expected,2014-09-01T00:00:00Z,2014-09-07T23:00:00Z,82.3532916666664,118.3792291666669,3.5,Random Forest,FALSE
2014-09-14T03:00:00Z,550,589.4832083333333,-39.48320833333332,-6.6979360523204035,0.6941882543775184,FALSE,Lower than expected,2014-09-01T00:00:00Z,2014-09-07T23:00:00Z,82.3532916666664,118.3792291666669,3.5,Random Forest,FALSE
2014-09-14T04:00:00Z,365,352.98279166666697,12.01720833333303,3.404474273828416,0.40075414928136044,FALSE,Higher than expected,2014-09-01T00:00:00Z,2014-09-07T23:00:00Z,82.3532916666664,118.3792291666669,3.5,Random Forest,FALSE
2014-09-14T05:00:00Z,383,366.4655833333334,16.534416666666573,4.511860709066104,0.3750164354798609,FALSE,Higher than expected,2014-09-01T00:00:00Z,2014-09-07T23:00:00Z,82.3532916666664,118.3792291666669,3.5,Random Forest,FALSE
2014-09-14T06:00:00Z,419,437.5606666666668,-18.560666666666805,-4.241849892053094,0.5749778151682161,FALSE,Lower than expected,2014-09-01T00:00:00Z,2014-09-07T23:00:00Z,82.3532916666664,118.3792291666669,3.5,Random Forest,FALSE
2014-09-14T07:00:00Z,566,567.6126666666667,-1.6126666666666551,-0.28411393215326214,0.4784131359859488,FALSE,Lower than expected,2014-09-01T00:00:00Z,2014-09-07T23:00:00Z,82.3532916666664,118.3792291666669,3.5,Random Forest,FALSE
2014-09-14T08:00:00Z,770,735.4965833333337,34.50341666666634,4.691172936561295,0.27263440100817554,FALSE,Higher than expected,2014-09-01T00:00:00Z,2014-09-07T23:00:00Z,82.3532916666664,118.3792291666669,3.5,Random Forest,FALSE
2014-09-14T09:00:00Z,969,903.8591666666672,65.14083333333281,7.206967162103917,0.09807148435782906,FALSE,Higher than expected,2014-09-01T00:00:00Z,2014-09-07T23:00:00Z,82.3532916666664,118.3792291666669,3.5,Random Forest,FALSE
2014-09-14T10:00:00Z,1123,1142.593916666667,-19.593916666666928,-1.714862680507613,0.5808649673257031,FALSE,Lower than expected,2014-09-01T00:00:00Z,2014-09-07T23:00:00Z,82.3532916666664,118.3792291666669,3.5,Random Forest,FALSE
2014-09-14T11:00:00Z,1359,1298.0535833333336,60.94641666666644,4.695215779163695,0.121970026945355,FALSE,Higher than expected,2014-09-01T00:00:00Z,2014-09-07T23:00:00Z,82.3532916666664,118.3792291666669,3.5,Random Forest,FALSE
2014-09-14T12:00:00Z,1323,1433.3742916666672,-110.3742916666672,-7.700311935853727,1.0981046291100358,FALSE,Lower than expected,2014-09-01T00:00:00Z,2014-09-07T23:00:00Z,82.3532916666664,118.3792291666669,3.5,Random Forest,FALSE
2014-09-14T13:00:00Z,1512,1507.1670833333328,4.832916666667188,0.32066230215023317,0.44168811316756634,FALSE,Higher than expected,2014-09-01T00:00:00Z,2014-09-07T23:00:00Z,82.3532916666664,118.3792291666669,3.5,Random Forest,FALSE
2014-09-14T14:00:00Z,1587,1689.9321250000005,-102.9321250000005,-6.0909029112634014,1.0557013699297415,FALSE,Lower than expected,2014-09-01T00:00:00Z,2014-09-07T23:00:00Z,82.3532916666664,118.3792291666669,3.5,Random Forest,FALSE
2014-09-14T15:00:00Z,1786,1786.397416666667,-0.39741666666691344,-0.022246822737152977,0.4714890017886261,FALSE,Lower than expected,2014-09-01T00:00:00Z,2014-09-07T23:00:00Z,82.3532916666664,118.3792291666669,3.5,Random Forest,FALSE
2014-09-14T16:00:00Z,1903,1965.700541666668,-62.70054166666796,-3.1897300905002424,0.8264737361335487,FALSE,Lower than expected,2014-09-01T00:00:00Z,2014-09-07T23:00:00Z,82.3532916666664,118.3792291666669,3.5,Random Forest,FALSE
2014-09-14T17:00:00Z,1870,1984.4955,-114.49549999999999,-5.769501618925314,1.1215860523193564,FALSE,Lower than expected,2014-09-01T00:00:00Z,2014-09-07T23:00:00Z,82.3532916666664,118.3792291666669,3.5,Random Forest,FALSE
2014-09-14T18:00:00Z,1796,1910.094708333335,-114.09470833333489,-5.973248752303436,1.1193024602311783,FALSE,Lower than expected,2014-09-01T00:00:00Z,2014-09-07T23:00:00Z,82.3532916666664,118.3792291666669,3.5,Random Forest,FALSE
2014-09-14T19:00:00Z,1624,1811.7509583333335,-187.75095833333353,-10.362956203762655,1.5389739348015516,FALSE,Lower than expected,2014-09-01T00:00:00Z,2014-09-07T23:00:00Z,82.3532916666664,118.3792291666669,3.5,Random Forest,FALSE
2014-09-14T20:00:00Z,1521,1699.6983749999988,-178.6983749999988,-10.513534496966201,1.4873949989180137,FALSE,Lower than expected,2014-09-01T00:00:00Z,2014-09-07T23:00:00Z,82.3532916666664,118.3792291666669,3.5,Random Forest,FALSE
2014-09-14T21:00:00Z,1237,1563.1010833333337,-326.1010833333337,-20.86244369032864,2.3272519283967537,FALSE,Lower than expected,2014-09-01T00:00:00Z,2014-09-07T23:00:00Z,82.3532916666664,118.3792291666669,3.5,Random Forest,FALSE
2014-09-14T22:00:00Z,1012,1275.7914583333338,-263.7914583333338,-20.676691054033647,1.9722301589789861,FALSE,Lower than expected,2014-09-01T00:00:00Z,2014-09-07T23:00:00Z,82.3532916666664,118.3792291666669,3.5,Random Forest,FALSE
2014-09-14T23:00:00Z,505,940.9858333333336,-435.98583333333363,-46.332879612959125,2.9533426547817867,FALSE,Lower than expected,2014-09-01T00:00:00Z,2014-09-07T23:00:00Z,82.3532916666664,118.3792291666669,3.5,Random Forest,FALSE
2014-09-15T00:00:00Z,257,405.59029166666664,-148.59029166666664,-36.635564193628475,1.3158480666619266,FALSE,Lower than expected,2014-09-01T00:00:00Z,2014-09-07T23:00:00Z,82.3532916666664,118.3792291666669,3.5,Random Forest,FALSE
2014-09-15T01:00:00Z,172,253.9209166666667,-81.9209166666667,-32.26237434161753,0.9359857343420531,FALSE,Lower than expected,2014-09-01T00:00:00Z,2014-09-07T23:00:00Z,82.3532916666664,118.3792291666669,3.5,Random Forest,FALSE
2014-09-15T02:00:00Z,158,178.72916666666674,-20.729166666666742,-11.598088355286201,0.5873332852417787,FALSE,Lower than expected,2014-09-01T00:00:00Z,2014-09-07T23:00:00Z,82.3532916666664,118.3792291666669,3.5,Random Forest,FALSE
2014-09-15T03:00:00Z,346,328.06087500000007,17.939124999999933,5.468230553247146,0.36701282387064493,FALSE,Higher than expected,2014-09-01T00:00:00Z,2014-09-07T23:00:00Z,82.3532916666664,118.3792291666669,3.5,Random Forest,FALSE
2014-09-15T04:00:00Z,571,492.9360416666668,78.06395833333318,15.836528826212627,0.024439349612881984,FALSE,Higher than expected,2014-09-01T00:00:00Z,2014-09-07T23:00:00Z,82.3532916666664,118.3792291666669,3.5,Random Forest,FALSE
2014-09-15T05:00:00Z,883,792.3153333333336,90.68466666666643,11.445527159640951,0.047469704627222026,FALSE,Higher than expected,2014-09-01T00:00:00Z,2014-09-07T23:00:00Z,82.3532916666664,118.3792291666669,3.5,Random Forest,FALSE
2014-09-15T06:00:00Z,1357,1115.3662083333338,241.63379166666618,21.66407677239335,0.907533064815375,FALSE,Higher than expected,2014-09-01T00:00:00Z,2014-09-07T23:00:00Z,82.3532916666664,118.3792291666669,3.5,Random Forest,FALSE
2014-09-15T07:00:00Z,1694,1252.738166666667,441.261833333333,35.22378778539647,2.044954459630445,FALSE,Higher than expected,2014-09-01T00:00:00Z,2014-09-07T23:00:00Z,82.3532916666664,118.3792291666669,3.5,Random Forest,FALSE
2014-09-15T08:00:00Z,1706,1424.3069999999996,281.69300000000044,19.777547958410686,1.1357785569680772,FALSE,Higher than expected,2014-09-01T00:00:00Z,2014-09-07T23:00:00Z,82.3532916666664,118.3792291666669,3.5,Random Forest,FALSE
2014-09-15T09:00:00Z,1249,1341.321333333333,-92.32133333333309,-6.882864757239362,0.995244224947348,FALSE,Lower than expected,2014-09-01T00:00:00Z,2014-09-07T23:00:00Z,82.3532916666664,118.3792291666669,3.5,Random Forest,FALSE
2014-09-15T10:00:00Z,1032,1215.9086249999998,-183.9086249999998,-15.125201122740604,1.5170814586601367,FALSE,Lower than expected,2014-09-01T00:00:00Z,2014-09-07T23:00:00Z,82.3532916666664,118.3792291666669,3.5,Random Forest,FALSE
2014-09-15T11:00:00Z,1055,1235.5347083333331,-180.53470833333313,-14.611868619770648,1.4978578818071526,FALSE,Lower than expected,2014-09-01T00:00:00Z,2014-09-07T23:00:00Z,82.3532916666664,118.3792291666669,3.5,Random Forest,FALSE
2014-09-15T12:00:00Z,1060,1229.4247916666668,-169.4247916666668,-13.780817892649331,1.4345568705575453,FALSE,Lower than expected,2014-09-01T00:00:00Z,2014-09-07T23:00:00Z,82.3532916666664,118.3792291666669,3.5,Random Forest,FALSE
2014-09-15T13:00:00Z,1277,1286.359375,-9.359375,-0.7275863325518968,0.5225515832910541,FALSE,Lower than expected,2014-09-01T00:00:00Z,2014-09-07T23:00:00Z,82.3532916666664,118.3792291666669,3.5,Random Forest,FALSE
2014-09-15T14:00:00Z,1454,1419.8820833333336,34.11791666666636,2.4028697218694877,0.27483086571343646,FALSE,Higher than expected,2014-09-01T00:00:00Z,2014-09-07T23:00:00Z,82.3532916666664,118.3792291666669,3.5,Random Forest,FALSE
2014-09-15T15:00:00Z,1766,1633.1624583333337,132.8375416666663,8.133761646849816,0.2876442887070645,FALSE,Higher than expected,2014-09-01T00:00:00Z,2014-09-07T23:00:00Z,82.3532916666664,118.3792291666669,3.5,Random Forest,FALSE
2014-09-15T16:00:00Z,2186,1910.4565416666676,275.5434583333324,14.422911609020451,1.1007402917946187,FALSE,Higher than expected,2014-09-01T00:00:00Z,2014-09-07T23:00:00Z,82.3532916666664,118.3792291666669,3.5,Random Forest,FALSE
2014-09-15T17:00:00Z,2348,2222.551041666666,125.44895833333385,5.644367934932153,0.24554633147348587,FALSE,Higher than expected,2014-09-01T00:00:00Z,2014-09-07T23:00:00Z,82.3532916666664,118.3792291666669,3.5,Random Forest,FALSE
2014-09-15T18:00:00Z,2155,2248.214874999999,-93.21487499999921,-4.146172860812481,1.0003353604428402,FALSE,Lower than expected,2014-09-01T00:00:00Z,2014-09-07T23:00:00Z,82.3532916666664,118.3792291666669,3.5,Random Forest,FALSE
2014-09-15T19:00:00Z,1910,2044.9117916666669,-134.9117916666669,-6.597438198383587,1.2379120291238919,FALSE,Lower than expected,2014-09-01T00:00:00Z,2014-09-07T23:00:00Z,82.3532916666664,118.3792291666669,3.5,Random Forest,FALSE
2014-09-15T20:00:00Z,1847,1917.0455,-70.04549999999995,-3.653825639506206,0.8683231310512569,FALSE,Lower than expected,2014-09-01T00:00:00Z,2014-09-07T23:00:00Z,82.3532916666664,118.3792291666669,3.5,Random Forest,FALSE
2014-09-15T21:00:00Z,1378,1627.317208333334,-249.31720833333407,-15.320750438611768,1.8897601738684187,FALSE,Lower than expected,2014-09-01T00:00:00Z,2014-09-07T23:00:00Z,82.3532916666664,118.3792291666669,3.5,Random Forest,FALSE
2014-09-15T22:00:00Z,1020,1243.4036666666666,-223.4036666666666,-17.967106954539567,1.7421124964127874,FALSE,Lower than expected,2014-09-01T00:00:00Z,2014-09-07T23:00:00Z,82.3532916666664,118.3792291666669,3.5,Random Forest,FALSE
2014-09-15T23:00:00Z,573,717.0842916666666,-144.08429166666656,-20.09307599414596,1.290174214620665,FALSE,Lower than expected,2014-09-01T00:00:00Z,2014-09-07T23:00:00Z,82.3532916666664,118.3792291666669,3.5,Random Forest,FALSE
2014-09-16T00:00:00Z,268,338.9195,-70.91950000000003,-20.925175447266984,0.8733029239238854,FALSE,Lower than expected,2014-09-01T00:00:00Z,2014-09-07T23:00:00Z,82.3532916666664,118.3792291666669,3.5,Random Forest,FALSE
2014-09-16T01:00:00Z,139,194.980625,-55.980625,-28.710865502662124,0.7881856433173842,FALSE,Lower than expected,2014-09-01T00:00:00Z,2014-09-07T23:00:00Z,82.3532916666664,118.3792291666669,3.5,Random Forest,FALSE
2014-09-16T02:00:00Z,125,161.4423333333333,-36.442333333333295,-22.572972392619018,0.67686225019954,FALSE,Lower than expected,2014-09-01T00:00:00Z,2014-09-07T23:00:00Z,82.3532916666664,118.3792291666669,3.5,Random Forest,FALSE
2014-09-16T03:00:00Z,220,245.70708333333337,-25.707083333333372,-10.462491754239903,0.6156959785337732,FALSE,Lower than expected,2014-09-01T00:00:00Z,2014-09-07T23:00:00Z,82.3532916666664,118.3792291666669,3.5,Random Forest,FALSE
2014-09-16T04:00:00Z,370,386.6454583333335,-16.645458333333522,-4.305096044599907,0.5640655259142905,FALSE,Lower than expected,2014-09-01T00:00:00Z,2014-09-07T23:00:00Z,82.3532916666664,118.3792291666669,3.5,Random Forest,FALSE
2014-09-16T05:00:00Z,797,766.036666666667,30.963333333333026,4.042017135820263,0.2928047462620002,FALSE,Higher than expected,2014-09-01T00:00:00Z,2014-09-07T23:00:00Z,82.3532916666664,118.3792291666669,3.5,Random Forest,FALSE
2014-09-16T06:00:00Z,1668,1197.920625,470.079375,39.241279028817125,2.209148268095355,FALSE,Higher than expected,2014-09-01T00:00:00Z,2014-09-07T23:00:00Z,82.3532916666664,118.3792291666669,3.5,Random Forest,FALSE
2014-09-16T07:00:00Z,2308,1586.5972916666665,721.4027083333335,45.46854530272925,3.6411141079791864,TRUE,Higher than expected,2014-09-01T00:00:00Z,2014-09-07T23:00:00Z,82.3532916666664,118.3792291666669,3.5,Random Forest,FALSE
2014-09-16T08:00:00Z,2511,2009.216041666666,501.7839583333341,24.97411666677213,2.3897915840140973,FALSE,Higher than expected,2014-09-01T00:00:00Z,2014-09-07T23:00:00Z,82.3532916666664,118.3792291666669,3.5,Random Forest,FALSE
2014-09-16T09:00:00Z,2021,1814.9649583333344,206.03504166666562,11.352012099223431,0.7047019417896633,FALSE,Higher than expected,2014-09-01T00:00:00Z,2014-09-07T23:00:00Z,82.3532916666664,118.3792291666669,3.5,Random Forest,FALSE
2014-09-16T10:00:00Z,1804,1593.5219166666668,210.4780833333332,13.208358236679404,0.7300170759137603,FALSE,Higher than expected,2014-09-01T00:00:00Z,2014-09-07T23:00:00Z,82.3532916666664,118.3792291666669,3.5,Random Forest,FALSE
2014-09-16T11:00:00Z,1360,1516.4746249999996,-156.4746249999996,-10.31831475584365,1.360770660413363,FALSE,Lower than expected,2014-09-01T00:00:00Z,2014-09-07T23:00:00Z,82.3532916666664,118.3792291666669,3.5,Random Forest,FALSE
2014-09-16T12:00:00Z,1265,1274.6400416666663,-9.64004166666632,-0.7562952168097122,0.5241507387444285,FALSE,Lower than expected,2014-09-01T00:00:00Z,2014-09-07T23:00:00Z,82.3532916666664,118.3792291666669,3.5,Random Forest,FALSE
2014-09-16T13:00:00Z,1407,1445.1350833333331,-38.135083333333114,-2.6388594238104814,0.6865070378255588,FALSE,Lower than expected,2014-09-01T00:00:00Z,2014-09-07T23:00:00Z,82.3532916666664,118.3792291666669,3.5,Random Forest,FALSE
2014-09-16T14:00:00Z,1757,1611.907333333333,145.0926666666669,9.001303218009653,0.35747035750359685,FALSE,Higher than expected,2014-09-01T00:00:00Z,2014-09-07T23:00:00Z,82.3532916666664,118.3792291666669,3.5,Random Forest,FALSE
2014-09-16T15:00:00Z,2129,1964.3834166666668,164.6165833333332,8.380063786766673,0.468711846133402,FALSE,Higher than expected,2014-09-01T00:00:00Z,2014-09-07T23:00:00Z,82.3532916666664,118.3792291666669,3.5,Random Forest,FALSE
2014-09-16T16:00:00Z,2542,2304.743708333334,237.25629166666613,10.294259218880223,0.8825913676758673,FALSE,Higher than expected,2014-09-01T00:00:00Z,2014-09-07T23:00:00Z,82.3532916666664,118.3792291666669,3.5,Random Forest,FALSE
2014-09-16T17:00:00Z,2744,2423.258208333333,320.7417916666668,13.235972566343493,1.3582669945268924,FALSE,Higher than expected,2014-09-01T00:00:00Z,2014-09-07T23:00:00Z,82.3532916666664,118.3792291666669,3.5,Random Forest,FALSE
2014-09-16T18:00:00Z,2582,2413.6160833333347,168.3839166666653,6.976416747858177,0.4901769945111381,FALSE,Higher than expected,2014-09-01T00:00:00Z,2014-09-07T23:00:00Z,82.3532916666664,118.3792291666669,3.5,Random Forest,FALSE
2014-09-16T19:00:00Z,2279,2341.5581250000014,-62.55812500000138,-2.6716451892477084,0.8256622881912035,FALSE,Lower than expected,2014-09-01T00:00:00Z,2014-09-07T23:00:00Z,82.3532916666664,118.3792291666669,3.5,Random Forest,FALSE
2014-09-16T20:00:00Z,2123,2181.843625000002,-58.84362500000179,-2.696968028586455,0.8044981684825365,FALSE,Lower than expected,2014-09-01T00:00:00Z,2014-09-07T23:00:00Z,82.3532916666664,118.3792291666669,3.5,Random Forest,FALSE
2014-09-16T21:00:00Z,1793,2037.5658750000016,-244.5658750000016,-12.002845061389802,1.862688485231337,FALSE,Lower than expected,2014-09-01T00:00:00Z,2014-09-07T23:00:00Z,82.3532916666664,118.3792291666669,3.5,Random Forest,FALSE
2014-09-16T22:00:00Z,1233,1497.4704583333328,-264.4704583333328,-17.66114696030033,1.9760988996660676,FALSE,Lower than expected,2014-09-01T00:00:00Z,2014-09-07T23:00:00Z,82.3532916666664,118.3792291666669,3.5,Random Forest,FALSE
2014-09-16T23:00:00Z,647,806.2404583333335,-159.24045833333355,-19.75098826750975,1.3765295587202435,FALSE,Lower than expected,2014-09-01T00:00:00Z,2014-09-07T23:00:00Z,82.3532916666664,118.3792291666669,3.5,Random Forest,FALSE
2014-09-17T00:00:00Z,363,411.4227916666665,-48.42279166666651,-11.769593869728663,0.7451233497637857,FALSE,Lower than expected,2014-09-01T00:00:00Z,2014-09-07T23:00:00Z,82.3532916666664,118.3792291666669,3.5,Random Forest,FALSE
2014-09-17T01:00:00Z,204,265.69004166666673,-61.69004166666673,-23.218800855194534,0.8207162067310352,FALSE,Lower than expected,2014-09-01T00:00:00Z,2014-09-07T23:00:00Z,82.3532916666664,118.3792291666669,3.5,Random Forest,FALSE
2014-09-17T02:00:00Z,156,176.54558333333338,-20.545583333333383,-11.637551586063493,0.586287281838041,FALSE,Lower than expected,2014-09-01T00:00:00Z,2014-09-07T23:00:00Z,82.3532916666664,118.3792291666669,3.5,Random Forest,FALSE
2014-09-17T03:00:00Z,257,239.65366666666668,17.34633333333332,7.238083845994422,0.3703903750338254,FALSE,Higher than expected,2014-09-01T00:00:00Z,2014-09-07T23:00:00Z,82.3532916666664,118.3792291666669,3.5,Random Forest,FALSE
2014-09-17T04:00:00Z,437,412.0822916666668,24.917708333333223,6.04677969357857,0.32725092507845466,FALSE,Higher than expected,2014-09-01T00:00:00Z,2014-09-07T23:00:00Z,82.3532916666664,118.3792291666669,3.5,Random Forest,FALSE
2014-09-17T05:00:00Z,774,739.1085833333339,34.891416666666146,4.720742994122463,0.27042369204412664,FALSE,Higher than expected,2014-09-01T00:00:00Z,2014-09-07T23:00:00Z,82.3532916666664,118.3792291666669,3.5,Random Forest,FALSE
2014-09-17T06:00:00Z,1553,1205.6703750000006,347.3296249999994,28.808008573653407,1.5097565859822166,FALSE,Higher than expected,2014-09-01T00:00:00Z,2014-09-07T23:00:00Z,82.3532916666664,118.3792291666669,3.5,Random Forest,FALSE
2014-09-17T07:00:00Z,1963,1576.964666666666,386.03533333333394,24.47964380516668,1.7302902364265658,FALSE,Higher than expected,2014-09-01T00:00:00Z,2014-09-07T23:00:00Z,82.3532916666664,118.3792291666669,3.5,Random Forest,FALSE
2014-09-17T08:00:00Z,1675,1904.9035833333337,-229.9035833333337,-12.069040414687672,1.7791470944555166,FALSE,Lower than expected,2014-09-01T00:00:00Z,2014-09-07T23:00:00Z,82.3532916666664,118.3792291666669,3.5,Random Forest,FALSE
2014-09-17T09:00:00Z,1283,1645.9842083333338,-362.98420833333375,-22.05271511692563,2.5374010393753017,FALSE,Lower than expected,2014-09-01T00:00:00Z,2014-09-07T23:00:00Z,82.3532916666664,118.3792291666669,3.5,Random Forest,FALSE
2014-09-17T10:00:00Z,1235,1358.835625,-123.83562499999994,-9.113363141329176,1.174803315367932,FALSE,Lower than expected,2014-09-01T00:00:00Z,2014-09-07T23:00:00Z,82.3532916666664,118.3792291666669,3.5,Random Forest,FALSE
2014-09-17T11:00:00Z,1195,1351.179083333334,-156.1790833333339,-11.5587256537485,1.3590867516201977,FALSE,Lower than expected,2014-09-01T00:00:00Z,2014-09-07T23:00:00Z,82.3532916666664,118.3792291666669,3.5,Random Forest,FALSE
2014-09-17T12:00:00Z,1312,1297.7695833333337,14.230416666666315,1.0965287559071428,0.38814394437978816,FALSE,Higher than expected,2014-09-01T00:00:00Z,2014-09-07T23:00:00Z,82.3532916666664,118.3792291666669,3.5,Random Forest,FALSE
2014-09-17T13:00:00Z,1557,1522.3325416666676,34.667458333332434,2.2772592311124145,0.2716997402273084,FALSE,Higher than expected,2014-09-01T00:00:00Z,2014-09-07T23:00:00Z,82.3532916666664,118.3792291666669,3.5,Random Forest,FALSE
2014-09-17T14:00:00Z,1768,1773.9538333333333,-5.95383333333325,-0.33562504398131654,0.5031478165643893,FALSE,Lower than expected,2014-09-01T00:00:00Z,2014-09-07T23:00:00Z,82.3532916666664,118.3792291666669,3.5,Random Forest,FALSE
2014-09-17T15:00:00Z,2154,2008.6760416666689,145.32395833333112,7.234813146511707,0.3587881888458769,FALSE,Higher than expected,2014-09-01T00:00:00Z,2014-09-07T23:00:00Z,82.3532916666664,118.3792291666669,3.5,Random Forest,FALSE
2014-09-17T16:00:00Z,2519,2295.500041666667,223.49995833333287,9.736438870681042,0.8042118588808682,FALSE,Higher than expected,2014-09-01T00:00:00Z,2014-09-07T23:00:00Z,82.3532916666664,118.3792291666669,3.5,Random Forest,FALSE
2014-09-17T17:00:00Z,2750,2383.9749166666666,366.02508333333344,15.353562689540329,1.6162777646536723,FALSE,Higher than expected,2014-09-01T00:00:00Z,2014-09-07T23:00:00Z,82.3532916666664,118.3792291666669,3.5,Random Forest,FALSE
2014-09-17T18:00:00Z,2764,2404.0146250000007,359.9853749999993,14.974342138205554,1.5818652972496794,FALSE,Higher than expected,2014-09-01T00:00:00Z,2014-09-07T23:00:00Z,82.3532916666664,118.3792291666669,3.5,Random Forest,FALSE
2014-09-17T19:00:00Z,2511,2357.2846250000007,153.7153749999993,6.520866142755216,0.4065999930883561,FALSE,Higher than expected,2014-09-01T00:00:00Z,2014-09-07T23:00:00Z,82.3532916666664,118.3792291666669,3.5,Random Forest,FALSE
2014-09-17T20:00:00Z,2479,2317.6316666666676,161.36833333333243,6.962639303484334,0.4502042806888733,FALSE,Higher than expected,2014-09-01T00:00:00Z,2014-09-07T23:00:00Z,82.3532916666664,118.3792291666669,3.5,Random Forest,FALSE
2014-09-17T21:00:00Z,2168,2327.165916666667,-159.16591666666682,-6.839474380694321,1.3761048424040183,FALSE,Lower than expected,2014-09-01T00:00:00Z,2014-09-07T23:00:00Z,82.3532916666664,118.3792291666669,3.5,Random Forest,FALSE
2014-09-17T22:00:00Z,1617,1830.1810416666676,-213.18104166666762,-11.648084905990107,1.6838670100117066,FALSE,Lower than expected,2014-09-01T00:00:00Z,2014-09-07T23:00:00Z,82.3532916666664,118.3792291666669,3.5,Random Forest,FALSE
2014-09-17T23:00:00Z,837,986.6848749999996,-149.68487499999958,-15.170484396043838,1.3220846779683668,FALSE,Lower than expected,2014-09-01T00:00:00Z,2014-09-07T23:00:00Z,82.3532916666664,118.3792291666669,3.5,Random Forest,FALSE
2014-09-18T00:00:00Z,408,482.0083333333331,-74.0083333333331,-15.354160543559027,0.8909021804662975,FALSE,Lower than expected,2014-09-01T00:00:00Z,2014-09-07T23:00:00Z,82.3532916666664,118.3792291666669,3.5,Random Forest,FALSE
2014-09-18T01:00:00Z,242,270.407125,-28.407125000000008,-10.505316751546397,0.6310800154301865,FALSE,Lower than expected,2014-09-01T00:00:00Z,2014-09-07T23:00:00Z,82.3532916666664,118.3792291666669,3.5,Random Forest,FALSE
2014-09-18T02:00:00Z,168,187.2011666666667,-19.201166666666694,-10.256969552362134,0.5786271942699528,FALSE,Lower than expected,2014-09-01T00:00:00Z,2014-09-07T23:00:00Z,82.3532916666664,118.3792291666669,3.5,Random Forest,FALSE
2014-09-18T03:00:00Z,273,278.8247083333333,-5.824708333333319,-2.0890215821081086,0.5024121005979387,FALSE,Lower than expected,2014-09-01T00:00:00Z,2014-09-07T23:00:00Z,82.3532916666664,118.3792291666669,3.5,Random Forest,FALSE
2014-09-18T04:00:00Z,455,426.7817916666668,28.218208333333223,6.61185853856032,0.30844565462524065,FALSE,Higher than expected,2014-09-01T00:00:00Z,2014-09-07T23:00:00Z,82.3532916666664,118.3792291666669,3.5,Random Forest,FALSE
2014-09-18T05:00:00Z,857,519.8404583333333,337.15954166666666,64.85827262226526,1.451810466420015,FALSE,Higher than expected,2014-09-01T00:00:00Z,2014-09-07T23:00:00Z,82.3532916666664,118.3792291666669,3.5,Random Forest,FALSE
2014-09-18T06:00:00Z,1439,1161.519333333333,277.48066666666705,23.88945742903408,1.111777930525895,FALSE,Higher than expected,2014-09-01T00:00:00Z,2014-09-07T23:00:00Z,82.3532916666664,118.3792291666669,3.5,Random Forest,FALSE
2014-09-18T07:00:00Z,1914,1502.4886666666673,411.5113333333327,27.388648078543408,1.8754449311898003,FALSE,Higher than expected,2014-09-01T00:00:00Z,2014-09-07T23:00:00Z,82.3532916666664,118.3792291666669,3.5,Random Forest,FALSE
2014-09-18T08:00:00Z,1820,1850.6582916666669,-30.658291666666855,-1.6566154759481069,0.6439064956610396,FALSE,Lower than expected,2014-09-01T00:00:00Z,2014-09-07T23:00:00Z,82.3532916666664,118.3792291666669,3.5,Random Forest,FALSE
2014-09-18T09:00:00Z,1349,1572.8201666666666,-223.82016666666664,-14.230499545349588,1.744485589927032,FALSE,Lower than expected,2014-09-01T00:00:00Z,2014-09-07T23:00:00Z,82.3532916666664,118.3792291666669,3.5,Random Forest,FALSE
2014-09-18T10:00:00Z,1280,1304.3364166666663,-24.33641666666631,-1.8658082650839363,0.6078863262483983,FALSE,Lower than expected,2014-09-01T00:00:00Z,2014-09-07T23:00:00Z,82.3532916666664,118.3792291666669,3.5,Random Forest,FALSE
2014-09-18T11:00:00Z,1319,1285.8280833333336,33.17191666666645,2.579809625923925,0.2802208932391867,FALSE,Higher than expected,2014-09-01T00:00:00Z,2014-09-07T23:00:00Z,82.3532916666664,118.3792291666669,3.5,Random Forest,FALSE
2014-09-18T12:00:00Z,1303,1382.2538750000003,-79.25387500000033,-5.733669945399886,0.9207897216616558,FALSE,Lower than expected,2014-09-01T00:00:00Z,2014-09-07T23:00:00Z,82.3532916666664,118.3792291666669,3.5,Random Forest,FALSE
2014-09-18T13:00:00Z,1603,1465.0057916666667,137.9942083333333,9.4193626481397,0.317025446502473,FALSE,Higher than expected,2014-09-01T00:00:00Z,2014-09-07T23:00:00Z,82.3532916666664,118.3792291666669,3.5,Random Forest,FALSE
2014-09-18T14:00:00Z,1866,1812.3556666666668,53.64433333333318,2.9599230614594143,0.16357513282483938,FALSE,Higher than expected,2014-09-01T00:00:00Z,2014-09-07T23:00:00Z,82.3532916666664,118.3792291666669,3.5,Random Forest,FALSE
2014-09-18T15:00:00Z,2272,2053.047875000001,218.9521249999989,10.66473547286367,0.7782996529092011,FALSE,Higher than expected,2014-09-01T00:00:00Z,2014-09-07T23:00:00Z,82.3532916666664,118.3792291666669,3.5,Random Forest,FALSE
2014-09-18T16:00:00Z,2685,2289.527041666667,395.4729583333328,17.273128953543488,1.7840630255679055,FALSE,Higher than expected,2014-09-01T00:00:00Z,2014-09-07T23:00:00Z,82.3532916666664,118.3792291666669,3.5,Random Forest,FALSE
2014-09-18T17:00:00Z,3133,2391.9075833333336,741.0924166666664,30.98332150583715,3.753300228371014,TRUE,Higher than expected,2014-09-01T00:00:00Z,2014-09-07T23:00:00Z,82.3532916666664,118.3792291666669,3.5,Random Forest,FALSE
2014-09-18T18:00:00Z,3225,2501.2965416666666,723.7034583333334,28.93313312827413,3.654223099342686,TRUE,Higher than expected,2014-09-01T00:00:00Z,2014-09-07T23:00:00Z,82.3532916666664,118.3792291666669,3.5,Random Forest,FALSE
2014-09-18T19:00:00Z,3206,2483.6758750000013,722.3241249999987,29.08286593555604,3.646364066960171,TRUE,Higher than expected,2014-09-01T00:00:00Z,2014-09-07T23:00:00Z,82.3532916666664,118.3792291666669,3.5,Random Forest,FALSE
2014-09-18T20:00:00Z,2877,2472.112791666668,404.8872083333322,16.378185077079845,1.8377026308895712,FALSE,Higher than expected,2014-09-01T00:00:00Z,2014-09-07T23:00:00Z,82.3532916666664,118.3792291666669,3.5,Random Forest,FALSE
2014-09-18T21:00:00Z,2836,2331.640083333334,504.35991666666587,21.63112224188685,2.4044686308659418,FALSE,Higher than expected,2014-09-01T00:00:00Z,2014-09-07T23:00:00Z,82.3532916666664,118.3792291666669,3.5,Random Forest,FALSE
2014-09-18T22:00:00Z,2271,2283.224458333333,-12.224458333333132,-0.5354032665827573,0.5388759786718526,FALSE,Lower than expected,2014-09-01T00:00:00Z,2014-09-07T23:00:00Z,82.3532916666664,118.3792291666669,3.5,Random Forest,FALSE
2014-09-18T23:00:00Z,1473,1653.891208333334,-180.8912083333339,-10.93730998882462,1.499889113110466,FALSE,Lower than expected,2014-09-01T00:00:00Z,2014-09-07T23:00:00Z,82.3532916666664,118.3792291666669,3.5,Random Forest,FALSE
2014-09-19T00:00:00Z,656,819.9798749999999,-163.97987499999988,-19.998036537177196,1.4035333497237672,FALSE,Lower than expected,2014-09-01T00:00:00Z,2014-09-07T23:00:00Z,82.3532916666664,118.3792291666669,3.5,Random Forest,FALSE
2014-09-19T01:00:00Z,432,421.2995,10.700499999999977,2.5398795868497297,0.4082563629812025,FALSE,Higher than expected,2014-09-01T00:00:00Z,2014-09-07T23:00:00Z,82.3532916666664,118.3792291666669,3.5,Random Forest,FALSE
2014-09-19T02:00:00Z,268,260.24483333333336,7.755166666666639,2.9799502903996062,0.4250379990691285,FALSE,Higher than expected,2014-09-01T00:00:00Z,2014-09-07T23:00:00Z,82.3532916666664,118.3792291666669,3.5,Random Forest,FALSE
2014-09-19T03:00:00Z,374,334.863125,39.136874999999975,11.687424526065678,0.2462343291729878,FALSE,Higher than expected,2014-09-01T00:00:00Z,2014-09-07T23:00:00Z,82.3532916666664,118.3792291666669,3.5,Random Forest,FALSE
2014-09-19T04:00:00Z,467,471.9354583333337,-4.935458333333713,-1.0457909542892916,0.4973454177467001,FALSE,Lower than expected,2014-09-01T00:00:00Z,2014-09-07T23:00:00Z,82.3532916666664,118.3792291666669,3.5,Random Forest,FALSE
2014-09-19T05:00:00Z,784,772.3199583333341,11.680041666665943,1.5123319733794611,0.4026752249833702,FALSE,Higher than expected,2014-09-01T00:00:00Z,2014-09-07T23:00:00Z,82.3532916666664,118.3792291666669,3.5,Random Forest,FALSE
2014-09-19T06:00:00Z,1403,1190.745,212.2550000000001,17.825395025803186,0.7401414202523439,FALSE,Higher than expected,2014-09-01T00:00:00Z,2014-09-07T23:00:00Z,82.3532916666664,118.3792291666669,3.5,Random Forest,FALSE
2014-09-19T07:00:00Z,1799,1506.3502500000002,292.6497499999998,19.427736012922608,1.198206869962545,FALSE,Higher than expected,2014-09-01T00:00:00Z,2014-09-07T23:00:00Z,82.3532916666664,118.3792291666669,3.5,Random Forest,FALSE
2014-09-19T08:00:00Z,1770,1792.568416666666,-22.568416666666053,-1.2589989010646907,0.5978127864328289,FALSE,Lower than expected,2014-09-01T00:00:00Z,2014-09-07T23:00:00Z,82.3532916666664,118.3792291666669,3.5,Random Forest,FALSE
2014-09-19T09:00:00Z,1380,1595.0156666666664,-215.01566666666645,-13.480473650520034,1.6943201593239943,FALSE,Lower than expected,2014-09-01T00:00:00Z,2014-09-07T23:00:00Z,82.3532916666664,118.3792291666669,3.5,Random Forest,FALSE
2014-09-19T10:00:00Z,1322,1351.9867916666665,-29.986791666666477,-2.2179796320125402,0.6400804877503169,FALSE,Lower than expected,2014-09-01T00:00:00Z,2014-09-07T23:00:00Z,82.3532916666664,118.3792291666669,3.5,Random Forest,FALSE
2014-09-19T11:00:00Z,1307,1299.1397083333334,7.860291666666626,0.6050382123067115,0.42443902798705185,FALSE,Higher than expected,2014-09-01T00:00:00Z,2014-09-07T23:00:00Z,82.3532916666664,118.3792291666669,3.5,Random Forest,FALSE
2014-09-19T12:00:00Z,1356,1370.5417083333332,-14.54170833333319,-1.0610190295497715,0.5520789821433603,FALSE,Lower than expected,2014-09-01T00:00:00Z,2014-09-07T23:00:00Z,82.3532916666664,118.3792291666669,3.5,Random Forest,FALSE
2014-09-19T13:00:00Z,1570,1512.4646666666663,57.53533333333371,3.80407784732825,0.14140536844566481,FALSE,Higher than expected,2014-09-01T00:00:00Z,2014-09-07T23:00:00Z,82.3532916666664,118.3792291666669,3.5,Random Forest,FALSE
2014-09-19T14:00:00Z,1919,1761.3104583333336,157.6895416666664,8.952966861724224,0.42924361647657683,FALSE,Higher than expected,2014-09-01T00:00:00Z,2014-09-07T23:00:00Z,82.3532916666664,118.3792291666669,3.5,Random Forest,FALSE
2014-09-19T15:00:00Z,2267,2032.1419583333336,234.8580416666664,11.557167091775705,0.8689268502195985,FALSE,Higher than expected,2014-09-01T00:00:00Z,2014-09-07T23:00:00Z,82.3532916666664,118.3792291666669,3.5,Random Forest,FALSE
2014-09-19T16:00:00Z,2510,2270.5219166666666,239.47808333333342,10.547270280698681,0.8952504778659522,FALSE,Higher than expected,2014-09-01T00:00:00Z,2014-09-07T23:00:00Z,82.3532916666664,118.3792291666669,3.5,Random Forest,FALSE
2014-09-19T17:00:00Z,2896,2368.0210833333335,527.9789166666665,22.296208440993247,2.5390426902007315,FALSE,Higher than expected,2014-09-01T00:00:00Z,2014-09-07T23:00:00Z,82.3532916666664,118.3792291666669,3.5,Random Forest,FALSE
2014-09-19T18:00:00Z,3210,2401.368791666667,808.6312083333328,33.67376186196304,4.138116239089068,TRUE,Higher than expected,2014-09-01T00:00:00Z,2014-09-07T23:00:00Z,82.3532916666664,118.3792291666669,3.5,Random Forest,FALSE
2014-09-19T19:00:00Z,2936,2476.0756250000004,459.9243749999996,18.57473052746519,2.1512880888945083,FALSE,Higher than expected,2014-09-01T00:00:00Z,2014-09-07T23:00:00Z,82.3532916666664,118.3792291666669,3.5,Random Forest,FALSE
2014-09-19T20:00:00Z,2625,2384.447083333334,240.55291666666608,10.088414976707535,0.9013745595279581,FALSE,Higher than expected,2014-09-01T00:00:00Z,2014-09-07T23:00:00Z,82.3532916666664,118.3792291666669,3.5,Random Forest,FALSE
2014-09-19T21:00:00Z,2758,2326.365208333334,431.63479166666593,18.554042594881302,1.990102430481518,FALSE,Higher than expected,2014-09-01T00:00:00Z,2014-09-07T23:00:00Z,82.3532916666664,118.3792291666669,3.5,Random Forest,FALSE
2014-09-19T22:00:00Z,2709,2277.268916666667,431.7310833333331,18.958282887612405,1.9906510718492099,FALSE,Higher than expected,2014-09-01T00:00:00Z,2014-09-07T23:00:00Z,82.3532916666664,118.3792291666669,3.5,Random Forest,FALSE
2014-09-19T23:00:00Z,2299,2171.961499999999,127.03850000000102,5.8490217252930625,0.25460306861583665,FALSE,Higher than expected,2014-09-01T00:00:00Z,2014-09-07T23:00:00Z,82.3532916666664,118.3792291666669,3.5,Random Forest,FALSE
2014-09-20T00:00:00Z,1701,1610.736499999999,90.26350000000093,5.60386506421137,0.04507002182991152,FALSE,Higher than expected,2014-09-01T00:00:00Z,2014-09-07T23:00:00Z,82.3532916666664,118.3792291666669,3.5,Random Forest,FALSE
2014-09-20T01:00:00Z,1164,1114.4266249999994,49.573375000000624,4.44833009979465,0.1867702464325,FALSE,Higher than expected,2014-09-01T00:00:00Z,2014-09-07T23:00:00Z,82.3532916666664,118.3792291666669,3.5,Random Forest,FALSE
2014-09-20T02:00:00Z,717,786.9357083333337,-69.93570833333365,-8.887093010616056,0.8676975706861095,FALSE,Lower than expected,2014-09-01T00:00:00Z,2014-09-07T23:00:00Z,82.3532916666664,118.3792291666669,3.5,Random Forest,FALSE
2014-09-20T03:00:00Z,499,506.6113750000001,-7.611375000000123,-1.502409021116062,0.51259199754579865,FALSE,Lower than expected,2014-09-01T00:00:00Z,2014-09-07T23:00:00Z,82.3532916666664,118.3792291666669,3.5,Random Forest,FALSE
2014-09-20T04:00:00Z,386,378.597125,7.4028749999999945,1.9553436915296158,0.4270452525368091,FALSE,Higher than expected,2014-09-01T00:00:00Z,2014-09-07T23:00:00Z,82.3532916666664,118.3792291666669,3.5,Random Forest,FALSE
2014-09-20T05:00:00Z,373,420.84187499999985,-47.841874999999845,-11.368135597247747,0.7418134588298525,FALSE,Lower than expected,2014-09-01T00:00:00Z,2014-09-07T23:00:00Z,82.3532916666664,118.3792291666669,3.5,Random Forest,FALSE
2014-09-20T06:00:00Z,547,519.8831666666669,27.116833333333147,5.215947557447966,0.3147209628347271,FALSE,Higher than expected,2014-09-01T00:00:00Z,2014-09-07T23:00:00Z,82.3532916666664,118.3792291666669,3.5,Random Forest,FALSE
2014-09-20T07:00:00Z,741,701.7178750000004,39.28212499999961,5.597994065634937,0.24540673773735003,FALSE,Higher than expected,2014-09-01T00:00:00Z,2014-09-07T23:00:00Z,82.3532916666664,118.3792291666669,3.5,Random Forest,FALSE
2014-09-20T08:00:00Z,906,910.169,-4.168999999999983,-0.4580468022971539,0.4929783654063092,FALSE,Lower than expected,2014-09-01T00:00:00Z,2014-09-07T23:00:00Z,82.3532916666664,118.3792291666669,3.5,Random Forest,FALSE
2014-09-20T09:00:00Z,1114,1050.8781250000002,63.12187499999982,6.006583779636655,0.10957491035149579,FALSE,Higher than expected,2014-09-01T00:00:00Z,2014-09-07T23:00:00Z,82.3532916666664,118.3792291666669,3.5,Random Forest,FALSE
2014-09-20T10:00:00Z,1269,1252.1541666666662,16.845833333333758,1.3453481832974852,0.3732420756433771,FALSE,Higher than expected,2014-09-01T00:00:00Z,2014-09-07T23:00:00Z,82.3532916666664,118.3792291666669,3.5,Random Forest,FALSE
2014-09-20T11:00:00Z,1434,1352.5196250000006,81.48037499999941,6.024339572891549,0.0049736203604879925,FALSE,Higher than expected,2014-09-01T00:00:00Z,2014-09-07T23:00:00Z,82.3532916666664,118.3792291666669,3.5,Random Forest,FALSE
2014-09-20T12:00:00Z,1532,1520.857875,11.142125000000078,0.7326210544164148,0.4057401146661283,FALSE,Higher than expected,2014-09-01T00:00:00Z,2014-09-07T23:00:00Z,82.3532916666664,118.3792291666669,3.5,Random Forest,FALSE
2014-09-20T13:00:00Z,1672,1663.1254166666663,8.874583333333703,0.5336087852665173,0.41865989479204635,FALSE,Higher than expected,2014-09-01T00:00:00Z,2014-09-07T23:00:00Z,82.3532916666664,118.3792291666669,3.5,Random Forest,FALSE
2014-09-20T14:00:00Z,1977,1843.4380833333337,133.56191666666632,7.245261876393352,0.29177156269117205,FALSE,Higher than expected,2014-09-01T00:00:00Z,2014-09-07T23:00:00Z,82.3532916666664,118.3792291666669,3.5,Random Forest,FALSE
2014-09-20T15:00:00Z,2157,2050.9167500000003,106.08324999999968,5.17247957529235,0.13520626702070332,FALSE,Higher than expected,2014-09-01T00:00:00Z,2014-09-07T23:00:00Z,82.3532916666664,118.3792291666669,3.5,Random Forest,FALSE
2014-09-20T16:00:00Z,2453,2249.705541666667,203.29445833333284,9.036491868296888,0.689086910496558,FALSE,Higher than expected,2014-09-01T00:00:00Z,2014-09-07T23:00:00Z,82.3532916666664,118.3792291666669,3.5,Random Forest,FALSE
2014-09-20T17:00:00Z,2660,2376.898999999999,283.101000000001,11.910518705254246,1.1438009235180353,FALSE,Higher than expected,2014-09-01T00:00:00Z,2014-09-07T23:00:00Z,82.3532916666664,118.3792291666669,3.5,Random Forest,FALSE
2014-09-20T18:00:00Z,2675,2387.5835000000006,287.41649999999936,12.037966420860224,1.1683893630395663,FALSE,Higher than expected,2014-09-01T00:00:00Z,2014-09-07T23:00:00Z,82.3532916666664,118.3792291666669,3.5,Random Forest,FALSE
2014-09-20T19:00:00Z,2666,2357.827333333334,308.1726666666659,13.070196545350612,1.2866518468264623,FALSE,Higher than expected,2014-09-01T00:00:00Z,2014-09-07T23:00:00Z,82.3532916666664,118.3792291666669,3.5,Random Forest,FALSE
2014-09-20T20:00:00Z,2452,2357.9538333333344,94.04616666666561,3.9884651402914337,0.0666225349948825,FALSE,Higher than expected,2014-09-01T00:00:00Z,2014-09-07T23:00:00Z,82.3532916666664,118.3792291666669,3.5,Random Forest,FALSE
2014-09-20T21:00:00Z,2522,2321.2865833333335,200.7134166666665,8.64664527455481,0.6743809003185018,FALSE,Higher than expected,2014-09-01T00:00:00Z,2014-09-07T23:00:00Z,82.3532916666664,118.3792291666669,3.5,Random Forest,FALSE
2014-09-20T22:00:00Z,2653,2301.8906666666667,351.1093333333333,15.25308471065524,1.5312922434409686,FALSE,Higher than expected,2014-09-01T00:00:00Z,2014-09-07T23:00:00Z,82.3532916666664,118.3792291666669,3.5,Random Forest,FALSE
2014-09-20T23:00:00Z,2594,2305.144416666667,288.855583333333,12.530910482000516,1.1765888332071326,FALSE,Higher than expected,2014-09-01T00:00:00Z,2014-09-07T23:00:00Z,82.3532916666664,118.3792291666669,3.5,Random Forest,FALSE
2014-09-21T00:00:00Z,2443,2138.1957916666665,304.80420833333346,14.255205698246497,1.2674593699385062,FALSE,Higher than expected,2014-09-01T00:00:00Z,2014-09-07T23:00:00Z,82.3532916666664,118.3792291666669,3.5,Random Forest,FALSE
2014-09-21T01:00:00Z,2025,1654.2689166666669,370.7310833333331,22.4105693819329,1.64309115739805,FALSE,Higher than expected,2014-09-01T00:00:00Z,2014-09-07T23:00:00Z,82.3532916666664,118.3792291666669,3.5,Random Forest,FALSE
2014-09-21T02:00:00Z,1164,1073.5459166666665,90.45408333333353,8.425730276557823,0.04615590915825405,FALSE,Higher than expected,2014-09-01T00:00:00Z,2014-09-07T23:00:00Z,82.3532916666664,118.3792291666669,3.5,Random Forest,FALSE
2014-09-21T03:00:00Z,583,754.7857916666665,-171.78579166666646,-22.7595423182703,1.4480091485578577,FALSE,Lower than expected,2014-09-01T00:00:00Z,2014-09-07T23:00:00Z,82.3532916666664,118.3792291666669,3.5,Random Forest,FALSE
2014-09-21T04:00:00Z,379,428.4009166666668,-49.400916666666774,-11.531468478417143,0.7506964160149763,FALSE,Lower than expected,2014-09-01T00:00:00Z,2014-09-07T23:00:00Z,82.3532916666664,118.3792291666669,3.5,Random Forest,FALSE
2014-09-21T05:00:00Z,400,379.85687499999983,20.14312500000017,5.302819647531765,0.3544550853222771,FALSE,Higher than expected,2014-09-01T00:00:00Z,2014-09-07T23:00:00Z,82.3532916666664,118.3792291666669,3.5,Random Forest,FALSE
2014-09-21T06:00:00Z,432,453.7400833333333,-21.740083333333303,-4.791307652086422,0.5930931886874161,FALSE,Lower than expected,2014-09-01T00:00:00Z,2014-09-07T23:00:00Z,82.3532916666664,118.3792291666669,3.5,Random Forest,FALSE
2014-09-21T07:00:00Z,561,583.0255833333335,-22.025583333333543,-3.777807348934265,0.5947198830411193,FALSE,Lower than expected,2014-09-01T00:00:00Z,2014-09-07T23:00:00Z,82.3532916666664,118.3792291666669,3.5,Random Forest,FALSE
2014-09-21T08:00:00Z,723,703.5282083333335,19.47179166666649,2.767734319110728,0.35828014361574706,FALSE,Higher than expected,2014-09-01T00:00:00Z,2014-09-07T23:00:00Z,82.3532916666664,118.3792291666669,3.5,Random Forest,FALSE
2014-09-21T09:00:00Z,932,870.4104583333338,61.58954166666615,7.075919306461242,0.11830569137189104,FALSE,Higher than expected,2014-09-01T00:00:00Z,2014-09-07T23:00:00Z,82.3532916666664,118.3792291666669,3.5,Random Forest,FALSE
2014-09-21T10:00:00Z,1122,1085.238916666667,36.76108333333309,3.387372381212194,0.2597708857044717,FALSE,Higher than expected,2014-09-01T00:00:00Z,2014-09-07T23:00:00Z,82.3532916666664,118.3792291666669,3.5,Random Forest,FALSE
2014-09-21T11:00:00Z,1258,1288.900875,-30.900875000000042,-2.3974593856955866,0.6452886635721964,FALSE,Lower than expected,2014-09-01T00:00:00Z,2014-09-07T23:00:00Z,82.3532916666664,118.3792291666669,3.5,Random Forest,FALSE
2014-09-21T12:00:00Z,1348,1344.0680416666671,3.9319583333328865,0.29254161332912815,0.4468215066308078,FALSE,Higher than expected,2014-09-01T00:00:00Z,2014-09-07T23:00:00Z,82.3532916666664,118.3792291666669,3.5,Random Forest,FALSE
2014-09-21T13:00:00Z,1474,1495.2323750000005,-21.232375000000502,-1.4200050343345794,0.59020041713169,FALSE,Lower than expected,2014-09-01T00:00:00Z,2014-09-07T23:00:00Z,82.3532916666664,118.3792291666669,3.5,Random Forest,FALSE
2014-09-21T14:00:00Z,1549,1574.7394166666656,-25.739416666665647,-1.6345191080026202,0.6158802042807712,FALSE,Lower than expected,2014-09-01T00:00:00Z,2014-09-07T23:00:00Z,82.3532916666664,118.3792291666669,3.5,Random Forest,FALSE
2014-09-21T15:00:00Z,1565,1705.1467916666663,-140.14679166666633,-8.219045559689453,1.267739507028017,FALSE,Lower than expected,2014-09-01T00:00:00Z,2014-09-07T23:00:00Z,82.3532916666664,118.3792291666669,3.5,Random Forest,FALSE
2014-09-21T16:00:00Z,1683,1775.622041666667,-92.62204166666697,-5.21631515565826,0.9969575718753525,FALSE,Lower than expected,2014-09-01T00:00:00Z,2014-09-07T23:00:00Z,82.3532916666664,118.3792291666669,3.5,Random Forest,FALSE
2014-09-21T17:00:00Z,1654,1790.90725,-136.90724999999998,-7.644575116885589,1.2492815590849426,FALSE,Lower than expected,2014-09-01T00:00:00Z,2014-09-07T23:00:00Z,82.3532916666664,118.3792291666669,3.5,Random Forest,FALSE
2014-09-21T18:00:00Z,1684,1750.346791666666,-66.34679166666592,-3.790494088516656,0.8472489875772673,FALSE,Lower than expected,2014-09-01T00:00:00Z,2014-09-07T23:00:00Z,82.3532916666664,118.3792291666669,3.5,Random Forest,FALSE
2014-09-21T19:00:00Z,1530,1714.0224999999998,-184.0224999999998,-10.736294301854254,1.5177302846479745,FALSE,Lower than expected,2014-09-01T00:00:00Z,2014-09-07T23:00:00Z,82.3532916666664,118.3792291666669,3.5,Random Forest,FALSE
2014-09-21T20:00:00Z,1378,1603.9735833333334,-225.9735833333334,-14.088360661384545,1.7567551196392353,FALSE,Lower than expected,2014-09-01T00:00:00Z,2014-09-07T23:00:00Z,82.3532916666664,118.3792291666669,3.5,Random Forest,FALSE
2014-09-21T21:00:00Z,1230,1381.338416666667,-151.33841666666694,-10.955926139509277,1.3315060681357165,FALSE,Lower than expected,2014-09-01T00:00:00Z,2014-09-07T23:00:00Z,82.3532916666664,118.3792291666669,3.5,Random Forest,FALSE
2014-09-21T22:00:00Z,932,1232.1701666666668,-300.1701666666668,-24.361096769507355,2.1795052533425414,FALSE,Lower than expected,2014-09-01T00:00:00Z,2014-09-07T23:00:00Z,82.3532916666664,118.3792291666669,3.5,Random Forest,FALSE
2014-09-21T23:00:00Z,571,803.0629583333337,-232.06295833333365,-28.89723102344978,1.7914505729844996,FALSE,Lower than expected,2014-09-01T00:00:00Z,2014-09-07T23:00:00Z,82.3532916666664,118.3792291666669,3.5,Random Forest,FALSE
2014-09-22T00:00:00Z,277,431.8393333333334,-154.8393333333334,-35.85577352070756,1.3514532533351793,FALSE,Lower than expected,2014-09-01T00:00:00Z,2014-09-07T23:00:00Z,82.3532916666664,118.3792291666669,3.5,Random Forest,FALSE
2014-09-22T01:00:00Z,165,250.84433333333337,-85.84433333333337,-34.22215371286044,0.9583401992768552,FALSE,Lower than expected,2014-09-01T00:00:00Z,2014-09-07T23:00:00Z,82.3532916666664,118.3792291666669,3.5,Random Forest,FALSE
2014-09-22T02:00:00Z,149,183.84383333333344,-34.843833333333436,-18.952951916617682,0.6677544711298659,FALSE,Lower than expected,2014-09-01T00:00:00Z,2014-09-07T23:00:00Z,82.3532916666664,118.3792291666669,3.5,Random Forest,FALSE
2014-09-22T03:00:00Z,346,311.61254166666686,34.38745833333314,11.035325519765998,0.2732950972116704,FALSE,Higher than expected,2014-09-01T00:00:00Z,2014-09-07T23:00:00Z,82.3532916666664,118.3792291666669,3.5,Random Forest,FALSE
2014-09-22T04:00:00Z,550,508.5999583333336,41.400041666666425,8.14000099456026,0.23333947649994996,FALSE,Higher than expected,2014-09-01T00:00:00Z,2014-09-07T23:00:00Z,82.3532916666664,118.3792291666669,3.5,Random Forest,FALSE
2014-09-22T05:00:00Z,943,720.6217916666668,222.3782083333332,30.85921226709131,0.7978204599622539,FALSE,Higher than expected,2014-09-01T00:00:00Z,2014-09-07T23:00:00Z,82.3532916666664,118.3792291666669,3.5,Random Forest,FALSE
2014-09-22T06:00:00Z,1357,1161.382041666667,195.61795833333304,16.843549436377298,0.6453484894591112,FALSE,Higher than expected,2014-09-01T00:00:00Z,2014-09-07T23:00:00Z,82.3532916666664,118.3792291666669,3.5,Random Forest,FALSE
2014-09-22T07:00:00Z,1671,1251.6213333333342,419.3786666666658,33.506832737483876,1.9202706639814726,FALSE,Higher than expected,2014-09-01T00:00:00Z,2014-09-07T23:00:00Z,82.3532916666664,118.3792291666669,3.5,Random Forest,FALSE
2014-09-22T08:00:00Z,1606,1407.890375,198.10962500000005,14.071381445448127,0.6595452673854652,FALSE,Higher than expected,2014-09-01T00:00:00Z,2014-09-07T23:00:00Z,82.3532916666664,118.3792291666669,3.5,Random Forest,FALSE
2014-09-22T09:00:00Z,1186,1281.7465000000002,-95.7465000000002,-7.470002843776065,1.0147598091055086,FALSE,Lower than expected,2014-09-01T00:00:00Z,2014-09-07T23:00:00Z,82.3532916666664,118.3792291666669,3.5,Random Forest,FALSE
2014-09-22T10:00:00Z,1135,1153.5152083333337,-18.515208333333703,-1.60511176615396,0.5747188070625712,FALSE,Lower than expected,2014-09-01T00:00:00Z,2014-09-07T23:00:00Z,82.3532916666664,118.3792291666669,3.5,Random Forest,FALSE
2014-09-22T11:00:00Z,1069,1178.8675416666667,-109.86754166666674,-9.319752880068062,1.0952173178535065,FALSE,Lower than expected,2014-09-01T00:00:00Z,2014-09-07T23:00:00Z,82.3532916666664,118.3792291666669,3.5,Random Forest,FALSE
2014-09-22T12:00:00Z,1048,1170.714916666666,-122.71491666666611,-10.482049465643422,1.1684178515571417,FALSE,Lower than expected,2014-09-01T00:00:00Z,2014-09-07T23:00:00Z,82.3532916666664,118.3792291666669,3.5,Random Forest,FALSE
2014-09-22T13:00:00Z,1201,1258.354375,-57.35437499999989,-4.5578873598305645,0.7960128635219291,FALSE,Lower than expected,2014-09-01T00:00:00Z,2014-09-07T23:00:00Z,82.3532916666664,118.3792291666669,3.5,Random Forest,FALSE
2014-09-22T14:00:00Z,1391,1396.891875,-5.891875000000027,-0.42178461378766535,0.5027947963507363,FALSE,Lower than expected,2014-09-01T00:00:00Z,2014-09-07T23:00:00Z,82.3532916666664,118.3792291666669,3.5,Random Forest,FALSE
2014-09-22T15:00:00Z,1643,1568.1042083333327,74.89579166666726,4.776199902318394,0.042490623967528215,FALSE,Higher than expected,2014-09-01T00:00:00Z,2014-09-07T23:00:00Z,82.3532916666664,118.3792291666669,3.5,Random Forest,FALSE
2014-09-22T16:00:00Z,1879,1796.131708333334,82.86829166666598,4.613709077245849,0.002934317310527938,FALSE,Higher than expected,2014-09-01T00:00:00Z,2014-09-07T23:00:00Z,82.3532916666664,118.3792291666669,3.5,Random Forest,FALSE
2014-09-22T17:00:00Z,1943,2000.9908333333335,-57.99083333333351,-2.8981058967036835,0.7996392144052924,FALSE,Lower than expected,2014-09-01T00:00:00Z,2014-09-07T23:00:00Z,82.3532916666664,118.3792291666669,3.5,Random Forest,FALSE
2014-09-22T18:00:00Z,1934,1875.9708333333328,58.02916666666715,3.093287253488776,0.138591652526214,FALSE,Higher than expected,2014-09-01T00:00:00Z,2014-09-07T23:00:00Z,82.3532916666664,118.3792291666669,3.5,Random Forest,FALSE
2014-09-22T19:00:00Z,1801,1838.253374999999,-37.253374999999096,-2.026563666719726,0.6814833251549941,FALSE,Lower than expected,2014-09-01T00:00:00Z,2014-09-07T23:00:00Z,82.3532916666664,118.3792291666669,3.5,Random Forest,FALSE
2014-09-22T20:00:00Z,1740,1771.4067083333337,-31.406708333333654,-1.7729812236560476,0.6481707519338352,FALSE,Lower than expected,2014-09-01T00:00:00Z,2014-09-07T23:00:00Z,82.3532916666664,118.3792291666669,3.5,Random Forest,FALSE
2014-09-22T21:00:00Z,1550,1506.7270416666663,43.27295833333369,2.871983918564792,0.22266815262386758,FALSE,Higher than expected,2014-09-01T00:00:00Z,2014-09-07T23:00:00Z,82.3532916666664,118.3792291666669,3.5,Random Forest,FALSE
2014-09-22T22:00:00Z,1072,1257.8077500000002,-185.80775000000017,-14.772348953963762,1.5279021098491887,FALSE,Lower than expected,2014-09-01T00:00:00Z,2014-09-07T23:00:00Z,82.3532916666664,118.3792291666669,3.5,Random Forest,FALSE
2014-09-22T23:00:00Z,656,738.8497083333334,-82.84970833333341,-11.21333708315624,0.9412777138864734,FALSE,Lower than expected,2014-09-01T00:00:00Z,2014-09-07T23:00:00Z,82.3532916666664,118.3792291666669,3.5,Random Forest,FALSE
2014-09-23T00:00:00Z,332,380.4476250000002,-48.44762500000019,-12.734374409618187,0.7452648427344247,FALSE,Lower than expected,2014-09-01T00:00:00Z,2014-09-07T23:00:00Z,82.3532916666664,118.3792291666669,3.5,Random Forest,FALSE
2014-09-23T01:00:00Z,175,199.7060000000001,-24.706000000000103,-12.371185642895101,0.6099921025060387,FALSE,Lower than expected,2014-09-01T00:00:00Z,2014-09-07T23:00:00Z,82.3532916666664,118.3792291666669,3.5,Random Forest,FALSE
2014-09-23T02:00:00Z,125,148.72470833333327,-23.72470833333327,-15.952096056668422,0.6044009935270493,FALSE,Lower than expected,2014-09-01T00:00:00Z,2014-09-07T23:00:00Z,82.3532916666664,118.3792291666669,3.5,Random Forest,FALSE
2014-09-23T03:00:00Z,231,232.7052500000001,-1.7052500000000919,-0.7327939528653055,0.4789406483697681,FALSE,Lower than expected,2014-09-01T00:00:00Z,2014-09-07T23:00:00Z,82.3532916666664,118.3792291666669,3.5,Random Forest,FALSE
2014-09-23T04:00:00Z,383,370.4514166666668,12.548583333333227,3.387376257390447,0.3977265320757612,FALSE,Higher than expected,2014-09-01T00:00:00Z,2014-09-07T23:00:00Z,82.3532916666664,118.3792291666669,3.5,Random Forest,FALSE
2014-09-23T05:00:00Z,848,772.566916666667,75.433083333333,9.7639546434111,0.03942929534946814,FALSE,Higher than expected,2014-09-01T00:00:00Z,2014-09-07T23:00:00Z,82.3532916666664,118.3792291666669,3.5,Random Forest,FALSE
2014-09-23T06:00:00Z,1429,1221.205916666666,207.7940833333339,17.015482851615783,0.7147244396779132,FALSE,Higher than expected,2014-09-01T00:00:00Z,2014-09-07T23:00:00Z,82.3532916666664,118.3792291666669,3.5,Random Forest,FALSE
2014-09-23T07:00:00Z,1754,1458.4324583333332,295.5675416666668,20.266111054908592,1.2148315817994808,FALSE,Higher than expected,2014-09-01T00:00:00Z,2014-09-07T23:00:00Z,82.3532916666664,118.3792291666669,3.5,Random Forest,FALSE
2014-09-23T08:00:00Z,1484,1750.39925,-266.39924999999994,-15.219342101523408,1.9870885827260831,FALSE,Lower than expected,2014-09-01T00:00:00Z,2014-09-07T23:00:00Z,82.3532916666664,118.3792291666669,3.5,Random Forest,FALSE
2014-09-23T09:00:00Z,1201,1409.7005416666664,-208.70054166666637,-14.804601083569356,1.658338449410086,FALSE,Lower than expected,2014-09-01T00:00:00Z,2014-09-07T23:00:00Z,82.3532916666664,118.3792291666669,3.5,Random Forest,FALSE
2014-09-23T10:00:00Z,1075,1295.393958333333,-220.3939583333331,-17.013662671153273,1.7249640706610443,FALSE,Lower than expected,2014-09-01T00:00:00Z,2014-09-07T23:00:00Z,82.3532916666664,118.3792291666669,3.5,Random Forest,FALSE
2014-09-23T11:00:00Z,1065,1230.711541666666,-165.7115416666661,-13.464693882878079,1.4133998729782664,FALSE,Lower than expected,2014-09-01T00:00:00Z,2014-09-07T23:00:00Z,82.3532916666664,118.3792291666669,3.5,Random Forest,FALSE
2014-09-23T12:00:00Z,1039,1184.8789583333337,-145.87895833333369,-12.311718197656996,1.3003996931966515,FALSE,Lower than expected,2014-09-01T00:00:00Z,2014-09-07T23:00:00Z,82.3532916666664,118.3792291666669,3.5,Random Forest,FALSE
2014-09-23T13:00:00Z,1207,1272.9662083333324,-65.96620833333236,-5.182086366589457,0.8450805365809567,FALSE,Lower than expected,2014-09-01T00:00:00Z,2014-09-07T23:00:00Z,82.3532916666664,118.3792291666669,3.5,Random Forest,FALSE
2014-09-23T14:00:00Z,1484,1473.2142083333338,10.785791666666228,0.7321265031015641,0.4077703963521874,FALSE,Higher than expected,2014-09-01T00:00:00Z,2014-09-07T23:00:00Z,82.3532916666664,118.3792291666669,3.5,Random Forest,FALSE
2014-09-23T15:00:00Z,1725,1748.59775,-23.597749999999905,-1.3495242116147013,0.603677622584882,FALSE,Lower than expected,2014-09-01T00:00:00Z,2014-09-07T23:00:00Z,82.3532916666664,118.3792291666669,3.5,Random Forest,FALSE
2014-09-23T16:00:00Z,1913,1907.6495,5.350500000000011,0.2804760518114051,0.43873907678962365,FALSE,Higher than expected,2014-09-01T00:00:00Z,2014-09-07T23:00:00Z,82.3532916666664,118.3792291666669,3.5,Random Forest,FALSE
2014-09-23T17:00:00Z,2181,2063.343541666666,117.65645833333383,5.702223403781651,0.20114697682822902,FALSE,Higher than expected,2014-09-01T00:00:00Z,2014-09-07T23:00:00Z,82.3532916666664,118.3792291666669,3.5,Random Forest,FALSE
2014-09-23T18:00:00Z,2335,2122.849625,212.15037500000017,9.993660054936777,0.7395452980220253,FALSE,Higher than expected,2014-09-01T00:00:00Z,2014-09-07T23:00:00Z,82.3532916666664,118.3792291666669,3.5,Random Forest,FALSE
2014-09-23T19:00:00Z,2264,2230.098541666666,33.901458333334176,1.5201775930492245,0.27606418112024256,FALSE,Higher than expected,2014-09-01T00:00:00Z,2014-09-07T23:00:00Z,82.3532916666664,118.3792291666669,3.5,Random Forest,FALSE
2014-09-23T20:00:00Z,2062,2110.8016250000014,-48.80162500000142,-2.3119948564565553,0.7472818297789516,FALSE,Lower than expected,2014-09-01T00:00:00Z,2014-09-07T23:00:00Z,82.3532916666664,118.3792291666669,3.5,Random Forest,FALSE
2014-09-23T21:00:00Z,1845,1987.7619583333344,-142.7619583333344,-7.182044999645485,1.282639951338553,FALSE,Lower than expected,2014-09-01T00:00:00Z,2014-09-07T23:00:00Z,82.3532916666664,118.3792291666669,3.5,Random Forest,FALSE
2014-09-23T22:00:00Z,1409,1399.7752083333337,9.224791666666306,0.6590195062570056,0.4166645115400273,FALSE,Higher than expected,2014-09-01T00:00:00Z,2014-09-07T23:00:00Z,82.3532916666664,118.3792291666669,3.5,Random Forest,FALSE
2014-09-23T23:00:00Z,750,875.1357083333336,-125.13570833333358,-14.299006101767956,1.182210804746831,FALSE,Lower than expected,2014-09-01T00:00:00Z,2014-09-07T23:00:00Z,82.3532916666664,118.3792291666669,3.5,Random Forest,FALSE
2014-09-24T00:00:00Z,413,423.5520833333335,-10.552083333333485,-2.4913307592041862,0.5293472817549651,FALSE,Lower than expected,2014-09-01T00:00:00Z,2014-09-07T23:00:00Z,82.3532916666664,118.3792291666669,3.5,Random Forest,FALSE
2014-09-24T01:00:00Z,220,229.76616666666663,-9.766166666666635,-4.250480742377926,0.5248693616003345,FALSE,Lower than expected,2014-09-01T00:00:00Z,2014-09-07T23:00:00Z,82.3532916666664,118.3792291666669,3.5,Random Forest,FALSE
2014-09-24T02:00:00Z,145,174.54566666666665,-29.545666666666648,-16.927184289880195,0.637567088287002,FALSE,Lower than expected,2014-09-01T00:00:00Z,2014-09-07T23:00:00Z,82.3532916666664,118.3792291666669,3.5,Random Forest,FALSE
2014-09-24T03:00:00Z,267,260.5129583333333,6.487041666666698,2.49010325941881,0.43226339933983926,FALSE,Higher than expected,2014-09-01T00:00:00Z,2014-09-07T23:00:00Z,82.3532916666664,118.3792291666669,3.5,Random Forest,FALSE
2014-09-24T04:00:00Z,423,417.0765416666668,5.923458333333201,1.4202329168796333,0.435474530079503,FALSE,Higher than expected,2014-09-01T00:00:00Z,2014-09-07T23:00:00Z,82.3532916666664,118.3792291666669,3.5,Random Forest,FALSE
2014-09-24T05:00:00Z,804,757.666166666667,46.33383333333302,6.115336195778352,0.20522819437558132,FALSE,Higher than expected,2014-09-01T00:00:00Z,2014-09-07T23:00:00Z,82.3532916666664,118.3792291666669,3.5,Random Forest,FALSE
2014-09-24T06:00:00Z,1410,1213.2652083333332,196.73479166666675,16.215316347604002,0.651711874668778,FALSE,Higher than expected,2014-09-01T00:00:00Z,2014-09-07T23:00:00Z,82.3532916666664,118.3792291666669,3.5,Random Forest,FALSE
2014-09-24T07:00:00Z,1741,1518.3581666666669,222.64183333333312,14.663327679931454,0.7993225170515517,FALSE,Higher than expected,2014-09-01T00:00:00Z,2014-09-07T23:00:00Z,82.3532916666664,118.3792291666669,3.5,Random Forest,FALSE
2014-09-24T08:00:00Z,1536,1743.2233749999996,-207.22337499999958,-11.887367848081984,1.649921991700302,FALSE,Lower than expected,2014-09-01T00:00:00Z,2014-09-07T23:00:00Z,82.3532916666664,118.3792291666669,3.5,Random Forest,FALSE
2014-09-24T09:00:00Z,1245,1324.7462916666666,-79.7462916666666,-6.01974069814814,0.9235953658344567,FALSE,Lower than expected,2014-09-01T00:00:00Z,2014-09-07T23:00:00Z,82.3532916666664,118.3792291666669,3.5,Random Forest,FALSE
2014-09-24T10:00:00Z,1176,1177.10275,-1.1027500000000146,-0.09368341039047054,0.47550778200162297,FALSE,Lower than expected,2014-09-01T00:00:00Z,2014-09-07T23:00:00Z,82.3532916666664,118.3792291666669,3.5,Random Forest,FALSE
2014-09-24T11:00:00Z,1242,1141.5051666666664,100.49483333333364,8.8037125251733,0.10336512573244294,FALSE,Higher than expected,2014-09-01T00:00:00Z,2014-09-07T23:00:00Z,82.3532916666664,118.3792291666669,3.5,Random Forest,FALSE
2014-09-24T12:00:00Z,1122,1202.5015,-80.50150000000008,-6.694503083779943,0.9278983190102957,FALSE,Lower than expected,2014-09-01T00:00:00Z,2014-09-07T23:00:00Z,82.3532916666664,118.3792291666669,3.5,Random Forest,FALSE
2014-09-24T13:00:00Z,1349,1331.5934999999995,17.406500000000506,1.3071932237578896,0.37004756320563426,FALSE,Higher than expected,2014-09-01T00:00:00Z,2014-09-07T23:00:00Z,82.3532916666664,118.3792291666669,3.5,Random Forest,FALSE
2014-09-24T14:00:00Z,1659,1607.0504166666665,51.94958333333352,3.2326044531376312,0.17323131585788829,FALSE,Higher than expected,2014-09-01T00:00:00Z,2014-09-07T23:00:00Z,82.3532916666664,118.3792291666669,3.5,Random Forest,FALSE
2014-09-24T15:00:00Z,1924,1867.549916666667,56.45008333333294,3.022681366080376,0.14758880118596626,FALSE,Higher than expected,2014-09-01T00:00:00Z,2014-09-07T23:00:00Z,82.3532916666664,118.3792291666669,3.5,Random Forest,FALSE
2014-09-24T16:00:00Z,2127,2060.332791666666,66.6672083333342,3.2357495159510163,0.08937465215420819,FALSE,Higher than expected,2014-09-01T00:00:00Z,2014-09-07T23:00:00Z,82.3532916666664,118.3792291666669,3.5,Random Forest,FALSE
2014-09-24T17:00:00Z,2302,2314.2451666666675,-12.245166666667501,-0.5291214104296856,0.5389939686154939,FALSE,Lower than expected,2014-09-01T00:00:00Z,2014-09-07T23:00:00Z,82.3532916666664,118.3792291666669,3.5,Random Forest,FALSE
2014-09-24T18:00:00Z,2271,2250.120916666667,20.8790833333328,0.9279093927211303,0.35026181293911796,FALSE,Higher than expected,2014-09-01T00:00:00Z,2014-09-07T23:00:00Z,82.3532916666664,118.3792291666669,3.5,Random Forest,FALSE
2014-09-24T19:00:00Z,2001,2189.9720000000007,-188.97200000000066,-8.628968772203509,1.545931068198406,FALSE,Lower than expected,2014-09-01T00:00:00Z,2014-09-07T23:00:00Z,82.3532916666664,118.3792291666669,3.5,Random Forest,FALSE
2014-09-24T20:00:00Z,2005,2071.4652083333344,-66.46520833333443,-3.208608479927655,0.8479236906352492,FALSE,Lower than expected,2014-09-01T00:00:00Z,2014-09-07T23:00:00Z,82.3532916666664,118.3792291666669,3.5,Random Forest,FALSE
2014-09-24T21:00:00Z,1816,2043.8485000000007,-227.84850000000074,-11.148013172209225,1.7674378389223495,FALSE,Lower than expected,2014-09-01T00:00:00Z,2014-09-07T23:00:00Z,82.3532916666664,118.3792291666669,3.5,Random Forest,FALSE
2014-09-24T22:00:00Z,1350,1751.3072083333336,-401.3072083333336,-22.914723723157948,2.7557541312033633,FALSE,Lower than expected,2014-09-01T00:00:00Z,2014-09-07T23:00:00Z,82.3532916666664,118.3792291666669,3.5,Random Forest,FALSE
2014-09-24T23:00:00Z,753,872.2710416666663,-119.27104166666629,-13.673621611783954,1.1487956728623807,FALSE,Lower than expected,2014-09-01T00:00:00Z,2014-09-07T23:00:00Z,82.3532916666664,118.3792291666669,3.5,Random Forest,FALSE
2014-09-25T00:00:00Z,382,448.495625,-66.49562500000002,-14.826370937286182,0.8480969957838425,FALSE,Lower than expected,2014-09-01T00:00:00Z,2014-09-07T23:00:00Z,82.3532916666664,118.3792291666669,3.5,Random Forest,FALSE
2014-09-25T01:00:00Z,233,241.42625000000004,-8.426250000000039,-3.490196281473136,0.5172349136980668,FALSE,Lower than expected,2014-09-01T00:00:00Z,2014-09-07T23:00:00Z,82.3532916666664,118.3792291666669,3.5,Random Forest,FALSE
2014-09-25T02:00:00Z,181,182.55108333333337,-1.5510833333333665,-0.8496708455578595,0.47806225241111383,FALSE,Lower than expected,2014-09-01T00:00:00Z,2014-09-07T23:00:00Z,82.3532916666664,118.3792291666669,3.5,Random Forest,FALSE
2014-09-25T03:00:00Z,289,284.7044583333334,4.295541666666622,1.5087721814448656,0.4447499165942613,FALSE,Higher than expected,2014-09-01T00:00:00Z,2014-09-07T23:00:00Z,82.3532916666664,118.3792291666669,3.5,Random Forest,FALSE
2014-09-25T04:00:00Z,436,429.6568749999999,6.3431250000001,1.4763234034135033,0.43308339383745786,FALSE,Higher than expected,2014-09-01T00:00:00Z,2014-09-07T23:00:00Z,82.3532916666664,118.3792291666669,3.5,Random Forest,FALSE
2014-09-25T05:00:00Z,811,758.5177083333338,52.48229166666624,6.9190595143762526,0.17019610171427288,FALSE,Higher than expected,2014-09-01T00:00:00Z,2014-09-07T23:00:00Z,82.3532916666664,118.3792291666669,3.5,Random Forest,FALSE
2014-09-25T06:00:00Z,1737,1208.9170833333342,528.0829166666658,43.68231071816675,2.5396352513663496,FALSE,Higher than expected,2014-09-01T00:00:00Z,2014-09-07T23:00:00Z,82.3532916666664,118.3792291666669,3.5,Random Forest,FALSE
2014-09-25T07:00:00Z,2560,1684.940833333334,875.059166666666,51.93411835924994,4.516603050818551,TRUE,Higher than expected,2014-09-01T00:00:00Z,2014-09-07T23:00:00Z,82.3532916666664,118.3792291666669,3.5,Random Forest,FALSE
2014-09-25T08:00:00Z,2300,2173.792208333333,126.20779166666716,5.805881131731164,0.2498699388245681,FALSE,Higher than expected,2014-09-01T00:00:00Z,2014-09-07T23:00:00Z,82.3532916666664,118.3792291666669,3.5,Random Forest,FALSE
2014-09-25T09:00:00Z,2118,1766.7101666666672,351.2898333333328,19.883840596000383,1.5323206789255301,FALSE,Higher than expected,2014-09-01T00:00:00Z,2014-09-07T23:00:00Z,82.3532916666664,118.3792291666669,3.5,Random Forest,FALSE
2014-09-25T10:00:00Z,1740,1634.3967916666672,105.60320833333276,6.461295621220871,0.1324711319289042,FALSE,Higher than expected,2014-09-01T00:00:00Z,2014-09-07T23:00:00Z,82.3532916666664,118.3792291666669,3.5,Random Forest,FALSE
2014-09-25T11:00:00Z,1673,1447.4780833333325,225.5219166666675,15.580333772468814,0.815732377985091,FALSE,Higher than expected,2014-09-01T00:00:00Z,2014-09-07T23:00:00Z,82.3532916666664,118.3792291666669,3.5,Random Forest,FALSE
2014-09-25T12:00:00Z,1585,1378.4852499999993,206.51475000000073,14.981281083711329,0.7074351776469658,FALSE,Higher than expected,2014-09-01T00:00:00Z,2014-09-07T23:00:00Z,82.3532916666664,118.3792291666669,3.5,Random Forest,FALSE
2014-09-25T13:00:00Z,1636,1634.4593750000004,1.5406249999996362,0.09425899618946698,0.46044661497109485,FALSE,Higher than expected,2014-09-01T00:00:00Z,2014-09-07T23:00:00Z,82.3532916666664,118.3792291666669,3.5,Random Forest,FALSE
2014-09-25T14:00:00Z,1776,1849.5034166666671,-73.50341666666714,-3.9742244325853298,0.8880253149995534,FALSE,Lower than expected,2014-09-01T00:00:00Z,2014-09-07T23:00:00Z,82.3532916666664,118.3792291666669,3.5,Random Forest,FALSE
2014-09-25T15:00:00Z,2069,2023.485125000001,45.51487499999894,2.2493308420045297,0.2098943761505429,FALSE,Higher than expected,2014-09-01T00:00:00Z,2014-09-07T23:00:00Z,82.3532916666664,118.3792291666669,3.5,Random Forest,FALSE
2014-09-25T16:00:00Z,2422,2273.2063750000007,148.79362499999934,6.54553966751036,0.37855732081048743,FALSE,Higher than expected,2014-09-01T00:00:00Z,2014-09-07T23:00:00Z,82.3532916666664,118.3792291666669,3.5,Random Forest,FALSE
2014-09-25T17:00:00Z,2582,2386.4029166666664,195.59708333333356,8.196314292413959,0.6452295498982261,FALSE,Higher than expected,2014-09-01T00:00:00Z,2014-09-07T23:00:00Z,82.3532916666664,118.3792291666669,3.5,Random Forest,FALSE
2014-09-25T18:00:00Z,2518,2383.9085416666676,134.0914583333324,5.624857497242102,0.2947887341069883,FALSE,Higher than expected,2014-09-01T00:00:00Z,2014-09-07T23:00:00Z,82.3532916666664,118.3792291666669,3.5,Random Forest,FALSE
2014-09-25T19:00:00Z,2220,2328.425458333333,-108.42545833333315,-4.65659993302698,1.0870007545753941,FALSE,Lower than expected,2014-09-01T00:00:00Z,2014-09-07T23:00:00Z,82.3532916666664,118.3792291666669,3.5,Random Forest,FALSE
2014-09-25T20:00:00Z,2045,2206.769416666667,-161.76941666666698,-7.330598994389739,1.3909388135068652,FALSE,Lower than expected,2014-09-01T00:00:00Z,2014-09-07T23:00:00Z,82.3532916666664,118.3792291666669,3.5,Random Forest,FALSE
2014-09-25T21:00:00Z,2108,2102.5345,5.465499999999793,0.2599481720751689,0.43808384088533175,FALSE,Higher than expected,2014-09-01T00:00:00Z,2014-09-07T23:00:00Z,82.3532916666664,118.3792291666669,3.5,Random Forest,FALSE
2014-09-25T22:00:00Z,1728,1977.2673750000004,-249.26737500000036,-12.60665998699343,1.8894762383098895,FALSE,Lower than expected,2014-09-01T00:00:00Z,2014-09-07T23:00:00Z,82.3532916666664,118.3792291666669,3.5,Random Forest,FALSE
2014-09-25T23:00:00Z,1054,1280.17325,-226.17325000000005,-17.667393846887524,1.7578927611078485,FALSE,Lower than expected,2014-09-01T00:00:00Z,2014-09-07T23:00:00Z,82.3532916666664,118.3792291666669,3.5,Random Forest,FALSE
2014-09-26T00:00:00Z,606,678.0867499999996,-72.0867499999996,-10.630903789227505,0.8799535683524587,FALSE,Lower than expected,2014-09-01T00:00:00Z,2014-09-07T23:00:00Z,82.3532916666664,118.3792291666669,3.5,Random Forest,FALSE
2014-09-26T01:00:00Z,346,397.27695833333314,-51.27695833333314,-12.907106052274363,0.7613855452145398,FALSE,Lower than expected,2014-09-01T00:00:00Z,2014-09-07T23:00:00Z,82.3532916666664,118.3792291666669,3.5,Random Forest,FALSE
2014-09-26T02:00:00Z,239,251.69670833333345,-12.696708333333447,-5.044447508832184,0.5415667191570931,FALSE,Lower than expected,2014-09-01T00:00:00Z,2014-09-07T23:00:00Z,82.3532916666664,118.3792291666669,3.5,Random Forest,FALSE
2014-09-26T03:00:00Z,340,336.1474583333334,3.852541666666582,1.1460868054061832,0.4472739992516691,FALSE,Higher than expected,2014-09-01T00:00:00Z,2014-09-07T23:00:00Z,82.3532916666664,118.3792291666669,3.5,Random Forest,FALSE
2014-09-26T04:00:00Z,406,438.672625,-32.67262499999998,-7.448065627528042,0.6553835697759475,FALSE,Lower than expected,2014-09-01T00:00:00Z,2014-09-07T23:00:00Z,82.3532916666664,118.3792291666669,3.5,Random Forest,FALSE
2014-09-26T05:00:00Z,684,718.5124166666668,-34.51241666666681,-4.803315275576908,0.6658661572230734,FALSE,Lower than expected,2014-09-01T00:00:00Z,2014-09-07T23:00:00Z,82.3532916666664,118.3792291666669,3.5,Random Forest,FALSE
2014-09-26T06:00:00Z,1163,1130.1446666666668,32.85533333333319,2.907179434845202,0.2820246912104976,FALSE,Higher than expected,2014-09-01T00:00:00Z,2014-09-07T23:00:00Z,82.3532916666664,118.3792291666669,3.5,Random Forest,FALSE
2014-09-26T07:00:00Z,1525,1472.4552083333338,52.54479166666624,3.568515454275956,0.16983999524454835,FALSE,Higher than expected,2014-09-01T00:00:00Z,2014-09-07T23:00:00Z,82.3532916666664,118.3792291666669,3.5,Random Forest,FALSE
2014-09-26T08:00:00Z,1340,1612.2640833333332,-272.26408333333325,-16.8870649757595,2.0205046642277824,FALSE,Lower than expected,2014-09-01T00:00:00Z,2014-09-07T23:00:00Z,82.3532916666664,118.3792291666669,3.5,Random Forest,FALSE
2014-09-26T09:00:00Z,1232,1399.1772083333326,-167.1772083333326,-11.94825125349706,1.4217508070976193,FALSE,Lower than expected,2014-09-01T00:00:00Z,2014-09-07T23:00:00Z,82.3532916666664,118.3792291666669,3.5,Random Forest,FALSE
2014-09-26T10:00:00Z,1190,1341.1227500000002,-151.12275000000022,-11.26837569491683,1.3302772634108533,FALSE,Lower than expected,2014-09-01T00:00:00Z,2014-09-07T23:00:00Z,82.3532916666664,118.3792291666669,3.5,Random Forest,FALSE
2014-09-26T11:00:00Z,1207,1341.594833333334,-134.594833333334,-10.032450184599991,1.2361060945137647,FALSE,Lower than expected,2014-09-01T00:00:00Z,2014-09-07T23:00:00Z,82.3532916666664,118.3792291666669,3.5,Random Forest,FALSE
2014-09-26T12:00:00Z,1266,1368.9900833333336,-102.99008333333359,-7.523070078240783,1.0560315993293314,FALSE,Lower than expected,2014-09-01T00:00:00Z,2014-09-07T23:00:00Z,82.3532916666664,118.3792291666669,3.5,Random Forest,FALSE
2014-09-26T13:00:00Z,1410,1490.9764999999993,-80.9764999999993,-5.431105050951463,0.930604728180198,FALSE,Lower than expected,2014-09-01T00:00:00Z,2014-09-07T23:00:00Z,82.3532916666664,118.3792291666669,3.5,Random Forest,FALSE
2014-09-26T14:00:00Z,1738,1630.9469166666654,107.0530833333346,6.563860677460308,0.14073208981358473,FALSE,Higher than expected,2014-09-01T00:00:00Z,2014-09-07T23:00:00Z,82.3532916666664,118.3792291666669,3.5,Random Forest,FALSE
2014-09-26T15:00:00Z,2038,1908.373208333334,129.6267916666659,6.792528374461652,0.2693503871443726,FALSE,Higher than expected,2014-09-01T00:00:00Z,2014-09-07T23:00:00Z,82.3532916666664,118.3792291666669,3.5,Random Forest,FALSE
2014-09-26T16:00:00Z,2299,2260.989625,38.01037499999984,1.6811388508693328,0.25265279218330383,FALSE,Higher than expected,2014-09-01T00:00:00Z,2014-09-07T23:00:00Z,82.3532916666664,118.3792291666669,3.5,Random Forest,FALSE
2014-09-26T17:00:00Z,2626,2304.672666666667,321.3273333333332,13.942428266747344,1.3616032373395837,FALSE,Higher than expected,2014-09-01T00:00:00Z,2014-09-07T23:00:00Z,82.3532916666664,118.3792291666669,3.5,Random Forest,FALSE
2014-09-26T18:00:00Z,3039,2378.8283750000005,660.1716249999995,27.751965292578088,3.292237549207295,FALSE,Higher than expected,2014-09-01T00:00:00Z,2014-09-07T23:00:00Z,82.3532916666664,118.3792291666669,3.5,Random Forest,FALSE
2014-09-26T19:00:00Z,2782,2465.8595416666667,316.1404583333333,12.820700165251706,1.3320499614171437,FALSE,Higher than expected,2014-09-01T00:00:00Z,2014-09-07T23:00:00Z,82.3532916666664,118.3792291666669,3.5,Random Forest,FALSE
2014-09-26T20:00:00Z,2440,2394.547125000001,45.45287499999904,1.898182521674073,0.2102476337685091,FALSE,Higher than expected,2014-09-01T00:00:00Z,2014-09-07T23:00:00Z,82.3532916666664,118.3792291666669,3.5,Random Forest,FALSE
2014-09-26T21:00:00Z,2686,2273.6980833333337,412.30191666666633,18.133538471484965,1.8799494406275046,FALSE,Higher than expected,2014-09-01T00:00:00Z,2014-09-07T23:00:00Z,82.3532916666664,118.3792291666669,3.5,Random Forest,FALSE
2014-09-26T22:00:00Z,2547,2288.6099583333335,258.39004166666655,11.290261179097445,1.0030052093485287,FALSE,Higher than expected,2014-09-01T00:00:00Z,2014-09-07T23:00:00Z,82.3532916666664,118.3792291666669,3.5,Random Forest,FALSE
2014-09-26T23:00:00Z,2355,1912.746416666666,442.25358333333406,23.12139128740585,2.0506051570920403,FALSE,Higher than expected,2014-09-01T00:00:00Z,2014-09-07T23:00:00Z,82.3532916666664,118.3792291666669,3.5,Random Forest,FALSE
2014-09-27T00:00:00Z,1686,1628.9329583333329,57.06704166666714,3.5033388805059316,0.14407355552115375,FALSE,Higher than expected,2014-09-01T00:00:00Z,2014-09-07T23:00:00Z,82.3532916666664,118.3792291666669,3.5,Random Forest,FALSE
2014-09-27T01:00:00Z,1232,1099.2435416666665,132.7564583333335,12.077074215241597,0.2871822999136782,FALSE,Higher than expected,2014-09-01T00:00:00Z,2014-09-07T23:00:00Z,82.3532916666664,118.3792291666669,3.5,Random Forest,FALSE
2014-09-27T02:00:00Z,751,791.4592499999999,-40.459249999999884,-5.111981444401577,0.6997494504130496,FALSE,Lower than expected,2014-09-01T00:00:00Z,2014-09-07T23:00:00Z,82.3532916666664,118.3792291666669,3.5,Random Forest,FALSE
2014-09-27T03:00:00Z,527,511.13375,15.86624999999998,3.104128811685783,0.37882345104552906,FALSE,Higher than expected,2014-09-01T00:00:00Z,2014-09-07T23:00:00Z,82.3532916666664,118.3792291666669,3.5,Random Forest,FALSE
2014-09-27T04:00:00Z,361,385.868375,-24.868375000000015,-6.444781850805994,0.6109172671143828,FALSE,Lower than expected,2014-09-01T00:00:00Z,2014-09-07T23:00:00Z,82.3532916666664,118.3792291666669,3.5,Random Forest,FALSE
2014-09-27T05:00:00Z,422,404.4140833333333,17.58591666666672,4.348492644399761,0.3690253002332143,FALSE,Higher than expected,2014-09-01T00:00:00Z,2014-09-07T23:00:00Z,82.3532916666664,118.3792291666669,3.5,Random Forest,FALSE
2014-09-27T06:00:00Z,530,572.4604999999999,-42.46049999999991,-7.417192976633308,0.7111519795736299,FALSE,Lower than expected,2014-09-01T00:00:00Z,2014-09-07T23:00:00Z,82.3532916666664,118.3792291666669,3.5,Random Forest,FALSE
2014-09-27T07:00:00Z,679,706.1741250000002,-27.17412500000023,-3.8480771297022844,0.6240547469954619,FALSE,Lower than expected,2014-09-01T00:00:00Z,2014-09-07T23:00:00Z,82.3532916666664,118.3792291666669,3.5,Random Forest,FALSE
2014-09-27T08:00:00Z,871,854.9803750000002,16.01962499999979,1.8736833579366998,0.3779495657688261,FALSE,Higher than expected,2014-09-01T00:00:00Z,2014-09-07T23:00:00Z,82.3532916666664,118.3792291666669,3.5,Random Forest,FALSE
2014-09-27T09:00:00Z,1091,1055.4192083333332,35.580791666666755,3.3712473096689433,0.26649583768306134,FALSE,Higher than expected,2014-09-01T00:00:00Z,2014-09-07T23:00:00Z,82.3532916666664,118.3792291666669,3.5,Random Forest,FALSE
2014-09-27T10:00:00Z,1276,1202.0516666666665,73.9483333333335,6.1518431681389325,0.04788896064424172,FALSE,Higher than expected,2014-09-01T00:00:00Z,2014-09-07T23:00:00Z,82.3532916666664,118.3792291666669,3.5,Random Forest,FALSE
2014-09-27T11:00:00Z,1434,1310.499041666666,123.50095833333398,9.4239640325313,0.23444720502511188,FALSE,Higher than expected,2014-09-01T00:00:00Z,2014-09-07T23:00:00Z,82.3532916666664,118.3792291666669,3.5,Random Forest,FALSE
2014-09-27T12:00:00Z,1459,1460.106124999999,-1.1061249999991105,-0.07575647968733171,0.47552701175098294,FALSE,Lower than expected,2014-09-01T00:00:00Z,2014-09-07T23:00:00Z,82.3532916666664,118.3792291666669,3.5,Random Forest,FALSE
2014-09-27T13:00:00Z,1712,1553.5844999999997,158.4155000000003,10.196773976568402,0.4333799118245872,FALSE,Higher than expected,2014-09-01T00:00:00Z,2014-09-07T23:00:00Z,82.3532916666664,118.3792291666669,3.5,Random Forest,FALSE
2014-09-27T14:00:00Z,1889,1849.776791666667,39.223208333333105,2.1204292598996557,0.24574242743614277,FALSE,Higher than expected,2014-09-01T00:00:00Z,2014-09-07T23:00:00Z,82.3532916666664,118.3792291666669,3.5,Random Forest,FALSE
2014-09-27T15:00:00Z,2230,2003.538583333334,226.46141666666608,11.30307240152555,0.8210853704379824,FALSE,Higher than expected,2014-09-01T00:00:00Z,2014-09-07T23:00:00Z,82.3532916666664,118.3792291666669,3.5,Random Forest,FALSE
2014-09-27T16:00:00Z,2438,2274.821666666667,163.17833333333283,7.173236290317239,0.4605171240520985,FALSE,Higher than expected,2014-09-01T00:00:00Z,2014-09-07T23:00:00Z,82.3532916666664,118.3792291666669,3.5,Random Forest,FALSE
2014-09-27T17:00:00Z,2562,2369.5023749999996,192.49762500000043,8.123968434511506,0.6275697552559607,FALSE,Higher than expected,2014-09-01T00:00:00Z,2014-09-07T23:00:00Z,82.3532916666664,118.3792291666669,3.5,Random Forest,FALSE
2014-09-27T18:00:00Z,2787,2369.568791666667,417.43120833333296,17.61633634783514,1.9091746237891718,FALSE,Higher than expected,2014-09-01T00:00:00Z,2014-09-07T23:00:00Z,82.3532916666664,118.3792291666669,3.5,Random Forest,FALSE
2014-09-27T19:00:00Z,2683,2359.2543750000004,323.74562499999956,13.722370441720576,1.3753819462704773,FALSE,Higher than expected,2014-09-01T00:00:00Z,2014-09-07T23:00:00Z,82.3532916666664,118.3792291666669,3.5,Random Forest,FALSE
2014-09-27T20:00:00Z,2366,2367.5943333333344,-1.5943333333343617,-0.06733980187770178,0.4783086780881689,FALSE,Lower than expected,2014-09-01T00:00:00Z,2014-09-07T23:00:00Z,82.3532916666664,118.3792291666669,3.5,Random Forest,FALSE
2014-09-27T21:00:00Z,2863,2321.5674166666663,541.4325833333337,23.321854857470775,2.615697694065015,FALSE,Higher than expected,2014-09-01T00:00:00Z,2014-09-07T23:00:00Z,82.3532916666664,118.3792291666669,3.5,Random Forest,FALSE
2014-09-27T22:00:00Z,2909,2309.41475,599.5852500000001,25.96264919499627,2.9470343473727754,FALSE,Higher than expected,2014-09-01T00:00:00Z,2014-09-07T23:00:00Z,82.3532916666664,118.3792291666669,3.5,Random Forest,FALSE
2014-09-27T23:00:00Z,2710,2339.1864166666664,370.81358333333355,15.852245921543172,1.643561217938089,FALSE,Higher than expected,2014-09-01T00:00:00Z,2014-09-07T23:00:00Z,82.3532916666664,118.3792291666669,3.5,Random Forest,FALSE
2014-09-28T00:00:00Z,2087,2147.5382916666667,-60.53829166666674,-2.818962153158351,0.8141538767069513,FALSE,Lower than expected,2014-09-01T00:00:00Z,2014-09-07T23:00:00Z,82.3532916666664,118.3792291666669,3.5,Random Forest,FALSE
2014-09-28T01:00:00Z,1410,1681.1330416666665,-271.1330416666665,-16.127994331600704,2.014060324147333,FALSE,Lower than expected,2014-09-01T00:00:00Z,2014-09-07T23:00:00Z,82.3532916666664,118.3792291666669,3.5,Random Forest,FALSE
2014-09-28T02:00:00Z,982,1087.3908333333334,-105.39083333333338,-9.692084032956569,1.0697103610443894,FALSE,Lower than expected,2014-09-01T00:00:00Z,2014-09-07T23:00:00Z,82.3532916666664,118.3792291666669,3.5,Random Forest,FALSE
2014-09-28T03:00:00Z,659,686.034791666667,-27.034791666667047,-3.940731868858745,0.6232608669722903,FALSE,Lower than expected,2014-09-01T00:00:00Z,2014-09-07T23:00:00Z,82.3532916666664,118.3792291666669,3.5,Random Forest,FALSE
2014-09-28T04:00:00Z,416,443.70708333333346,-27.707083333333458,-6.244453688948347,0.6270913855649592,FALSE,Lower than expected,2014-09-01T00:00:00Z,2014-09-07T23:00:00Z,82.3532916666664,118.3792291666669,3.5,Random Forest,FALSE
2014-09-28T05:00:00Z,477,398.1494166666663,78.8505833333337,19.804269460816016,0.019957393584925813,FALSE,Higher than expected,2014-09-01T00:00:00Z,2014-09-07T23:00:00Z,82.3532916666664,118.3792291666669,3.5,Random Forest,FALSE
2014-09-28T06:00:00Z,445,480.2189166666667,-35.2189166666667,-7.333929473484929,0.6698915847568391,FALSE,Lower than expected,2014-09-01T00:00:00Z,2014-09-07T23:00:00Z,82.3532916666664,118.3792291666669,3.5,Random Forest,FALSE
2014-09-28T07:00:00Z,589,588.6117916666668,0.38820833333318205,0.06595320359348594,0.4670127434641881,FALSE,Higher than expected,2014-09-01T00:00:00Z,2014-09-07T23:00:00Z,82.3532916666664,118.3792291666669,3.5,Random Forest,FALSE
2014-09-28T08:00:00Z,803,726.8452499999996,76.15475000000038,10.477436565761476,0.03531745264571131,FALSE,Higher than expected,2014-09-01T00:00:00Z,2014-09-07T23:00:00Z,82.3532916666664,118.3792291666669,3.5,Random Forest,FALSE
2014-09-28T09:00:00Z,990,927.197666666667,62.80233333333297,6.77334894069689,0.11139556402904187,FALSE,Higher than expected,2014-09-01T00:00:00Z,2014-09-07T23:00:00Z,82.3532916666664,118.3792291666669,3.5,Random Forest,FALSE
2014-09-28T10:00:00Z,1216,1119.8083749999998,96.19162500000016,8.590007643048766,0.07884672048328059,FALSE,Higher than expected,2014-09-01T00:00:00Z,2014-09-07T23:00:00Z,82.3532916666664,118.3792291666669,3.5,Random Forest,FALSE
2014-09-28T11:00:00Z,1494,1283.855375000001,210.144624999999,16.368247474915066,0.7281171291956183,FALSE,Higher than expected,2014-09-01T00:00:00Z,2014-09-07T23:00:00Z,82.3532916666664,118.3792291666669,3.5,Random Forest,FALSE
2014-09-28T12:00:00Z,1481,1513.2330833333335,-32.233083333333525,-2.1300805334186084,0.6528791916765325,FALSE,Lower than expected,2014-09-01T00:00:00Z,2014-09-07T23:00:00Z,82.3532916666664,118.3792291666669,3.5,Random Forest,FALSE
2014-09-28T13:00:00Z,1605,1539.7396666666664,65.26033333333362,4.238400474192734,0.09739060878771111,FALSE,Higher than expected,2014-09-01T00:00:00Z,2014-09-07T23:00:00Z,82.3532916666664,118.3792291666669,3.5,Random Forest,FALSE
2014-09-28T14:00:00Z,1760,1695.0134583333336,64.98654166666643,3.833983815713543,0.098950592529420775,FALSE,Higher than expected,2014-09-01T00:00:00Z,2014-09-07T23:00:00Z,82.3532916666664,118.3792291666669,3.5,Random Forest,FALSE
2014-09-28T15:00:00Z,1828,1814.1944166666665,13.805583333333516,0.760975957510628,0.39056451875665943,FALSE,Higher than expected,2014-09-01T00:00:00Z,2014-09-07T23:00:00Z,82.3532916666664,118.3792291666669,3.5,Random Forest,FALSE
2014-09-28T16:00:00Z,1937,1889.7876249999997,47.21237500000029,2.498289986421109,0.20022252443281646,FALSE,Higher than expected,2014-09-01T00:00:00Z,2014-09-07T23:00:00Z,82.3532916666664,118.3792291666669,3.5,Random Forest,FALSE
2014-09-28T17:00:00Z,1811,1918.8882499999993,-107.88824999999929,-5.622435282513159,1.083939900765952,FALSE,Lower than expected,2014-09-01T00:00:00Z,2014-09-07T23:00:00Z,82.3532916666664,118.3792291666669,3.5,Random Forest,FALSE
2014-09-28T18:00:00Z,1800,1834.718541666667,-34.71854166666708,-1.8923088679928306,0.6670405963602265,FALSE,Lower than expected,2014-09-01T00:00:00Z,2014-09-07T23:00:00Z,82.3532916666664,118.3792291666669,3.5,Random Forest,FALSE
2014-09-28T19:00:00Z,1568,1799.095208333333,-231.09520833333295,-12.84507941897181,1.7859366204072806,FALSE,Lower than expected,2014-09-01T00:00:00Z,2014-09-07T23:00:00Z,82.3532916666664,118.3792291666669,3.5,Random Forest,FALSE
2014-09-28T20:00:00Z,1415,1552.2782083333327,-137.2782083333327,-8.843660085953735,1.251395169684911,FALSE,Lower than expected,2014-09-01T00:00:00Z,2014-09-07T23:00:00Z,82.3532916666664,118.3792291666669,3.5,Random Forest,FALSE
2014-09-28T21:00:00Z,1253,1413.7254166666662,-160.7254166666662,-11.368927429035725,1.3849904110365818,FALSE,Lower than expected,2014-09-01T00:00:00Z,2014-09-07T23:00:00Z,82.3532916666664,118.3792291666669,3.5,Random Forest,FALSE
2014-09-28T22:00:00Z,1009,1218.6459583333335,-209.6459583333335,-17.203188251660332,1.6637251532754553,FALSE,Lower than expected,2014-09-01T00:00:00Z,2014-09-07T23:00:00Z,82.3532916666664,118.3792291666669,3.5,Random Forest,FALSE
2014-09-28T23:00:00Z,621,936.772666666667,-315.77266666666696,-33.7085696351801,2.2684036724445793,FALSE,Lower than expected,2014-09-01T00:00:00Z,2014-09-07T23:00:00Z,82.3532916666664,118.3792291666669,3.5,Random Forest,FALSE
2014-09-29T00:00:00Z,329,516.3714166666667,-187.37141666666673,-36.28617127497214,1.53681141891307,FALSE,Lower than expected,2014-09-01T00:00:00Z,2014-09-07T23:00:00Z,82.3532916666664,118.3792291666669,3.5,Random Forest,FALSE
2014-09-29T01:00:00Z,173,268.4273750000001,-95.4273750000001,-35.550537645424605,1.0129415294710944,FALSE,Lower than expected,2014-09-01T00:00:00Z,2014-09-07T23:00:00Z,82.3532916666664,118.3792291666669,3.5,Random Forest,FALSE
2014-09-29T02:00:00Z,150,195.7087916666668,-45.7087916666668,-23.355512686685266,0.7296597824224684,FALSE,Lower than expected,2014-09-01T00:00:00Z,2014-09-07T23:00:00Z,82.3532916666664,118.3792291666669,3.5,Random Forest,FALSE
2014-09-29T03:00:00Z,386,312.91475000000014,73.08524999999986,23.356281543135896,0.0528065535868263,FALSE,Higher than expected,2014-09-01T00:00:00Z,2014-09-07T23:00:00Z,82.3532916666664,118.3792291666669,3.5,Random Forest,FALSE
2014-09-29T04:00:00Z,582,514.1947500000002,67.80524999999977,13.186686561852245,0.08289042814915669,FALSE,Higher than expected,2014-09-01T00:00:00Z,2014-09-07T23:00:00Z,82.3532916666664,118.3792291666669,3.5,Random Forest,FALSE
2014-09-29T05:00:00Z,886,822.4906250000001,63.509374999999864,7.72159257134388,0.10736705023920332,FALSE,Higher than expected,2014-09-01T00:00:00Z,2014-09-07T23:00:00Z,82.3532916666664,118.3792291666669,3.5,Random Forest,FALSE
2014-09-29T06:00:00Z,1402,1124.7990416666664,277.2009583333336,24.64448742084561,1.1101842353717202,FALSE,Higher than expected,2014-09-01T00:00:00Z,2014-09-07T23:00:00Z,82.3532916666664,118.3792291666669,3.5,Random Forest,FALSE
2014-09-29T07:00:00Z,1758,1253.0652083333334,504.93479166666657,40.295970896699465,2.4077440981744727,FALSE,Higher than expected,2014-09-01T00:00:00Z,2014-09-07T23:00:00Z,82.3532916666664,118.3792291666669,3.5,Random Forest,FALSE
2014-09-29T08:00:00Z,1690,1420.6500833333332,269.3499166666668,18.959624176748672,1.0654513276664876,FALSE,Higher than expected,2014-09-01T00:00:00Z,2014-09-07T23:00:00Z,82.3532916666664,118.3792291666669,3.5,Random Forest,FALSE
2014-09-29T09:00:00Z,1404,1330.4657916666663,73.53420833333371,5.526952199290886,0.05024852211263536,FALSE,Higher than expected,2014-09-01T00:00:00Z,2014-09-07T23:00:00Z,82.3532916666664,118.3792291666669,3.5,Random Forest,FALSE
2014-09-29T10:00:00Z,1113,1244.9701249999996,-131.9701249999996,-10.600264403934966,1.2211512846155195,FALSE,Lower than expected,2014-09-01T00:00:00Z,2014-09-07T23:00:00Z,82.3532916666664,118.3792291666669,3.5,Random Forest,FALSE
2014-09-29T11:00:00Z,1138,1238.7154583333336,-100.71545833333357,-8.13063707696392,1.043071460470176,FALSE,Lower than expected,2014-09-01T00:00:00Z,2014-09-07T23:00:00Z,82.3532916666664,118.3792291666669,3.5,Random Forest,FALSE
2014-09-29T12:00:00Z,1096,1214.7478333333338,-118.7478333333338,-9.775513079737983,1.1458145869021648,FALSE,Lower than expected,2014-09-01T00:00:00Z,2014-09-07T23:00:00Z,82.3532916666664,118.3792291666669,3.5,Random Forest,FALSE
2014-09-29T13:00:00Z,1297,1271.817541666667,25.18245833333299,1.9800370342692681,0.32574245807270275,FALSE,Higher than expected,2014-09-01T00:00:00Z,2014-09-07T23:00:00Z,82.3532916666664,118.3792291666669,3.5,Random Forest,FALSE
2014-09-29T14:00:00Z,1469,1434.8235833333342,34.17641666666577,2.3819246535708776,0.2744975500577776,FALSE,Higher than expected,2014-09-01T00:00:00Z,2014-09-07T23:00:00Z,82.3532916666664,118.3792291666669,3.5,Random Forest,FALSE
2014-09-29T15:00:00Z,1697,1599.3201250000002,97.67987499999981,6.1075874350045964,0.08732632774035956,FALSE,Higher than expected,2014-09-01T00:00:00Z,2014-09-07T23:00:00Z,82.3532916666664,118.3792291666669,3.5,Random Forest,FALSE
2014-09-29T16:00:00Z,1883,1792.7760833333336,90.22391666666636,5.03263723258243,0.044844487732412223,FALSE,Higher than expected,2014-09-01T00:00:00Z,2014-09-07T23:00:00Z,82.3532916666664,118.3792291666669,3.5,Random Forest,FALSE
2014-09-29T17:00:00Z,1955,1957.7792083333336,-2.7792083333335995,-0.14195718912039895,0.4850597445412026,FALSE,Lower than expected,2014-09-01T00:00:00Z,2014-09-07T23:00:00Z,82.3532916666664,118.3792291666669,3.5,Random Forest,FALSE
2014-09-29T18:00:00Z,2053,1876.7857499999984,176.21425000000158,9.389151105820243,0.5347919122727516,FALSE,Higher than expected,2014-09-01T00:00:00Z,2014-09-07T23:00:00Z,82.3532916666664,118.3792291666669,3.5,Random Forest,FALSE
2014-09-29T19:00:00Z,1792,1846.405416666667,-54.40541666666695,-2.946558549686534,0.7792105732587613,FALSE,Lower than expected,2014-09-01T00:00:00Z,2014-09-07T23:00:00Z,82.3532916666664,118.3792291666669,3.5,Random Forest,FALSE
2014-09-29T20:00:00Z,1727,1761.67625,-34.67624999999998,-1.9683667756774255,0.666799630982377,FALSE,Lower than expected,2014-09-01T00:00:00Z,2014-09-07T23:00:00Z,82.3532916666664,118.3792291666669,3.5,Random Forest,FALSE
2014-09-29T21:00:00Z,1509,1559.7183750000002,-50.71837500000015,-3.2517649219847233,0.7582029029924569,FALSE,Lower than expected,2014-09-01T00:00:00Z,2014-09-07T23:00:00Z,82.3532916666664,118.3792291666669,3.5,Random Forest,FALSE
2014-09-29T22:00:00Z,1103,1293.7903333333334,-190.79033333333336,-14.746619171421647,1.5562913924242554,FALSE,Lower than expected,2014-09-01T00:00:00Z,2014-09-07T23:00:00Z,82.3532916666664,118.3792291666669,3.5,Random Forest,FALSE
2014-09-29T23:00:00Z,609,799.2490416666665,-190.24904166666647,-23.80347448023734,1.5532072729921262,FALSE,Lower than expected,2014-09-01T00:00:00Z,2014-09-07T23:00:00Z,82.3532916666664,118.3792291666669,3.5,Random Forest,FALSE
2014-09-30T00:00:00Z,290,368.8347083333335,-78.83470833333348,-21.373993974039667,0.9184014342713688,FALSE,Lower than expected,2014-09-01T00:00:00Z,2014-09-07T23:00:00Z,82.3532916666664,118.3792291666669,3.5,Random Forest,FALSE
2014-09-30T01:00:00Z,165,197.04495833333337,-32.04495833333337,-16.262764906232288,0.6518073112026607,FALSE,Lower than expected,2014-09-01T00:00:00Z,2014-09-07T23:00:00Z,82.3532916666664,118.3792291666669,3.5,Random Forest,FALSE
2014-09-30T02:00:00Z,129,147.05824999999993,-18.05824999999993,-12.279657890665732,0.5721151939602559,FALSE,Lower than expected,2014-09-01T00:00:00Z,2014-09-07T23:00:00Z,82.3532916666664,118.3792291666669,3.5,Random Forest,FALSE
2014-09-30T03:00:00Z,235,243.05725000000012,-8.057250000000124,-3.314959747137812,0.5151324611008136,FALSE,Lower than expected,2014-09-01T00:00:00Z,2014-09-07T23:00:00Z,82.3532916666664,118.3792291666669,3.5,Random Forest,FALSE
2014-09-30T04:00:00Z,415,398.4047083333337,16.5952916666663,4.165435628532156,0.37466958777835074,FALSE,Higher than expected,2014-09-01T00:00:00Z,2014-09-07T23:00:00Z,82.3532916666664,118.3792291666669,3.5,Random Forest,FALSE
2014-09-30T05:00:00Z,867,771.0848333333338,95.91516666666621,12.438990175961981,0.07727154286552883,FALSE,Higher than expected,2014-09-01T00:00:00Z,2014-09-07T23:00:00Z,82.3532916666664,118.3792291666669,3.5,Random Forest,FALSE
2014-09-30T06:00:00Z,1582,1237.6971249999997,344.3028750000003,27.818023331031043,1.4925110618664013,FALSE,Higher than expected,2014-09-01T00:00:00Z,2014-09-07T23:00:00Z,82.3532916666664,118.3792291666669,3.5,Random Forest,FALSE
2014-09-30T07:00:00Z,2030,1522.724916666666,507.2750833333339,33.313639107172996,2.4210783862311556,FALSE,Higher than expected,2014-09-01T00:00:00Z,2014-09-07T23:00:00Z,82.3532916666664,118.3792291666669,3.5,Random Forest,FALSE
2014-09-30T08:00:00Z,1866,1807.2828749999992,58.717125000000806,3.24891724545339,0.13467186991179747,FALSE,Higher than expected,2014-09-01T00:00:00Z,2014-09-07T23:00:00Z,82.3532916666664,118.3792291666669,3.5,Random Forest,FALSE
2014-09-30T09:00:00Z,1274,1634.3897499999994,-360.38974999999937,-22.050416676927856,2.5226185850084035,FALSE,Lower than expected,2014-09-01T00:00:00Z,2014-09-07T23:00:00Z,82.3532916666664,118.3792291666669,3.5,Random Forest,FALSE
2014-09-30T10:00:00Z,1183,1203.3215000000002,-20.321500000000242,-1.688783920174304,0.585010521441923,FALSE,Lower than expected,2014-09-01T00:00:00Z,2014-09-07T23:00:00Z,82.3532916666664,118.3792291666669,3.5,Random Forest,FALSE
2014-09-30T11:00:00Z,1214,1185.2699166666666,28.73008333333337,2.4239274893714464,0.30552914263819575,FALSE,Higher than expected,2014-09-01T00:00:00Z,2014-09-07T23:00:00Z,82.3532916666664,118.3792291666669,3.5,Random Forest,FALSE
2014-09-30T12:00:00Z,1176,1177.9464166666671,-1.946416666667119,-0.16523813300226814,0.4803147445342806,FALSE,Lower than expected,2014-09-01T00:00:00Z,2014-09-07T23:00:00Z,82.3532916666664,118.3792291666669,3.5,Random Forest,FALSE
2014-09-30T13:00:00Z,1538,1315.8981250000008,222.10187499999915,16.878348770350215,0.796245994557441,FALSE,Higher than expected,2014-09-01T00:00:00Z,2014-09-07T23:00:00Z,82.3532916666664,118.3792291666669,3.5,Random Forest,FALSE
2014-09-30T14:00:00Z,1704,1667.1877499999996,36.812250000000404,2.2080446548386896,0.2594793532079202,FALSE,Higher than expected,2014-09-01T00:00:00Z,2014-09-07T23:00:00Z,82.3532916666664,118.3792291666669,3.5,Random Forest,FALSE
2014-09-30T15:00:00Z,2128,1827.3875416666672,300.6124583333328,16.45039442805654,1.2435760212270166,FALSE,Higher than expected,2014-09-01T00:00:00Z,2014-09-07T23:00:00Z,82.3532916666664,118.3792291666669,3.5,Random Forest,FALSE
2014-09-30T16:00:00Z,2370,2258.595291666666,111.40470833333393,4.932477666289918,0.1655263588746224,FALSE,Higher than expected,2014-09-01T00:00:00Z,2014-09-07T23:00:00Z,82.3532916666664,118.3792291666669,3.5,Random Forest,FALSE
2014-09-30T17:00:00Z,2682,2372.8533333333335,309.14666666666653,13.028477669641045,1.292201410050653,FALSE,Higher than expected,2014-09-01T00:00:00Z,2014-09-07T23:00:00Z,82.3532916666664,118.3792291666669,3.5,Random Forest,FALSE
2014-09-30T18:00:00Z,2625,2436.7835416666676,188.2164583333324,7.723971174091216,0.6031769368884476,FALSE,Higher than expected,2014-09-01T00:00:00Z,2014-09-07T23:00:00Z,82.3532916666664,118.3792291666669,3.5,Random Forest,FALSE
2014-09-30T19:00:00Z,2404,2401.188833333334,2.8111666666659403,0.11707395218740353,0.45320744525022316,FALSE,Higher than expected,2014-09-01T00:00:00Z,2014-09-07T23:00:00Z,82.3532916666664,118.3792291666669,3.5,Random Forest,FALSE
2014-09-30T20:00:00Z,2246,2396.3835416666666,-150.3835416666666,-6.275437093098877,1.326065473491263,FALSE,Lower than expected,2014-09-01T00:00:00Z,2014-09-07T23:00:00Z,82.3532916666664,118.3792291666669,3.5,Random Forest,FALSE
2014-09-30T21:00:00Z,1961,2102.757875000001,-141.75787500000115,-6.7415215363300485,1.2769189822002716,FALSE,Lower than expected,2014-09-01T00:00:00Z,2014-09-07T23:00:00Z,82.3532916666664,118.3792291666669,3.5,Random Forest,FALSE
2014-09-30T22:00:00Z,1347,1564.6899166666667,-217.6899166666667,-13.912655430823115,1.7095572429505697,FALSE,Lower than expected,2014-09-01T00:00:00Z,2014-09-07T23:00:00Z,82.3532916666664,118.3792291666669,3.5,Random Forest,FALSE
2014-09-30T23:00:00Z,0,870.5487083333336,-870.5487083333336,-100,5.429353075415394,TRUE,Lower than expected,2014-09-01T00:00:00Z,2014-09-07T23:00:00Z,82.3532916666664,118.3792291666669,3.5,Random Forest,TRUE
