DateTime,Actual,Seasonal_Naive,Regression_Tree,Random_Forest,XGBoost,Residual_Seasonal_Naive,Residual_Regression_Tree,Residual_Random_Forest,Residual_XGBoost,Date,Hour,Baseline,Prediction,Residual
2014-09-01T00:00:00Z,699,257,390.9457013574661,849.704458333333,769.84393310546875,442,308.0542986425339,-150.70445833333304,-70.84393310546875,2014-09-01,0,257,390.9457013574661,308.0542986425339
2014-09-01T01:00:00Z,490,170,184.91666666666666,496.0172083333333,409.55645751953125,320,305.08333333333337,-6.017208333333315,80.44354248046875,2014-09-01,1,170,184.91666666666666,305.08333333333337
2014-09-01T02:00:00Z,363,149,184.91666666666666,278.8970416666666,269.3709716796875,214,178.08333333333334,84.10295833333339,93.6290283203125,2014-09-01,2,149,184.91666666666666,178.08333333333334
2014-09-01T03:00:00Z,333,305,390.9457013574661,304.12287499999996,344.06890869140625,28,-57.94570135746608,28.877125000000035,-11.06890869140625,2014-09-01,3,305,390.9457013574661,-57.94570135746608
2014-09-01T04:00:00Z,261,524,537.8245614035088,447.63962499999985,504.378662109375,-263,-276.8245614035088,-186.63962499999985,-243.378662109375,2014-09-01,4,524,537.8245614035088,-276.8245614035088
2014-09-01T05:00:00Z,283,710,717.3153846153846,492.85458333333327,455.89251708984375,-427,-434.3153846153846,-209.85458333333327,-172.89251708984375,2014-09-01,5,710,717.3153846153846,-434.3153846153846
2014-09-01T06:00:00Z,330,1006,1034.64681724846,631.4725833333334,630.61175537109375,-676,-704.6468172484599,-301.47258333333343,-300.61175537109375,2014-09-01,6,1006,1034.64681724846,-704.6468172484599
2014-09-01T07:00:00Z,427,1293,1062.3725490196077,740.9096250000003,697.33636474609375,-866,-635.3725490196077,-313.90962500000035,-270.33636474609375,2014-09-01,7,1293,1062.3725490196077,-635.3725490196077
2014-09-01T08:00:00Z,560,1249,1062.3725490196077,775.1947083333336,740.70928955078125,-689,-502.37254901960773,-215.19470833333355,-180.70928955078125,2014-09-01,8,1249,1062.3725490196077,-502.37254901960773
2014-09-01T09:00:00Z,765,937,1034.64681724846,777.9472499999997,763.02593994140625,-172,-269.6468172484599,-12.947249999999713,1.97406005859375,2014-09-01,9,937,1034.64681724846,-269.6468172484599
2014-09-01T10:00:00Z,874,833,773.0185185185185,890.849291666667,902.78912353515625,41,100.98148148148152,-16.849291666667,-28.78912353515625,2014-09-01,10,833,773.0185185185185,100.98148148148152
2014-09-01T11:00:00Z,988,836,773.0185185185185,933.2032916666664,934.389404296875,152,214.98148148148152,54.79670833333364,53.610595703125,2014-09-01,11,836,773.0185185185185,214.98148148148152
2014-09-01T12:00:00Z,1021,875,773.0185185185185,997.1507500000004,989.6773681640625,146,247.98148148148152,23.849249999999643,31.3226318359375,2014-09-01,12,875,773.0185185185185,247.98148148148152
2014-09-01T13:00:00Z,1125,956,1034.64681724846,1099.329875,1082.566650390625,169,90.35318275154009,25.670125000000098,42.433349609375,2014-09-01,13,956,1034.64681724846,90.35318275154009
2014-09-01T14:00:00Z,1222,1088,1235.8940397350993,1226.642166666666,1201.3931884765625,134,-13.89403973509934,-4.642166666666071,20.6068115234375,2014-09-01,14,1088,1235.8940397350993,-13.89403973509934
2014-09-01T15:00:00Z,1345,1341,1380.8959810874705,1410.3225833333336,1425.8052978515625,4,-35.895981087470545,-65.32258333333357,-80.8052978515625,2014-09-01,15,1341,1380.8959810874705,-35.895981087470545
2014-09-01T16:00:00Z,1473,1412,1380.8959810874705,1516.3582083333336,1498.2637939453125,61,92.10401891252945,-43.35820833333355,-25.2637939453125,2014-09-01,16,1412,1380.8959810874705,92.10401891252945
2014-09-01T17:00:00Z,1341,1460,1380.8959810874705,1610.7093749999988,1539.91845703125,-119,-39.895981087470545,-269.7093749999988,-198.91845703125,2014-09-01,17,1460,1380.8959810874705,-39.895981087470545
2014-09-01T18:00:00Z,1248,1400,1380.8959810874705,1368.2190833333332,1368.625732421875,-152,-132.89598108747055,-120.21908333333317,-120.625732421875,2014-09-01,18,1400,1380.8959810874705,-132.89598108747055
2014-09-01T19:00:00Z,1251,1347,1380.8959810874705,1341.3693749999998,1320.547607421875,-96,-129.89598108747055,-90.36937499999976,-69.547607421875,2014-09-01,19,1347,1380.8959810874705,-129.89598108747055
2014-09-01T20:00:00Z,1181,1320,1380.8959810874705,1348.1370416666666,1319.91357421875,-139,-199.89598108747055,-167.13704166666662,-138.91357421875,2014-09-01,20,1320,1380.8959810874705,-199.89598108747055
2014-09-01T21:00:00Z,1055,1202,1380.8959810874705,1228.263,1280.5999755859375,-147,-325.89598108747055,-173.26299999999992,-225.5999755859375,2014-09-01,21,1202,1380.8959810874705,-325.89598108747055
2014-09-01T22:00:00Z,818,895,773.0185185185185,964.5113333333336,909.21875,-77,44.981481481481524,-146.5113333333336,-91.21875,2014-09-01,22,895,773.0185185185185,44.981481481481524
2014-09-01T23:00:00Z,508,528,773.0185185185185,661.7634166666668,610.54107666015625,-20,-265.0185185185185,-153.76341666666679,-102.54107666015625,2014-09-01,23,528,773.0185185185185,-265.0185185185185
2014-09-02T00:00:00Z,209,233,184.91666666666666,305.06675000000007,337.70098876953125,-24,24.083333333333343,-96.06675000000007,-128.70098876953125,2014-09-02,0,233,184.91666666666666,24.083333333333343
2014-09-02T01:00:00Z,111,172,184.91666666666666,180.4161666666667,181.59664916992188,-61,-73.91666666666666,-69.4161666666667,-70.596649169921875,2014-09-02,1,172,184.91666666666666,-73.91666666666666
2014-09-02T02:00:00Z,84,130,184.91666666666666,141.07708333333332,148.6039276123047,-46,-100.91666666666666,-57.07708333333332,-64.60392761230469,2014-09-02,2,130,184.91666666666666,-100.91666666666666
2014-09-02T03:00:00Z,293,200,184.91666666666666,207.48108333333346,214.43997192382813,93,108.08333333333334,85.51891666666654,78.560028076171875,2014-09-02,3,200,184.91666666666666,108.08333333333334
2014-09-02T04:00:00Z,518,321,390.9457013574661,358.65295833333334,351.3660888671875,197,127.05429864253392,159.34704166666666,166.6339111328125,2014-09-02,4,321,390.9457013574661,127.05429864253392
2014-09-02T05:00:00Z,858,571,717.3153846153846,641.0707916666665,665.24420166015625,287,140.68461538461543,216.92920833333346,192.75579833984375,2014-09-02,5,571,717.3153846153846,140.68461538461543
2014-09-02T06:00:00Z,1271,974,1034.64681724846,1043.86725,1079.611083984375,297,236.3531827515401,227.13275,191.388916015625,2014-09-02,6,974,1034.64681724846,236.3531827515401
2014-09-02T07:00:00Z,1596,1395,1062.3725490196077,1219.1803333333335,1202.8182373046875,201,533.6274509803923,376.81966666666654,393.1817626953125,2014-09-02,7,1395,1062.3725490196077,533.6274509803923
2014-09-02T08:00:00Z,1728,1281,1062.3725490196077,1332.4280833333326,1281.4212646484375,447,665.6274509803923,395.57191666666745,446.5787353515625,2014-09-02,8,1281,1062.3725490196077,665.6274509803923
2014-09-02T09:00:00Z,1256,1061,1034.64681724846,1301.4255833333332,1323.165283203125,195,221.3531827515401,-45.42558333333318,-67.165283203125,2014-09-02,9,1061,1034.64681724846,221.3531827515401
2014-09-02T10:00:00Z,1162,964,1034.64681724846,1018.9110416666667,1032.6138916015625,198,127.35318275154009,143.08895833333327,129.3861083984375,2014-09-02,10,964,1034.64681724846,127.35318275154009
2014-09-02T11:00:00Z,1138,984,1034.64681724846,1080.6407916666658,1101.9952392578125,154,103.35318275154009,57.35920833333421,36.0047607421875,2014-09-02,11,984,1034.64681724846,103.35318275154009
2014-09-02T12:00:00Z,1188,970,1034.64681724846,1070.0556249999995,1077.431396484375,218,153.3531827515401,117.94437500000049,110.568603515625,2014-09-02,12,970,1034.64681724846,153.3531827515401
2014-09-02T13:00:00Z,1288,1136,1034.64681724846,1215.6168750000004,1252.7138671875,152,253.3531827515401,72.38312499999961,35.2861328125,2014-09-02,13,1136,1034.64681724846,253.3531827515401
2014-09-02T14:00:00Z,1401,1216,1380.8959810874705,1311.183,1346.2919921875,185,20.104018912529455,89.81700000000001,54.7080078125,2014-09-02,14,1216,1380.8959810874705,20.104018912529455
2014-09-02T15:00:00Z,1719,1394,1380.8959810874705,1517.7513333333334,1518.5159912109375,325,338.10401891252945,201.24866666666662,200.4840087890625,2014-09-02,15,1394,1380.8959810874705,338.10401891252945
2014-09-02T16:00:00Z,2046,1662,1686.2191780821918,1820.0098333333328,1820.858642578125,384,359.7808219178082,225.99016666666716,225.141357421875,2014-09-02,16,1662,1686.2191780821918,359.7808219178082
2014-09-02T17:00:00Z,2146,1778,1485.9805825242718,1982.3541250000003,1944.5841064453125,368,660.0194174757282,163.6458749999997,201.4158935546875,2014-09-02,17,1778,1485.9805825242718,660.0194174757282
2014-09-02T18:00:00Z,1960,1561,1485.9805825242718,1888.1499583333334,1784.3355712890625,399,474.01941747572823,71.85004166666658,175.6644287109375,2014-09-02,18,1561,1485.9805825242718,474.01941747572823
2014-09-02T19:00:00Z,1765,1628,1485.9805825242718,1726.4253333333334,1663.55419921875,137,279.01941747572823,38.574666666666644,101.44580078125,2014-09-02,19,1628,1485.9805825242718,279.01941747572823
2014-09-02T20:00:00Z,1758,1599,1485.9805825242718,1592.8073749999996,1541.2998046875,159,272.01941747572823,165.19262500000036,216.7001953125,2014-09-02,20,1599,1485.9805825242718,272.01941747572823
2014-09-02T21:00:00Z,1515,1560,1485.9805825242718,1558.9905833333332,1506.8250732421875,-45,29.019417475728233,-43.990583333333234,8.1749267578125,2014-09-02,21,1560,1485.9805825242718,29.019417475728233
2014-09-02T22:00:00Z,1122,1143,1034.64681724846,1199.169541666666,1207.778076171875,-21,87.35318275154009,-77.16954166666596,-85.778076171875,2014-09-02,22,1143,1034.64681724846,87.35318275154009
2014-09-02T23:00:00Z,699,617,717.3153846153846,754.8568333333335,701.86590576171875,82,-18.315384615384573,-55.8568333333335,-2.86590576171875,2014-09-02,23,617,717.3153846153846,-18.315384615384573
2014-09-03T00:00:00Z,284,316,390.9457013574661,395.9584166666669,378.6773376464844,-32,-106.94570135746608,-111.95841666666689,-94.677337646484375,2014-09-03,0,316,390.9457013574661,-106.94570135746608
2014-09-03T01:00:00Z,151,214,184.91666666666666,202.31583333333336,208.927734375,-63,-33.91666666666666,-51.31583333333336,-57.927734375,2014-09-03,1,214,184.91666666666666,-33.91666666666666
2014-09-03T02:00:00Z,116,135,184.91666666666666,141.77558333333343,161.7298583984375,-19,-68.91666666666666,-25.77558333333343,-45.7298583984375,2014-09-03,2,135,184.91666666666666,-68.91666666666666
2014-09-03T03:00:00Z,204,218,184.91666666666666,223.85475000000005,232.26646423339844,-14,19.083333333333343,-19.854750000000053,-28.266464233398438,2014-09-03,3,218,184.91666666666666,19.083333333333343
2014-09-03T04:00:00Z,356,323,390.9457013574661,348.16708333333344,354.3737487792969,33,-34.94570135746608,7.832916666666563,1.626251220703125,2014-09-03,4,323,390.9457013574661,-34.94570135746608
2014-09-03T05:00:00Z,760,594,773.0185185185185,677.3602500000002,731.23992919921875,166,-13.018518518518476,82.63974999999982,28.76007080078125,2014-09-03,5,594,773.0185185185185,-13.018518518518476
2014-09-03T06:00:00Z,1383,935,1235.8940397350993,1065.5555416666664,1101.4246826171875,448,147.10596026490066,317.4444583333336,281.5753173828125,2014-09-03,6,935,1235.8940397350993,147.10596026490066
2014-09-03T07:00:00Z,1676,1425,1380.8959810874705,1405.9480416666663,1427.452880859375,251,295.10401891252945,270.0519583333337,248.547119140625,2014-09-03,7,1425,1380.8959810874705,295.10401891252945
2014-09-03T08:00:00Z,1669,1374,1380.8959810874705,1569.0099999999989,1567.8583984375,295,288.10401891252945,99.99000000000115,101.1416015625,2014-09-03,8,1374,1380.8959810874705,288.10401891252945
2014-09-03T09:00:00Z,1394,1074,1235.8940397350993,1364.4657083333334,1387.7099609375,320,158.10596026490066,29.534291666666604,6.2900390625,2014-09-03,9,1074,1235.8940397350993,158.10596026490066
2014-09-03T10:00:00Z,1232,1097,1034.64681724846,1166.676916666667,1148.090576171875,135,197.3531827515401,65.32308333333299,83.909423828125,2014-09-03,10,1097,1034.64681724846,197.3531827515401
2014-09-03T11:00:00Z,1182,1052,1034.64681724846,1152.6934166666667,1108.6446533203125,130,147.3531827515401,29.306583333333265,73.3553466796875,2014-09-03,11,1052,1034.64681724846,147.3531827515401
2014-09-03T12:00:00Z,1205,1105,1235.8940397350993,1182.4050416666669,1155.3697509765625,100,-30.89403973509934,22.594958333333125,49.6302490234375,2014-09-03,12,1105,1235.8940397350993,-30.89403973509934
2014-09-03T13:00:00Z,1376,1190,1235.8940397350993,1293.3910833333334,1312.8795166015625,186,140.10596026490066,82.60891666666657,63.1204833984375,2014-09-03,13,1190,1235.8940397350993,140.10596026490066
2014-09-03T14:00:00Z,1626,1267,1380.8959810874705,1463.974041666667,1432.732421875,359,245.10401891252945,162.02595833333294,193.267578125,2014-09-03,14,1267,1380.8959810874705,245.10401891252945
2014-09-03T15:00:00Z,2035,1558,1686.2191780821918,1762.3148749999996,1718.553466796875,477,348.7808219178082,272.6851250000004,316.446533203125,2014-09-03,15,1558,1686.2191780821918,348.7808219178082
2014-09-03T16:00:00Z,2336,1795,1686.2191780821918,2228.7162083333333,2153.297607421875,541,649.7808219178082,107.28379166666673,182.702392578125,2014-09-03,16,1795,1686.2191780821918,649.7808219178082
2014-09-03T17:00:00Z,2458,1906,2054.1373626373625,2354.0130416666666,2312.15283203125,552,403.86263736263754,103.9869583333334,145.84716796875,2014-09-03,17,1906,2054.1373626373625,403.86263736263754
2014-09-03T18:00:00Z,2376,1865,2054.1373626373625,2489.5335416666658,2514.828369140625,511,321.86263736263754,-113.53354166666577,-138.828369140625,2014-09-03,18,1865,2054.1373626373625,321.86263736263754
2014-09-03T19:00:00Z,2189,1795,1686.2191780821918,2402.3974583333334,2350.109130859375,394,502.7808219178082,-213.39745833333336,-161.109130859375,2014-09-03,19,1795,1686.2191780821918,502.7808219178082
2014-09-03T20:00:00Z,2208,1808,1686.2191780821918,2151.504625,2093.345947265625,400,521.7808219178082,56.49537499999997,114.654052734375,2014-09-03,20,1808,1686.2191780821918,521.7808219178082
2014-09-03T21:00:00Z,1917,1867,2054.1373626373625,2082.9447500000006,2025.9542236328125,50,-137.13736263736246,-165.94475000000057,-108.9542236328125,2014-09-03,21,1867,2054.1373626373625,-137.13736263736246
2014-09-03T22:00:00Z,1574,1321,1380.8959810874705,1426.9198749999998,1413.3460693359375,253,193.10401891252945,147.08012500000018,160.6539306640625,2014-09-03,22,1321,1380.8959810874705,193.10401891252945
2014-09-03T23:00:00Z,924,784,717.3153846153846,939.8020416666664,849.29278564453125,140,206.68461538461543,-15.802041666666355,74.70721435546875,2014-09-03,23,784,717.3153846153846,206.68461538461543
2014-09-04T00:00:00Z,492,406,390.9457013574661,472.91695833333307,473.38616943359375,86,101.05429864253392,19.08304166666693,18.61383056640625,2014-09-04,0,406,390.9457013574661,101.05429864253392
2014-09-04T01:00:00Z,266,234,184.91666666666666,262.09258333333344,310.046142578125,32,81.08333333333334,3.9074166666665633,-44.046142578125,2014-09-04,1,234,184.91666666666666,81.08333333333334
2014-09-04T02:00:00Z,180,177,184.91666666666666,180.2132083333333,187.9486541748047,3,-4.916666666666657,-0.2132083333333128,-7.9486541748046875,2014-09-04,2,177,184.91666666666666,-4.916666666666657
2014-09-04T03:00:00Z,247,257,390.9457013574661,265.1713333333334,275.9261474609375,-10,-143.94570135746608,-18.171333333333394,-28.9261474609375,2014-09-04,3,257,390.9457013574661,-143.94570135746608
2014-09-04T04:00:00Z,384,373,390.9457013574661,389.1787916666668,388.9714050292969,11,-6.945701357466078,-5.178791666666825,-4.971405029296875,2014-09-04,4,373,390.9457013574661,-6.945701357466078
2014-09-04T05:00:00Z,760,630,717.3153846153846,655.8958333333331,681.95684814453125,130,42.68461538461543,104.10416666666686,78.04315185546875,2014-09-04,5,630,717.3153846153846,42.68461538461543
2014-09-04T06:00:00Z,1368,1004,1235.8940397350993,1084.0276666666664,1142.8135986328125,364,132.10596026490066,283.9723333333336,225.1864013671875,2014-09-04,6,1004,1235.8940397350993,132.10596026490066
2014-09-04T07:00:00Z,1753,1400,1380.8959810874705,1434.1804583333333,1450.3232421875,353,372.10401891252945,318.81954166666674,302.6767578125,2014-09-04,7,1400,1380.8959810874705,372.10401891252945
2014-09-04T08:00:00Z,1801,1263,1380.8959810874705,1673.244333333332,1763.0645751953125,538,420.10401891252945,127.75566666666805,37.9354248046875,2014-09-04,8,1263,1380.8959810874705,420.10401891252945
2014-09-04T09:00:00Z,1455,1195,1380.8959810874705,1645.7060416666666,1736.1888427734375,260,74.10401891252945,-190.70604166666658,-281.1888427734375,2014-09-04,9,1195,1380.8959810874705,74.10401891252945
2014-09-04T10:00:00Z,1384,1130,1235.8940397350993,1289.7250833333328,1299.755859375,254,148.10596026490066,94.2749166666672,84.244140625,2014-09-04,10,1130,1235.8940397350993,148.10596026490066
2014-09-04T11:00:00Z,1399,1090,1235.8940397350993,1197.6203333333333,1202.165283203125,309,163.10596026490066,201.3796666666667,196.834716796875,2014-09-04,11,1090,1235.8940397350993,163.10596026490066
2014-09-04T12:00:00Z,1422,1101,1235.8940397350993,1205.6617500000004,1239.161376953125,321,186.10596026490066,216.33824999999956,182.838623046875,2014-09-04,12,1101,1235.8940397350993,186.10596026490066
2014-09-04T13:00:00Z,1552,1213,1380.8959810874705,1424.5043333333333,1420.320068359375,339,171.10401891252945,127.4956666666667,131.679931640625,2014-09-04,13,1213,1380.8959810874705,171.10401891252945
2014-09-04T14:00:00Z,1874,1407,1380.8959810874705,1675.6199166666668,1551.216064453125,467,493.10401891252945,198.38008333333323,322.783935546875,2014-09-04,14,1407,1380.8959810874705,493.10401891252945
2014-09-04T15:00:00Z,2346,1720,1686.2191780821918,1972.4854166666657,1957.13037109375,626,659.7808219178082,373.51458333333426,388.86962890625,2014-09-04,15,1720,1686.2191780821918,659.7808219178082
2014-09-04T16:00:00Z,2493,1829,2073.7619047619046,2384.6377916666665,2368.121826171875,664,419.2380952380954,108.36220833333346,124.878173828125,2014-09-04,16,1829,2073.7619047619046,419.2380952380954
2014-09-04T17:00:00Z,2735,1912,2054.1373626373625,2476.756041666666,2590.310791015625,823,680.8626373626375,258.2439583333339,144.689208984375,2014-09-04,17,1912,2054.1373626373625,680.8626373626375
2014-09-04T18:00:00Z,3087,1801,2073.7619047619046,2475.7047500000003,2533.499267578125,1286,1013.2380952380954,611.2952499999997,553.500732421875,2014-09-04,18,1801,2073.7619047619046,1013.2380952380954
2014-09-04T19:00:00Z,2808,1958,2054.1373626373625,2475.9491250000005,2498.722412109375,850,753.8626373626375,332.05087499999945,309.277587890625,2014-09-04,19,1958,2054.1373626373625,753.8626373626375
2014-09-04T20:00:00Z,2617,1921,2054.1373626373625,2416.783625,2495.1748046875,696,562.8626373626375,200.21637499999997,121.8251953125,2014-09-04,20,1921,2054.1373626373625,562.8626373626375
2014-09-04T21:00:00Z,2446,1949,2054.1373626373625,2353.321583333334,2485.07958984375,497,391.86263736263754,92.67841666666618,-39.07958984375,2014-09-04,21,1949,2054.1373626373625,391.86263736263754
2014-09-04T22:00:00Z,2074,1562,1686.2191780821918,2256.908416666666,2415.262939453125,512,387.7808219178082,-182.9084166666662,-341.262939453125,2014-09-04,22,1562,1686.2191780821918,387.7808219178082
2014-09-04T23:00:00Z,1417,1065,1034.64681724846,1441.3123750000002,1352.8260498046875,352,382.3531827515401,-24.312375000000202,64.1739501953125,2014-09-04,23,1065,1034.64681724846,382.3531827515401
2014-09-05T00:00:00Z,651,594,717.3153846153846,797.3264999999998,782.8370361328125,57,-66.31538461538457,-146.32649999999978,-131.8370361328125,2014-09-05,0,594,717.3153846153846,-66.31538461538457
2014-09-05T01:00:00Z,362,402,390.9457013574661,421.54712499999994,405.2073974609375,-40,-28.945701357466078,-59.54712499999994,-43.2073974609375,2014-09-05,1,402,390.9457013574661,-28.945701357466078
2014-09-05T02:00:00Z,233,244,184.91666666666666,237.25245833333335,231.2738037109375,-11,48.08333333333334,-4.252458333333351,1.7261962890625,2014-09-05,2,244,184.91666666666666,48.08333333333334
2014-09-05T03:00:00Z,303,345,390.9457013574661,311.0703333333335,324.8177490234375,-42,-87.94570135746608,-8.070333333333508,-21.8177490234375,2014-09-05,3,345,390.9457013574661,-87.94570135746608
2014-09-05T04:00:00Z,468,436,390.9457013574661,424.9298333333333,435.24884033203125,32,77.05429864253392,43.070166666666694,32.75115966796875,2014-09-05,4,436,390.9457013574661,77.05429864253392
2014-09-05T05:00:00Z,827,639,717.3153846153846,662.1795416666665,681.8544921875,188,109.68461538461543,164.82045833333348,145.1455078125,2014-09-05,5,639,717.3153846153846,109.68461538461543
2014-09-05T06:00:00Z,1333,897,773.0185185185185,1042.685875,1058.1611328125,436,559.9814814814815,290.3141250000001,274.8388671875,2014-09-05,6,897,773.0185185185185,559.9814814814815
2014-09-05T07:00:00Z,1707,1240,1380.8959810874705,1368.7402083333332,1350.525146484375,467,326.10401891252945,338.25979166666684,356.474853515625,2014-09-05,7,1240,1380.8959810874705,326.10401891252945
2014-09-05T08:00:00Z,1859,1318,1380.8959810874705,1638.7270833333323,1698.93603515625,541,478.10401891252945,220.2729166666677,160.06396484375,2014-09-05,8,1318,1380.8959810874705,478.10401891252945
2014-09-05T09:00:00Z,1609,1135,1235.8940397350993,1700.3238333333338,1768.483154296875,474,373.10596026490066,-91.32383333333382,-159.483154296875,2014-09-05,9,1135,1235.8940397350993,373.10596026490066
2014-09-05T10:00:00Z,1485,1141,1235.8940397350993,1504.904375,1540.436279296875,344,249.10596026490066,-19.904375000000073,-55.436279296875,2014-09-05,10,1141,1235.8940397350993,249.10596026490066
2014-09-05T11:00:00Z,1432,1111,1235.8940397350993,1433.9169999999992,1436.9429931640625,321,196.10596026490066,-1.9169999999992342,-4.9429931640625,2014-09-05,11,1111,1235.8940397350993,196.10596026490066
2014-09-05T12:00:00Z,1445,1135,1235.8940397350993,1405.035958333333,1388.9498291015625,310,209.10596026490066,39.96404166666707,56.0501708984375,2014-09-05,12,1135,1235.8940397350993,209.10596026490066
2014-09-05T13:00:00Z,1713,1273,1380.8959810874705,1478.5291250000002,1439.1053466796875,440,332.10401891252945,234.47087499999975,273.8946533203125,2014-09-05,13,1273,1380.8959810874705,332.10401891252945
2014-09-05T14:00:00Z,2057,1445,1380.8959810874705,1752.0393333333327,1760.599853515625,612,676.1040189125295,304.9606666666673,296.400146484375,2014-09-05,14,1445,1380.8959810874705,676.1040189125295
2014-09-05T15:00:00Z,2323,1682,2073.7619047619046,2202.4390416666665,2159.338134765625,641,249.2380952380954,120.56095833333347,163.661865234375,2014-09-05,15,1682,2073.7619047619046,249.2380952380954
2014-09-05T16:00:00Z,2655,1674,2073.7619047619046,2304.1159999999995,2373.31103515625,981,581.2380952380954,350.88400000000047,281.68896484375,2014-09-05,16,1674,2073.7619047619046,581.2380952380954
2014-09-05T17:00:00Z,2961,1615,2073.7619047619046,2415.100333333334,2549.1640625,1346,887.2380952380954,545.8996666666658,411.8359375,2014-09-05,17,1615,2073.7619047619046,887.2380952380954
2014-09-05T18:00:00Z,3151,1579,2073.7619047619046,2473.9518333333335,2480.568359375,1572,1077.2380952380954,677.0481666666665,670.431640625,2014-09-05,18,1579,2073.7619047619046,1077.2380952380954
2014-09-05T19:00:00Z,3157,1571,2073.7619047619046,2465.5556249999995,2446.5078125,1586,1083.2380952380954,691.4443750000005,710.4921875,2014-09-05,19,1571,2073.7619047619046,1083.2380952380954
2014-09-05T20:00:00Z,2738,1417,1380.8959810874705,2337.773625,2354.876953125,1321,1357.1040189125295,400.2263750000002,383.123046875,2014-09-05,20,1417,1380.8959810874705,1357.1040189125295
2014-09-05T21:00:00Z,2793,1605,2073.7619047619046,2351.0365416666664,2442.960205078125,1188,719.2380952380954,441.9634583333336,350.039794921875,2014-09-05,21,1605,2073.7619047619046,719.2380952380954
2014-09-05T22:00:00Z,2763,1607,1686.2191780821918,2294.1677916666667,2427.71630859375,1156,1076.7808219178082,468.83220833333326,335.28369140625,2014-09-05,22,1607,1686.2191780821918,1076.7808219178082
2014-09-05T23:00:00Z,2294,1319,1380.8959810874705,2028.1287499999994,2178.350830078125,975,913.1040189125295,265.8712500000006,115.649169921875,2014-09-05,23,1319,1380.8959810874705,913.1040189125295
2014-09-06T00:00:00Z,1706,965,1034.64681724846,1445.496625,1596.798828125,741,671.3531827515401,260.503375,109.201171875,2014-09-06,0,965,1034.64681724846,671.3531827515401
2014-09-06T01:00:00Z,1122,728,717.3153846153846,909.2922499999997,1001.2772216796875,394,404.6846153846154,212.70775000000026,120.7227783203125,2014-09-06,1,728,717.3153846153846,404.6846153846154
2014-09-06T02:00:00Z,706,488,537.8245614035088,751.872916666667,722.6102294921875,218,168.17543859649118,-45.87291666666704,-16.6102294921875,2014-09-06,2,488,537.8245614035088,168.17543859649118
2014-09-06T03:00:00Z,476,402,390.9457013574661,462.253416666667,429.06854248046875,74,85.05429864253392,13.746583333332978,46.93145751953125,2014-09-06,3,402,390.9457013574661,85.05429864253392
2014-09-06T04:00:00Z,348,320,390.9457013574661,362.5800000000001,358.8928527832031,28,-42.94570135746608,-14.580000000000098,-10.892852783203125,2014-09-06,4,320,390.9457013574661,-42.94570135746608
2014-09-06T05:00:00Z,340,377,390.9457013574661,405.6530833333332,414.5060119628906,-37,-50.94570135746608,-65.6530833333332,-74.506011962890625,2014-09-06,5,377,390.9457013574661,-50.94570135746608
2014-09-06T06:00:00Z,526,428,390.9457013574661,443.13745833333337,445.7098083496094,98,135.05429864253392,82.86254166666663,80.290191650390625,2014-09-06,6,428,390.9457013574661,135.05429864253392
2014-09-06T07:00:00Z,710,507,773.0185185185185,594.6998750000001,638.21612548828125,203,-63.018518518518476,115.30012499999987,71.78387451171875,2014-09-06,7,507,773.0185185185185,-63.018518518518476
2014-09-06T08:00:00Z,953,669,773.0185185185185,783.1712499999999,803.0738525390625,284,179.98148148148152,169.82875000000013,149.9261474609375,2014-09-06,8,669,773.0185185185185,179.98148148148152
2014-09-06T09:00:00Z,1085,841,773.0185185185185,1002.9023333333338,926.22393798828125,244,311.9814814814815,82.09766666666621,158.77606201171875,2014-09-06,9,841,773.0185185185185,311.9814814814815
2014-09-06T10:00:00Z,1286,931,1235.8940397350993,1155.1337500000006,1087.7049560546875,355,50.10596026490066,130.86624999999935,198.2950439453125,2014-09-06,10,931,1235.8940397350993,50.10596026490066
2014-09-06T11:00:00Z,1475,966,1235.8940397350993,1246.128083333334,1218.7862548828125,509,239.10596026490066,228.87191666666604,256.2137451171875,2014-09-06,11,966,1235.8940397350993,239.10596026490066
2014-09-06T12:00:00Z,1600,1063,1235.8940397350993,1413.648208333334,1393.367431640625,537,364.10596026490066,186.35179166666603,206.632568359375,2014-09-06,12,1063,1235.8940397350993,364.10596026490066
2014-09-06T13:00:00Z,1871,1142,1235.8940397350993,1573.887708333334,1585.7138671875,729,635.1059602649007,297.1122916666659,285.2861328125,2014-09-06,13,1142,1235.8940397350993,635.1059602649007
2014-09-06T14:00:00Z,2133,1187,1235.8940397350993,1774.8679166666666,1802.68603515625,946,897.1059602649007,358.1320833333334,330.31396484375,2014-09-06,14,1187,1235.8940397350993,897.1059602649007
2014-09-06T15:00:00Z,2414,1391,1380.8959810874705,2040.0639166666667,2093.193603515625,1023,1033.1040189125295,373.9360833333333,320.806396484375,2014-09-06,15,1391,1380.8959810874705,1033.1040189125295
2014-09-06T16:00:00Z,2579,1443,1380.8959810874705,2242.2277499999996,2324.381591796875,1136,1198.1040189125295,336.77225000000044,254.618408203125,2014-09-06,16,1443,1380.8959810874705,1198.1040189125295
2014-09-06T17:00:00Z,2776,1414,1380.8959810874705,2268.877333333334,2400.857421875,1362,1395.1040189125295,507.1226666666662,375.142578125,2014-09-06,17,1414,1380.8959810874705,1395.1040189125295
2014-09-06T18:00:00Z,2854,1474,1380.8959810874705,2322.0952916666674,2334.10546875,1380,1473.1040189125295,531.9047083333326,519.89453125,2014-09-06,18,1474,1380.8959810874705,1473.1040189125295
2014-09-06T19:00:00Z,2742,1410,1380.8959810874705,2256.950791666667,2300.044921875,1332,1361.1040189125295,485.0492083333329,441.955078125,2014-09-06,19,1410,1380.8959810874705,1361.1040189125295
2014-09-06T20:00:00Z,2422,1379,1380.8959810874705,2243.3043333333344,2299.369384765625,1043,1041.1040189125295,178.6956666666656,122.630615234375,2014-09-06,20,1379,1380.8959810874705,1041.1040189125295
2014-09-06T21:00:00Z,2713,1492,1380.8959810874705,2216.961125000001,2184.134521484375,1221,1332.1040189125295,496.0388749999988,528.865478515625,2014-09-06,21,1492,1380.8959810874705,1332.1040189125295
2014-09-06T22:00:00Z,3034,1584,2073.7619047619046,2293.814458333333,2399.28955078125,1450,960.2380952380954,740.1855416666672,634.71044921875,2014-09-06,22,1584,2073.7619047619046,960.2380952380954
2014-09-06T23:00:00Z,2649,1329,1380.8959810874705,2207.441916666666,2290.617431640625,1320,1268.1040189125295,441.5580833333338,358.382568359375,2014-09-06,23,1329,1380.8959810874705,1268.1040189125295
2014-09-07T00:00:00Z,1830,948,1235.8940397350993,1850.6619583333338,2226.9775390625,882,594.1059602649007,-20.661958333333814,-396.9775390625,2014-09-07,0,948,1235.8940397350993,594.1059602649007
2014-09-07T01:00:00Z,1237,666,773.0185185185185,1227.418166666667,1225.3599853515625,571,463.9814814814815,9.581833333332952,11.6400146484375,2014-09-07,1,666,773.0185185185185,463.9814814814815
2014-09-07T02:00:00Z,823,558,537.8245614035088,819.0754999999997,822.35943603515625,265,285.1754385964912,3.9245000000003074,0.64056396484375,2014-09-07,2,558,537.8245614035088,285.1754385964912
2014-09-07T03:00:00Z,566,383,390.9457013574661,520.6966666666665,481.8466796875,183,175.05429864253392,45.30333333333351,84.1533203125,2014-09-07,3,383,390.9457013574661,175.05429864253392
2014-09-07T04:00:00Z,334,226,184.91666666666666,329.3529166666668,399.9768371582031,108,149.08333333333334,4.647083333333228,-65.976837158203125,2014-09-07,4,226,184.91666666666666,149.08333333333334
2014-09-07T05:00:00Z,358,238,184.91666666666666,301.3159166666666,284.82598876953125,120,173.08333333333334,56.684083333333376,73.17401123046875,2014-09-07,5,238,184.91666666666666,173.08333333333334
2014-09-07T06:00:00Z,387,251,390.9457013574661,430.80083333333323,373.13323974609375,136,-3.9457013574660778,-43.80083333333323,13.86676025390625,2014-09-07,6,251,390.9457013574661,-3.9457013574660778
2014-09-07T07:00:00Z,564,378,390.9457013574661,480.86083333333335,465.34228515625,186,173.05429864253392,83.13916666666665,98.65771484375,2014-09-07,7,378,390.9457013574661,173.05429864253392
2014-09-07T08:00:00Z,813,519,773.0185185185185,653.3817916666668,668.4805908203125,294,39.981481481481524,159.6182083333332,144.5194091796875,2014-09-07,8,519,773.0185185185185,39.981481481481524
2014-09-07T09:00:00Z,1024,767,773.0185185185185,877.6842083333337,848.587646484375,257,250.98148148148152,146.3157916666663,175.412353515625,2014-09-07,9,767,773.0185185185185,250.98148148148152
2014-09-07T10:00:00Z,1227,850,773.0185185185185,1055.2065833333338,996.63525390625,377,453.9814814814815,171.7934166666662,230.36474609375,2014-09-07,10,850,773.0185185185185,453.9814814814815
2014-09-07T11:00:00Z,1397,1009,1235.8940397350993,1228.9219166666674,1174.544921875,388,161.10596026490066,168.07808333333264,222.455078125,2014-09-07,11,1009,1235.8940397350993,161.10596026490066
2014-09-07T12:00:00Z,1485,1089,1235.8940397350993,1318.5427916666674,1310.9501953125,396,249.10596026490066,166.45720833333257,174.0498046875,2014-09-07,12,1089,1235.8940397350993,249.10596026490066
2014-09-07T13:00:00Z,1639,1162,1235.8940397350993,1451.413333333334,1474.6292724609375,477,403.10596026490066,187.5866666666659,164.3707275390625,2014-09-07,13,1162,1235.8940397350993,403.10596026490066
2014-09-07T14:00:00Z,1811,1311,1380.8959810874705,1653.6909166666665,1612.9219970703125,500,430.10401891252945,157.30908333333355,198.0780029296875,2014-09-07,14,1311,1380.8959810874705,430.10401891252945
2014-09-07T15:00:00Z,1988,1666,2073.7619047619046,1878.0285833333337,1923.3773193359375,322,-85.76190476190459,109.9714166666663,64.6226806640625,2014-09-07,15,1666,2073.7619047619046,-85.76190476190459
2014-09-07T16:00:00Z,2147,1778,2073.7619047619046,1988.1053333333336,2003.3876953125,369,73.23809523809541,158.89466666666635,143.6123046875,2014-09-07,16,1778,2073.7619047619046,73.23809523809541
2014-09-07T17:00:00Z,2036,1601,2073.7619047619046,2144.385666666666,2176.46240234375,435,-37.76190476190459,-108.38566666666611,-140.46240234375,2014-09-07,17,1601,2073.7619047619046,-37.76190476190459
2014-09-07T18:00:00Z,1909,1449,1380.8959810874705,1949.6557916666657,1873.0469970703125,460,528.1040189125295,-40.655791666665664,35.9530029296875,2014-09-07,18,1449,1380.8959810874705,528.1040189125295
2014-09-07T19:00:00Z,1708,1352,1380.8959810874705,1784.8969583333328,1734.8272705078125,356,327.10401891252945,-76.8969583333328,-26.8272705078125,2014-09-07,19,1352,1380.8959810874705,327.10401891252945
2014-09-07T20:00:00Z,1616,1260,1380.8959810874705,1599.7500833333334,1586.072998046875,356,235.10401891252945,16.24991666666665,29.927001953125,2014-09-07,20,1260,1380.8959810874705,235.10401891252945
2014-09-07T21:00:00Z,1444,1430,1380.8959810874705,1597.108708333334,1524.7750244140625,14,63.104018912529455,-153.1087083333341,-80.7750244140625,2014-09-07,21,1430,1380.8959810874705,63.104018912529455
2014-09-07T22:00:00Z,1162,1352,1380.8959810874705,1479.9653333333333,1399.357177734375,-190,-218.89598108747055,-317.9653333333333,-237.357177734375,2014-09-07,22,1352,1380.8959810874705,-218.89598108747055
2014-09-07T23:00:00Z,629,1028,1235.8940397350993,1208.4047916666668,1087.5120849609375,-399,-606.8940397350993,-579.4047916666668,-458.5120849609375,2014-09-07,23,1028,1235.8940397350993,-606.8940397350993
2014-09-08T00:00:00Z,323,699,773.0185185185185,736.7370833333333,681.76177978515625,-376,-450.0185185185185,-413.7370833333333,-358.76177978515625,2014-09-08,0,699,773.0185185185185,-450.0185185185185
2014-09-08T01:00:00Z,201,490,773.0185185185185,449.25512500000013,461.1016845703125,-289,-572.0185185185185,-248.25512500000013,-260.1016845703125,2014-09-08,1,490,773.0185185185185,-572.0185185185185
2014-09-08T02:00:00Z,157,363,390.9457013574661,310.00454166666674,357.31689453125,-206,-233.94570135746608,-153.00454166666674,-200.31689453125,2014-09-08,2,363,390.9457013574661,-233.94570135746608
2014-09-08T03:00:00Z,369,333,390.9457013574661,316.80954166666686,361.04058837890625,36,-21.945701357466078,52.19045833333314,7.95941162109375,2014-09-08,3,333,390.9457013574661,-21.945701357466078
2014-09-08T04:00:00Z,515,261,390.9457013574661,361.285125,384.2976379394531,254,124.05429864253392,153.714875,130.70236206054688,2014-09-08,4,261,390.9457013574661,124.05429864253392
2014-09-08T05:00:00Z,910,283,390.9457013574661,462.24716666666654,518.844970703125,627,519.0542986425339,447.75283333333346,391.155029296875,2014-09-08,5,283,390.9457013574661,519.0542986425339
2014-09-08T06:00:00Z,1222,330,390.9457013574661,732.6463333333329,778.8607177734375,892,831.0542986425339,489.3536666666671,443.1392822265625,2014-09-08,6,330,390.9457013574661,831.0542986425339
2014-09-08T07:00:00Z,1673,427,390.9457013574661,826.9224583333337,840.142578125,1246,1282.054298642534,846.0775416666663,832.857421875,2014-09-08,7,427,390.9457013574661,1282.054298642534
2014-09-08T08:00:00Z,1725,560,773.0185185185185,1197.2880000000002,1242.2452392578125,1165,951.9814814814815,527.7119999999998,482.7547607421875,2014-09-08,8,560,773.0185185185185,951.9814814814815
2014-09-08T09:00:00Z,1288,765,773.0185185185185,1330.008291666667,1346.8360595703125,523,514.9814814814815,-42.00829166666699,-58.8360595703125,2014-09-08,9,765,773.0185185185185,514.9814814814815
2014-09-08T10:00:00Z,1204,874,773.0185185185185,1143.5126250000003,1160.9951171875,330,430.9814814814815,60.4873749999997,43.0048828125,2014-09-08,10,874,773.0185185185185,430.9814814814815
2014-09-08T11:00:00Z,1211,988,1235.8940397350993,1251.7200000000005,1198.0589599609375,223,-24.89403973509934,-40.72000000000048,12.9410400390625,2014-09-08,11,988,1235.8940397350993,-24.89403973509934
2014-09-08T12:00:00Z,1190,1021,1235.8940397350993,1256.4508750000005,1207.7772216796875,169,-45.89403973509934,-66.45087500000045,-17.7772216796875,2014-09-08,12,1021,1235.8940397350993,-45.89403973509934
2014-09-08T13:00:00Z,1345,1125,1235.8940397350993,1298.3060416666679,1262.676513671875,220,109.10596026490066,46.69395833333215,82.323486328125,2014-09-08,13,1125,1235.8940397350993,109.10596026490066
2014-09-08T14:00:00Z,1577,1222,1380.8959810874705,1380.9740416666664,1386.1439208984375,355,196.10401891252945,196.02595833333362,190.8560791015625,2014-09-08,14,1222,1380.8959810874705,196.10401891252945
2014-09-08T15:00:00Z,1895,1345,1380.8959810874705,1608.7395833333328,1545.383544921875,550,514.1040189125295,286.2604166666672,349.616455078125,2014-09-08,15,1345,1380.8959810874705,514.1040189125295
2014-09-08T16:00:00Z,2092,1473,1380.8959810874705,1844.1198333333332,1880.4918212890625,619,711.1040189125295,247.8801666666668,211.5081787109375,2014-09-08,16,1473,1380.8959810874705,711.1040189125295
2014-09-08T17:00:00Z,2254,1341,1380.8959810874705,1969.0870833333333,2109.8095703125,913,873.1040189125295,284.91291666666666,144.1904296875,2014-09-08,17,1341,1380.8959810874705,873.1040189125295
2014-09-08T18:00:00Z,2221,1248,1380.8959810874705,1985.0531249999988,2009.4071044921875,973,840.1040189125295,235.94687500000123,211.5928955078125,2014-09-08,18,1248,1380.8959810874705,840.1040189125295
2014-09-08T19:00:00Z,1971,1251,1380.8959810874705,1966.7416250000003,1947.51220703125,720,590.1040189125295,4.25837499999966,23.48779296875,2014-09-08,19,1251,1380.8959810874705,590.1040189125295
2014-09-08T20:00:00Z,1823,1181,1235.8940397350993,1793.8812083333341,1761.632080078125,642,587.1059602649007,29.118791666665857,61.367919921875,2014-09-08,20,1181,1235.8940397350993,587.1059602649007
2014-09-08T21:00:00Z,1487,1055,1235.8940397350993,1694.7285416666668,1739.2275390625,432,251.10596026490066,-207.72854166666684,-252.2275390625,2014-09-08,21,1055,1235.8940397350993,251.10596026490066
2014-09-08T22:00:00Z,1117,818,773.0185185185185,1322.0033750000002,1285.94921875,299,343.9814814814815,-205.00337500000023,-168.94921875,2014-09-08,22,818,773.0185185185185,343.9814814814815
2014-09-08T23:00:00Z,590,508,537.8245614035088,749.503166666667,744.9608154296875,82,52.175438596491176,-159.50316666666697,-154.9608154296875,2014-09-08,23,508,537.8245614035088,52.175438596491176
2014-09-09T00:00:00Z,312,209,184.91666666666666,367.8887083333335,356.64947509765625,103,127.08333333333334,-55.88870833333351,-44.64947509765625,2014-09-09,0,209,184.91666666666666,127.08333333333334
2014-09-09T01:00:00Z,194,111,184.91666666666666,187.0985833333334,177.38461303710938,83,9.083333333333343,6.9014166666665915,16.615386962890625,2014-09-09,1,111,184.91666666666666,9.083333333333343
2014-09-09T02:00:00Z,146,84,184.91666666666666,143.79654166666657,144.0063018798828,62,-38.91666666666666,2.2034583333334297,1.9936981201171875,2014-09-09,2,84,184.91666666666666,-38.91666666666666
2014-09-09T03:00:00Z,242,293,390.9457013574661,295.9729583333334,292.4537353515625,-51,-148.94570135746608,-53.972958333333395,-50.4537353515625,2014-09-09,3,293,390.9457013574661,-148.94570135746608
2014-09-09T04:00:00Z,407,518,537.8245614035088,433.2086666666668,412.184326171875,-111,-130.82456140350882,-26.208666666666772,-5.184326171875,2014-09-09,4,518,537.8245614035088,-130.82456140350882
2014-09-09T05:00:00Z,826,858,773.0185185185185,786.5175833333337,849.17822265625,-32,52.981481481481524,39.48241666666627,-23.17822265625,2014-09-09,5,858,773.0185185185185,52.981481481481524
2014-09-09T06:00:00Z,1443,1271,1380.8959810874705,1198.2548749999996,1219.61572265625,172,62.104018912529455,244.74512500000037,223.38427734375,2014-09-09,6,1271,1380.8959810874705,62.104018912529455
2014-09-09T07:00:00Z,1778,1596,1686.2191780821918,1472.1793749999997,1493.23681640625,182,91.78082191780823,305.8206250000003,284.76318359375,2014-09-09,7,1596,1686.2191780821918,91.78082191780823
2014-09-09T08:00:00Z,1785,1728,1686.2191780821918,1746.1394999999993,1742.3453369140625,57,98.78082191780823,38.860500000000684,42.6546630859375,2014-09-09,8,1728,1686.2191780821918,98.78082191780823
2014-09-09T09:00:00Z,1330,1256,1380.8959810874705,1494.8270833333322,1575.75244140625,74,-50.895981087470545,-164.8270833333322,-245.75244140625,2014-09-09,9,1256,1380.8959810874705,-50.895981087470545
2014-09-09T10:00:00Z,1293,1162,1235.8940397350993,1244.676458333333,1193.943603515625,131,57.10596026490066,48.3235416666671,99.056396484375,2014-09-09,10,1162,1235.8940397350993,57.10596026490066
2014-09-09T11:00:00Z,1294,1138,1235.8940397350993,1216.4525416666675,1191.40185546875,156,58.10596026490066,77.54745833333254,102.59814453125,2014-09-09,11,1138,1235.8940397350993,58.10596026490066
2014-09-09T12:00:00Z,1319,1188,1235.8940397350993,1224.3207499999996,1245.1864013671875,131,83.10596026490066,94.67925000000037,73.8135986328125,2014-09-09,12,1188,1235.8940397350993,83.10596026490066
2014-09-09T13:00:00Z,1639,1288,1380.8959810874705,1377.9488750000005,1395.46630859375,351,258.10401891252945,261.0511249999995,243.53369140625,2014-09-09,13,1288,1380.8959810874705,258.10401891252945
2014-09-09T14:00:00Z,2028,1401,1380.8959810874705,1729.4468333333325,1723.8486328125,627,647.1040189125295,298.5531666666675,304.1513671875,2014-09-09,14,1401,1380.8959810874705,647.1040189125295
2014-09-09T15:00:00Z,2234,1719,1686.2191780821918,2231.0388749999997,2186.156005859375,515,547.7808219178082,2.9611250000002656,47.843994140625,2014-09-09,15,1719,1686.2191780821918,547.7808219178082
2014-09-09T16:00:00Z,2237,2046,2054.1373626373625,2278.165041666666,2282.8583984375,191,182.86263736263754,-41.165041666666184,-45.8583984375,2014-09-09,16,2046,2054.1373626373625,182.86263736263754
2014-09-09T17:00:00Z,2616,2146,2054.1373626373625,2309.3834166666666,2332.15869140625,470,561.8626373626375,306.61658333333344,283.84130859375,2014-09-09,17,2146,2054.1373626373625,561.8626373626375
2014-09-09T18:00:00Z,2682,1960,2054.1373626373625,2441.592541666667,2509.310791015625,722,627.8626373626375,240.40745833333312,172.689208984375,2014-09-09,18,1960,2054.1373626373625,627.8626373626375
2014-09-09T19:00:00Z,2379,1765,1686.2191780821918,2355.097375,2460.27294921875,614,692.7808219178082,23.90262500000017,-81.27294921875,2014-09-09,19,1765,1686.2191780821918,692.7808219178082
2014-09-09T20:00:00Z,2181,1758,1686.2191780821918,2318.3437916666667,2300.232421875,423,494.7808219178082,-137.34379166666668,-119.232421875,2014-09-09,20,1758,1686.2191780821918,494.7808219178082
2014-09-09T21:00:00Z,1908,1515,1686.2191780821918,2010.0228333333343,1972.1806640625,393,221.78082191780823,-102.02283333333435,-64.1806640625,2014-09-09,21,1515,1686.2191780821918,221.78082191780823
2014-09-09T22:00:00Z,1427,1122,1034.64681724846,1538.59775,1485.6146240234375,305,392.3531827515401,-111.5977499999999,-58.6146240234375,2014-09-09,22,1122,1034.64681724846,392.3531827515401
2014-09-09T23:00:00Z,860,699,717.3153846153846,900.4005000000001,843.7391357421875,161,142.68461538461543,-40.40050000000008,16.2608642578125,2014-09-09,23,699,717.3153846153846,142.68461538461543
2014-09-10T00:00:00Z,429,284,390.9457013574661,469.2471666666666,475.7548522949219,145,38.05429864253392,-40.2471666666666,-46.754852294921875,2014-09-10,0,284,390.9457013574661,38.05429864253392
2014-09-10T01:00:00Z,310,151,184.91666666666666,234.03737500000005,216.31222534179688,159,125.08333333333334,75.96262499999995,93.687774658203125,2014-09-10,1,151,184.91666666666666,125.08333333333334
2014-09-10T02:00:00Z,180,116,184.91666666666666,176.91750000000008,173.2277069091797,64,-4.916666666666657,3.082499999999925,6.7722930908203125,2014-09-10,2,116,184.91666666666666,-4.916666666666657
2014-09-10T03:00:00Z,238,204,184.91666666666666,239.70087499999997,232.34707641601563,34,53.08333333333334,-1.700874999999968,5.652923583984375,2014-09-10,3,204,184.91666666666666,53.08333333333334
2014-09-10T04:00:00Z,396,356,390.9457013574661,374.9378750000001,376.1236877441406,40,5.054298642533922,21.062124999999924,19.876312255859375,2014-09-10,4,356,390.9457013574661,5.054298642533922
2014-09-10T05:00:00Z,792,760,773.0185185185185,748.1013750000004,758.09979248046875,32,18.981481481481524,43.89862499999958,33.90020751953125,2014-09-10,5,760,773.0185185185185,18.981481481481524
2014-09-10T06:00:00Z,1353,1383,1380.8959810874705,1219.4042499999998,1210.3822021484375,-30,-27.895981087470545,133.59575000000018,142.6177978515625,2014-09-10,6,1383,1380.8959810874705,-27.895981087470545
2014-09-10T07:00:00Z,1687,1676,1686.2191780821918,1514.0581666666674,1496.5057373046875,11,0.7808219178082254,172.94183333333262,190.4942626953125,2014-09-10,7,1676,1686.2191780821918,0.7808219178082254
2014-09-10T08:00:00Z,1785,1669,1686.2191780821918,1729.0110416666655,1727.92431640625,116,98.78082191780823,55.988958333334494,57.07568359375,2014-09-10,8,1669,1686.2191780821918,98.78082191780823
2014-09-10T09:00:00Z,1434,1394,1380.8959810874705,1599.6499166666658,1608.3839111328125,40,53.104018912529455,-165.64991666666583,-174.3839111328125,2014-09-10,9,1394,1380.8959810874705,53.104018912529455
2014-09-10T10:00:00Z,1286,1232,1380.8959810874705,1347.7979166666662,1349.3302001953125,54,-94.89598108747055,-61.7979166666662,-63.3302001953125,2014-09-10,10,1232,1380.8959810874705,-94.89598108747055
2014-09-10T11:00:00Z,1408,1182,1235.8940397350993,1268.4930833333335,1274.2843017578125,226,172.10596026490066,139.50691666666648,133.7156982421875,2014-09-10,11,1182,1235.8940397350993,172.10596026490066
2014-09-10T12:00:00Z,1372,1205,1380.8959810874705,1349.5122916666678,1394.6533203125,167,-8.895981087470545,22.487708333332193,-22.6533203125,2014-09-10,12,1205,1380.8959810874705,-8.895981087470545
2014-09-10T13:00:00Z,1551,1376,1380.8959810874705,1452.6690000000006,1442.4722900390625,175,170.10401891252945,98.33099999999945,108.5277099609375,2014-09-10,13,1376,1380.8959810874705,170.10401891252945
2014-09-10T14:00:00Z,1814,1626,1686.2191780821918,1759.799333333334,1705.523193359375,188,127.78082191780823,54.20066666666594,108.476806640625,2014-09-10,14,1626,1686.2191780821918,127.78082191780823
2014-09-10T15:00:00Z,2218,2035,2054.1373626373625,1990.3222500000013,2009.76171875,183,163.86263736263754,227.6777499999987,208.23828125,2014-09-10,15,2035,2054.1373626373625,163.86263736263754
2014-09-10T16:00:00Z,2469,2336,2054.1373626373625,2288.6719166666676,2267.207275390625,133,414.86263736263754,180.32808333333242,201.792724609375,2014-09-10,16,2336,2054.1373626373625,414.86263736263754
2014-09-10T17:00:00Z,2784,2458,2054.1373626373625,2375.6014166666664,2573.51123046875,326,729.8626373626375,408.3985833333336,210.48876953125,2014-09-10,17,2458,2054.1373626373625,729.8626373626375
2014-09-10T18:00:00Z,2839,2376,2054.1373626373625,2403.482208333334,2513.722412109375,463,784.8626373626375,435.5177916666662,325.277587890625,2014-09-10,18,2376,2054.1373626373625,784.8626373626375
2014-09-10T19:00:00Z,2567,2189,2054.1373626373625,2350.840416666667,2475.831787109375,378,512.8626373626375,216.1595833333331,91.168212890625,2014-09-10,19,2189,2054.1373626373625,512.8626373626375
2014-09-10T20:00:00Z,2416,2208,2054.1373626373625,2298.461041666668,2477.198974609375,208,361.86263736263754,117.53895833333218,-61.198974609375,2014-09-10,20,2208,2054.1373626373625,361.86263736263754
2014-09-10T21:00:00Z,2050,1917,2054.1373626373625,2267.340833333334,2304.366943359375,133,-4.1373626373624575,-217.3408333333341,-254.366943359375,2014-09-10,21,1917,2054.1373626373625,-4.1373626373624575
2014-09-10T22:00:00Z,1638,1574,1686.2191780821918,1906.237000000001,1864.9036865234375,64,-48.219178082191775,-268.237000000001,-226.9036865234375,2014-09-10,22,1574,1686.2191780821918,-48.219178082191775
2014-09-10T23:00:00Z,894,924,1034.64681724846,1103.9145833333337,1080.5726318359375,-30,-140.6468172484599,-209.91458333333367,-186.5726318359375,2014-09-10,23,924,1034.64681724846,-140.6468172484599
2014-09-11T00:00:00Z,480,492,537.8245614035088,504.5752083333331,500.6619567871094,-12,-57.824561403508824,-24.57520833333308,-20.661956787109375,2014-09-11,0,492,537.8245614035088,-57.824561403508824
2014-09-11T01:00:00Z,296,266,390.9457013574661,294.59220833333336,292.385498046875,30,-94.94570135746608,1.4077916666666397,3.614501953125,2014-09-11,1,266,390.9457013574661,-94.94570135746608
2014-09-11T02:00:00Z,185,180,184.91666666666666,201.9484166666667,199.26077270507813,5,0.08333333333334281,-16.948416666666702,-14.260772705078125,2014-09-11,2,180,184.91666666666666,0.08333333333334281
2014-09-11T03:00:00Z,279,247,184.91666666666666,262.7899583333333,283.5616455078125,32,94.08333333333334,16.21004166666671,-4.5616455078125,2014-09-11,3,247,184.91666666666666,94.08333333333334
2014-09-11T04:00:00Z,445,384,390.9457013574661,416.6600833333333,423.4212341308594,61,54.05429864253392,28.33991666666668,21.578765869140625,2014-09-11,4,384,390.9457013574661,54.05429864253392
2014-09-11T05:00:00Z,326,760,717.3153846153846,725.4932500000001,739.04327392578125,-434,-391.3153846153846,-399.4932500000001,-413.04327392578125,2014-09-11,5,760,717.3153846153846,-391.3153846153846
2014-09-11T06:00:00Z,1042,1368,1380.8959810874705,954.9514583333336,854.26934814453125,-326,-338.89598108747055,87.04854166666644,187.73065185546875,2014-09-11,6,1368,1380.8959810874705,-338.89598108747055
2014-09-11T07:00:00Z,1563,1753,1686.2191780821918,1452.5172083333332,1484.89501953125,-190,-123.21917808219177,110.4827916666668,78.10498046875,2014-09-11,7,1753,1686.2191780821918,-123.21917808219177
2014-09-11T08:00:00Z,1742,1801,1686.2191780821918,1573.577291666666,1623.6693115234375,-59,55.780821917808225,168.42270833333396,118.3306884765625,2014-09-11,8,1801,1686.2191780821918,55.780821917808225
2014-09-11T09:00:00Z,1408,1455,1380.8959810874705,1677.6351666666656,1664.272705078125,-47,27.104018912529455,-269.63516666666555,-256.272705078125,2014-09-11,9,1455,1380.8959810874705,27.104018912529455
2014-09-11T10:00:00Z,1251,1384,1380.8959810874705,1369.7565833333333,1307.7762451171875,-133,-129.89598108747055,-118.75658333333331,-56.7762451171875,2014-09-11,10,1384,1380.8959810874705,-129.89598108747055
2014-09-11T11:00:00Z,1332,1399,1380.8959810874705,1380.7126666666666,1357.0323486328125,-67,-48.895981087470545,-48.712666666666564,-25.0323486328125,2014-09-11,11,1399,1380.8959810874705,-48.895981087470545
2014-09-11T12:00:00Z,1331,1422,1380.8959810874705,1437.1642500000003,1445.8026123046875,-91,-49.895981087470545,-106.16425000000027,-114.8026123046875,2014-09-11,12,1422,1380.8959810874705,-49.895981087470545
2014-09-11T13:00:00Z,1577,1552,1686.2191780821918,1498.5489166666669,1501.4052734375,25,-109.21917808219177,78.45108333333314,75.5947265625,2014-09-11,13,1552,1686.2191780821918,-109.21917808219177
2014-09-11T14:00:00Z,1903,1874,2054.1373626373625,1778.5131250000006,1717.041259765625,29,-151.13736263736246,124.48687499999937,185.958740234375,2014-09-11,14,1874,2054.1373626373625,-151.13736263736246
2014-09-11T15:00:00Z,2200,2346,2054.1373626373625,2074.551541666667,2048.776123046875,-146,145.86263736263754,125.44845833333284,151.223876953125,2014-09-11,15,2346,2054.1373626373625,145.86263736263754
2014-09-11T16:00:00Z,2596,2493,2054.1373626373625,2285.1882916666673,2274.7158203125,103,541.8626373626375,310.8117083333327,321.2841796875,2014-09-11,16,2493,2054.1373626373625,541.8626373626375
2014-09-11T17:00:00Z,2852,2735,2054.1373626373625,2387.253708333333,2573.51123046875,117,797.8626373626375,464.7462916666668,278.48876953125,2014-09-11,17,2735,2054.1373626373625,797.8626373626375
2014-09-11T18:00:00Z,2908,3087,2054.1373626373625,2395.8524583333333,2519.3798828125,-179,853.8626373626375,512.1475416666667,388.6201171875,2014-09-11,18,3087,2054.1373626373625,853.8626373626375
2014-09-11T19:00:00Z,2724,2808,2054.1373626373625,2340.6467083333337,2481.4892578125,-84,669.8626373626375,383.35329166666634,242.5107421875,2014-09-11,19,2808,2054.1373626373625,669.8626373626375
2014-09-11T20:00:00Z,2537,2617,2054.1373626373625,2348.224333333334,2477.941650390625,-80,482.86263736263754,188.77566666666598,59.058349609375,2014-09-11,20,2617,2054.1373626373625,482.86263736263754
2014-09-11T21:00:00Z,2430,2446,2054.1373626373625,2275.7893333333336,2453.59228515625,-16,375.86263736263754,154.21066666666638,-23.59228515625,2014-09-11,21,2446,2054.1373626373625,375.86263736263754
2014-09-11T22:00:00Z,1812,2074,2054.1373626373625,2237.3799166666668,2270.605712890625,-262,-242.13736263736246,-425.37991666666676,-458.605712890625,2014-09-11,22,2074,2054.1373626373625,-242.13736263736246
2014-09-11T23:00:00Z,1220,1417,1380.8959810874705,1397.2936249999996,1229.90576171875,-197,-160.89598108747055,-177.29362499999957,-9.90576171875,2014-09-11,23,1417,1380.8959810874705,-160.89598108747055
2014-09-12T00:00:00Z,600,651,717.3153846153846,702.2314583333333,722.205810546875,-51,-117.31538461538457,-102.23145833333331,-122.205810546875,2014-09-12,0,651,717.3153846153846,-117.31538461538457
2014-09-12T01:00:00Z,390,362,390.9457013574661,385.63587499999994,389.324951171875,28,-0.9457013574660778,4.364125000000058,0.675048828125,2014-09-12,1,362,390.9457013574661,-0.9457013574660778
2014-09-12T02:00:00Z,262,233,184.91666666666666,241.86958333333354,243.7999267578125,29,77.08333333333334,20.130416666666463,18.2000732421875,2014-09-12,2,233,184.91666666666666,77.08333333333334
2014-09-12T03:00:00Z,330,303,390.9457013574661,331.8680833333332,309.39935302734375,27,-60.94570135746608,-1.8680833333331748,20.60064697265625,2014-09-12,3,303,390.9457013574661,-60.94570135746608
2014-09-12T04:00:00Z,478,468,390.9457013574661,444.54516666666694,446.8019104003906,10,87.05429864253392,33.454833333333056,31.198089599609375,2014-09-12,4,468,390.9457013574661,87.05429864253392
2014-09-12T05:00:00Z,820,827,717.3153846153846,691.5664999999999,734.1815185546875,-7,102.68461538461543,128.4335000000001,85.8184814453125,2014-09-12,5,827,717.3153846153846,102.68461538461543
2014-09-12T06:00:00Z,1287,1333,1380.8959810874705,1177.709416666667,1151.3492431640625,-46,-93.89598108747055,109.29058333333296,135.6507568359375,2014-09-12,6,1333,1380.8959810874705,-93.89598108747055
2014-09-12T07:00:00Z,1667,1707,1686.2191780821918,1465.0706250000012,1440.6119384765625,-40,-19.219178082191775,201.9293749999988,226.3880615234375,2014-09-12,7,1707,1686.2191780821918,-19.219178082191775
2014-09-12T08:00:00Z,1746,1859,1838.764705882353,1737.072125,1767.0870361328125,-113,-92.76470588235293,8.927875000000085,-21.0870361328125,2014-09-12,8,1859,1838.764705882353,-92.76470588235293
2014-09-12T09:00:00Z,1394,1609,1686.2191780821918,1737.6494166666657,1748.088134765625,-215,-292.2191780821918,-343.64941666666573,-354.088134765625,2014-09-12,9,1609,1686.2191780821918,-292.2191780821918
2014-09-12T10:00:00Z,1358,1485,1380.8959810874705,1375.9627916666668,1314.3052978515625,-127,-22.895981087470545,-17.962791666666817,43.6947021484375,2014-09-12,10,1485,1380.8959810874705,-22.895981087470545
2014-09-12T11:00:00Z,1284,1432,1380.8959810874705,1407.6347083333335,1417.3555908203125,-148,-96.89598108747055,-123.63470833333349,-133.3555908203125,2014-09-12,11,1432,1380.8959810874705,-96.89598108747055
2014-09-12T12:00:00Z,1321,1445,1380.8959810874705,1393.6855416666665,1376.2928466796875,-124,-59.895981087470545,-72.6855416666665,-55.2928466796875,2014-09-12,12,1445,1380.8959810874705,-59.895981087470545
2014-09-12T13:00:00Z,1545,1713,1686.2191780821918,1535.757708333333,1550.307861328125,-168,-141.21917808219177,9.242291666666915,-5.307861328125,2014-09-12,13,1713,1686.2191780821918,-141.21917808219177
2014-09-12T14:00:00Z,1717,2057,1838.764705882353,1772.3868750000004,1746.7432861328125,-340,-121.76470588235293,-55.38687500000037,-29.7432861328125,2014-09-12,14,2057,1838.764705882353,-121.76470588235293
2014-09-12T15:00:00Z,2068,2323,1838.764705882353,1961.0842916666672,1904.500244140625,-255,229.23529411764707,106.91570833333276,163.499755859375,2014-09-12,15,2323,1838.764705882353,229.23529411764707
2014-09-12T16:00:00Z,2328,2655,1838.764705882353,2276.985166666667,2238.885986328125,-327,489.2352941176471,51.01483333333317,89.114013671875,2014-09-12,16,2655,1838.764705882353,489.2352941176471
2014-09-12T17:00:00Z,2692,2961,1838.764705882353,2329.619249999999,2409.5771484375,-269,853.2352941176471,362.38075000000117,282.4228515625,2014-09-12,17,2961,1838.764705882353,853.2352941176471
2014-09-12T18:00:00Z,2915,3151,1838.764705882353,2379.4455000000003,2519.3798828125,-236,1076.235294117647,535.5544999999997,395.6201171875,2014-09-12,18,3151,1838.764705882353,1076.235294117647
2014-09-12T19:00:00Z,2890,3157,1838.764705882353,2358.813666666667,2481.4892578125,-267,1051.235294117647,531.1863333333331,408.5107421875,2014-09-12,19,3157,1838.764705882353,1051.235294117647
2014-09-12T20:00:00Z,2542,2738,1838.764705882353,2345.7827916666674,2477.941650390625,-196,703.2352941176471,196.21720833333256,64.058349609375,2014-09-12,20,2738,1838.764705882353,703.2352941176471
2014-09-12T21:00:00Z,2710,2793,1838.764705882353,2283.281166666667,2477.941650390625,-83,871.2352941176471,426.7188333333329,232.058349609375,2014-09-12,21,2793,1838.764705882353,871.2352941176471
2014-09-12T22:00:00Z,2778,2763,1838.764705882353,2245.058708333334,2468.081298828125,15,939.2352941176471,532.9412916666661,309.918701171875,2014-09-12,22,2763,1838.764705882353,939.2352941176471
2014-09-12T23:00:00Z,2418,2294,1485.9805825242718,1938.7576250000002,1940.1090087890625,124,932.0194174757282,479.2423749999998,477.8909912109375,2014-09-12,23,2294,1485.9805825242718,932.0194174757282
2014-09-13T00:00:00Z,1816,1706,1050.1538461538462,1664.5219999999993,1753.6776123046875,110,765.8461538461538,151.47800000000075,62.3223876953125,2014-09-13,0,1706,1050.1538461538462,765.8461538461538
2014-09-13T01:00:00Z,1219,1122,1034.64681724846,1144.5204583333327,1171.005615234375,97,184.3531827515401,74.47954166666727,47.994384765625,2014-09-13,1,1122,1034.64681724846,184.3531827515401
2014-09-13T02:00:00Z,783,706,717.3153846153846,768.0990000000003,778.65496826171875,77,65.68461538461543,14.900999999999726,4.34503173828125,2014-09-13,2,706,717.3153846153846,65.68461538461543
2014-09-13T03:00:00Z,527,476,537.8245614035088,503.85375000000016,493.38482666015625,51,-10.824561403508824,23.14624999999984,33.61517333984375,2014-09-13,3,476,537.8245614035088,-10.824561403508824
2014-09-13T04:00:00Z,363,348,390.9457013574661,381.84808333333325,396.8829345703125,15,-27.945701357466078,-18.84808333333325,-33.8829345703125,2014-09-13,4,348,390.9457013574661,-27.945701357466078
2014-09-13T05:00:00Z,409,340,390.9457013574661,397.6129999999999,411.02728271484375,69,18.054298642533922,11.387000000000114,-2.02728271484375,2014-09-13,5,340,390.9457013574661,18.054298642533922
2014-09-13T06:00:00Z,489,526,773.0185185185185,552.1391250000003,590.4754638671875,-37,-284.0185185185185,-63.13912500000026,-101.4754638671875,2014-09-13,6,526,773.0185185185185,-284.0185185185185
2014-09-13T07:00:00Z,660,710,773.0185185185185,646.8102916666666,668.47637939453125,-50,-113.01851851851848,13.189708333333442,-8.47637939453125,2014-09-13,7,710,773.0185185185185,-113.01851851851848
2014-09-13T08:00:00Z,934,953,1235.8940397350993,891.1063333333332,870.81982421875,-19,-301.89403973509934,42.89366666666683,63.18017578125,2014-09-13,8,953,1235.8940397350993,-301.89403973509934
2014-09-13T09:00:00Z,1062,1085,1235.8940397350993,1106.0883333333338,1093.927978515625,-23,-173.89403973509934,-44.08833333333382,-31.927978515625,2014-09-13,9,1085,1235.8940397350993,-173.89403973509934
2014-09-13T10:00:00Z,1301,1286,1380.8959810874705,1205.6655416666672,1207.376953125,15,-79.89598108747055,95.3344583333328,93.623046875,2014-09-13,10,1286,1380.8959810874705,-79.89598108747055
2014-09-13T11:00:00Z,1458,1475,1380.8959810874705,1355.6222083333332,1354.233642578125,-17,77.10401891252945,102.37779166666678,103.766357421875,2014-09-13,11,1475,1380.8959810874705,77.10401891252945
2014-09-13T12:00:00Z,1523,1600,1485.9805825242718,1517.3464583333332,1530.30859375,-77,37.01941747572823,5.653541666666797,-7.30859375,2014-09-13,12,1600,1485.9805825242718,37.01941747572823
2014-09-13T13:00:00Z,1794,1871,1838.764705882353,1687.6597083333336,1677.9970703125,-77,-44.76470588235293,106.34029166666642,116.0029296875,2014-09-13,13,1871,1838.764705882353,-44.76470588235293
2014-09-13T14:00:00Z,2733,2133,1838.764705882353,1954.1041666666672,1976.302490234375,600,894.2352941176471,778.8958333333328,756.697509765625,2014-09-13,14,2133,1838.764705882353,894.2352941176471
2014-09-13T15:00:00Z,3056,2414,1838.764705882353,2375.3534999999997,2498.725341796875,642,1217.235294117647,680.6465000000003,557.274658203125,2014-09-13,15,2414,1838.764705882353,1217.235294117647
2014-09-13T16:00:00Z,3024,2579,1838.764705882353,2500.0262083333337,2543.438232421875,445,1185.235294117647,523.9737916666663,480.561767578125,2014-09-13,16,2579,1838.764705882353,1185.235294117647
2014-09-13T17:00:00Z,3023,2776,1838.764705882353,2488.636375000001,2538.5234375,247,1184.235294117647,534.363624999999,484.4765625,2014-09-13,17,2776,1838.764705882353,1184.235294117647
2014-09-13T18:00:00Z,3437,2854,1838.764705882353,2484.510833333334,2477.42919921875,583,1598.235294117647,952.4891666666658,959.57080078125,2014-09-13,18,2854,1838.764705882353,1598.235294117647
2014-09-13T19:00:00Z,3332,2742,1838.764705882353,2469.2468333333345,2439.538330078125,590,1493.235294117647,862.7531666666655,892.461669921875,2014-09-13,19,2742,1838.764705882353,1493.235294117647
2014-09-13T20:00:00Z,2601,2422,1838.764705882353,2458.425000000001,2438.86279296875,179,762.2352941176471,142.5749999999989,162.13720703125,2014-09-13,20,2422,1838.764705882353,762.2352941176471
2014-09-13T21:00:00Z,2625,2713,1838.764705882353,2307.137750000001,2443.996826171875,-88,786.2352941176471,317.8622499999992,181.003173828125,2014-09-13,21,2713,1838.764705882353,786.2352941176471
2014-09-13T22:00:00Z,2577,3034,1838.764705882353,2271.335458333334,2443.996826171875,-457,738.2352941176471,305.6645416666661,133.003173828125,2014-09-13,22,3034,1838.764705882353,738.2352941176471
2014-09-13T23:00:00Z,2459,2649,1838.764705882353,2271.8976666666667,2431.811279296875,-190,620.2352941176471,187.10233333333326,27.188720703125,2014-09-13,23,2649,1838.764705882353,620.2352941176471
2014-09-14T00:00:00Z,1804,1830,1686.2191780821918,2107.437125000001,2414.39453125,-26,117.78082191780823,-303.43712500000083,-610.39453125,2014-09-14,0,1830,1686.2191780821918,117.78082191780823
2014-09-14T01:00:00Z,1261,1237,1380.8959810874705,1372.7653749999993,1288.0238037109375,24,-119.89598108747055,-111.76537499999927,-27.0238037109375,2014-09-14,1,1237,1380.8959810874705,-119.89598108747055
2014-09-14T02:00:00Z,877,823,717.3153846153846,868.2420833333331,911.25177001953125,54,159.68461538461543,8.757916666666915,-34.25177001953125,2014-09-14,2,823,717.3153846153846,159.68461538461543
2014-09-14T03:00:00Z,550,566,537.8245614035088,589.4832083333333,593.7608642578125,-16,12.175438596491176,-39.48320833333332,-43.7608642578125,2014-09-14,3,566,537.8245614035088,12.175438596491176
2014-09-14T04:00:00Z,365,334,390.9457013574661,352.98279166666697,374.6054382324219,31,-25.945701357466078,12.01720833333303,-9.605438232421875,2014-09-14,4,334,390.9457013574661,-25.945701357466078
2014-09-14T05:00:00Z,383,358,390.9457013574661,366.4655833333334,398.0217590332031,25,-7.945701357466078,16.534416666666573,-15.021759033203125,2014-09-14,5,358,390.9457013574661,-7.945701357466078
2014-09-14T06:00:00Z,419,387,390.9457013574661,437.5606666666668,430.63580322265625,32,28.054298642533922,-18.560666666666805,-11.63580322265625,2014-09-14,6,387,390.9457013574661,28.054298642533922
2014-09-14T07:00:00Z,566,564,537.8245614035088,567.6126666666667,568.9735107421875,2,28.175438596491176,-1.6126666666666551,-2.9735107421875,2014-09-14,7,564,537.8245614035088,28.175438596491176
2014-09-14T08:00:00Z,770,813,773.0185185185185,735.4965833333337,761.4805908203125,-43,-3.0185185185184764,34.50341666666634,8.5194091796875,2014-09-14,8,813,773.0185185185185,-3.0185185185184764
2014-09-14T09:00:00Z,969,1024,1034.64681724846,903.8591666666673,947.1744384765625,-55,-65.64681724845991,65.1408333333327,21.8255615234375,2014-09-14,9,1024,1034.64681724846,-65.64681724845991
2014-09-14T10:00:00Z,1123,1227,1380.8959810874705,1142.593916666667,1115.791748046875,-104,-257.89598108747055,-19.593916666666928,7.208251953125,2014-09-14,10,1227,1380.8959810874705,-257.89598108747055
2014-09-14T11:00:00Z,1359,1397,1380.8959810874705,1298.0535833333336,1281.468994140625,-38,-21.895981087470545,60.94641666666644,77.531005859375,2014-09-14,11,1397,1380.8959810874705,-21.895981087470545
2014-09-14T12:00:00Z,1323,1485,1380.8959810874705,1433.3742916666672,1439.8668212890625,-162,-57.895981087470545,-110.3742916666672,-116.8668212890625,2014-09-14,12,1485,1380.8959810874705,-57.895981087470545
2014-09-14T13:00:00Z,1512,1639,1686.2191780821918,1507.1670833333328,1525.5765380859375,-127,-174.21917808219177,4.832916666667188,-13.5765380859375,2014-09-14,13,1639,1686.2191780821918,-174.21917808219177
2014-09-14T14:00:00Z,1587,1811,2073.7619047619046,1689.9321250000005,1716.788330078125,-224,-486.7619047619046,-102.9321250000005,-129.788330078125,2014-09-14,14,1811,2073.7619047619046,-486.7619047619046
2014-09-14T15:00:00Z,1786,1988,2054.1373626373625,1786.397416666667,1800.6318359375,-202,-268.13736263736246,-0.39741666666691344,-14.6318359375,2014-09-14,15,1988,2054.1373626373625,-268.13736263736246
2014-09-14T16:00:00Z,1903,2147,2054.1373626373625,1965.7005416666682,1977.966064453125,-244,-151.13736263736246,-62.70054166666819,-74.966064453125,2014-09-14,16,2147,2054.1373626373625,-151.13736263736246
2014-09-14T17:00:00Z,1870,2036,2054.1373626373625,1984.4955000000002,2019.9095458984375,-166,-184.13736263736246,-114.49550000000022,-149.9095458984375,2014-09-14,17,2036,2054.1373626373625,-184.13736263736246
2014-09-14T18:00:00Z,1796,1909,2054.1373626373625,1910.094708333335,1843.7593994140625,-113,-258.13736263736246,-114.09470833333489,-47.7593994140625,2014-09-14,18,1909,2054.1373626373625,-258.13736263736246
2014-09-14T19:00:00Z,1624,1708,2073.7619047619046,1811.7509583333335,1785.2899169921875,-84,-449.7619047619046,-187.75095833333353,-161.2899169921875,2014-09-14,19,1708,2073.7619047619046,-449.7619047619046
2014-09-14T20:00:00Z,1521,1616,2073.7619047619046,1699.6983749999988,1591.0697021484375,-95,-552.7619047619046,-178.6983749999988,-70.0697021484375,2014-09-14,20,1616,2073.7619047619046,-552.7619047619046
2014-09-14T21:00:00Z,1237,1444,1380.8959810874705,1563.1010833333335,1490.5450439453125,-207,-143.89598108747055,-326.10108333333346,-253.5450439453125,2014-09-14,21,1444,1380.8959810874705,-143.89598108747055
2014-09-14T22:00:00Z,1012,1162,1235.8940397350993,1275.7914583333338,1219.3935546875,-150,-223.89403973509934,-263.7914583333338,-207.3935546875,2014-09-14,22,1162,1235.8940397350993,-223.89403973509934
2014-09-14T23:00:00Z,505,629,1575.7272727272727,940.9858333333337,851.30731201171875,-124,-1070.7272727272727,-435.98583333333374,-346.30731201171875,2014-09-14,23,629,1575.7272727272727,-1070.7272727272727
2014-09-15T00:00:00Z,257,323,390.9457013574661,405.59029166666664,357.24884033203125,-66,-133.94570135746608,-148.59029166666664,-100.24884033203125,2014-09-15,0,323,390.9457013574661,-133.94570135746608
2014-09-15T01:00:00Z,172,201,184.91666666666666,253.9209166666667,230.8819122314453,-29,-12.916666666666657,-81.9209166666667,-58.88191223144531,2014-09-15,1,201,184.91666666666666,-12.916666666666657
2014-09-15T02:00:00Z,158,157,184.91666666666666,178.72916666666674,173.94532775878906,1,-26.916666666666657,-20.729166666666742,-15.945327758789063,2014-09-15,2,157,184.91666666666666,-26.916666666666657
2014-09-15T03:00:00Z,346,369,390.9457013574661,328.06087500000007,372.31622314453125,-23,-44.94570135746608,17.939124999999933,-26.31622314453125,2014-09-15,3,369,390.9457013574661,-44.94570135746608
2014-09-15T04:00:00Z,571,515,537.8245614035088,492.93604166666677,502.6866760253906,56,33.175438596491176,78.06395833333323,68.313323974609375,2014-09-15,4,515,537.8245614035088,33.175438596491176
2014-09-15T05:00:00Z,883,910,1034.64681724846,792.3153333333336,852.4212646484375,-27,-151.6468172484599,90.68466666666643,30.5787353515625,2014-09-15,5,910,1034.64681724846,-151.6468172484599
2014-09-15T06:00:00Z,1357,1222,1062.3725490196077,1115.3662083333338,1125.7420654296875,135,294.62745098039227,241.63379166666618,231.2579345703125,2014-09-15,6,1222,1062.3725490196077,294.62745098039227
2014-09-15T07:00:00Z,1694,1673,1050.1538461538462,1252.738166666667,1216.1964111328125,21,643.8461538461538,441.261833333333,477.8035888671875,2014-09-15,7,1673,1050.1538461538462,643.8461538461538
2014-09-15T08:00:00Z,1706,1725,1050.1538461538462,1424.3069999999996,1363.6446533203125,-19,655.8461538461538,281.69300000000044,342.3553466796875,2014-09-15,8,1725,1050.1538461538462,655.8461538461538
2014-09-15T09:00:00Z,1249,1288,1380.8959810874705,1341.321333333333,1373.2410888671875,-39,-131.89598108747055,-92.32133333333309,-124.2410888671875,2014-09-15,9,1288,1380.8959810874705,-131.89598108747055
2014-09-15T10:00:00Z,1032,1204,1380.8959810874705,1215.9086249999998,1178.6351318359375,-172,-348.89598108747055,-183.9086249999998,-146.6351318359375,2014-09-15,10,1204,1380.8959810874705,-348.89598108747055
2014-09-15T11:00:00Z,1055,1211,1380.8959810874705,1235.5347083333331,1223.2247314453125,-156,-325.89598108747055,-180.53470833333313,-168.2247314453125,2014-09-15,11,1211,1380.8959810874705,-325.89598108747055
2014-09-15T12:00:00Z,1060,1190,1235.8940397350993,1229.4247916666668,1209.697998046875,-130,-175.89403973509934,-169.4247916666668,-149.697998046875,2014-09-15,12,1190,1235.8940397350993,-175.89403973509934
2014-09-15T13:00:00Z,1277,1345,1380.8959810874705,1286.359375,1310.467529296875,-68,-103.89598108747055,-9.359375,-33.467529296875,2014-09-15,13,1345,1380.8959810874705,-103.89598108747055
2014-09-15T14:00:00Z,1454,1577,1686.2191780821918,1419.8820833333336,1495.9971923828125,-123,-232.21917808219177,34.11791666666636,-41.9971923828125,2014-09-15,14,1577,1686.2191780821918,-232.21917808219177
2014-09-15T15:00:00Z,1766,1895,1838.764705882353,1633.1624583333335,1678.2396240234375,-129,-72.76470588235293,132.83754166666654,87.7603759765625,2014-09-15,15,1895,1838.764705882353,-72.76470588235293
2014-09-15T16:00:00Z,2186,2092,1838.764705882353,1910.4565416666676,1973.9072265625,94,347.2352941176471,275.5434583333324,212.0927734375,2014-09-15,16,2092,1838.764705882353,347.2352941176471
2014-09-15T17:00:00Z,2348,2254,1838.764705882353,2222.551041666666,2252.98046875,94,509.2352941176471,125.44895833333385,95.01953125,2014-09-15,17,2254,1838.764705882353,509.2352941176471
2014-09-15T18:00:00Z,2155,2221,1838.764705882353,2248.214874999999,2249.405029296875,-66,316.2352941176471,-93.21487499999921,-94.405029296875,2014-09-15,18,2221,1838.764705882353,316.2352941176471
2014-09-15T19:00:00Z,1910,1971,1838.764705882353,2044.9117916666669,1975.978515625,-61,71.23529411764707,-134.9117916666669,-65.978515625,2014-09-15,19,1971,1838.764705882353,71.23529411764707
2014-09-15T20:00:00Z,1847,1823,1686.2191780821918,1917.0455,1866.649658203125,24,160.78082191780823,-70.04549999999995,-19.649658203125,2014-09-15,20,1823,1686.2191780821918,160.78082191780823
2014-09-15T21:00:00Z,1378,1487,1380.8959810874705,1627.317208333334,1543.10791015625,-109,-2.8959810874705454,-249.31720833333407,-165.10791015625,2014-09-15,21,1487,1380.8959810874705,-2.8959810874705454
2014-09-15T22:00:00Z,1020,1117,1034.64681724846,1243.4036666666666,1165.76904296875,-97,-14.64681724845991,-223.4036666666666,-145.76904296875,2014-09-15,22,1117,1034.64681724846,-14.64681724845991
2014-09-15T23:00:00Z,573,590,717.3153846153846,717.0842916666666,637.4212646484375,-17,-144.31538461538457,-144.08429166666656,-64.4212646484375,2014-09-15,23,590,717.3153846153846,-144.31538461538457
2014-09-16T00:00:00Z,268,312,390.9457013574661,338.9195,331.57818603515625,-44,-122.94570135746608,-70.91950000000003,-63.57818603515625,2014-09-16,0,312,390.9457013574661,-122.94570135746608
2014-09-16T01:00:00Z,139,194,184.91666666666666,194.980625,209.10032653808594,-55,-45.91666666666666,-55.980625,-70.10032653808594,2014-09-16,1,194,184.91666666666666,-45.91666666666666
2014-09-16T02:00:00Z,125,146,184.91666666666666,161.4423333333333,170.24102783203125,-21,-59.91666666666666,-36.442333333333295,-45.24102783203125,2014-09-16,2,146,184.91666666666666,-59.91666666666666
2014-09-16T03:00:00Z,220,242,184.91666666666666,245.70708333333334,246.79258728027344,-22,35.08333333333334,-25.707083333333344,-26.792587280273438,2014-09-16,3,242,184.91666666666666,35.08333333333334
2014-09-16T04:00:00Z,370,407,390.9457013574661,386.6454583333335,417.15301513671875,-37,-20.945701357466078,-16.645458333333522,-47.15301513671875,2014-09-16,4,407,390.9457013574661,-20.945701357466078
2014-09-16T05:00:00Z,797,826,773.0185185185185,766.036666666667,824.0516357421875,-29,23.981481481481524,30.963333333333026,-27.0516357421875,2014-09-16,5,826,773.0185185185185,23.981481481481524
2014-09-16T06:00:00Z,1668,1443,1380.8959810874705,1197.920625,1191.328369140625,225,287.10401891252945,470.079375,476.671630859375,2014-09-16,6,1443,1380.8959810874705,287.10401891252945
2014-09-16T07:00:00Z,2308,1778,1686.2191780821918,1586.5972916666665,1653.439208984375,530,621.7808219178082,721.4027083333335,654.560791015625,2014-09-16,7,1778,1686.2191780821918,621.7808219178082
2014-09-16T08:00:00Z,2511,1785,1686.2191780821918,2009.216041666666,2178.183349609375,726,824.7808219178082,501.7839583333341,332.816650390625,2014-09-16,8,1785,1686.2191780821918,824.7808219178082
2014-09-16T09:00:00Z,2021,1330,1380.8959810874705,1814.9649583333342,2052.306396484375,691,640.1040189125295,206.03504166666585,-31.306396484375,2014-09-16,9,1330,1380.8959810874705,640.1040189125295
2014-09-16T10:00:00Z,1804,1293,1380.8959810874705,1593.5219166666668,1627.91259765625,511,423.10401891252945,210.4780833333332,176.08740234375,2014-09-16,10,1293,1380.8959810874705,423.10401891252945
2014-09-16T11:00:00Z,1360,1294,1380.8959810874705,1516.4746249999996,1498.954345703125,66,-20.895981087470545,-156.4746249999996,-138.954345703125,2014-09-16,11,1294,1380.8959810874705,-20.895981087470545
2014-09-16T12:00:00Z,1265,1319,1380.8959810874705,1274.6400416666665,1244.484619140625,-54,-115.89598108747055,-9.640041666666548,20.515380859375,2014-09-16,12,1319,1380.8959810874705,-115.89598108747055
2014-09-16T13:00:00Z,1407,1639,1485.9805825242718,1445.1350833333331,1456.9771728515625,-232,-78.98058252427177,-38.135083333333114,-49.9771728515625,2014-09-16,13,1639,1485.9805825242718,-78.98058252427177
2014-09-16T14:00:00Z,1757,2028,2054.1373626373625,1611.907333333333,1667.1162109375,-271,-297.13736263736246,145.0926666666669,89.8837890625,2014-09-16,14,2028,2054.1373626373625,-297.13736263736246
2014-09-16T15:00:00Z,2129,2234,2054.1373626373625,1964.3834166666668,1987.2957763671875,-105,74.86263736263754,164.6165833333332,141.7042236328125,2014-09-16,15,2234,2054.1373626373625,74.86263736263754
2014-09-16T16:00:00Z,2542,2237,2054.1373626373625,2304.743708333334,2280.873046875,305,487.86263736263754,237.25629166666613,261.126953125,2014-09-16,16,2237,2054.1373626373625,487.86263736263754
2014-09-16T17:00:00Z,2744,2616,2054.1373626373625,2423.258208333333,2596.07373046875,128,689.8626373626375,320.7417916666668,147.92626953125,2014-09-16,17,2616,2054.1373626373625,689.8626373626375
2014-09-16T18:00:00Z,2582,2682,2054.1373626373625,2413.6160833333347,2522.344482421875,-100,527.8626373626375,168.3839166666653,59.655517578125,2014-09-16,18,2682,2054.1373626373625,527.8626373626375
2014-09-16T19:00:00Z,2279,2379,2054.1373626373625,2341.5581250000014,2472.0078125,-100,224.86263736263754,-62.55812500000138,-193.0078125,2014-09-16,19,2379,2054.1373626373625,224.86263736263754
2014-09-16T20:00:00Z,2123,2181,2054.1373626373625,2181.843625000002,2095.953369140625,-58,68.86263736263754,-58.84362500000179,27.046630859375,2014-09-16,20,2181,2054.1373626373625,68.86263736263754
2014-09-16T21:00:00Z,1793,1908,2054.1373626373625,2037.5658750000014,1904.4371337890625,-115,-261.13736263736246,-244.56587500000137,-111.4371337890625,2014-09-16,21,1908,2054.1373626373625,-261.13736263736246
2014-09-16T22:00:00Z,1233,1427,1380.8959810874705,1497.4704583333328,1419.949462890625,-194,-147.89598108747055,-264.4704583333328,-186.949462890625,2014-09-16,22,1427,1380.8959810874705,-147.89598108747055
2014-09-16T23:00:00Z,647,860,717.3153846153846,806.2404583333335,720.10528564453125,-213,-70.31538461538457,-159.24045833333355,-73.10528564453125,2014-09-16,23,860,717.3153846153846,-70.31538461538457
2014-09-17T00:00:00Z,363,429,390.9457013574661,411.4227916666665,393.4117126464844,-66,-27.945701357466078,-48.42279166666651,-30.411712646484375,2014-09-17,0,429,390.9457013574661,-27.945701357466078
2014-09-17T01:00:00Z,204,310,390.9457013574661,265.69004166666673,294.92108154296875,-106,-186.94570135746608,-61.69004166666673,-90.92108154296875,2014-09-17,1,310,390.9457013574661,-186.94570135746608
2014-09-17T02:00:00Z,156,180,184.91666666666666,176.54558333333338,191.2506103515625,-24,-28.916666666666657,-20.545583333333383,-35.2506103515625,2014-09-17,2,180,184.91666666666666,-28.916666666666657
2014-09-17T03:00:00Z,257,238,184.91666666666666,239.65366666666668,247.88671875,19,72.08333333333334,17.34633333333332,9.11328125,2014-09-17,3,238,184.91666666666666,72.08333333333334
2014-09-17T04:00:00Z,437,396,390.9457013574661,412.0822916666668,405.0570373535156,41,46.05429864253392,24.917708333333223,31.942962646484375,2014-09-17,4,396,390.9457013574661,46.05429864253392
2014-09-17T05:00:00Z,774,792,773.0185185185185,739.1085833333339,742.7564697265625,-18,0.9814814814815236,34.891416666666146,31.2435302734375,2014-09-17,5,792,773.0185185185185,0.9814814814815236
2014-09-17T06:00:00Z,1553,1353,1380.8959810874705,1205.6703750000006,1175.5155029296875,200,172.10401891252945,347.3296249999994,377.4844970703125,2014-09-17,6,1353,1380.8959810874705,172.10401891252945
2014-09-17T07:00:00Z,1963,1687,2073.7619047619046,1576.964666666666,1598.8497314453125,276,-110.76190476190459,386.03533333333394,364.1502685546875,2014-09-17,7,1687,2073.7619047619046,-110.76190476190459
2014-09-17T08:00:00Z,1675,1785,2073.7619047619046,1904.9035833333335,1991.52978515625,-110,-398.7619047619046,-229.90358333333347,-316.52978515625,2014-09-17,8,1785,2073.7619047619046,-398.7619047619046
2014-09-17T09:00:00Z,1283,1434,1380.8959810874705,1645.9842083333338,1656.4102783203125,-151,-97.89598108747055,-362.98420833333375,-373.4102783203125,2014-09-17,9,1434,1380.8959810874705,-97.89598108747055
2014-09-17T10:00:00Z,1235,1286,1380.8959810874705,1358.835625,1327.162353515625,-51,-145.89598108747055,-123.83562499999994,-92.162353515625,2014-09-17,10,1286,1380.8959810874705,-145.89598108747055
2014-09-17T11:00:00Z,1195,1408,1380.8959810874705,1351.179083333334,1383.34619140625,-213,-185.89598108747055,-156.1790833333339,-188.34619140625,2014-09-17,11,1408,1380.8959810874705,-185.89598108747055
2014-09-17T12:00:00Z,1312,1372,1380.8959810874705,1297.7695833333337,1309.2196044921875,-60,-68.89598108747055,14.230416666666315,2.7803955078125,2014-09-17,12,1372,1380.8959810874705,-68.89598108747055
2014-09-17T13:00:00Z,1557,1551,1686.2191780821918,1522.3325416666676,1507.3173828125,6,-129.21917808219177,34.667458333332434,49.6826171875,2014-09-17,13,1551,1686.2191780821918,-129.21917808219177
2014-09-17T14:00:00Z,1768,1814,1686.2191780821918,1773.9538333333333,1754.878662109375,-46,81.78082191780823,-5.95383333333325,13.121337890625,2014-09-17,14,1814,1686.2191780821918,81.78082191780823
2014-09-17T15:00:00Z,2154,2218,2054.1373626373625,2008.6760416666687,1998.6705322265625,-64,99.86263736263754,145.32395833333135,155.3294677734375,2014-09-17,15,2218,2054.1373626373625,99.86263736263754
2014-09-17T16:00:00Z,2519,2469,2054.1373626373625,2295.500041666667,2260.560791015625,50,464.86263736263754,223.49995833333287,258.439208984375,2014-09-17,16,2469,2054.1373626373625,464.86263736263754
2014-09-17T17:00:00Z,2750,2784,2054.1373626373625,2383.9749166666666,2580.125,-34,695.8626373626375,366.02508333333344,169.875,2014-09-17,17,2784,2054.1373626373625,695.8626373626375
2014-09-17T18:00:00Z,2764,2839,2054.1373626373625,2404.0146250000007,2513.042236328125,-75,709.8626373626375,359.9853749999993,250.957763671875,2014-09-17,18,2839,2054.1373626373625,709.8626373626375
2014-09-17T19:00:00Z,2511,2567,2054.1373626373625,2357.2846250000007,2476.057861328125,-56,456.86263736263754,153.7153749999993,34.942138671875,2014-09-17,19,2567,2054.1373626373625,456.86263736263754
2014-09-17T20:00:00Z,2479,2416,2054.1373626373625,2317.6316666666676,2470.473876953125,63,424.86263736263754,161.36833333333243,8.526123046875,2014-09-17,20,2416,2054.1373626373625,424.86263736263754
2014-09-17T21:00:00Z,2168,2050,2054.1373626373625,2327.165916666667,2482.6494140625,118,113.86263736263754,-159.16591666666682,-314.6494140625,2014-09-17,21,2050,2054.1373626373625,113.86263736263754
2014-09-17T22:00:00Z,1617,1638,1485.9805825242718,1830.1810416666676,1732.7935791015625,-21,131.01941747572823,-213.18104166666762,-115.7935791015625,2014-09-17,22,1638,1485.9805825242718,131.01941747572823
2014-09-17T23:00:00Z,837,894,717.3153846153846,986.6848749999997,994.22100830078125,-57,119.68461538461543,-149.6848749999997,-157.22100830078125,2014-09-17,23,894,717.3153846153846,119.68461538461543
2014-09-18T00:00:00Z,408,480,537.8245614035088,482.00833333333316,479.35638427734375,-72,-129.82456140350882,-74.00833333333316,-71.35638427734375,2014-09-18,0,480,537.8245614035088,-129.82456140350882
2014-09-18T01:00:00Z,242,296,390.9457013574661,270.407125,279.6640625,-54,-148.94570135746608,-28.407125000000008,-37.6640625,2014-09-18,1,296,390.9457013574661,-148.94570135746608
2014-09-18T02:00:00Z,168,185,184.91666666666666,187.2011666666667,198.38099670410156,-17,-16.916666666666657,-19.201166666666694,-30.380996704101563,2014-09-18,2,185,184.91666666666666,-16.916666666666657
2014-09-18T03:00:00Z,273,279,390.9457013574661,278.8247083333333,284.9584655761719,-6,-117.94570135746608,-5.824708333333319,-11.958465576171875,2014-09-18,3,279,390.9457013574661,-117.94570135746608
2014-09-18T04:00:00Z,455,445,390.9457013574661,426.7817916666668,440.0726318359375,10,64.05429864253392,28.218208333333223,14.9273681640625,2014-09-18,4,445,390.9457013574661,64.05429864253392
2014-09-18T05:00:00Z,857,326,390.9457013574661,519.8404583333333,493.3236389160156,531,466.0542986425339,337.15954166666666,363.6763610839844,2014-09-18,5,326,390.9457013574661,466.0542986425339
2014-09-18T06:00:00Z,1439,1042,1235.8940397350993,1161.519333333333,1205.430419921875,397,203.10596026490066,277.48066666666705,233.569580078125,2014-09-18,6,1042,1235.8940397350993,203.10596026490066
2014-09-18T07:00:00Z,1914,1563,1686.2191780821918,1502.4886666666673,1483.0303955078125,351,227.78082191780823,411.5113333333327,430.9696044921875,2014-09-18,7,1563,1686.2191780821918,227.78082191780823
2014-09-18T08:00:00Z,1820,1742,1686.2191780821918,1850.6582916666669,1889.9891357421875,78,133.78082191780823,-30.658291666666855,-69.9891357421875,2014-09-18,8,1742,1686.2191780821918,133.78082191780823
2014-09-18T09:00:00Z,1349,1408,1380.8959810874705,1572.8201666666666,1552.761474609375,-59,-31.895981087470545,-223.82016666666664,-203.761474609375,2014-09-18,9,1408,1380.8959810874705,-31.895981087470545
2014-09-18T10:00:00Z,1280,1251,1380.8959810874705,1304.3364166666663,1211.3365478515625,29,-100.89598108747055,-24.33641666666631,68.6634521484375,2014-09-18,10,1251,1380.8959810874705,-100.89598108747055
2014-09-18T11:00:00Z,1319,1332,1380.8959810874705,1285.8280833333336,1249.2862548828125,-13,-61.895981087470545,33.17191666666645,69.7137451171875,2014-09-18,11,1332,1380.8959810874705,-61.895981087470545
2014-09-18T12:00:00Z,1303,1331,1380.8959810874705,1382.2538750000003,1369.3143310546875,-28,-77.89598108747055,-79.25387500000033,-66.3143310546875,2014-09-18,12,1331,1380.8959810874705,-77.89598108747055
2014-09-18T13:00:00Z,1603,1577,1686.2191780821918,1465.0057916666667,1465.484375,26,-83.21917808219177,137.9942083333333,137.515625,2014-09-18,13,1577,1686.2191780821918,-83.21917808219177
2014-09-18T14:00:00Z,1866,1903,2054.1373626373625,1812.3556666666668,1814.8724365234375,-37,-188.13736263736246,53.64433333333318,51.1275634765625,2014-09-18,14,1903,2054.1373626373625,-188.13736263736246
2014-09-18T15:00:00Z,2272,2200,2054.1373626373625,2053.047875000001,2019.5562744140625,72,217.86263736263754,218.9521249999989,252.4437255859375,2014-09-18,15,2200,2054.1373626373625,217.86263736263754
2014-09-18T16:00:00Z,2685,2596,2054.1373626373625,2289.527041666667,2260.4013671875,89,630.8626373626375,395.4729583333328,424.5986328125,2014-09-18,16,2596,2054.1373626373625,630.8626373626375
2014-09-18T17:00:00Z,3133,2852,2054.1373626373625,2391.9075833333336,2567.173583984375,281,1078.8626373626375,741.0924166666664,565.826416015625,2014-09-18,17,2852,2054.1373626373625,1078.8626373626375
2014-09-18T18:00:00Z,3225,2908,2054.1373626373625,2501.2965416666666,2513.042236328125,317,1170.8626373626375,723.7034583333334,711.957763671875,2014-09-18,18,2908,2054.1373626373625,1170.8626373626375
2014-09-18T19:00:00Z,3206,2724,2054.1373626373625,2483.6758750000013,2471.14306640625,482,1151.8626373626375,722.3241249999987,734.85693359375,2014-09-18,19,2724,2054.1373626373625,1151.8626373626375
2014-09-18T20:00:00Z,2877,2537,2054.1373626373625,2472.112791666668,2471.60400390625,340,822.8626373626375,404.8872083333322,405.39599609375,2014-09-18,20,2537,2054.1373626373625,822.8626373626375
2014-09-18T21:00:00Z,2836,2430,2054.1373626373625,2331.640083333334,2476.518798828125,406,781.8626373626375,504.35991666666587,359.481201171875,2014-09-18,21,2430,2054.1373626373625,781.8626373626375
2014-09-18T22:00:00Z,2271,1812,1686.2191780821918,2283.224458333333,2414.23193359375,459,584.7808219178082,-12.224458333333132,-143.23193359375,2014-09-18,22,1812,1686.2191780821918,584.7808219178082
2014-09-18T23:00:00Z,1473,1220,1380.8959810874705,1653.8912083333341,1481.4664306640625,253,92.10401891252945,-180.89120833333413,-8.4664306640625,2014-09-18,23,1220,1380.8959810874705,92.10401891252945
2014-09-19T00:00:00Z,656,600,717.3153846153846,819.9798749999999,802.3009033203125,56,-61.31538461538457,-163.97987499999988,-146.3009033203125,2014-09-19,0,600,717.3153846153846,-61.31538461538457
2014-09-19T01:00:00Z,432,390,390.9457013574661,421.29949999999997,394.8276062011719,42,41.05429864253392,10.700500000000034,37.172393798828125,2014-09-19,1,390,390.9457013574661,41.05429864253392
2014-09-19T02:00:00Z,268,262,390.9457013574661,260.24483333333336,278.1546936035156,6,-122.94570135746608,7.755166666666639,-10.154693603515625,2014-09-19,2,262,390.9457013574661,-122.94570135746608
2014-09-19T03:00:00Z,374,330,390.9457013574661,334.863125,329.3143615722656,44,-16.945701357466078,39.136874999999975,44.685638427734375,2014-09-19,3,330,390.9457013574661,-16.945701357466078
2014-09-19T04:00:00Z,467,478,537.8245614035088,471.9354583333337,479.4966125488281,-11,-70.82456140350882,-4.935458333333713,-12.496612548828125,2014-09-19,4,478,537.8245614035088,-70.82456140350882
2014-09-19T05:00:00Z,784,820,773.0185185185185,772.3199583333341,802.22418212890625,-36,10.981481481481524,11.680041666665943,-18.22418212890625,2014-09-19,5,820,773.0185185185185,10.981481481481524
2014-09-19T06:00:00Z,1403,1287,1380.8959810874705,1190.7450000000001,1160.4339599609375,116,22.104018912529455,212.25499999999988,242.5660400390625,2014-09-19,6,1287,1380.8959810874705,22.104018912529455
2014-09-19T07:00:00Z,1799,1667,1686.2191780821918,1506.3502500000002,1517.637451171875,132,112.78082191780823,292.6497499999998,281.362548828125,2014-09-19,7,1667,1686.2191780821918,112.78082191780823
2014-09-19T08:00:00Z,1770,1746,1686.2191780821918,1792.568416666666,1879.016845703125,24,83.78082191780823,-22.568416666666053,-109.016845703125,2014-09-19,8,1746,1686.2191780821918,83.78082191780823
2014-09-19T09:00:00Z,1380,1394,1380.8959810874705,1595.0156666666664,1706.5269775390625,-14,-0.8959810874705454,-215.01566666666645,-326.5269775390625,2014-09-19,9,1394,1380.8959810874705,-0.8959810874705454
2014-09-19T10:00:00Z,1322,1358,1380.8959810874705,1351.9867916666665,1276.1527099609375,-36,-58.895981087470545,-29.986791666666477,45.8472900390625,2014-09-19,10,1358,1380.8959810874705,-58.895981087470545
2014-09-19T11:00:00Z,1307,1284,1380.8959810874705,1299.1397083333334,1340.8558349609375,23,-73.89598108747055,7.860291666666626,-33.8558349609375,2014-09-19,11,1284,1380.8959810874705,-73.89598108747055
2014-09-19T12:00:00Z,1356,1321,1380.8959810874705,1370.5417083333332,1350.204345703125,35,-24.895981087470545,-14.54170833333319,5.795654296875,2014-09-19,12,1321,1380.8959810874705,-24.895981087470545
2014-09-19T13:00:00Z,1570,1545,1686.2191780821918,1512.4646666666665,1516.3856201171875,25,-116.21917808219177,57.53533333333348,53.6143798828125,2014-09-19,13,1545,1686.2191780821918,-116.21917808219177
2014-09-19T14:00:00Z,1919,1717,1686.2191780821918,1761.3104583333336,1705.4278564453125,202,232.78082191780823,157.6895416666664,213.5721435546875,2014-09-19,14,1717,1686.2191780821918,232.78082191780823
2014-09-19T15:00:00Z,2267,2068,1838.764705882353,2032.1419583333338,2033.4990234375,199,428.2352941176471,234.85804166666617,233.5009765625,2014-09-19,15,2068,1838.764705882353,428.2352941176471
2014-09-19T16:00:00Z,2510,2328,1838.764705882353,2270.5219166666666,2260.4013671875,182,671.2352941176471,239.47808333333342,249.5986328125,2014-09-19,16,2328,1838.764705882353,671.2352941176471
2014-09-19T17:00:00Z,2896,2692,1838.764705882353,2368.0210833333335,2567.173583984375,204,1057.235294117647,527.9789166666665,328.826416015625,2014-09-19,17,2692,1838.764705882353,1057.235294117647
2014-09-19T18:00:00Z,3210,2915,1838.764705882353,2401.368791666667,2513.042236328125,295,1371.235294117647,808.6312083333328,696.957763671875,2014-09-19,18,2915,1838.764705882353,1371.235294117647
2014-09-19T19:00:00Z,2936,2890,1838.764705882353,2476.0756250000004,2471.14306640625,46,1097.235294117647,459.9243749999996,464.85693359375,2014-09-19,19,2890,1838.764705882353,1097.235294117647
2014-09-19T20:00:00Z,2625,2542,1838.764705882353,2384.447083333334,2471.60400390625,83,786.2352941176471,240.55291666666608,153.39599609375,2014-09-19,20,2542,1838.764705882353,786.2352941176471
2014-09-19T21:00:00Z,2758,2710,1838.764705882353,2326.365208333334,2471.60400390625,48,919.2352941176471,431.63479166666593,286.39599609375,2014-09-19,21,2710,1838.764705882353,919.2352941176471
2014-09-19T22:00:00Z,2709,2778,1838.764705882353,2277.268916666667,2476.518798828125,-69,870.2352941176471,431.7310833333331,232.481201171875,2014-09-19,22,2778,1838.764705882353,870.2352941176471
2014-09-19T23:00:00Z,2299,2418,1838.764705882353,2171.9614999999994,2307.00390625,-119,460.2352941176471,127.03850000000057,-8.00390625,2014-09-19,23,2418,1838.764705882353,460.2352941176471
2014-09-20T00:00:00Z,1701,1816,1050.1538461538462,1610.736499999999,1685.612060546875,-115,650.8461538461538,90.26350000000093,15.387939453125,2014-09-20,0,1816,1050.1538461538462,650.8461538461538
2014-09-20T01:00:00Z,1164,1219,1062.3725490196077,1114.4266249999994,1145.55078125,-55,101.62745098039227,49.573375000000624,18.44921875,2014-09-20,1,1219,1062.3725490196077,101.62745098039227
2014-09-20T02:00:00Z,717,783,717.3153846153846,786.9357083333337,779.9810791015625,-66,-0.3153846153845734,-69.93570833333365,-62.9810791015625,2014-09-20,2,783,717.3153846153846,-0.3153846153845734
2014-09-20T03:00:00Z,499,527,537.8245614035088,506.6113750000001,528.31494140625,-28,-38.824561403508824,-7.611375000000123,-29.31494140625,2014-09-20,3,527,537.8245614035088,-38.824561403508824
2014-09-20T04:00:00Z,386,363,390.9457013574661,378.597125,393.18359375,23,-4.945701357466078,7.4028749999999945,-7.18359375,2014-09-20,4,363,390.9457013574661,-4.945701357466078
2014-09-20T05:00:00Z,373,409,390.9457013574661,420.84187499999985,443.6929626464844,-36,-17.945701357466078,-47.841874999999845,-70.692962646484375,2014-09-20,5,409,390.9457013574661,-17.945701357466078
2014-09-20T06:00:00Z,547,489,773.0185185185185,519.8831666666669,532.65118408203125,58,-226.01851851851848,27.116833333333147,14.34881591796875,2014-09-20,6,489,773.0185185185185,-226.01851851851848
2014-09-20T07:00:00Z,741,660,773.0185185185185,701.7178750000004,689.98297119140625,81,-32.018518518518476,39.28212499999961,51.01702880859375,2014-09-20,7,660,773.0185185185185,-32.018518518518476
2014-09-20T08:00:00Z,906,934,1235.8940397350993,910.169,918.271240234375,-28,-329.89403973509934,-4.168999999999983,-12.271240234375,2014-09-20,8,934,1235.8940397350993,-329.89403973509934
2014-09-20T09:00:00Z,1114,1062,1235.8940397350993,1050.8781250000002,1010.4288940429688,52,-121.89403973509934,63.12187499999982,103.57110595703125,2014-09-20,9,1062,1235.8940397350993,-121.89403973509934
2014-09-20T10:00:00Z,1269,1301,1380.8959810874705,1252.1541666666662,1232.814453125,-32,-111.89598108747055,16.845833333333758,36.185546875,2014-09-20,10,1301,1380.8959810874705,-111.89598108747055
2014-09-20T11:00:00Z,1434,1458,1380.8959810874705,1352.5196250000006,1363.539794921875,-24,53.104018912529455,81.48037499999941,70.460205078125,2014-09-20,11,1458,1380.8959810874705,53.104018912529455
2014-09-20T12:00:00Z,1532,1523,1686.2191780821918,1520.8578750000001,1508.4495849609375,9,-154.21917808219177,11.14212499999985,23.5504150390625,2014-09-20,12,1523,1686.2191780821918,-154.21917808219177
2014-09-20T13:00:00Z,1672,1794,1686.2191780821918,1663.1254166666663,1640.7998046875,-122,-14.219178082191775,8.874583333333703,31.2001953125,2014-09-20,13,1794,1686.2191780821918,-14.219178082191775
2014-09-20T14:00:00Z,1977,2733,1838.764705882353,1843.4380833333335,1851.697021484375,-756,138.23529411764707,133.56191666666655,125.302978515625,2014-09-20,14,2733,1838.764705882353,138.23529411764707
2014-09-20T15:00:00Z,2157,3056,1838.764705882353,2050.9167500000003,2069.788330078125,-899,318.2352941176471,106.08324999999968,87.211669921875,2014-09-20,15,3056,1838.764705882353,318.2352941176471
2014-09-20T16:00:00Z,2453,3024,1838.764705882353,2249.705541666667,2226.955078125,-571,614.2352941176471,203.29445833333284,226.044921875,2014-09-20,16,3024,1838.764705882353,614.2352941176471
2014-09-20T17:00:00Z,2660,3023,1838.764705882353,2376.8989999999994,2539.630859375,-363,821.2352941176471,283.10100000000057,120.369140625,2014-09-20,17,3023,1838.764705882353,821.2352941176471
2014-09-20T18:00:00Z,2675,3437,1838.764705882353,2387.5835000000006,2471.091552734375,-762,836.2352941176471,287.41649999999936,203.908447265625,2014-09-20,18,3437,1838.764705882353,836.2352941176471
2014-09-20T19:00:00Z,2666,3332,1838.764705882353,2357.827333333334,2429.192138671875,-666,827.2352941176471,308.1726666666659,236.807861328125,2014-09-20,19,3332,1838.764705882353,827.2352941176471
2014-09-20T20:00:00Z,2452,2601,1838.764705882353,2357.9538333333344,2432.525146484375,-149,613.2352941176471,94.04616666666561,19.474853515625,2014-09-20,20,2601,1838.764705882353,613.2352941176471
2014-09-20T21:00:00Z,2522,2625,1838.764705882353,2321.2865833333335,2437.6591796875,-103,683.2352941176471,200.7134166666665,84.3408203125,2014-09-20,21,2625,1838.764705882353,683.2352941176471
2014-09-20T22:00:00Z,2653,2577,1838.764705882353,2301.8906666666667,2437.6591796875,76,814.2352941176471,351.1093333333333,215.3408203125,2014-09-20,22,2577,1838.764705882353,814.2352941176471
2014-09-20T23:00:00Z,2594,2459,1838.764705882353,2305.1444166666674,2423.7734375,135,755.2352941176471,288.85558333333256,170.2265625,2014-09-20,23,2459,1838.764705882353,755.2352941176471
2014-09-21T00:00:00Z,2443,1804,1686.2191780821918,2138.1957916666665,2360.236572265625,639,756.7808219178082,304.80420833333346,82.763427734375,2014-09-21,0,1804,1686.2191780821918,756.7808219178082
2014-09-21T01:00:00Z,2025,1261,1380.8959810874705,1654.2689166666667,1732.1700439453125,764,644.1040189125295,370.73108333333334,292.8299560546875,2014-09-21,1,1261,1380.8959810874705,644.1040189125295
2014-09-21T02:00:00Z,1164,877,717.3153846153846,1073.5459166666665,1269.3670654296875,287,446.6846153846154,90.45408333333353,-105.3670654296875,2014-09-21,2,877,717.3153846153846,446.6846153846154
2014-09-21T03:00:00Z,583,550,537.8245614035088,754.7857916666665,734.54742431640625,33,45.175438596491176,-171.78579166666646,-151.54742431640625,2014-09-21,3,550,537.8245614035088,45.175438596491176
2014-09-21T04:00:00Z,379,365,390.9457013574661,428.40091666666683,404.3297119140625,14,-11.945701357466078,-49.40091666666683,-25.3297119140625,2014-09-21,4,365,390.9457013574661,-11.945701357466078
2014-09-21T05:00:00Z,400,383,390.9457013574661,379.85687499999983,407.6402893066406,17,9.054298642533922,20.14312500000017,-7.640289306640625,2014-09-21,5,383,390.9457013574661,9.054298642533922
2014-09-21T06:00:00Z,432,419,390.9457013574661,453.74008333333325,465.40313720703125,13,41.05429864253392,-21.740083333333246,-33.40313720703125,2014-09-21,6,419,390.9457013574661,41.05429864253392
2014-09-21T07:00:00Z,561,566,537.8245614035088,583.0255833333335,578.8226318359375,-5,23.175438596491176,-22.025583333333543,-17.8226318359375,2014-09-21,7,566,537.8245614035088,23.175438596491176
2014-09-21T08:00:00Z,723,770,773.0185185185185,703.5282083333335,688.36627197265625,-47,-50.018518518518476,19.47179166666649,34.63372802734375,2014-09-21,8,770,773.0185185185185,-50.018518518518476
2014-09-21T09:00:00Z,932,969,1034.64681724846,870.4104583333338,909.3232421875,-37,-102.64681724845991,61.58954166666615,22.6767578125,2014-09-21,9,969,1034.64681724846,-102.64681724845991
2014-09-21T10:00:00Z,1122,1123,1235.8940397350993,1085.2389166666667,1050.6829833984375,-1,-113.89403973509934,36.76108333333332,71.3170166015625,2014-09-21,10,1123,1235.8940397350993,-113.89403973509934
2014-09-21T11:00:00Z,1258,1359,1380.8959810874705,1288.900875,1273.859619140625,-101,-122.89598108747055,-30.900875000000042,-15.859619140625,2014-09-21,11,1359,1380.8959810874705,-122.89598108747055
2014-09-21T12:00:00Z,1348,1323,1380.8959810874705,1344.0680416666673,1333.794189453125,25,-32.895981087470545,3.931958333332659,14.205810546875,2014-09-21,12,1323,1380.8959810874705,-32.895981087470545
2014-09-21T13:00:00Z,1474,1512,1686.2191780821918,1495.2323750000005,1474.3309326171875,-38,-212.21917808219177,-21.232375000000502,-0.3309326171875,2014-09-21,13,1512,1686.2191780821918,-212.21917808219177
2014-09-21T14:00:00Z,1549,1587,1686.2191780821918,1574.7394166666656,1584.5465087890625,-38,-137.21917808219177,-25.739416666665647,-35.5465087890625,2014-09-21,14,1587,1686.2191780821918,-137.21917808219177
2014-09-21T15:00:00Z,1565,1786,1686.2191780821918,1705.1467916666663,1694.24365234375,-221,-121.21917808219177,-140.14679166666633,-129.24365234375,2014-09-21,15,1786,1686.2191780821918,-121.21917808219177
2014-09-21T16:00:00Z,1683,1903,2054.1373626373625,1775.622041666667,1716.925048828125,-220,-371.13736263736246,-92.62204166666697,-33.925048828125,2014-09-21,16,1903,2054.1373626373625,-371.13736263736246
2014-09-21T17:00:00Z,1654,1870,2054.1373626373625,1790.90725,1787.221923828125,-216,-400.13736263736246,-136.90724999999998,-133.221923828125,2014-09-21,17,1870,2054.1373626373625,-400.13736263736246
2014-09-21T18:00:00Z,1684,1796,2073.7619047619046,1750.3467916666661,1682.1322021484375,-112,-389.7619047619046,-66.34679166666615,1.8677978515625,2014-09-21,18,1796,2073.7619047619046,-389.7619047619046
2014-09-21T19:00:00Z,1530,1624,2073.7619047619046,1714.0224999999998,1656.34521484375,-94,-543.7619047619046,-184.0224999999998,-126.34521484375,2014-09-21,19,1624,2073.7619047619046,-543.7619047619046
2014-09-21T20:00:00Z,1378,1521,2073.7619047619046,1603.9735833333334,1520.4259033203125,-143,-695.7619047619046,-225.9735833333334,-142.4259033203125,2014-09-21,20,1521,2073.7619047619046,-695.7619047619046
2014-09-21T21:00:00Z,1230,1237,1380.8959810874705,1381.338416666667,1338.2783203125,-7,-150.89598108747055,-151.33841666666694,-108.2783203125,2014-09-21,21,1237,1380.8959810874705,-150.89598108747055
2014-09-21T22:00:00Z,932,1012,1235.8940397350993,1232.1701666666668,1138.117431640625,-80,-303.89403973509934,-300.1701666666668,-206.117431640625,2014-09-21,22,1012,1235.8940397350993,-303.89403973509934
2014-09-21T23:00:00Z,571,505,1575.7272727272727,803.0629583333337,669.10748291015625,66,-1004.7272727272727,-232.06295833333365,-98.10748291015625,2014-09-21,23,505,1575.7272727272727,-1004.7272727272727
2014-09-22T00:00:00Z,277,257,390.9457013574661,431.8393333333334,359.2024841308594,20,-113.94570135746608,-154.8393333333334,-82.202484130859375,2014-09-22,0,257,390.9457013574661,-113.94570135746608
2014-09-22T01:00:00Z,165,172,184.91666666666666,250.84433333333334,210.6902313232422,-7,-19.916666666666657,-85.84433333333334,-45.69023132324219,2014-09-22,1,172,184.91666666666666,-19.916666666666657
2014-09-22T02:00:00Z,149,158,184.91666666666666,183.84383333333344,195.09385681152344,-9,-35.91666666666666,-34.843833333333436,-46.09385681152344,2014-09-22,2,158,184.91666666666666,-35.91666666666666
2014-09-22T03:00:00Z,346,346,390.9457013574661,311.61254166666686,352.7658386230469,0,-44.94570135746608,34.38745833333314,-6.765838623046875,2014-09-22,3,346,390.9457013574661,-44.94570135746608
2014-09-22T04:00:00Z,550,571,717.3153846153846,508.59995833333363,517.92596435546875,-21,-167.31538461538457,41.40004166666637,32.07403564453125,2014-09-22,4,571,717.3153846153846,-167.31538461538457
2014-09-22T05:00:00Z,943,883,717.3153846153846,720.6217916666668,796.43365478515625,60,225.68461538461543,222.3782083333332,146.56634521484375,2014-09-22,5,883,717.3153846153846,225.68461538461543
2014-09-22T06:00:00Z,1357,1357,1062.3725490196077,1161.382041666667,1157.69287109375,0,294.62745098039227,195.61795833333304,199.30712890625,2014-09-22,6,1357,1062.3725490196077,294.62745098039227
2014-09-22T07:00:00Z,1671,1694,1050.1538461538462,1251.6213333333342,1216.4578857421875,-23,620.8461538461538,419.3786666666658,454.5421142578125,2014-09-22,7,1694,1050.1538461538462,620.8461538461538
2014-09-22T08:00:00Z,1606,1706,1050.1538461538462,1407.890375,1331.52294921875,-100,555.8461538461538,198.10962500000005,274.47705078125,2014-09-22,8,1706,1050.1538461538462,555.8461538461538
2014-09-22T09:00:00Z,1186,1249,1380.8959810874705,1281.7465000000002,1272.0408935546875,-63,-194.89598108747055,-95.7465000000002,-86.0408935546875,2014-09-22,9,1249,1380.8959810874705,-194.89598108747055
2014-09-22T10:00:00Z,1135,1032,1034.64681724846,1153.5152083333335,1103.481201171875,103,100.35318275154009,-18.515208333333476,31.518798828125,2014-09-22,10,1032,1034.64681724846,100.35318275154009
2014-09-22T11:00:00Z,1069,1055,1235.8940397350993,1178.8675416666667,1108.80908203125,14,-166.89403973509934,-109.86754166666674,-39.80908203125,2014-09-22,11,1055,1235.8940397350993,-166.89403973509934
2014-09-22T12:00:00Z,1048,1060,1235.8940397350993,1170.714916666666,1147.4874267578125,-12,-187.89403973509934,-122.71491666666611,-99.4874267578125,2014-09-22,12,1060,1235.8940397350993,-187.89403973509934
2014-09-22T13:00:00Z,1201,1277,1380.8959810874705,1258.354375,1281.412841796875,-76,-179.89598108747055,-57.35437499999989,-80.412841796875,2014-09-22,13,1277,1380.8959810874705,-179.89598108747055
2014-09-22T14:00:00Z,1391,1454,1380.8959810874705,1396.891875,1436.22802734375,-63,10.104018912529455,-5.891875000000027,-45.22802734375,2014-09-22,14,1454,1380.8959810874705,10.104018912529455
2014-09-22T15:00:00Z,1643,1766,1686.2191780821918,1568.1042083333327,1607.620849609375,-123,-43.219178082191775,74.89579166666726,35.379150390625,2014-09-22,15,1766,1686.2191780821918,-43.219178082191775
2014-09-22T16:00:00Z,1879,2186,1838.764705882353,1796.131708333334,1825.501953125,-307,40.23529411764707,82.86829166666598,53.498046875,2014-09-22,16,2186,1838.764705882353,40.23529411764707
2014-09-22T17:00:00Z,1943,2348,1838.764705882353,2000.9908333333335,1990.2159423828125,-405,104.23529411764707,-57.99083333333351,-47.2159423828125,2014-09-22,17,2348,1838.764705882353,104.23529411764707
2014-09-22T18:00:00Z,1934,2155,1838.764705882353,1875.9708333333326,1876.3321533203125,-221,95.23529411764707,58.02916666666738,57.6678466796875,2014-09-22,18,2155,1838.764705882353,95.23529411764707
2014-09-22T19:00:00Z,1801,1910,1838.764705882353,1838.2533749999993,1812.7535400390625,-109,-37.76470588235293,-37.25337499999932,-11.7535400390625,2014-09-22,19,1910,1838.764705882353,-37.76470588235293
2014-09-22T20:00:00Z,1740,1847,1838.764705882353,1771.4067083333337,1793.9700927734375,-107,-98.76470588235293,-31.406708333333654,-53.9700927734375,2014-09-22,20,1847,1838.764705882353,-98.76470588235293
2014-09-22T21:00:00Z,1550,1378,1380.8959810874705,1506.7270416666663,1476.3922119140625,172,169.10401891252945,43.27295833333369,73.6077880859375,2014-09-22,21,1378,1380.8959810874705,169.10401891252945
2014-09-22T22:00:00Z,1072,1020,1034.64681724846,1257.8077500000002,1218.150146484375,52,37.35318275154009,-185.80775000000017,-146.150146484375,2014-09-22,22,1020,1034.64681724846,37.35318275154009
2014-09-22T23:00:00Z,656,573,717.3153846153846,738.8497083333334,694.6068115234375,83,-61.31538461538457,-82.84970833333341,-38.6068115234375,2014-09-22,23,573,717.3153846153846,-61.31538461538457
2014-09-23T00:00:00Z,332,268,390.9457013574661,380.4476250000002,348.47418212890625,64,-58.94570135746608,-48.44762500000019,-16.47418212890625,2014-09-23,0,268,390.9457013574661,-58.94570135746608
2014-09-23T01:00:00Z,175,139,184.91666666666666,199.7060000000001,199.37904357910156,36,-9.916666666666657,-24.706000000000103,-24.379043579101563,2014-09-23,1,139,184.91666666666666,-9.916666666666657
2014-09-23T02:00:00Z,125,125,184.91666666666666,148.72470833333327,154.7105255126953,0,-59.91666666666666,-23.72470833333327,-29.710525512695313,2014-09-23,2,125,184.91666666666666,-59.91666666666666
2014-09-23T03:00:00Z,231,220,184.91666666666666,232.70525000000006,243.15130615234375,11,46.08333333333334,-1.7052500000000634,-12.15130615234375,2014-09-23,3,220,184.91666666666666,46.08333333333334
2014-09-23T04:00:00Z,383,370,390.9457013574661,370.45141666666683,413.3103332519531,13,-7.945701357466078,12.54858333333317,-30.310333251953125,2014-09-23,4,370,390.9457013574661,-7.945701357466078
2014-09-23T05:00:00Z,848,797,773.0185185185185,772.566916666667,812.535888671875,51,74.98148148148152,75.433083333333,35.464111328125,2014-09-23,5,797,773.0185185185185,74.98148148148152
2014-09-23T06:00:00Z,1429,1668,1686.2191780821918,1221.2059166666659,1240.3282470703125,-239,-257.2191780821918,207.79408333333413,188.6717529296875,2014-09-23,6,1668,1686.2191780821918,-257.2191780821918
2014-09-23T07:00:00Z,1754,2308,2054.1373626373625,1458.4324583333332,1549.5601806640625,-554,-300.13736263736246,295.5675416666668,204.4398193359375,2014-09-23,7,2308,2054.1373626373625,-300.13736263736246
2014-09-23T08:00:00Z,1484,2511,2054.1373626373625,1750.39925,1811.363037109375,-1027,-570.1373626373625,-266.39924999999994,-327.363037109375,2014-09-23,8,2511,2054.1373626373625,-570.1373626373625
2014-09-23T09:00:00Z,1201,2021,1485.9805825242718,1409.7005416666664,1346.857666015625,-820,-284.98058252427177,-208.70054166666637,-145.857666015625,2014-09-23,9,2021,1485.9805825242718,-284.98058252427177
2014-09-23T10:00:00Z,1075,1804,1485.9805825242718,1295.393958333333,1292.4097900390625,-729,-410.98058252427177,-220.3939583333331,-217.4097900390625,2014-09-23,10,1804,1485.9805825242718,-410.98058252427177
2014-09-23T11:00:00Z,1065,1360,1380.8959810874705,1230.711541666666,1195.2855224609375,-295,-315.89598108747055,-165.7115416666661,-130.2855224609375,2014-09-23,11,1360,1380.8959810874705,-315.89598108747055
2014-09-23T12:00:00Z,1039,1265,1380.8959810874705,1184.8789583333337,1173.6136474609375,-226,-341.89598108747055,-145.87895833333369,-134.6136474609375,2014-09-23,12,1265,1380.8959810874705,-341.89598108747055
2014-09-23T13:00:00Z,1207,1407,1380.8959810874705,1272.9662083333324,1275.4842529296875,-200,-173.89598108747055,-65.96620833333236,-68.4842529296875,2014-09-23,13,1407,1380.8959810874705,-173.89598108747055
2014-09-23T14:00:00Z,1484,1757,1686.2191780821918,1473.2142083333338,1529.978515625,-273,-202.21917808219177,10.785791666666228,-45.978515625,2014-09-23,14,1757,1686.2191780821918,-202.21917808219177
2014-09-23T15:00:00Z,1725,2129,2054.1373626373625,1748.5977500000001,1746.3402099609375,-404,-329.13736263736246,-23.597750000000133,-21.3402099609375,2014-09-23,15,2129,2054.1373626373625,-329.13736263736246
2014-09-23T16:00:00Z,1913,2542,2054.1373626373625,1907.6495000000002,1937.6512451171875,-629,-141.13736263736246,5.3504999999997835,-24.6512451171875,2014-09-23,16,2542,2054.1373626373625,-141.13736263736246
2014-09-23T17:00:00Z,2181,2744,2054.1373626373625,2063.343541666666,2057.21875,-563,126.86263736263754,117.65645833333383,123.78125,2014-09-23,17,2744,2054.1373626373625,126.86263736263754
2014-09-23T18:00:00Z,2335,2582,2054.1373626373625,2122.849625,2082.12744140625,-247,280.86263736263754,212.15037500000017,252.87255859375,2014-09-23,18,2582,2054.1373626373625,280.86263736263754
2014-09-23T19:00:00Z,2264,2279,2054.1373626373625,2230.0985416666654,2200.669677734375,-15,209.86263736263754,33.90145833333463,63.330322265625,2014-09-23,19,2279,2054.1373626373625,209.86263736263754
2014-09-23T20:00:00Z,2062,2123,2054.1373626373625,2110.8016250000014,2058.577880859375,-61,7.8626373626375425,-48.80162500000142,3.422119140625,2014-09-23,20,2123,2054.1373626373625,7.8626373626375425
2014-09-23T21:00:00Z,1845,1793,1686.2191780821918,1987.7619583333342,1920.6539306640625,52,158.78082191780823,-142.76195833333418,-75.6539306640625,2014-09-23,21,1793,1686.2191780821918,158.78082191780823
2014-09-23T22:00:00Z,1409,1233,1380.8959810874705,1399.7752083333337,1345.1104736328125,176,28.104018912529455,9.224791666666306,63.8895263671875,2014-09-23,22,1233,1380.8959810874705,28.104018912529455
2014-09-23T23:00:00Z,750,647,717.3153846153846,875.1357083333336,835.8848876953125,103,32.68461538461543,-125.13570833333358,-85.8848876953125,2014-09-23,23,647,717.3153846153846,32.68461538461543
2014-09-24T00:00:00Z,413,363,390.9457013574661,423.5520833333335,401.57012939453125,50,22.054298642533922,-10.552083333333485,11.42987060546875,2014-09-24,0,363,390.9457013574661,22.054298642533922
2014-09-24T01:00:00Z,220,204,184.91666666666666,229.76616666666666,228.01351928710938,16,35.08333333333334,-9.766166666666663,-8.013519287109375,2014-09-24,1,204,184.91666666666666,35.08333333333334
2014-09-24T02:00:00Z,145,156,184.91666666666666,174.54566666666665,179.1852264404297,-11,-39.91666666666666,-29.545666666666648,-34.18522644042969,2014-09-24,2,156,184.91666666666666,-39.91666666666666
2014-09-24T03:00:00Z,267,257,390.9457013574661,260.5129583333333,272.349609375,10,-123.94570135746608,6.487041666666698,-5.349609375,2014-09-24,3,257,390.9457013574661,-123.94570135746608
2014-09-24T04:00:00Z,423,437,390.9457013574661,417.0765416666668,431.9503479003906,-14,32.05429864253392,5.923458333333201,-8.950347900390625,2014-09-24,4,437,390.9457013574661,32.05429864253392
2014-09-24T05:00:00Z,804,774,773.0185185185185,757.666166666667,784.395263671875,30,30.981481481481524,46.33383333333302,19.604736328125,2014-09-24,5,774,773.0185185185185,30.981481481481524
2014-09-24T06:00:00Z,1410,1553,1686.2191780821918,1213.2652083333332,1197.89111328125,-143,-276.2191780821918,196.73479166666675,212.10888671875,2014-09-24,6,1553,1686.2191780821918,-276.2191780821918
2014-09-24T07:00:00Z,1741,1963,2054.1373626373625,1518.3581666666669,1543.4425048828125,-222,-313.13736263736246,222.64183333333312,197.5574951171875,2014-09-24,7,1963,2054.1373626373625,-313.13736263736246
2014-09-24T08:00:00Z,1536,1675,1686.2191780821918,1743.2233749999996,1745.435546875,-139,-150.21917808219177,-207.22337499999958,-209.435546875,2014-09-24,8,1675,1686.2191780821918,-150.21917808219177
2014-09-24T09:00:00Z,1245,1283,1380.8959810874705,1324.7462916666666,1290.1400146484375,-38,-135.89598108747055,-79.7462916666666,-45.1400146484375,2014-09-24,9,1283,1380.8959810874705,-135.89598108747055
2014-09-24T10:00:00Z,1176,1235,1380.8959810874705,1177.10275,1169.8392333984375,-59,-204.89598108747055,-1.1027500000000146,6.1607666015625,2014-09-24,10,1235,1380.8959810874705,-204.89598108747055
2014-09-24T11:00:00Z,1242,1195,1380.8959810874705,1141.5051666666664,1184.8585205078125,47,-138.89598108747055,100.49483333333364,57.1414794921875,2014-09-24,11,1195,1380.8959810874705,-138.89598108747055
2014-09-24T12:00:00Z,1122,1312,1380.8959810874705,1202.5015,1240.900634765625,-190,-258.89598108747055,-80.50150000000008,-118.900634765625,2014-09-24,12,1312,1380.8959810874705,-258.89598108747055
2014-09-24T13:00:00Z,1349,1557,1485.9805825242718,1331.5934999999997,1299.805419921875,-208,-136.98058252427177,17.40650000000028,49.194580078125,2014-09-24,13,1557,1485.9805825242718,-136.98058252427177
2014-09-24T14:00:00Z,1659,1768,1686.2191780821918,1607.0504166666663,1609.7418212890625,-109,-27.219178082191775,51.94958333333375,49.2581787109375,2014-09-24,14,1768,1686.2191780821918,-27.219178082191775
2014-09-24T15:00:00Z,1924,2154,2054.1373626373625,1867.549916666667,1879.306640625,-230,-130.13736263736246,56.45008333333294,44.693359375,2014-09-24,15,2154,2054.1373626373625,-130.13736263736246
2014-09-24T16:00:00Z,2127,2519,2054.1373626373625,2060.332791666666,2042.435546875,-392,72.86263736263754,66.6672083333342,84.564453125,2014-09-24,16,2519,2054.1373626373625,72.86263736263754
2014-09-24T17:00:00Z,2302,2750,2054.1373626373625,2314.2451666666675,2277.066650390625,-448,247.86263736263754,-12.245166666667501,24.933349609375,2014-09-24,17,2750,2054.1373626373625,247.86263736263754
2014-09-24T18:00:00Z,2271,2764,2054.1373626373625,2250.120916666667,2299.435302734375,-493,216.86263736263754,20.8790833333328,-28.435302734375,2014-09-24,18,2764,2054.1373626373625,216.86263736263754
2014-09-24T19:00:00Z,2001,2511,2054.1373626373625,2189.9720000000007,2081.630126953125,-510,-53.13736263736246,-188.97200000000066,-80.630126953125,2014-09-24,19,2511,2054.1373626373625,-53.13736263736246
2014-09-24T20:00:00Z,2005,2479,2054.1373626373625,2071.4652083333344,1966.9837646484375,-474,-49.13736263736246,-66.46520833333443,38.0162353515625,2014-09-24,20,2479,2054.1373626373625,-49.13736263736246
2014-09-24T21:00:00Z,1816,2168,2054.1373626373625,2043.8485000000007,1982.8929443359375,-352,-238.13736263736246,-227.84850000000074,-166.8929443359375,2014-09-24,21,2168,2054.1373626373625,-238.13736263736246
2014-09-24T22:00:00Z,1350,1617,1686.2191780821918,1751.3072083333336,1746.479736328125,-267,-336.2191780821918,-401.3072083333336,-396.479736328125,2014-09-24,22,1617,1686.2191780821918,-336.2191780821918
2014-09-24T23:00:00Z,753,837,717.3153846153846,872.2710416666663,833.525390625,-84,35.68461538461543,-119.27104166666629,-80.525390625,2014-09-24,23,837,717.3153846153846,35.68461538461543
2014-09-25T00:00:00Z,382,408,390.9457013574661,448.495625,420.2827453613281,-26,-8.945701357466078,-66.49562500000002,-38.282745361328125,2014-09-25,0,408,390.9457013574661,-8.945701357466078
2014-09-25T01:00:00Z,233,242,184.91666666666666,241.42625000000004,237.9112548828125,-9,48.08333333333334,-8.426250000000039,-4.9112548828125,2014-09-25,1,242,184.91666666666666,48.08333333333334
2014-09-25T02:00:00Z,181,168,184.91666666666666,182.55108333333337,183.65380859375,13,-3.916666666666657,-1.5510833333333665,-2.65380859375,2014-09-25,2,168,184.91666666666666,-3.916666666666657
2014-09-25T03:00:00Z,289,273,390.9457013574661,284.7044583333334,287.7567443847656,16,-101.94570135746608,4.295541666666622,1.243255615234375,2014-09-25,3,273,390.9457013574661,-101.94570135746608
2014-09-25T04:00:00Z,436,455,390.9457013574661,429.6568749999999,442.67779541015625,-19,45.05429864253392,6.3431250000001,-6.67779541015625,2014-09-25,4,455,390.9457013574661,45.05429864253392
2014-09-25T05:00:00Z,811,857,773.0185185185185,758.5177083333338,796.76116943359375,-46,37.981481481481524,52.48229166666624,14.23883056640625,2014-09-25,5,857,773.0185185185185,37.981481481481524
2014-09-25T06:00:00Z,1737,1439,1380.8959810874705,1208.9170833333342,1206.55810546875,298,356.10401891252945,528.0829166666658,530.44189453125,2014-09-25,6,1439,1380.8959810874705,356.10401891252945
2014-09-25T07:00:00Z,2560,1914,2054.1373626373625,1684.940833333334,1818.0296630859375,646,505.86263736263754,875.059166666666,741.9703369140625,2014-09-25,7,1914,2054.1373626373625,505.86263736263754
2014-09-25T08:00:00Z,2300,1820,1686.2191780821918,2173.792208333333,2438.224365234375,480,613.7808219178082,126.20779166666716,-138.224365234375,2014-09-25,8,1820,1686.2191780821918,613.7808219178082
2014-09-25T09:00:00Z,2118,1349,1380.8959810874705,1766.7101666666672,1886.97509765625,769,737.1040189125295,351.2898333333328,231.02490234375,2014-09-25,9,1349,1380.8959810874705,737.1040189125295
2014-09-25T10:00:00Z,1740,1280,1380.8959810874705,1634.3967916666672,1776.994384765625,460,359.10401891252945,105.60320833333276,-36.994384765625,2014-09-25,10,1280,1380.8959810874705,359.10401891252945
2014-09-25T11:00:00Z,1673,1319,1380.8959810874705,1447.4780833333323,1503.4676513671875,354,292.10401891252945,225.52191666666772,169.5323486328125,2014-09-25,11,1319,1380.8959810874705,292.10401891252945
2014-09-25T12:00:00Z,1585,1303,1380.8959810874705,1378.4852499999993,1404.1473388671875,282,204.10401891252945,206.51475000000073,180.8526611328125,2014-09-25,12,1303,1380.8959810874705,204.10401891252945
2014-09-25T13:00:00Z,1636,1603,1485.9805825242718,1634.4593750000004,1642.8602294921875,33,150.01941747572823,1.5406249999996362,-6.8602294921875,2014-09-25,13,1603,1485.9805825242718,150.01941747572823
2014-09-25T14:00:00Z,1776,1866,2054.1373626373625,1849.5034166666671,1836.9222412109375,-90,-278.13736263736246,-73.50341666666714,-60.9222412109375,2014-09-25,14,1866,2054.1373626373625,-278.13736263736246
2014-09-25T15:00:00Z,2069,2272,2054.1373626373625,2023.485125000001,1985.800048828125,-203,14.862637362637543,45.51487499999894,83.199951171875,2014-09-25,15,2272,2054.1373626373625,14.862637362637543
2014-09-25T16:00:00Z,2422,2685,2054.1373626373625,2273.2063750000007,2215.509765625,-263,367.86263736263754,148.79362499999934,206.490234375,2014-09-25,16,2685,2054.1373626373625,367.86263736263754
2014-09-25T17:00:00Z,2582,3133,2054.1373626373625,2386.4029166666664,2469.801025390625,-551,527.8626373626375,195.59708333333356,112.198974609375,2014-09-25,17,3133,2054.1373626373625,527.8626373626375
2014-09-25T18:00:00Z,2518,3225,2054.1373626373625,2383.9085416666676,2509.832275390625,-707,463.86263736263754,134.0914583333324,8.167724609375,2014-09-25,18,3225,2054.1373626373625,463.86263736263754
2014-09-25T19:00:00Z,2220,3206,2054.1373626373625,2328.425458333333,2459.49560546875,-986,165.86263736263754,-108.42545833333315,-239.49560546875,2014-09-25,19,3206,2054.1373626373625,165.86263736263754
2014-09-25T20:00:00Z,2045,2877,2054.1373626373625,2206.769416666667,2071.290771484375,-832,-9.137362637362457,-161.76941666666698,-26.290771484375,2014-09-25,20,2877,2054.1373626373625,-9.137362637362457
2014-09-25T21:00:00Z,2108,2836,2054.1373626373625,2102.5345,2007.4014892578125,-728,53.86263736263754,5.465499999999793,100.5985107421875,2014-09-25,21,2836,2054.1373626373625,53.86263736263754
2014-09-25T22:00:00Z,1728,2271,2054.1373626373625,1977.2673750000004,1909.4490966796875,-543,-326.13736263736246,-249.26737500000036,-181.4490966796875,2014-09-25,22,2271,2054.1373626373625,-326.13736263736246
2014-09-25T23:00:00Z,1054,1473,1062.3725490196077,1280.17325,1195.6307373046875,-419,-8.372549019607732,-226.17325000000005,-141.6307373046875,2014-09-25,23,1473,1062.3725490196077,-8.372549019607732
2014-09-26T00:00:00Z,606,656,717.3153846153846,678.0867499999996,685.7783203125,-50,-111.31538461538457,-72.0867499999996,-79.7783203125,2014-09-26,0,656,717.3153846153846,-111.31538461538457
2014-09-26T01:00:00Z,346,432,390.9457013574661,397.27695833333314,398.5168762207031,-86,-44.94570135746608,-51.27695833333314,-52.516876220703125,2014-09-26,1,432,390.9457013574661,-44.94570135746608
2014-09-26T02:00:00Z,239,268,390.9457013574661,251.69670833333345,261.34808349609375,-29,-151.94570135746608,-12.696708333333447,-22.34808349609375,2014-09-26,2,268,390.9457013574661,-151.94570135746608
2014-09-26T03:00:00Z,340,374,390.9457013574661,336.1474583333334,349.2109375,-34,-50.94570135746608,3.852541666666582,-9.2109375,2014-09-26,3,374,390.9457013574661,-50.94570135746608
2014-09-26T04:00:00Z,406,467,390.9457013574661,438.672625,447.85345458984375,-61,15.054298642533922,-32.67262499999998,-41.85345458984375,2014-09-26,4,467,390.9457013574661,15.054298642533922
2014-09-26T05:00:00Z,684,784,773.0185185185185,718.5124166666668,724.5657958984375,-100,-89.01851851851848,-34.51241666666681,-40.5657958984375,2014-09-26,5,784,773.0185185185185,-89.01851851851848
2014-09-26T06:00:00Z,1163,1403,1380.8959810874705,1130.1446666666668,1095.269287109375,-240,-217.89598108747055,32.85533333333319,67.730712890625,2014-09-26,6,1403,1380.8959810874705,-217.89598108747055
2014-09-26T07:00:00Z,1525,1799,2073.7619047619046,1472.4552083333338,1443.1800537109375,-274,-548.7619047619046,52.54479166666624,81.8199462890625,2014-09-26,7,1799,2073.7619047619046,-548.7619047619046
2014-09-26T08:00:00Z,1340,1770,2073.7619047619046,1612.2640833333332,1610.2061767578125,-430,-733.7619047619046,-272.26408333333325,-270.2061767578125,2014-09-26,8,1770,2073.7619047619046,-733.7619047619046
2014-09-26T09:00:00Z,1232,1380,1380.8959810874705,1399.1772083333326,1337.5050048828125,-148,-148.89598108747055,-167.1772083333326,-105.5050048828125,2014-09-26,9,1380,1380.8959810874705,-148.89598108747055
2014-09-26T10:00:00Z,1190,1322,1380.8959810874705,1341.1227500000002,1347.466064453125,-132,-190.89598108747055,-151.12275000000022,-157.466064453125,2014-09-26,10,1322,1380.8959810874705,-190.89598108747055
2014-09-26T11:00:00Z,1207,1307,1380.8959810874705,1341.594833333334,1322.280517578125,-100,-173.89598108747055,-134.594833333334,-115.280517578125,2014-09-26,11,1307,1380.8959810874705,-173.89598108747055
2014-09-26T12:00:00Z,1266,1356,1380.8959810874705,1368.9900833333336,1358.8663330078125,-90,-114.89598108747055,-102.99008333333359,-92.8663330078125,2014-09-26,12,1356,1380.8959810874705,-114.89598108747055
2014-09-26T13:00:00Z,1410,1570,1686.2191780821918,1490.9764999999993,1489.689208984375,-160,-276.2191780821918,-80.9764999999993,-79.689208984375,2014-09-26,13,1570,1686.2191780821918,-276.2191780821918
2014-09-26T14:00:00Z,1738,1919,1838.764705882353,1630.9469166666654,1647.0360107421875,-181,-100.76470588235293,107.0530833333346,90.9639892578125,2014-09-26,14,1919,1838.764705882353,-100.76470588235293
2014-09-26T15:00:00Z,2038,2267,1838.764705882353,1908.3732083333339,1900.51513671875,-229,199.23529411764707,129.62679166666612,137.48486328125,2014-09-26,15,2267,1838.764705882353,199.23529411764707
2014-09-26T16:00:00Z,2299,2510,1838.764705882353,2260.989625,2224.423583984375,-211,460.2352941176471,38.01037499999984,74.576416015625,2014-09-26,16,2510,1838.764705882353,460.2352941176471
2014-09-26T17:00:00Z,2626,2896,1838.764705882353,2304.672666666667,2375.743408203125,-270,787.2352941176471,321.3273333333332,250.256591796875,2014-09-26,17,2896,1838.764705882353,787.2352941176471
2014-09-26T18:00:00Z,3039,3210,1838.764705882353,2378.8283750000005,2499.0546875,-171,1200.235294117647,660.1716249999995,539.9453125,2014-09-26,18,3210,1838.764705882353,1200.235294117647
2014-09-26T19:00:00Z,2782,2936,1838.764705882353,2465.8595416666667,2467.93310546875,-154,943.2352941176471,316.1404583333333,314.06689453125,2014-09-26,19,2936,1838.764705882353,943.2352941176471
2014-09-26T20:00:00Z,2440,2625,1838.764705882353,2394.547125000001,2445.467529296875,-185,601.2352941176471,45.45287499999904,-5.467529296875,2014-09-26,20,2625,1838.764705882353,601.2352941176471
2014-09-26T21:00:00Z,2686,2758,1838.764705882353,2273.6980833333337,2312.281494140625,-72,847.2352941176471,412.30191666666633,373.718505859375,2014-09-26,21,2758,1838.764705882353,847.2352941176471
2014-09-26T22:00:00Z,2547,2709,1838.764705882353,2288.6099583333335,2467.068603515625,-162,708.2352941176471,258.39004166666655,79.931396484375,2014-09-26,22,2709,1838.764705882353,708.2352941176471
2014-09-26T23:00:00Z,2355,2299,1485.9805825242718,1912.746416666666,1928.09619140625,56,869.0194174757282,442.25358333333406,426.90380859375,2014-09-26,23,2299,1485.9805825242718,869.0194174757282
2014-09-27T00:00:00Z,1686,1701,1050.1538461538462,1628.9329583333329,1660.4942626953125,-15,635.8461538461538,57.06704166666714,25.5057373046875,2014-09-27,0,1701,1050.1538461538462,635.8461538461538
2014-09-27T01:00:00Z,1232,1164,1034.64681724846,1099.2435416666665,1131.773681640625,68,197.3531827515401,132.7564583333335,100.226318359375,2014-09-27,1,1164,1034.64681724846,197.3531827515401
2014-09-27T02:00:00Z,751,717,717.3153846153846,791.4592499999999,781.111083984375,34,33.68461538461543,-40.459249999999884,-30.111083984375,2014-09-27,2,717,717.3153846153846,33.68461538461543
2014-09-27T03:00:00Z,527,499,537.8245614035088,511.13375,517.5013427734375,28,-10.824561403508824,15.86624999999998,9.4986572265625,2014-09-27,3,499,537.8245614035088,-10.824561403508824
2014-09-27T04:00:00Z,361,386,390.9457013574661,385.86837499999996,401.1406555175781,-25,-29.945701357466078,-24.868374999999958,-40.140655517578125,2014-09-27,4,386,390.9457013574661,-29.945701357466078
2014-09-27T05:00:00Z,422,373,390.9457013574661,404.4140833333333,428.04803466796875,49,31.054298642533922,17.58591666666672,-6.04803466796875,2014-09-27,5,373,390.9457013574661,31.054298642533922
2014-09-27T06:00:00Z,530,547,773.0185185185185,572.4604999999999,605.41473388671875,-17,-243.01851851851848,-42.46049999999991,-75.41473388671875,2014-09-27,6,547,773.0185185185185,-243.01851851851848
2014-09-27T07:00:00Z,679,741,773.0185185185185,706.1741250000002,718.26007080078125,-62,-94.01851851851848,-27.17412500000023,-39.26007080078125,2014-09-27,7,741,773.0185185185185,-94.01851851851848
2014-09-27T08:00:00Z,871,906,773.0185185185185,854.9803750000002,872.0279541015625,-35,97.98148148148152,16.01962499999979,-1.0279541015625,2014-09-27,8,906,773.0185185185185,97.98148148148152
2014-09-27T09:00:00Z,1091,1114,1235.8940397350993,1055.4192083333332,1018.4863891601563,-23,-144.89403973509934,35.580791666666755,72.51361083984375,2014-09-27,9,1114,1235.8940397350993,-144.89403973509934
2014-09-27T10:00:00Z,1276,1269,1380.8959810874705,1202.0516666666665,1165.4725341796875,7,-104.89598108747055,73.9483333333335,110.5274658203125,2014-09-27,10,1269,1380.8959810874705,-104.89598108747055
2014-09-27T11:00:00Z,1434,1434,1380.8959810874705,1310.499041666666,1301.542236328125,0,53.104018912529455,123.50095833333398,132.457763671875,2014-09-27,11,1434,1380.8959810874705,53.104018912529455
2014-09-27T12:00:00Z,1459,1532,1485.9805825242718,1460.1061249999993,1453.3817138671875,-73,-26.980582524271767,-1.1061249999993379,5.6182861328125,2014-09-27,12,1532,1485.9805825242718,-26.980582524271767
2014-09-27T13:00:00Z,1712,1672,1686.2191780821918,1553.5844999999995,1575.34326171875,40,25.780821917808225,158.41550000000052,136.65673828125,2014-09-27,13,1672,1686.2191780821918,25.780821917808225
2014-09-27T14:00:00Z,1889,1977,1838.764705882353,1849.7767916666667,1888.517333984375,-88,50.23529411764707,39.22320833333333,0.482666015625,2014-09-27,14,1977,1838.764705882353,50.23529411764707
2014-09-27T15:00:00Z,2230,2157,1838.764705882353,2003.538583333334,1990.0662841796875,73,391.2352941176471,226.46141666666608,239.9337158203125,2014-09-27,15,2157,1838.764705882353,391.2352941176471
2014-09-27T16:00:00Z,2438,2453,1838.764705882353,2274.821666666667,2227.77490234375,-15,599.2352941176471,163.17833333333283,210.22509765625,2014-09-27,16,2453,1838.764705882353,599.2352941176471
2014-09-27T17:00:00Z,2562,2660,1838.764705882353,2369.5023749999996,2431.903564453125,-98,723.2352941176471,192.49762500000043,130.096435546875,2014-09-27,17,2660,1838.764705882353,723.2352941176471
2014-09-27T18:00:00Z,2787,2675,1838.764705882353,2369.568791666667,2462.966796875,112,948.2352941176471,417.43120833333296,324.033203125,2014-09-27,18,2675,1838.764705882353,948.2352941176471
2014-09-27T19:00:00Z,2683,2666,1838.764705882353,2359.2543750000004,2421.0673828125,17,844.2352941176471,323.74562499999956,261.9326171875,2014-09-27,19,2666,1838.764705882353,844.2352941176471
2014-09-27T20:00:00Z,2366,2452,1838.764705882353,2367.5943333333344,2424.400390625,-86,527.2352941176471,-1.5943333333343617,-58.400390625,2014-09-27,20,2452,1838.764705882353,527.2352941176471
2014-09-27T21:00:00Z,2863,2522,1838.764705882353,2321.5674166666663,2201.320556640625,341,1024.235294117647,541.4325833333337,661.679443359375,2014-09-27,21,2522,1838.764705882353,1024.235294117647
2014-09-27T22:00:00Z,2909,2653,1838.764705882353,2309.41475,2429.534423828125,256,1070.235294117647,599.5852500000001,479.465576171875,2014-09-27,22,2653,1838.764705882353,1070.235294117647
2014-09-27T23:00:00Z,2710,2594,1838.764705882353,2339.1864166666664,2432.32568359375,116,871.2352941176471,370.81358333333355,277.67431640625,2014-09-27,23,2594,1838.764705882353,871.2352941176471
2014-09-28T00:00:00Z,2087,2443,2054.1373626373625,2147.5382916666667,2360.951904296875,-356,32.86263736263754,-60.53829166666674,-273.951904296875,2014-09-28,0,2443,2054.1373626373625,32.86263736263754
2014-09-28T01:00:00Z,1410,2025,1485.9805825242718,1681.1330416666665,1638.948974609375,-615,-75.98058252427177,-271.1330416666665,-228.948974609375,2014-09-28,1,2025,1485.9805825242718,-75.98058252427177
2014-09-28T02:00:00Z,982,1164,1034.64681724846,1087.3908333333334,1056.8497314453125,-182,-52.64681724845991,-105.39083333333338,-74.8497314453125,2014-09-28,2,1164,1034.64681724846,-52.64681724845991
2014-09-28T03:00:00Z,659,583,717.3153846153846,686.034791666667,675.66790771484375,76,-58.31538461538457,-27.034791666667047,-16.66790771484375,2014-09-28,3,583,717.3153846153846,-58.31538461538457
2014-09-28T04:00:00Z,416,379,390.9457013574661,443.70708333333346,411.2281494140625,37,25.054298642533922,-27.707083333333458,4.7718505859375,2014-09-28,4,379,390.9457013574661,25.054298642533922
2014-09-28T05:00:00Z,477,400,390.9457013574661,398.1494166666663,423.6706237792969,77,86.05429864253392,78.8505833333337,53.329376220703125,2014-09-28,5,400,390.9457013574661,86.05429864253392
2014-09-28T06:00:00Z,445,432,390.9457013574661,480.2189166666667,482.4242248535156,13,54.05429864253392,-35.2189166666667,-37.424224853515625,2014-09-28,6,432,390.9457013574661,54.05429864253392
2014-09-28T07:00:00Z,589,561,537.8245614035088,588.6117916666668,567.95001220703125,28,51.175438596491176,0.38820833333318205,21.04998779296875,2014-09-28,7,561,537.8245614035088,51.175438596491176
2014-09-28T08:00:00Z,803,723,773.0185185185185,726.8452499999996,728.17584228515625,80,29.981481481481524,76.15475000000038,74.82415771484375,2014-09-28,8,723,773.0185185185185,29.981481481481524
2014-09-28T09:00:00Z,990,932,1034.64681724846,927.197666666667,982.431640625,58,-44.64681724845991,62.80233333333297,7.568359375,2014-09-28,9,932,1034.64681724846,-44.64681724845991
2014-09-28T10:00:00Z,1216,1122,1235.8940397350993,1119.8083749999998,1085.4354248046875,94,-19.89403973509934,96.19162500000016,130.5645751953125,2014-09-28,10,1122,1235.8940397350993,-19.89403973509934
2014-09-28T11:00:00Z,1494,1258,1380.8959810874705,1283.855375000001,1305.080322265625,236,113.10401891252945,210.144624999999,188.919677734375,2014-09-28,11,1258,1380.8959810874705,113.10401891252945
2014-09-28T12:00:00Z,1481,1348,1380.8959810874705,1513.2330833333335,1503.7752685546875,133,100.10401891252945,-32.233083333333525,-22.7752685546875,2014-09-28,12,1348,1380.8959810874705,100.10401891252945
2014-09-28T13:00:00Z,1605,1474,1380.8959810874705,1539.7396666666664,1550.654296875,131,224.10401891252945,65.26033333333362,54.345703125,2014-09-28,13,1474,1380.8959810874705,224.10401891252945
2014-09-28T14:00:00Z,1760,1549,1686.2191780821918,1695.0134583333336,1714.732421875,211,73.78082191780823,64.98654166666643,45.267578125,2014-09-28,14,1549,1686.2191780821918,73.78082191780823
2014-09-28T15:00:00Z,1828,1565,2073.7619047619046,1814.1944166666665,1835.4620361328125,263,-245.7619047619046,13.805583333333516,-7.4620361328125,2014-09-28,15,1565,2073.7619047619046,-245.7619047619046
2014-09-28T16:00:00Z,1937,1683,2073.7619047619046,1889.7876249999995,1915.851318359375,254,-136.7619047619046,47.21237500000052,21.148681640625,2014-09-28,16,1683,2073.7619047619046,-136.7619047619046
2014-09-28T17:00:00Z,1811,1654,2073.7619047619046,1918.8882499999993,1921.1739501953125,157,-262.7619047619046,-107.88824999999929,-110.1739501953125,2014-09-28,17,1654,2073.7619047619046,-262.7619047619046
2014-09-28T18:00:00Z,1800,1684,2073.7619047619046,1834.718541666667,1777.83056640625,116,-273.7619047619046,-34.71854166666708,22.16943359375,2014-09-28,18,1684,2073.7619047619046,-273.7619047619046
2014-09-28T19:00:00Z,1568,1530,2073.7619047619046,1799.095208333333,1731.719970703125,38,-505.7619047619046,-231.09520833333295,-163.719970703125,2014-09-28,19,1530,2073.7619047619046,-505.7619047619046
2014-09-28T20:00:00Z,1415,1378,1380.8959810874705,1552.2782083333327,1477.3209228515625,37,34.104018912529455,-137.2782083333327,-62.3209228515625,2014-09-28,20,1378,1380.8959810874705,34.104018912529455
2014-09-28T21:00:00Z,1253,1230,1380.8959810874705,1413.7254166666662,1395.3997802734375,23,-127.89598108747055,-160.7254166666662,-142.3997802734375,2014-09-28,21,1230,1380.8959810874705,-127.89598108747055
2014-09-28T22:00:00Z,1009,932,1235.8940397350993,1218.6459583333335,1151.668212890625,77,-226.89403973509934,-209.6459583333335,-142.668212890625,2014-09-28,22,932,1235.8940397350993,-226.89403973509934
2014-09-28T23:00:00Z,621,571,1575.7272727272727,936.772666666667,866.262451171875,50,-954.7272727272727,-315.77266666666696,-245.262451171875,2014-09-28,23,571,1575.7272727272727,-954.7272727272727
2014-09-29T00:00:00Z,329,277,390.9457013574661,516.3714166666667,393.6263427734375,52,-61.94570135746608,-187.37141666666673,-64.6263427734375,2014-09-29,0,277,390.9457013574661,-61.94570135746608
2014-09-29T01:00:00Z,173,165,184.91666666666666,268.4273750000001,216.14459228515625,8,-11.916666666666657,-95.4273750000001,-43.14459228515625,2014-09-29,1,165,184.91666666666666,-11.916666666666657
2014-09-29T02:00:00Z,150,149,184.91666666666666,195.7087916666668,206.4012908935547,1,-34.91666666666666,-45.7087916666668,-56.40129089355469,2014-09-29,2,149,184.91666666666666,-34.91666666666666
2014-09-29T03:00:00Z,386,346,390.9457013574661,312.91475000000014,358.5623474121094,40,-4.945701357466078,73.08524999999986,27.437652587890625,2014-09-29,3,346,390.9457013574661,-4.945701357466078
2014-09-29T04:00:00Z,582,550,537.8245614035088,514.1947500000002,547.44439697265625,32,44.175438596491176,67.80524999999977,34.55560302734375,2014-09-29,4,550,537.8245614035088,44.175438596491176
2014-09-29T05:00:00Z,886,943,1034.64681724846,822.4906250000001,863.1654052734375,-57,-148.6468172484599,63.509374999999864,22.8345947265625,2014-09-29,5,943,1034.64681724846,-148.6468172484599
2014-09-29T06:00:00Z,1402,1357,1062.3725490196077,1124.7990416666664,1121.8704833984375,45,339.62745098039227,277.2009583333336,280.1295166015625,2014-09-29,6,1357,1062.3725490196077,339.62745098039227
2014-09-29T07:00:00Z,1758,1671,1050.1538461538462,1253.0652083333334,1232.2923583984375,87,707.8461538461538,504.93479166666657,525.7076416015625,2014-09-29,7,1671,1050.1538461538462,707.8461538461538
2014-09-29T08:00:00Z,1690,1606,1050.1538461538462,1420.6500833333332,1322.8228759765625,84,639.8461538461538,269.3499166666668,367.1771240234375,2014-09-29,8,1606,1050.1538461538462,639.8461538461538
2014-09-29T09:00:00Z,1404,1186,1034.64681724846,1330.4657916666665,1353.955810546875,218,369.3531827515401,73.53420833333348,50.044189453125,2014-09-29,9,1186,1034.64681724846,369.3531827515401
2014-09-29T10:00:00Z,1113,1135,1235.8940397350993,1244.9701249999996,1194.67236328125,-22,-122.89403973509934,-131.9701249999996,-81.67236328125,2014-09-29,10,1135,1235.8940397350993,-122.89403973509934
2014-09-29T11:00:00Z,1138,1069,1235.8940397350993,1238.7154583333336,1162.8001708984375,69,-97.89403973509934,-100.71545833333357,-24.8001708984375,2014-09-29,11,1069,1235.8940397350993,-97.89403973509934
2014-09-29T12:00:00Z,1096,1048,1235.8940397350993,1214.7478333333338,1165.9462890625,48,-139.89403973509934,-118.7478333333338,-69.9462890625,2014-09-29,12,1048,1235.8940397350993,-139.89403973509934
2014-09-29T13:00:00Z,1297,1201,1380.8959810874705,1271.817541666667,1276.119873046875,96,-83.89598108747055,25.18245833333299,20.880126953125,2014-09-29,13,1201,1380.8959810874705,-83.89598108747055
2014-09-29T14:00:00Z,1469,1391,1380.8959810874705,1434.8235833333342,1452.3487548828125,78,88.10401891252945,34.17641666666577,16.6512451171875,2014-09-29,14,1391,1380.8959810874705,88.10401891252945
2014-09-29T15:00:00Z,1697,1643,1686.2191780821918,1599.3201250000002,1632.3919677734375,54,10.780821917808225,97.67987499999981,64.6080322265625,2014-09-29,15,1643,1686.2191780821918,10.780821917808225
2014-09-29T16:00:00Z,1883,1879,1838.764705882353,1792.7760833333336,1873.1033935546875,4,44.23529411764707,90.22391666666636,9.8966064453125,2014-09-29,16,1879,1838.764705882353,44.23529411764707
2014-09-29T17:00:00Z,1955,1943,1838.764705882353,1957.7792083333336,2000.9134521484375,12,116.23529411764707,-2.7792083333335995,-45.9134521484375,2014-09-29,17,1943,1838.764705882353,116.23529411764707
2014-09-29T18:00:00Z,2053,1934,1838.764705882353,1876.7857499999982,1881.6806640625,119,214.23529411764707,176.2142500000018,171.3193359375,2014-09-29,18,1934,1838.764705882353,214.23529411764707
2014-09-29T19:00:00Z,1792,1801,1686.2191780821918,1846.405416666667,1883.623046875,-9,105.78082191780823,-54.40541666666695,-91.623046875,2014-09-29,19,1801,1686.2191780821918,105.78082191780823
2014-09-29T20:00:00Z,1727,1740,1686.2191780821918,1761.67625,1762.425537109375,-13,40.780821917808225,-34.67624999999998,-35.425537109375,2014-09-29,20,1740,1686.2191780821918,40.780821917808225
2014-09-29T21:00:00Z,1509,1550,1485.9805825242718,1559.7183750000002,1546.8101806640625,-41,23.019417475728233,-50.71837500000015,-37.8101806640625,2014-09-29,21,1550,1485.9805825242718,23.019417475728233
2014-09-29T22:00:00Z,1103,1072,1034.64681724846,1293.7903333333334,1302.6455078125,31,68.35318275154009,-190.79033333333336,-199.6455078125,2014-09-29,22,1072,1034.64681724846,68.35318275154009
2014-09-29T23:00:00Z,609,656,717.3153846153846,799.2490416666665,761.94903564453125,-47,-108.31538461538457,-190.24904166666647,-152.94903564453125,2014-09-29,23,656,717.3153846153846,-108.31538461538457
2014-09-30T00:00:00Z,290,332,390.9457013574661,368.8347083333335,363.41259765625,-42,-100.94570135746608,-78.83470833333348,-73.41259765625,2014-09-30,0,332,390.9457013574661,-100.94570135746608
2014-09-30T01:00:00Z,165,175,184.91666666666666,197.04495833333337,203.55001831054688,-10,-19.916666666666657,-32.04495833333337,-38.550018310546875,2014-09-30,1,175,184.91666666666666,-19.916666666666657
2014-09-30T02:00:00Z,129,125,184.91666666666666,147.05824999999993,154.7105255126953,4,-55.91666666666666,-18.05824999999993,-25.710525512695313,2014-09-30,2,125,184.91666666666666,-55.91666666666666
2014-09-30T03:00:00Z,235,231,184.91666666666666,243.05725000000012,250.25978088378906,4,50.08333333333334,-8.057250000000124,-15.259780883789063,2014-09-30,3,231,184.91666666666666,50.08333333333334
2014-09-30T04:00:00Z,415,383,390.9457013574661,398.4047083333337,416.3059387207031,32,24.054298642533922,16.5952916666663,-1.305938720703125,2014-09-30,4,383,390.9457013574661,24.054298642533922
2014-09-30T05:00:00Z,867,848,773.0185185185185,771.0848333333338,848.321533203125,19,93.98148148148152,95.91516666666621,18.678466796875,2014-09-30,5,848,773.0185185185185,93.98148148148152
2014-09-30T06:00:00Z,1582,1429,1380.8959810874705,1237.6971249999997,1272.739013671875,153,201.10401891252945,344.3028750000003,309.260986328125,2014-09-30,6,1429,1380.8959810874705,201.10401891252945
2014-09-30T07:00:00Z,2030,1754,1686.2191780821918,1522.7249166666659,1644.3604736328125,276,343.7808219178082,507.2750833333341,385.6395263671875,2014-09-30,7,1754,1686.2191780821918,343.7808219178082
2014-09-30T08:00:00Z,1866,1484,1380.8959810874705,1807.2828749999992,1883.078369140625,382,485.10401891252945,58.717125000000806,-17.078369140625,2014-09-30,8,1484,1380.8959810874705,485.10401891252945
2014-09-30T09:00:00Z,1274,1201,1380.8959810874705,1634.3897499999994,1770.77978515625,73,-106.89598108747055,-360.38974999999937,-496.77978515625,2014-09-30,9,1201,1380.8959810874705,-106.89598108747055
2014-09-30T10:00:00Z,1183,1075,1034.64681724846,1203.3215000000002,1129.098876953125,108,148.3531827515401,-20.321500000000242,53.901123046875,2014-09-30,10,1075,1034.64681724846,148.3531827515401
2014-09-30T11:00:00Z,1214,1065,1034.64681724846,1185.2699166666666,1130.0162353515625,149,179.3531827515401,28.73008333333337,83.9837646484375,2014-09-30,11,1065,1034.64681724846,179.3531827515401
2014-09-30T12:00:00Z,1176,1039,1034.64681724846,1177.9464166666671,1128.54296875,137,141.3531827515401,-1.946416666667119,47.45703125,2014-09-30,12,1039,1034.64681724846,141.3531827515401
2014-09-30T13:00:00Z,1538,1207,1380.8959810874705,1315.8981250000008,1322.8809814453125,331,157.10401891252945,222.10187499999915,215.1190185546875,2014-09-30,13,1207,1380.8959810874705,157.10401891252945
2014-09-30T14:00:00Z,1704,1484,1380.8959810874705,1667.1877499999996,1602.1307373046875,220,323.10401891252945,36.812250000000404,101.8692626953125,2014-09-30,14,1484,1380.8959810874705,323.10401891252945
2014-09-30T15:00:00Z,2128,1725,1686.2191780821918,1827.3875416666674,1861.0849609375,403,441.7808219178082,300.6124583333326,266.9150390625,2014-09-30,15,1725,1686.2191780821918,441.7808219178082
2014-09-30T16:00:00Z,2370,1913,2054.1373626373625,2258.595291666666,2231.6064453125,457,315.86263736263754,111.40470833333393,138.3935546875,2014-09-30,16,1913,2054.1373626373625,315.86263736263754
2014-09-30T17:00:00Z,2682,2181,2054.1373626373625,2372.8533333333335,2403.46142578125,501,627.8626373626375,309.14666666666653,278.53857421875,2014-09-30,17,2181,2054.1373626373625,627.8626373626375
2014-09-30T18:00:00Z,2625,2335,2054.1373626373625,2436.7835416666676,2544.076904296875,290,570.8626373626375,188.2164583333324,80.923095703125,2014-09-30,18,2335,2054.1373626373625,570.8626373626375
2014-09-30T19:00:00Z,2404,2264,2054.1373626373625,2401.188833333334,2513.766357421875,140,349.86263736263754,2.8111666666659403,-109.766357421875,2014-09-30,19,2264,2054.1373626373625,349.86263736263754
2014-09-30T20:00:00Z,2246,2062,2054.1373626373625,2396.3835416666666,2318.97021484375,184,191.86263736263754,-150.3835416666666,-72.97021484375,2014-09-30,20,2062,2054.1373626373625,191.86263736263754
2014-09-30T21:00:00Z,1961,1845,2054.1373626373625,2102.757875000001,1998.8148193359375,116,-93.13736263736246,-141.75787500000115,-37.8148193359375,2014-09-30,21,1845,2054.1373626373625,-93.13736263736246
2014-09-30T22:00:00Z,1347,1409,1380.8959810874705,1564.6899166666667,1523.5201416015625,-62,-33.895981087470545,-217.6899166666667,-176.5201416015625,2014-09-30,22,1409,1380.8959810874705,-33.895981087470545
2014-09-30T23:00:00Z,0,750,717.3153846153846,870.5487083333336,794.311767578125,-750,-717.3153846153846,-870.5487083333336,-794.311767578125,2014-09-30,23,750,717.3153846153846,-717.3153846153846
